name,address,city,state,phone,website,email,price_level,rating,signature_dish,unique_qualities,source
Gramercy Tavern,"42 E 20th St, New York, NY 10003, USA",New York,NY,(212) 477-0777,https://www.gramercytavern.com/,donations@ushgnyc.com,Very Expensive,4.6,,"Michelin-starred Flatiron District tavern featuring a menu of modern, seasonal American dishes. | American Restaurant | Rated 4.6/5 (4931 reviews) | Very expensive / luxury tier",Google Places API (New)
The Modern,"9 W 53rd St, New York, NY 10019, USA",New York,NY,(212) 333-1220,https://www.themodernnyc.com/the-modern/,,Very Expensive,4.6,,French/New American fare in a modernist space with garden views at the Museum of Modern Art. | Restaurant | Rated 4.6/5 (2771 reviews) | Very expensive / luxury tier,Google Places API (New)
The Terrace and Outdoor Gardens at the Times Square EDITION,"701 7th Ave 9th floor, New York, NY 10036, USA",New York,NY,(212) 261-5400,https://www.terraceatedition.com/?utm_medium=organic&utm_source=gmb,terraceatedition@jfrestaurants.com,Very Expensive,4.4,,All-day eatery serving French brasserie & American chophouse fare at the Times Square EDITION hotel. | Restaurant | Rated 4.4/5 (1000 reviews) | Very expensive / luxury tier,Google Places API (New)
Le Bernardin,"155 W 51st St, New York, NY 10019, USA",New York,NY,(212) 554-1515,https://www.le-bernardin.com/home,gifts@le-bernardin.com,Very Expensive,4.6,,"Elite French restaurant offers chef Eric Ripert's refined seafood, expert service & luxurious decor. | French Restaurant | Rated 4.6/5 (4622 reviews) | Very expensive / luxury tier",Google Places API (New)
FREVO,"48 W 8th St, New York, NY 10011, USA",New York,NY,(646) 455-0804,http://frevonyc.com/,reservations@frevonyc.com,Very Expensive,4.8,,A multi-course modern menu is served at an intimate chef's counter tucked behind a gallery. | Fine Dining Restaurant | Rated 4.8/5 (855 reviews) | Very expensive / luxury tier,Google Places API (New)
Eleven Madison Park,"11 Madison Ave, New York, NY 10010, USA",New York,NY,(212) 889-0905,https://www.elevenmadisonpark.com/,,Very Expensive,4.4,,Upscale American tasting menus from chef Daniel Humm served in a high-ceilinged art deco space. | Fine Dining Restaurant | Rated 4.4/5 (3314 reviews) | Very expensive / luxury tier,Google Places API (New)
Boucherie Union Square,"225 Park Ave S, New York, NY 10003, USA",New York,NY,(212) 353-0200,https://www.boucherieus.com/,contact@boucherie.nyc,Expensive,4.7,,"Bistro for dry-aged steaks and other French fare, with a bar that's strong on absinthe. | French Restaurant | Rated 4.7/5 (5117 reviews) | Expensive / upscale tier",Google Places API (New)
Balthazar,"80 Spring St, New York, NY 10012, USA",New York,NY,(212) 965-1414,http://www.balthazarny.com/,,Expensive,4.4,,"Iconic French brasserie with steak frites, brunch & pastries in a classy space with red banquettes. | French Restaurant | Rated 4.4/5 (7811 reviews) | Expensive / upscale tier",Google Places API (New)
Per Se,"10 Columbus Cir, New York, NY 10019, USA",New York,NY,(212) 823-9335,https://www.thomaskeller.com/perseny,,Very Expensive,4.5,,"Chef Thomas Keller's New American restaurant offers luxe fixed-price menus, with Central Park views. | Fine Dining Restaurant | Rated 4.5/5 (2121 reviews) | Very expensive / luxury tier",Google Places API (New)
Manhatta,"28 Liberty St 60th floor, New York, NY 10005, USA",New York,NY,(212) 230-5788,https://www.manhattarestaurant.com/restaurant-menu/,,Very Expensive,4.7,,"Set on the 60th floor, this ritzy, high-end restaurant features New American cuisine and city views. | American Restaurant | Rated 4.7/5 (3932 reviews) | Very expensive / luxury tier",Google Places API (New)
Harry's,"1 Hanover Square, New York, NY 10004, USA",New York,NY,(212) 785-9200,https://www.harrysbarrestaurant.com/,marketing@harrysrestaurantgroup.com,Expensive,4.5,,"Popular throwback in the historical India House with steaks, a wine cellar & an adjoining cafe. | American Restaurant | Rated 4.5/5 (1823 reviews) | Expensive / upscale tier",Google Places API (New)
53,"53 W 53rd St, New York, NY 10019, USA",New York,NY,(646) 535-3994,https://53-nyc.com/?utm_source=GoogleBusinessProfile&utm_medium=organic_search&utm_campaign=MapLabs,info@53-nyc.com,Expensive,4.3,,Restaurant | Rated 4.3/5 (714 reviews) | Expensive / upscale tier,Google Places API (New)
Saga,"70 Pine St 63rd Floor, New York, NY 10005, USA",New York,NY,(212) 339-3963,https://www.saga-nyc.com/,reservations@saga-nyc.com,Very Expensive,4.5,,Fine Dining Restaurant | Rated 4.5/5 (519 reviews) | Very expensive / luxury tier,Google Places API (New)
Le Coucou,"138 Lafayette St, New York, NY 10013, USA",New York,NY,(212) 271-4252,https://www.lecoucou.com/?utm_source=GoogleBusinessProfile&utm_medium=Website&utm_campaign=MapLabs,lecoucou.info@starr-restaurants.com,Very Expensive,4.5,,"Restaurant serving refined French fare, such as lobster, rabbit, duck, and foie gras in an airy, elegant setting. | Restaurant | Rated 4.5/5 (2127 reviews) | Very expensive / luxury tier",Google Places API (New)
Marea,"240 Central Park S, New York, NY 10019, USA",New York,NY,(212) 582-5100,https://www.marearestaurant.com/new-york?utm_source=GoogleBusinessProfile&utm_medium=organic&utm_campaign=MapLabs,,Very Expensive,4.5,,High-end Italian seafood & housemade pastas in a chic Central Park South setting. | Restaurant | Rated 4.5/5 (3068 reviews) | Very expensive / luxury tier,Google Places API (New)
Atera,"77 Worth St, New York, NY 10013, USA",New York,NY,(212) 226-1444,http://www.ateranyc.com/,reservations@ateranyc.com,Very Expensive,4.6,,"Luxe, comfy spot for inventive, multicourse New American tasting menus and cocktails. | American Restaurant | Rated 4.6/5 (630 reviews) | Very expensive / luxury tier",Google Places API (New)
The River Café,"1 Water St, Brooklyn, NY 11201, USA",Brooklyn,NY,(718) 522-5200,https://www.rivercafe.com/,,Very Expensive,4.4,,"Landmark eatery, newly renovated, offering a New American menu & stunning views of Manhattan. | American Restaurant | Rated 4.4/5 (2539 reviews) | Very expensive / luxury tier",Google Places API (New)
Ocean Prime,"123 W 52nd St, New York, NY 10019, USA",New York,NY,(212) 956-1404,https://www.ocean-prime.com/locations/new-york-city,,Expensive,4.6,,"Upscale chain known for its sophisticated decor, long wine list & classic steak & seafood menu. | Seafood Restaurant | Rated 4.6/5 (2630 reviews) | Expensive / upscale tier",Google Places API (New)
Le Pavillon,"One Vanderbilt Ave, New York, NY 10017, USA",New York,NY,(212) 662-1000,https://lepavillonnyc.com/,INFO@LEPAVILLONNYC.COM,Very Expensive,4.5,,"Upscale restaurant with greenery, high ceilings, and city views, serving wine and French cuisine. | French Restaurant | Rated 4.5/5 (1083 reviews) | Very expensive / luxury tier",Google Places API (New)
Crown Shy,"70 Pine St, New York, NY 10005, USA",New York,NY,(212) 517-1932,https://www.crownshy.nyc/,,Expensive,4.5,,"Polished, new American restaurant with global influences inside spacious room with high ceilings. | American Restaurant | Rated 4.5/5 (1887 reviews) | Expensive / upscale tier",Google Places API (New)
Boucherie West Village,"99 7th Ave S, New York, NY 10014, USA",New York,NY,(212) 837-1616,https://www.boucherieus.com/,contact@boucherie.nyc,Expensive,4.8,,"Two-floor bistro serving dry-aged steaks and other French fare, with a bar that's strong on absinthe. | French Restaurant | Rated 4.8/5 (9786 reviews) | Expensive / upscale tier",Google Places API (New)
ONE Dine at One World Observatory,"117 West St, New York, NY 10007, USA",New York,NY,(212) 602-4070,https://www.oneworldobservatory.com/bar-restaurant/?utm_source=googlebusiness&utm_medium=organic&utm_campaign=places,,Expensive,4.3,,"Upscale eatery atop One World Trade Center with a seasonal menu, cocktails, and sweeping city views. | American Restaurant | Rated 4.3/5 (2246 reviews) | Expensive / upscale tier",Google Places API (New)
The Capital Grille,"200 Park Ave, New York, NY 10166, USA",New York,NY,(212) 548-8338,https://www.thecapitalgrille.com/locations/ny/new-york/nyc-metlife-building/8074?cmpid=br:tcg_ag:ie_ch:loc_ca:TCGGMB_sn:gmb_gt:new-york-ny-8074_pl:locurl_rd:1067,,Very Expensive,4.6,,"Outpost of the upscale steakhouse chain offers classic American fare & a clubby, refined setting. | Fine Dining Restaurant | Rated 4.6/5 (2149 reviews) | Very expensive / luxury tier",Google Places API (New)
THE GRILL,"Seagram Building, 99 E 52nd St, New York, NY 10022, USA",New York,NY,(212) 254-3000,https://www.thegrillnewyork.com/?utm_medium=Click&utm_source=GoogleMyBusiness,reservations@thegrillnewyork.com,Very Expensive,4.6,,"Midcentury style steakhouse in the iconic Seagram Building, serving classic dishes and cocktails. | Fine Dining Restaurant | Rated 4.6/5 (858 reviews) | Very expensive / luxury tier",Google Places API (New)
Junoon,"19 W 24th St, New York, NY 10010, USA",New York,NY,(212) 490-2100,https://www.junoonnyc.com/,,Very Expensive,4.4,,Sophisticated Indian cuisine and a notable wine list offered in an elegant space with ornate accents. | Indian Restaurant | Rated 4.4/5 (4591 reviews) | Very expensive / luxury tier,Google Places API (New)
Oceans,"233 Park Ave S, New York, NY 10003, USA",New York,NY,(212) 209-1055,https://oceansnewyork.com/?utm_source=GoogleBusinessProfile&utm_medium=Website&utm_campaign=MapLabs,,Very Expensive,4.7,,Expansive eatery serving a sophisticated seafood-focused menu with global influences. | Restaurant | Rated 4.7/5 (844 reviews) | Very expensive / luxury tier,Google Places API (New)
"One if by Land, Two if by Sea","17 Barrow St, New York, NY 10014, USA",New York,NY,(212) 255-8649,http://www.oneifbyland.com/,info@oneifbyland.com,Very Expensive,4.2,,"One of the city's most romantic restaurants, featuring candlelit tables and brick fireplaces, plus a piano and private garden. | American Restaurant | Rated 4.2/5 (1317 reviews) | Very expensive / luxury tier",Google Places API (New)
La Mercerie,"53 Howard St, New York, NY 10013, USA",New York,NY,(212) 852-9097,https://www.lamercerieny.com/?utm_source=GoogleBusinessProfile&utm_medium=Website&utm_campaign=MapLabs,guildphotos53@gmail.com,Expensive,4.3,,French Restaurant | Rated 4.3/5 (1807 reviews) | Expensive / upscale tier,Google Places API (New)
The Musket Room,"265 Elizabeth St, New York, NY 10012, USA",New York,NY,(212) 219-0764,http://www.musketroom.com/,,Very Expensive,4.5,,Modern takes on internationally inspired food served in rustic-chic environs with a backyard garden. | American Restaurant | Rated 4.5/5 (921 reviews) | Very expensive / luxury tier,Google Places API (New)
Jiang Nan NYC,"103 Bowery, New York, NY 10002, USA",New York,NY,(212) 775-8998,https://jiangnanny.com/,info@jiangnanus.com,Very Expensive,4.8,,"Contemporary takes on Chinese classics artfully presented in a chic, streamlined space. | Chinese Restaurant | Rated 4.8/5 (2062 reviews) | Very expensive / luxury tier",Google Places API (New)
Mastro's Steakhouse,"1285 6th Ave, New York, NY 10019, USA",New York,NY,(212) 459-1222,https://www.mastrosrestaurants.com/Locations/NY/New-York/,,Very Expensive,4.5,,"The first NYC branch of a high-end mini-chain, serving steaks, seafood & sushi. | Fine Dining Restaurant | Rated 4.5/5 (2696 reviews) | Very expensive / luxury tier",Google Places API (New)
The Flatiron Room Murray Hill,"9 E 37th St, New York, NY 10016, USA",New York,NY,(212) 725-3866,https://theflatironroom.com/,Masha@GoodnightGroup.nyc,Very Expensive,4.5,,"Richly furnished setting for spirits, raw-bar items, live jazz, and classic American food. | American Restaurant | Rated 4.5/5 (1267 reviews) | Very expensive / luxury tier",Google Places API (New)
COTE Flatiron,"16 W 22nd St, New York, NY 10010, USA",New York,NY,(212) 401-7886,https://www.cotekoreansteakhouse.com/,reservations@cotekoreansteakhouse.com,Very Expensive,4.6,,"Upscale Korean steakhouse featuring tables with smokeless grills, plus an extensive wine list. | Steak House | Rated 4.6/5 (4167 reviews) | Very expensive / luxury tier",Google Places API (New)
Gabriel Kreuther,"41 W 42nd St, New York, NY 10036, USA",New York,NY,(212) 257-5826,https://www.gknyc.com/,office@gknyc.com,Very Expensive,4.6,,"Sophisticated French cooking presented in chic, airy environs with salvaged-wood beams. | French Restaurant | Rated 4.6/5 (1327 reviews) | Very expensive / luxury tier",Google Places API (New)
Carbone New York,"181 Thompson St, New York, NY 10012, USA",New York,NY,,https://www.carbonenewyork.com/?utm_medium=Click&utm_source=GoogleMyBusiness,reservations@carbonenewyork.com,Very Expensive,4.3,,High-end takes on red-sauce fare await at this A-lister Italian restaurant in a retro-glam space. | Italian Restaurant | Rated 4.3/5 (2669 reviews) | Very expensive / luxury tier,Google Places API (New)
Del Frisco's Double Eagle Steakhouse,"1221 Ave of the Americas, New York, NY 10020, USA",New York,NY,(212) 575-5129,https://www.delfriscos.com/location/del-friscos-double-eagle-steakhouse-new-york-ny/,,Very Expensive,4.5,,Opulently outfitted chain restaurant specializing in prime steaks & seafood along with fine wines. | Steak House | Rated 4.5/5 (5906 reviews) | Very expensive / luxury tier,Google Places API (New)
Temple Court,"5 Beekman St, New York, NY 10038, USA",New York,NY,(917) 728-4685,https://www.templecourtnyc.com/,,Very Expensive,4.5,,American restaurant by Tom Colicchio in the landmark Beekman Hotel with a sumptuous design. | Fine Dining Restaurant | Rated 4.5/5 (1417 reviews) | Very expensive / luxury tier,Google Places API (New)
The Capital Grille,"120 Broadway, New York, NY 10271, USA",New York,NY,(212) 374-1811,https://www.thecapitalgrille.com/locations/ny/new-york/nyc-wall-street/8039?cmpid=br:tcg_ag:ie_ch:loc_ca:TCGGMB_sn:gmb_gt:new-york-ny-8039_pl:locurl_rd:1035,,Very Expensive,4.6,,"Outpost of the upscale steakhouse chain offers classic American fare & a clubby, refined setting. | Fine Dining Restaurant | Rated 4.6/5 (1426 reviews) | Very expensive / luxury tier",Google Places API (New)
Cipriani Downtown,"376 W Broadway, New York, NY 10012, USA",New York,NY,(212) 343-0999,https://www.cipriani.com/cipriani-downtown?utm_source=gbp&utm_medium=organic&utm_campaign=gbp-downtown-nyc,downtown@cipriani.com,Very Expensive,4.1,,Upscale scene where an international crowd tucks into Italian food chased with Bellinis. | Italian Restaurant | Rated 4.1/5 (1497 reviews) | Very expensive / luxury tier,Google Places API (New)
CUT by Wolfgang Puck,"99 Church St, New York, NY 10007, USA",New York,NY,(646) 880-1995,https://wolfgangpuck.com/dining/cut-new-york/,,Expensive,4.4,,"Part of Wolfgang Puck's international steakhouse group, featuring a dining room and lounge. | Restaurant | Rated 4.4/5 (799 reviews) | Expensive / upscale tier",Google Places API (New)
Jean-Georges,"1 Central Prk W, New York, NY 10023, USA",New York,NY,(212) 299-3900,http://www.jean-georgesrestaurant.com/jean-georges/,,Very Expensive,4.5,,Sophisticated New French eatery boasting floor-to-ceiling windows overlooking Central Park. | French Restaurant | Rated 4.5/5 (1354 reviews) | Very expensive / luxury tier,Google Places API (New)
Nobu Fifty Seven,"40 W 57th St, New York, NY 10019, USA",New York,NY,(212) 757-3000,https://www.noburestaurants.com/fifty-seven/home/?utm_source=google&utm_medium=Yext,,Very Expensive,4.4,,Sleek Japanese-Peruvian spot from Nobu Matsuhisa frequented by business types & celebs. | Restaurant | Rated 4.4/5 (2727 reviews) | Very expensive / luxury tier,Google Places API (New)
The Capital Grille,"120 W 51st St, New York, NY 10020, USA",New York,NY,(212) 246-0154,https://www.thecapitalgrille.com/locations/ny/new-york/nyc-rockefeller-center/8038?cmpid=br:tcg_ag:ie_ch:loc_ca:TCGGMB_sn:gmb_gt:new-york-ny-8038_pl:locurl_rd:1034,,Very Expensive,4.6,,"Outpost of the upscale steakhouse chain offers classic American fare & a clubby, refined setting. | Fine Dining Restaurant | Rated 4.6/5 (1682 reviews) | Very expensive / luxury tier",Google Places API (New)
The Flatiron Room NoMad,"37 W 26th St, New York, NY 10010, USA",New York,NY,(212) 725-3860,http://www.theflatironroom.com/,,Expensive,4.5,,"Classy nightspot with a vintage vibe housing a collection of 750+ brown spirits, plus live jazz shows. | American Restaurant | Rated 4.5/5 (1996 reviews) | Expensive / upscale tier",Google Places API (New)
The Clocktower,"5 Madison Ave, New York, NY 10010, USA",New York,NY,(212) 413-4300,https://theclocktowernyc.com/?utm_source=GoogleBusinessProfile&utm_medium=Website&utm_campaign=MapLabs,clocktower.info@starr-restaurants.com,Expensive,4.4,,"High-end American fare in a posh, clubby setting with dining rooms & a lounge with a pool table. | Restaurant | Rated 4.4/5 (825 reviews) | Expensive / upscale tier",Google Places API (New)
Au Cheval,"33 Cortlandt Alley, New York, NY 10013, USA",New York,NY,(646) 350-2429,https://www.auchevaldiner.com/nyc/home,,Expensive,4.7,,"Restaurant featuring leather booths and a zinc bar, serving creative American fare. | American Restaurant | Rated 4.7/5 (6697 reviews) | Expensive / upscale tier",Google Places API (New)
The Chef's Table at Brooklyn Fare,"431 W 37th St Ste 3F, New York, NY 10018, USA",New York,NY,(718) 243-0050,https://www.brooklynfare.com/chefs-table,,Very Expensive,4.3,,"Renowned, upscale 20-course tasting menu that fuses French & Japanese flavors requires reservations. | Fine Dining Restaurant | Rated 4.3/5 (619 reviews) | Very expensive / luxury tier",Google Places API (New)
Forgione,"30 Hudson St, New York, NY 10013, USA",New York,NY,(212) 941-9401,http://www.marcforgione.com/,info@marcforgione.com,Expensive,4.6,,"Bold farm-to-table cuisine in candlelit, rustic-chic environs attracts romance-minded foodies. | American Restaurant | Rated 4.6/5 (788 reviews) | Expensive / upscale tier",Google Places API (New)
Brooklyn Chop House Steakhouse Downtown NYC,"150 Nassau St, New York, NY 10038, USA",New York,NY,(212) 619-1200,https://www.brooklynchophouse.com/,,Expensive,4.2,,"Chic restaurant and bar offering American steakhouse fare, Chinese dumplings, Peking duck, and more. | Steak House | Rated 4.2/5 (2089 reviews) | Expensive / upscale tier",Google Places API (New)
STK Steakhouse,"412 W 15th St, New York, NY 10011, USA",New York,NY,(646) 624-2444,https://stksteakhouse.com/en-us/location/chelsea/,,Very Expensive,4.8,,A chic clientele samples steak & scenery in this sleek Meatpacking District setup with a roof deck. | Steak House | Rated 4.8/5 (20467 reviews) | Very expensive / luxury tier,Google Places API (New)
l’abeille,"412 Greenwich St, New York, NY 10013, USA",New York,NY,(212) 542-3898,http://www.labeille.nyc/,,Very Expensive,4.6,,French Restaurant | Rated 4.6/5 (315 reviews) | Very expensive / luxury tier,Google Places API (New)
Royal 35 Steakhouse,"1 E 35th St, New York, NY 10016, USA",New York,NY,(212) 804-7276,http://www.royal35steakhouse.com/,info@royal35steakhouse.com,Very Expensive,4.6,,"Prime USDA-approved steaks and seafood, plus martinis and wine presented in a cozy, sophisticated setting. | Steak House | Rated 4.6/5 (1192 reviews) | Very expensive / luxury tier",Google Places API (New)
Sant Ambroeus Brookfield,"230 Vesey St, New York, NY 10080, USA",New York,NY,(212) 732-0907,https://www.santambroeus.com/pages/location-brookfield-place,specialevents@santambroeus.com,Expensive,4.5,,"Stylish Italian restaurant with a bar, private dining, and event space. | Italian Restaurant | Rated 4.5/5 (652 reviews) | Expensive / upscale tier",Google Places API (New)
Aquavit,"65 E 55th St, New York, NY 10022, USA",New York,NY,(212) 307-7311,http://www.aquavit.org/,info@aquavit.org,Very Expensive,4.6,,High-end Scandinavian tasting and fixed-price menus served in a minimalist Nordic setting. | Scandinavian Restaurant | Rated 4.6/5 (1310 reviews) | Very expensive / luxury tier,Google Places API (New)
ATOMIX,"104 E 30th St, New York, NY 10016, USA",New York,NY,,http://www.atomixnyc.com/,info@atomixnyc.com,Very Expensive,4.7,,Upscale Korean restaurant offering a chef's tasting menu with beverage pairings in chic environs. | Korean Restaurant | Rated 4.7/5 (520 reviews) | Very expensive / luxury tier,Google Places API (New)
Delmonico's,"56 Beaver St, New York, NY 10004, USA",New York,NY,(212) 381-1237,https://www.theoriginaldelmonicos.com/,info@theoriginaldelmonicos.com,Very Expensive,4.5,,"A New York classic opened in 1837, serving prime beef in old-time environs. | Steak House | Rated 4.5/5 (3354 reviews) | Very expensive / luxury tier",Google Places API (New)
La Sirène SoHo,"558 Broome St, New York, NY 10013, USA",New York,NY,(212) 925-3061,http://lasirene.nyc/soho/,soho@lasirene.nyc,Expensive,4.5,,Casual bistro serving traditional Southern French cuisine made with seasonal ingredients. | French Restaurant | Rated 4.5/5 (670 reviews) | Expensive / upscale tier,Google Places API (New)
Portale,"126 W 18th St, New York, NY 10011, USA",New York,NY,(917) 781-0255,http://www.portalerestaurant.com/,,Expensive,4.8,,Warm neighborhood restaurant and bar presenting seasonally driven Italian dishes from an open kitchen. | Italian Restaurant | Rated 4.8/5 (787 reviews) | Expensive / upscale tier,Google Places API (New)
Michael's New York,"24 W 55th St, New York, NY 10019, USA",New York,NY,(212) 767-0555,http://michaelsnewyork.com/,,Expensive,4.5,,"Stylish, art-adorned Californian eatery  frequented by high-profile media personalities. | Fine Dining Restaurant | Rated 4.5/5 (386 reviews) | Expensive / upscale tier",Google Places API (New)
Carne Mare,"89 South St, New York, NY 10038, USA",New York,NY,(212) 280-4600,https://www.carnemare.com/,info@carnemare.com,Expensive,4.5,,"Warm spot offering seafood, oysters & prime-aged beef, plus a bar & views of the Brooklyn Bridge. | Restaurant | Rated 4.5/5 (907 reviews) | Expensive / upscale tier",Google Places API (New)
BLACKBARN,"19 E 26th St, New York, NY 10010, USA",New York,NY,(212) 265-5959,https://www.blackbarnrestaurant.com/,events@blackbarnrestaurant.com,Expensive,4.4,,"Locally sourced, upscale American cuisine served in a barn-inspired setting with a chef’s table. | American Restaurant | Rated 4.4/5 (1397 reviews) | Expensive / upscale tier",Google Places API (New)
Buddakan,"75 9th Ave, New York, NY 10011, USA",New York,NY,(212) 989-6699,https://www.buddakannyc.com/?utm_source=GoogleBusinessProfile&utm_medium=Website&utm_campaign=MapLabs,buddakannyc.info@starr-restaurants.com,Expensive,4.4,,"Huge, lavishly decorated restaurant offering a menu of Asian dishes & cocktails. | Restaurant | Rated 4.4/5 (5873 reviews) | Expensive / upscale tier",Google Places API (New)
Peak with Priceless Restaurant & Bar,"30 Hudson Yards 101st floor, New York, NY 10001, USA",New York,NY,(212) 317-0113,https://taogroup.com/venues/peak-restaurant-edge-new-york/,Contact@taogroup.com,Expensive,4.5,,Sleek restaurant and rooftop lounge featuring contemporary American cuisine and panoramic city views. | American Restaurant | Rated 4.5/5 (2713 reviews) | Expensive / upscale tier,Google Places API (New)
Grand Banks,"Pier 25 Hudson River, Park, New York, NY 10013, USA",New York,NY,(212) 660-6312,https://crewny.com/grand-banks,hello@crewny.com,Expensive,4.3,,This seasonal oyster bar on the deck of a historic fishing boat serves seafood entrees & drinks. | Oyster Bar Restaurant | Rated 4.3/5 (2027 reviews) | Expensive / upscale tier,Google Places API (New)
Salinas Restaurant,"136 9th Ave, New York, NY 10011, USA",New York,NY,(212) 776-1990,http://www.salinasnyc.com/,,Expensive,4.8,,Food & wine from Spain's Mediterranean coast served in stylish surrounds with a glass-roofed garden. | Spanish Restaurant | Rated 4.8/5 (2879 reviews) | Expensive / upscale tier,Google Places API (New)
Riverpark,"440-450 E 29th St, New York, NY 10016, USA",New York,NY,(212) 706-4131,https://www.riverparknyc.com/,,Expensive,4.6,,"Farm-to-table American cuisine served in an architecturally rich dining room, patio & bar area. | American Restaurant | Rated 4.6/5 (822 reviews) | Expensive / upscale tier",Google Places API (New)
La Masseria NY,"235 W 48th St, New York, NY 10036, USA",New York,NY,(212) 582-2111,http://www.lamasserianyc.com/,info@lamasserianyc.com,Expensive,4.5,,Hearty Southern Italian food served at a pre-theater-appropriate pace in an Old World setting. | Italian Restaurant | Rated 4.5/5 (1670 reviews) | Expensive / upscale tier,Google Places API (New)
Locanda Verde Tribeca,"377 Greenwich St, New York, NY 10013, USA",New York,NY,(212) 925-3797,http://locandaverdenyc.com/,Jobs@LocandaVerdeNYC.com,Expensive,4.4,,TriBeCa hot spot showcasing rustic Italian cuisine in a lively atmosphere. | Italian Restaurant | Rated 4.4/5 (2361 reviews) | Expensive / upscale tier,Google Places API (New)
Dirty French New York,"180 Ludlow St, New York, NY 10002, USA",New York,NY,(212) 254-3000,https://dirtyfrench.com/?utm_medium=Click&utm_source=GoogleMyBusiness,reservations@dirtyfrench.com,Expensive,4.4,,Classic French bistro fare with flair in a cool brasserielike space with chandeliers & banquettes. | French Restaurant | Rated 4.4/5 (958 reviews) | Expensive / upscale tier,Google Places API (New)
Macao Trading Company,"311 Church St, New York, NY 10013, USA",New York,NY,(212) 431-8642,https://www.macaonyc.com/,,Expensive,4.5,,"A bi-level, 1940s gambling parlor sets an exotic backdrop for Chinese-Portuguese small plates. | Bar | Rated 4.5/5 (1423 reviews) | Expensive / upscale tier",Google Places API (New)
Cosme,"35 E 21st St, New York, NY 10010, USA",New York,NY,(315) 512-4131,http://www.cosmenyc.com/,info@cosmenyc.com,Very Expensive,4.3,,"Sleek Mexican spot with a big bar for locally sourced share plates, plus tequila and mezcal cocktails. | Mexican Restaurant | Rated 4.3/5 (3136 reviews) | Very expensive / luxury tier",Google Places API (New)
Minetta Tavern,"113 MacDougal St, New York, NY 10012, USA",New York,NY,(212) 475-3850,http://www.minettatavernny.com/,events@minettatavernny.com,Expensive,4.5,,Celeb-magnet hot-ticket tavern with upper-end French bistro fare & reimagined vintage decor. | French Restaurant | Rated 4.5/5 (2880 reviews) | Expensive / upscale tier,Google Places API (New)
The Fulton by Jean-Georges,"Northeast corner of Pier 17, 89 South St, New York, NY 10038, USA",New York,NY,(718) 821-5411,https://www.thefulton.nyc/?utm_source=gbp&utm_medium=web,,Very Expensive,4.2,,Waterfront restaurant preparing a modern menu of wild-caught seafood paired with seasonal cocktails. | Restaurant | Rated 4.2/5 (1330 reviews) | Very expensive / luxury tier,Google Places API (New)
Strip House Steakhouse,"13 E 12th St, New York, NY 10003, USA",New York,NY,(212) 328-0000,https://www.striphouse.com/location/striphouse-downtown/,,Very Expensive,4.6,,Swanky steakhouse with a raw bar boasting walls covered with photos of old-Hollywood stars. | Steak House | Rated 4.6/5 (1452 reviews) | Very expensive / luxury tier,Google Places API (New)
Butcher and Banker NYC,"Vault Level, 481 8th Ave, New York, NY 10001, USA",New York,NY,(212) 268-8455,https://www.butcherandbankernyc.com/,info@butcherandbankernyc.com,Very Expensive,4.1,,"Steaks, raw-bar items & cocktails in an underground space with a refurbished 1930s bank vault. | American Restaurant | Rated 4.1/5 (702 reviews) | Very expensive / luxury tier",Google Places API (New)
Saint Theo's,"340 Bleecker St, New York, NY 10014, USA",New York,NY,(212) 969-8221,http://www.sainttheos.com/,,Expensive,4.6,,"Upmarket restaurant with retro-style decor offering Italian-inspired cuisine, plus cocktails. | Italian Restaurant | Rated 4.6/5 (916 reviews) | Expensive / upscale tier",Google Places API (New)
Indian Accent,"123 W 56th St, New York, NY 10019, USA",New York,NY,(212) 842-8070,http://indianaccent.com/newyork,reservations.nyc@indianaccent.com,Very Expensive,4.4,,"High-end Indian restaurant featuring a menu of creative meals, plus a robust wine list. | Indian Restaurant | Rated 4.4/5 (1882 reviews) | Very expensive / luxury tier",Google Places API (New)
Estela,"47 E Houston St 1st floor, New York, NY 10012, USA",New York,NY,(212) 219-7693,http://estelanyc.com/,info@estelanyc.com,Expensive,4.4,,"Stylish restaurant serving contemporary cuisine in an intimate, informal setting. | Restaurant | Rated 4.4/5 (1583 reviews) | Expensive / upscale tier",Google Places API (New)
Le Jardinier,"610 Lexington Ave, New York, NY 10022, USA",New York,NY,(212) 451-9211,https://lejardinier-nyc.com/,INFO@LEJARDINIER-NYC.COM,Very Expensive,4.4,,"Renowned, garden-themed restaurant serving seasonal French dishes in an elegant setting. | French Restaurant | Rated 4.4/5 (444 reviews) | Very expensive / luxury tier",Google Places API (New)
Aska,"47 S 5th St, Brooklyn, NY 11249, USA",Brooklyn,NY,(934) 732-3710,http://askanyc.com/,reservations@askanyc.com,Very Expensive,4.6,,"Seasonal Scandinavian tasting menus & wine pairings in an intimate space, plus a cellar bar/garden. | Scandinavian Restaurant | Rated 4.6/5 (595 reviews) | Very expensive / luxury tier",Google Places API (New)
Casa Mono,"52 Irving Pl, New York, NY 10003, USA",New York,NY,(212) 253-2773,http://www.casamononyc.com/,,Expensive,4.3,,Small-plate fans gather at this intimate Gramercy nook for upscale Spanish fare & a deep wine list. | Spanish Restaurant | Rated 4.3/5 (1973 reviews) | Expensive / upscale tier,Google Places API (New)
Jungsik,"2 Harrison St, New York, NY 10013, USA",New York,NY,(212) 219-0900,http://www.jungsik.com/,,Very Expensive,4.6,,"Innovative, high-end Korean fare served in elegant, contemporary digs with an extensive wine list. | Korean Restaurant | Rated 4.6/5 (1015 reviews) | Very expensive / luxury tier",Google Places API (New)
Pastis,"52 Gansevoort St, New York, NY 10014, USA",New York,NY,(212) 929-4844,https://pastisnyc.com/?utm_source=GoogleBusinessProfile&utm_medium=Website&utm_campaign=MapLabs,pastisnyc.info@starr-restaurants.com,Expensive,4.6,,Theatrical evocation of Paris featuring bistro food & high-energy atmospherics from a chic crowd. | Restaurant | Rated 4.6/5 (3212 reviews) | Expensive / upscale tier,Google Places API (New)
odo,"17 W 20th St, New York, NY 10011, USA",New York,NY,,http://www.odo.nyc/,,Very Expensive,4.5,,Acclaimed Japanese restaurant with outdoor seating offering sophisticated tasting menus. | Japanese Restaurant | Rated 4.5/5 (317 reviews) | Very expensive / luxury tier,Google Places API (New)
Tamarind Tribeca,"99 Hudson St, New York, NY 10013, USA",New York,NY,(212) 775-9000,http://www.tamarindtribeca.com/,tamarindnyc@gmail.com,Expensive,4.2,,"High-end Indian kitchen serving upscale versions of classic dishes in a modern, soaring space. | Indian Restaurant | Rated 4.2/5 (3021 reviews) | Expensive / upscale tier",Google Places API (New)
Family Meal at Blue Hill,"75 W Washington Pl, New York, NY 10011, USA",New York,NY,(212) 539-1776,https://www.bluehillfarm.com/,anya@bluehillfarm.com,Very Expensive,4.6,,"Locally sourced, seasonal ingredients abound on the American menu served at this townhouse-set spot. | American Restaurant | Rated 4.6/5 (1355 reviews) | Very expensive / luxury tier",Google Places API (New)
Caviar Russe,"538 Madison Ave, New York, NY 10022, USA",New York,NY,(212) 980-5908,https://www.caviarrusse.com/,info@caviarrusse.com,Very Expensive,4.5,,High-end New American restaurant/caviar specialist in a luxurious Madison Avenue setting. | Restaurant | Rated 4.5/5 (306 reviews) | Very expensive / luxury tier,Google Places API (New)
Hirohisa,"73 Thompson St, New York, NY 10012, USA",New York,NY,(212) 925-1613,https://www.sobaulala.nyc/,info@hirohisa.nyc,Very Expensive,4.4,,"Refined, seasonal Japanese cuisine, with omakase & choice sakes, in a minimalist open kitchen. | Japanese Restaurant | Rated 4.4/5 (316 reviews) | Very expensive / luxury tier",Google Places API (New)
Jua,"36 E 22nd St, New York, NY 10010, USA",New York,NY,(646) 590-1598,http://www.juanyc.com/,,Very Expensive,4.7,,Modern eatery for multi-course Korean tasting menus featuring wood-fired dishes. | Korean Restaurant | Rated 4.7/5 (751 reviews) | Very expensive / luxury tier,Google Places API (New)
Tempura Matsui,"222 E 39th St #24d, New York, NY 10016, USA",New York,NY,(212) 986-8885,http://www.tempuramatsui.com/,,Very Expensive,4.8,,"Intimate, high-end Japanese restaurant featuring seasonal omakase menus with a focus on tempura. | Japanese Restaurant | Rated 4.8/5 (374 reviews) | Very expensive / luxury tier",Google Places API (New)
Daniel,"60 E 65th St, New York, NY 10065, USA",New York,NY,(212) 288-0033,http://www.danielnyc.com/,danielinquiry@danielnyc.com,Very Expensive,4.7,,Daniel Boulud's renowned restaurant with refined European dishes & an acclaimed wine selection in elegant surrounds. | French Restaurant | Rated 4.7/5 (2549 reviews) | Very expensive / luxury tier,Google Places API (New)
Blue Hill At Stone Barns,"630 Bedford Rd, Tarrytown, NY 10591, USA",Tarrytown,NY,(914) 366-9600,https://www.bluehillfarm.com/,anya@bluehillfarm.com,Very Expensive,4.7,,High-end farm-to-table restaurant serving tasting menus in a refurbished barn on gorgeous grounds. | Restaurant | Rated 4.7/5 (1436 reviews) | Very expensive / luxury tier,Google Places API (New)
Tavern On the Green,"Central Park, W 67th St, New York, NY 10023, USA",New York,NY,(212) 877-8684,http://tavernonthegreen.com/menu,,Expensive,4.4,,Restored Central Park icon for American fare in an elegant setting with courtyard & garden seating. | American Restaurant | Rated 4.4/5 (8171 reviews) | Expensive / upscale tier,Google Places API (New)
Ai Fiori,"400 5th Ave #2, New York, NY 10018, USA",New York,NY,(212) 613-8660,https://aifiorinyc.com/?utm_source=GoogleBusinessProfile&utm_medium=organic&utm_campaign=MapLabs,,Very Expensive,4.4,,Gourmet fare from the Italian & French Riviera plus regional wines in an elegant hotel setting. | Restaurant | Rated 4.4/5 (1824 reviews) | Very expensive / luxury tier,Google Places API (New)
Café Boulud,"100 E 63rd St, New York, NY 10065, USA",New York,NY,(212) 772-2600,http://www.cafeboulud.com/nyc,cbmbreservations@danielboulud.com,Very Expensive,4.5,,Daniel Boulud's cafe serving high-end French fare in a chic setting. | French Restaurant | Rated 4.5/5 (963 reviews) | Very expensive / luxury tier,Google Places API (New)
15 EAST @ Tocqueville,"1 E 15th St, New York, NY 10003, USA",New York,NY,(212) 647-1515,https://15easttocquevillenyc.com/,email@address.com,Very Expensive,4.4,,"Seasonal, French-inspired cuisine, plus multicourse tasting menus & cocktails, in a handsome space. | French Restaurant | Rated 4.4/5 (607 reviews) | Very expensive / luxury tier",Google Places API (New)
STK Steakhouse,"1114 6th Ave, New York, NY 10036, USA",New York,NY,(646) 624-2455,https://stksteakhouse.com/venues/nyc-midtown/,info@togrp.com,Expensive,4.8,,Sceney spot that's both a chic lounge with DJs & a modern steakhouse serving prime cuts & seafood. | Steak House | Rated 4.8/5 (37676 reviews) | Expensive / upscale tier,Google Places API (New)
Gallagher’s Steakhouse NYC,"228 W 52nd St, New York, NY 10019, USA",New York,NY,(212) 586-5000,http://gallaghersnysteakhouse.com/,,Very Expensive,4.6,,Iconic steakhouse offering classic cuts & raw bar items in renovated digs with red banquettes. | Steak House | Rated 4.6/5 (9623 reviews) | Very expensive / luxury tier,Google Places API (New)
Smith & Wollensky,"797 3rd Ave, New York, NY 10022, USA",New York,NY,(212) 753-1530,https://www.smithandwollenskynyc.com/,pfelix@qualitybranded.com,Very Expensive,4.4,,"Dry-aged beef, martinis & wine served by old-school waiters draw crowds to this Midtown institution. | Steak House | Rated 4.4/5 (4710 reviews) | Very expensive / luxury tier",Google Places API (New)
Peter Luger Steak House,"178 Broadway, Brooklyn, NY 11211, USA",Brooklyn,NY,(718) 387-7400,https://peterluger.com/,,Very Expensive,4.4,,Cash-only steak icon where old-school waiters serve aged beef in a German beer hall setting. | Steak House | Rated 4.4/5 (15984 reviews) | Very expensive / luxury tier,Google Places API (New)
Keens Steakhouse,"72 W 36th St., New York, NY 10018, USA",New York,NY,(212) 947-3636,http://www.keens.com/,info@keens.com,Very Expensive,4.6,,"Enormous steaks & signature mutton chops served in a maze of clubby, wood-paneled rooms. | Steak House | Rated 4.6/5 (9837 reviews) | Very expensive / luxury tier",Google Places API (New)
Nusr-Et Steakhouse New York,"60 W 53rd St, New York, NY 10019, USA",New York,NY,(212) 315-3660,https://www.nusr-et.com.tr/distinctive-venues/new-york-midtown.2.aspx?&utm_source=google+business+profile&utm_medium=organic&utm_content=gbp+link+website&utm_creative_format=gbp+link+website&business_id=13727494369054243302,nema.kamar@nusr-etus.com,Very Expensive,4.3,,Swanky spot for meat-centric Turkish fare from a chef with a flamboyant serving style. | Steak House | Rated 4.3/5 (4809 reviews) | Very expensive / luxury tier,Google Places API (New)
Rocco Steakhouse,"72 Madison Ave, New York, NY 10016, USA",New York,NY,(212) 696-9660,http://www.roccosteakhouse.com/,,Expensive,4.7,,"Traditional steakhouse fare, fresh seafood, plus an extensive selection of wines in an upscale setting. | Steak House | Rated 4.7/5 (1541 reviews) | Expensive / upscale tier",Google Places API (New)
Club A Steakhouse,"240 E 58th St, New York, NY 10022, USA",New York,NY,(212) 688-4190,http://www.clubasteakhouse.com/,sheena@clubasteakhouse.com,Expensive,4.8,,Serves traditional steakhouse fare in an ornate setting with a separate piano room and wine cellar. | Steak House | Rated 4.8/5 (3779 reviews) | Expensive / upscale tier,Google Places API (New)
Vinyl Steakhouse,"35 W 19th St, New York, NY 10011, USA",New York,NY,(646) 461-7866,https://www.vinylsteakhouse.com/,,Expensive,4.7,,Restaurant | Rated 4.7/5 (853 reviews) | Expensive / upscale tier,Google Places API (New)
Hawksmoor NYC,"109 E 22nd St, New York, NY 10010, USA",New York,NY,(212) 777-1840,http://hawksmoornyc.com/?y_source=1_MjU3MzY3NDctNzE1LWxvY2F0aW9uLndlYnNpdGU%3D,,Very Expensive,4.4,,"Premium restaurant serving oysters, steak, seafood, and desserts, plus wine and a robust cocktail list. | Steak House | Rated 4.4/5 (2094 reviews) | Very expensive / luxury tier",Google Places API (New)
St. Anselm,"355 Metropolitan Ave, Brooklyn, NY 11211, USA",Brooklyn,NY,(718) 384-5054,http://www.stanselm.net/,stanselmrestaurant@gmail.com,Expensive,4.6,,Steaks and grilled seafood are the specialty of this brick-walled spot. | Steak House | Rated 4.6/5 (1649 reviews) | Expensive / upscale tier,Google Places API (New)
Sparks Steak House,"210 E 46th St, New York, NY 10017, USA",New York,NY,(212) 687-4855,https://sparkssteakhouse.com/,,Very Expensive,4.5,,"Select meats, seafood, salads & a deep wine list offered in a clubby atmosphere, open since 1966. | Steak House | Rated 4.5/5 (2571 reviews) | Very expensive / luxury tier",Google Places API (New)
Amber Steak House,"119 Nassau Ave, Brooklyn, NY 11222, USA",Brooklyn,NY,(718) 389-3757,http://ambersteak.house/,,Expensive,4.6,,"High-end steakhouse boasting gourmet seafood & fine wines in an old-fashioned, elegant venue. | Steak House | Rated 4.6/5 (1150 reviews) | Expensive / upscale tier",Google Places API (New)
Charlie Palmer Steak IV,"The Knickerbocker Hotel, 6 Times Sq 4th floor, New York, NY 10036, USA",New York,NY,(212) 319-1660,https://www.charliepalmersteak.com/charlie-palmer-steak-iv/,,Expensive,4.7,,"Contemporary eatery with new renditions of steakhouse favorites in a roomy, industrial-chic space. | Steak House | Rated 4.7/5 (1733 reviews) | Expensive / upscale tier",Google Places API (New)
Empire Steak House West,"237 W 54th St, New York, NY 10019, USA",New York,NY,(212) 586-9700,https://www.empiresteakhousenyc.com/,,Expensive,4.7,,Contemporary chophouse at Hilton Midtown with a classic menu including seafood & California wines. | Steak House | Rated 4.7/5 (3901 reviews) | Expensive / upscale tier,Google Places API (New)
Morton's The Steakhouse,"551 5th Ave, New York, NY 10017, USA",New York,NY,(212) 972-3315,https://www.mortons.com/location/mortons-the-steakhouse-new-york-ny-manhattan/,,Very Expensive,4.5,,"Upscale chain for aged prime beef, seafood & other traditional steakhouse fare in a clubby space. | Restaurant | Rated 4.5/5 (2093 reviews) | Very expensive / luxury tier",Google Places API (New)
Empire Steak House East,"151 E 50th St, New York, NY 10022, USA",New York,NY,(212) 582-6900,https://www.empiresteakhousenyc.com/,,Expensive,4.7,,"Bi-level space with plush banquettes for dining on dry-aged steaks, chops & seafood. | Steak House | Rated 4.7/5 (2662 reviews) | Expensive / upscale tier",Google Places API (New)
Benjamin Steakhouse,"Inside The Chemists' Club Hotel, 52 E 41st St, New York, NY 10017, USA",New York,NY,(212) 297-9177,http://benjaminsteakhouse.com/nyc/?utm_source=tripadvisor&utm_medium=ta41&utm_campaign=web,,Very Expensive,4.5,,"Dry-aged steaks & a casual bar menu, plus raw & grilled seafood in a clubby space. | Steak House | Rated 4.5/5 (2718 reviews) | Very expensive / luxury tier",Google Places API (New)
Bowery Meat Company,"9 E 1st St, New York, NY 10003, USA",New York,NY,(212) 460-5255,http://www.bowerymeatcompany.com/,info@bowerymeatcompany.com,Expensive,4.5,,Steakhouse with classic cuts in modern preparations plus pasta & more in a retro-styled setting. | Restaurant | Rated 4.5/5 (1284 reviews) | Expensive / upscale tier,Google Places API (New)
DeStefano's Steakhouse,"593 Lorimer St, Brooklyn, NY 11211, USA",Brooklyn,NY,(718) 384-2836,http://www.deesteakhouse.com/,Info@Deesteakhouse.com,Expensive,4.7,,Steakhouse standards & wines served in a space with an old-school Italian vibe. | Steak House | Rated 4.7/5 (1016 reviews) | Expensive / upscale tier,Google Places API (New)
MarkJoseph Steakhouse,"261 Water St, New York, NY 10038, USA",New York,NY,(212) 277-0020,https://www.markjosephsteakhouse.com/,,Expensive,4.5,,"Tucked-away locale serving steaks, chops & seafood dishes in white-tablecloth surrounds. | Steak House | Rated 4.5/5 (763 reviews) | Expensive / upscale tier",Google Places API (New)
Old Homestead Steakhouse,"56 9th Ave, New York, NY 10011, USA",New York,NY,(212) 242-9040,https://www.theoldhomesteadsteakhouse.com/,OldHomesteadSteakhouse@gmail.com,Very Expensive,4.2,,"Old-world relic (1868-era) serving huge, pricey steaks in a classic, dark-wood setting. | Steak House | Rated 4.2/5 (2467 reviews) | Very expensive / luxury tier",Google Places API (New)
4 Charles Prime Rib,"4 Charles St, New York, NY 10014, USA",New York,NY,(212) 561-5992,https://nycprimerib.com/,,Expensive,4.7,,"Steakhouse by Brendan Sodikoff, owner of Au Cheval, with contemporary offerings and vintage appeal. | Steak House | Rated 4.7/5 (1200 reviews) | Expensive / upscale tier",Google Places API (New)
Strip House Steakhouse,"15 W 44th St, New York, NY 10036, USA",New York,NY,(212) 336-5454,https://www.striphouse.com/location/striphouse-midtown/,,Very Expensive,4.4,,Swanky steakhouse with a raw bar boasting walls covered with photos of old-Hollywood stars. | Steak House | Rated 4.4/5 (1430 reviews) | Very expensive / luxury tier,Google Places API (New)
Tabernacle Steakhouse,"315 W 36th St. #2, New York, NY 10018, USA",New York,NY,(212) 933-7001,https://www.tabernaclesteakhouse.com/,,Expensive,4.6,,Stylish steakhouse for a kosher menu of dry-aged Wagyu beef & sophisticated sushi. | Restaurant | Rated 4.6/5 (1364 reviews) | Expensive / upscale tier,Google Places API (New)
Morton's The Steakhouse,"136 Washington St, New York, NY 10006, USA",New York,NY,(212) 608-0171,https://www.mortons.com/location/mortons-the-steakhouse-new-york-ny-world-trade-center/,,Very Expensive,4.5,,"Upscale chain for aged prime beef, seafood & other traditional steakhouse fare in a clubby space. | Restaurant | Rated 4.5/5 (966 reviews) | Very expensive / luxury tier",Google Places API (New)
American Cut,"363 Greenwich St, New York, NY 10013, USA",New York,NY,(212) 226-4736,https://www.americancutsteakhouse.com/,,Very Expensive,4.5,,Modern steakhouse from Marc Forgione serving classic fare updated with NYC twists in posh surrounds. | Steak House | Rated 4.5/5 (1049 reviews) | Very expensive / luxury tier,Google Places API (New)
Wollensky's Grill,"201 E 49th St, New York, NY 10022, USA",New York,NY,(212) 753-0444,http://www.smithandwollenskynyc.com/wollenskys-grill/,pfelix@qualitybranded.com,Very Expensive,4.4,,"Casual spin-off of next-door Smith & Wollensky, offering steaks and burgers till late hours. | Steak House | Rated 4.4/5 (872 reviews) | Very expensive / luxury tier",Google Places API (New)
Wolfgang's Steakhouse - Times Square New York City,"Times Building, 250 W 41st St, New York, NY 10036, USA",New York,NY,(212) 921-3720,https://wolfgangssteakhouse.net/,info@wolfgangssteakhouse.net,Very Expensive,4.2,,"Upscale chophouse chain serving dry-aged steaks, seafood & wine in an elegant setting. | Steak House | Rated 4.2/5 (2664 reviews) | Very expensive / luxury tier",Google Places API (New)
Buenos Aires,"513 E 6th St, New York, NY 10009, USA",New York,NY,(212) 228-2775,https://buenosairesnyc.com/?utm_source=google,,Expensive,4.6,,"Skirt steak, fries & plenty of chimichurri sauce are washed down with wines, including many malbecs. | Argentinian Restaurant | Rated 4.6/5 (1581 reviews) | Expensive / upscale tier",Google Places API (New)
DK Restaurant NYC,"207 W 36th St., New York, NY 10018, USA",New York,NY,(212) 695-5220,http://dkrestaurantnyc.com/,,Expensive,4.3,,"Upscale offshoot of the storied steakhouse serving an updated menu in a chic, modern setting. | Steak House | Rated 4.3/5 (646 reviews) | Expensive / upscale tier",Google Places API (New)
Le Marais,"150 W 46th St, New York, NY 10036, USA",New York,NY,(212) 869-0900,http://lemarais.net/,info@lemarais.net,Expensive,4.4,,Prime steaks headline a French-influenced menu at this kosher restaurant & butcher shop. | French Restaurant | Rated 4.4/5 (2708 reviews) | Expensive / upscale tier,Google Places API (New)
Wolfgang's Steakhouse,"409 Greenwich St, New York, NY 10013, USA",New York,NY,(212) 925-0350,https://wolfgangssteakhouse.net/,info@wolfgangssteakhouse.net,Very Expensive,4.4,,"Upscale chophouse chain serving dry-aged steaks, seafood & wine in an elegant setting. | Steak House | Rated 4.4/5 (1674 reviews) | Very expensive / luxury tier",Google Places API (New)
Reserve Cut,"40 Broad St 2nd Floor, New York, NY 10004, USA",New York,NY,(212) 747-0300,https://www.reservecut.com/,,Very Expensive,4.6,,High-end kosher steakhouse with a wine room and French-Asian menu that includes sushi and Wagyu beef. | Restaurant | Rated 4.6/5 (2391 reviews) | Very expensive / luxury tier,Google Places API (New)
Del Frisco's Grille,"250 Vesey St, New York, NY 10281, USA",New York,NY,(212) 786-0760,https://www.delfriscosgrille.com/location/del-friscos-grille-brookfield-place-ny/,,Expensive,4.3,,"Sophisticated chophouse chain serving steak, seafood, sandwiches & cocktails in a lively setting. | Steak House | Rated 4.3/5 (705 reviews) | Expensive / upscale tier",Google Places API (New)
Nick + Stef's Steakhouse,"9 Pennsylvania Plaza, New York, NY 10001, USA",New York,NY,(212) 563-4444,https://www.nickandstefsnyc.com/,,Expensive,4.2,,High-end steakhouse serving an array of meats & seafood plus wine in a simple dining room. | Steak House | Rated 4.2/5 (546 reviews) | Expensive / upscale tier,Google Places API (New)
Il Mulino Prime,"331 W Broadway, New York, NY 10013, USA",New York,NY,(212) 226-0020,https://www.imny.com/location/prime-soho,,Expensive,4.4,,"Elegantly appointed, well-known restaurant focusing on sizable plates of Italian favorites. | Fine Dining Restaurant | Rated 4.4/5 (349 reviews) | Expensive / upscale tier",Google Places API (New)
Frankie & Johnnie's Steakhouse,"320 W 46th St, New York, NY 10036, USA",New York,NY,(212) 997-9494,http://www.frankieandjohnnies.com/,,Expensive,4.2,,"Polished, retro-style restaurant serving a menu of aged steaks, cocktails & wine. | Steak House | Rated 4.2/5 (747 reviews) | Expensive / upscale tier",Google Places API (New)
Wall Street Grill,"128 Pearl St, New York, NY 10005, USA",New York,NY,(212) 635-5757,http://www.wallstreetgrill.com/,info@wallstreetgrill.com,Expensive,4.5,,Prime steaks and seafood are served in a fine dining setting with a hip rooftop atrium. | Steak House | Rated 4.5/5 (1274 reviews) | Expensive / upscale tier,Google Places API (New)
The Capital Grille,"1 Garden State Plaza Blvd, Paramus, NJ 07652, USA",Paramus,NJ,(201) 845-7040,https://www.thecapitalgrille.com/locations/nj/paramus/paramus/8045?cmpid=br:tcg_ag:ie_ch:loc_ca:TCGGMB_sn:gmb_gt:paramus-nj-8045_pl:locurl_rd:1040,,Very Expensive,4.6,,"Outpost of the upscale steakhouse chain offers classic American fare & a clubby, refined setting. | Fine Dining Restaurant | Rated 4.6/5 (2072 reviews) | Very expensive / luxury tier",Google Places API (New)
Edward's Steakhouse,"239 Marin Blvd, Jersey City, NJ 07302, USA",Jersey City,NJ,(201) 761-0000,http://www.edwardssteakhouse.com/,office@edwardssteakhouse.com,Expensive,4.4,,Traditional steakhouse fare plus seafood & high-end wines in a 19th-century brownstone. | Steak House | Rated 4.4/5 (836 reviews) | Expensive / upscale tier,Google Places API (New)
Ruth's Chris Steak House,"499 Washington Blvd, Jersey City, NJ 07310, USA",Jersey City,NJ,(201) 448-8664,https://www.ruthschris.com/locations/nj/jersey-city/jersey-city/7363?cmpid=br:rc_ag:ie_ch:loc_ca:RCGMB_sn:gmb_gt:jersey-city-nj-7363_pl:locurl_rd:1069,,Very Expensive,4.4,,"Outpost of upmarket steakhouse chain known for sizzling, butter-topped beef in an elegant setting | Steak House | Rated 4.4/5 (1336 reviews) | Very expensive / luxury tier",Google Places API (New)
Giardino D'Oro,"5 Gold St, New York, NY 10038, USA",New York,NY,(212) 514-6400,http://www.giardinodoro.com/,,Expensive,4.5,,"Upscale, stone-walled trattoria specializing in traditional Italian recipes. | Italian Restaurant | Rated 4.5/5 (310 reviews) | Expensive / upscale tier",Google Places API (New)
Cliff's Steakhouse,"18 Sylvan Ave, Englewood Cliffs, NJ 07632, USA",Englewood Cliffs,NJ,(201) 944-0233,http://cliffssteakhouse.com/,cliffssteakhouse@aol.com,Expensive,4.4,,"Steaks, seafood & pasta offered in a charming house with an upscale, contemporary vibe. | Steak House | Rated 4.4/5 (407 reviews) | Expensive / upscale tier",Google Places API (New)
Morton's The Steakhouse,"One Riverside Square Mall Suite 274, Hackensack, NJ 07601, USA",Hackensack,NJ,(201) 487-1303,https://www.mortons.com/location/mortons-the-steakhouse-hackensack-nj/,,Very Expensive,4.3,,"Upscale chain for aged prime beef, seafood & other traditional steakhouse fare in a clubby space. | Restaurant | Rated 4.3/5 (1138 reviews) | Very expensive / luxury tier",Google Places API (New)
Evelina,"211 Dekalb Ave, Brooklyn, NY 11205, USA",Brooklyn,NY,(929) 298-0209,http://www.evelinabk.com/,evelinabookings@gmail.com,Expensive,4.7,,"Mediterranean and Italian locale serving pastas, small plates, and wood-fired dishes, plus cocktails. | Italian Restaurant | Rated 4.7/5 (1534 reviews) | Expensive / upscale tier",Google Places API (New)
Le Crocodile,"80 Wythe Ave, Brooklyn, NY 11249, USA",Brooklyn,NY,(718) 460-8004,http://lecrocodile.com/,,Expensive,4.6,,"Sprawling spot at the Wythe Hotel serving French fare, wine & cocktails in an easygoing setting. | French Restaurant | Rated 4.6/5 (1242 reviews) | Expensive / upscale tier",Google Places API (New)
The Loft Steakhouse,"1306 40th St, Brooklyn, NY 11218, USA",Brooklyn,NY,(718) 475-5600,http://www.theloftsteakhouse.com/,,Expensive,4.9,,Upscale kosher destination presenting steaks & creative sushi in a stylish bi-level space. | Steak House | Rated 4.9/5 (2740 reviews) | Expensive / upscale tier,Google Places API (New)
Celestine,"1 John St, Brooklyn, NY 11201, USA",Brooklyn,NY,(718) 522-5356,http://celestinebk.com/,,Expensive,4.4,,"Contemporary place for wood-fired Mediterranean and Middle Eastern fare with wine, cocktails, plus river views. | Mediterranean Restaurant | Rated 4.4/5 (1415 reviews) | Expensive / upscale tier",Google Places API (New)
La Vara,"268 Clinton St, Brooklyn, NY 11201, USA",Brooklyn,NY,(718) 422-0065,http://www.lavarany.com/,rob@lavarany.com,Expensive,4.6,,Spanish tapas with Moorish & Jewish influences draw crowds to the stylish storefront restaurant. | Spanish Restaurant | Rated 4.6/5 (912 reviews) | Expensive / upscale tier,Google Places API (New)
Harriet's Rooftop,"60 Furman St Fl 11, Brooklyn, NY 11201, USA",Brooklyn,NY,(347) 696-2554,https://www.1hotels.com/brooklyn-bridge/taste/harriets-rooftop?utm_source=google-gbp&utm_medium=organic&utm_campaign=gbp,1bb-guestexperience@1hotels.com,Expensive,3.9,,"Rooftop spot for fancy cocktails & choice bites on the roof of 1 Hotel, with Manhattan views. | Restaurant | Rated 3.9/5 (928 reviews) | Expensive / upscale tier",Google Places API (New)
Meadowsweet,"149 Broadway, Brooklyn, NY 11211, USA",Brooklyn,NY,(718) 384-0673,http://www.meadowsweetnyc.com/,info@meadowsweetnyc.com,Expensive,4.6,,Mediterranean-influenced New American dishes & craft cocktails in casually hip digs with a bar. | American Restaurant | Rated 4.6/5 (1111 reviews) | Expensive / upscale tier,Google Places API (New)
Michael’s,"2929 Avenue R, Brooklyn, NY 11229, USA",Brooklyn,NY,(718) 998-7851,http://michaelsofbrooklyn.com/,support@gist-apps.com,Expensive,4.7,,"Upscale Italian eatery from 1964 serving traditional fare in a warm, elegant space with a full bar. | Italian Restaurant | Rated 4.7/5 (1748 reviews) | Expensive / upscale tier",Google Places API (New)
Leuca,"111 N 12th St, Brooklyn, NY 11249, USA",Brooklyn,NY,(718) 581-5900,http://leuca.com/,info@leuca.com,Expensive,4.4,,Southern Italian fare from Andrew Carmellini served in a rustic-chic space anchoring a swanky hotel. | Italian Restaurant | Rated 4.4/5 (1097 reviews) | Expensive / upscale tier,Google Places API (New)
Ren Restaurant,"1571 McDonald Ave, Brooklyn, NY 11230, USA",Brooklyn,NY,(718) 400-9736,https://www.renkosher.com/,info@renkosher.com,Very Expensive,4.8,,Restaurant | Rated 4.8/5 (343 reviews) | Very expensive / luxury tier,Google Places API (New)
L'Antagoniste,"238 Malcolm X Blvd, Brooklyn, NY 11233, USA",Brooklyn,NY,(917) 966-5300,http://lantagoniste.com/,lantagonistenyc@gmail.com,Expensive,4.5,,"This brick-walled French restaurant serves high-end, traditional dishes with new- & old-world wines. | French Restaurant | Rated 4.5/5 (539 reviews) | Expensive / upscale tier",Google Places API (New)
Glatt A La Carte,"5123 18th Ave, Brooklyn, NY 11204, USA",Brooklyn,NY,(718) 438-6675,http://www.glattalacarte.com/,info@nyglatt.com,Expensive,4.9,,"Upscale kosher restaurant with a varied menu of global fusion items, including steaks & sushi. | Steak House | Rated 4.9/5 (1848 reviews) | Expensive / upscale tier",Google Places API (New)
Henry's End,"72 Henry St, Brooklyn, NY 11201, USA",Brooklyn,NY,(718) 834-1776,https://www.henrysend.com/,henrysend@gmail.com,Expensive,4.5,,"Inventive New American cuisine featuring seasonal ingredients, including wild game, since 1973. | American Restaurant | Rated 4.5/5 (608 reviews) | Expensive / upscale tier",Google Places API (New)
Hart's,"506 Franklin Ave, Brooklyn, NY 11238, USA",Brooklyn,NY,(718) 636-6228,http://www.hartsbrooklyn.com/,ciao@hartsbrooklyn.com,Expensive,4.6,,A changing menu of Mediterranean cuisine & drinks served in a cozy setting with an open kitchen. | Mediterranean Restaurant | Rated 4.6/5 (420 reviews) | Expensive / upscale tier,Google Places API (New)
Maison Premiere,"298 Bedford Ave, Brooklyn, NY 11249, USA",Brooklyn,NY,(347) 889-5710,http://maisonpremiere.com/,info@maisonpremiere.com,Expensive,4.6,,"Oysters, cocktails & small plates in a New Orleans-styled setting with an atmospheric garden. | Oyster Bar Restaurant | Rated 4.6/5 (2103 reviews) | Expensive / upscale tier",Google Places API (New)
Bordeaux Steakhouse,"1922 Coney Island Ave, Brooklyn, NY 11230, USA",Brooklyn,NY,(718) 942-4040,http://bordeauxnyc.com/,1922coney@gmail.com,Expensive,4.8,,Upscale kosher steakhouse offering modern New American fare & cocktails in intimate surrounds. | Steak House | Rated 4.8/5 (1737 reviews) | Expensive / upscale tier,Google Places API (New)
Salt + Charcoal,"171 Grand St, Brooklyn, NY 11249, USA",Brooklyn,NY,(718) 782-2087,http://www.saltandcharcoal.com/,info@saltandcharcoal.com,Expensive,4.3,,Grilled robata dishes & other specialties pair with a long drink menu at this corner Japanese joint. | Restaurant | Rated 4.3/5 (866 reviews) | Expensive / upscale tier,Google Places API (New)
Vis-a-Vis Restaurant,"3100 Ocean Pkwy, Brooklyn, NY 11235, USA",Brooklyn,NY,(718) 333-0003,http://www.visavisny.com/,visavisny@gmail.com,Expensive,4.5,,French-inspired New American fare is the focus of this chic eatery with a bar & sizable wine list. | Fusion Restaurant | Rated 4.5/5 (727 reviews) | Expensive / upscale tier,Google Places API (New)
Osteria Brooklyn @LIC On the Water,"1-50 50th Ave, Long Island City, NY 11101, USA",Long Island City,NY,(646) 750-9156,https://www.osteriabrooklyn.com/,,Expensive,4.5,,Italian Restaurant | Rated 4.5/5 (899 reviews) | Expensive / upscale tier,Google Places API (New)
Fausto,"348 Flatbush Ave, Brooklyn, NY 11238, USA",Brooklyn,NY,(917) 909-1427,http://www.faustobrooklyn.com/,info@faustobrooklyn.com,Expensive,4.5,,"Refined setting for rustic, seasonal Italian dishes plus bio-dynamic and reserve wines. | Restaurant | Rated 4.5/5 (660 reviews) | Expensive / upscale tier",Google Places API (New)
Lilia,"567 Union Ave, Brooklyn, NY 11211, USA",Brooklyn,NY,(718) 576-3095,http://www.lilianewyork.com/,Info@lilianewyork.com,Expensive,4.3,,"Converted auto-body shop offering wood-fired Italian fare, housemade pastas, and cocktails. | Italian Restaurant | Rated 4.3/5 (2299 reviews) | Expensive / upscale tier",Google Places API (New)
Ponte Vecchio,"8810 4th Ave, Brooklyn, NY 11209, USA",Brooklyn,NY,(718) 238-6449,http://www.pvristorante.com/,info@pvristorante.com,Expensive,4.5,,This stylish eatery offers upscale Italian fare in a contemporary setting with garden seating. | Italian Restaurant | Rated 4.5/5 (623 reviews) | Expensive / upscale tier,Google Places API (New)
al di là Trattoria,"248 5th Ave, Brooklyn, NY 11215, USA",Brooklyn,NY,(718) 783-4565,http://www.aldilatrattoria.com/,info@aldilatrattoria.com,Expensive,4.5,,"Northern Italian mainstay with an intimate, old-world-inspired dining room & an attached wine bar. | Italian Restaurant | Rated 4.5/5 (1085 reviews) | Expensive / upscale tier",Google Places API (New)
idashi Omakase,"ALCOHOL & BYOB, 90 Min Per Session Please Be On Time, White Store, 464 Bergen St Front, Brooklyn, NY 11217, USA",Brooklyn,NY,(646) 813-6888,https://www.idashiomakase.com/,idashinyomakase@gmail.com,Expensive,4.9,,Japanese Restaurant | Rated 4.9/5 (252 reviews) | Expensive / upscale tier,Google Places API (New)
Masalawala & Sons,"365 5th Ave, Brooklyn, NY 11215, USA",Brooklyn,NY,(347) 789-7820,http://www.masalawala.com/,hello@masalawala.com,Expensive,4.5,,Indian Restaurant | Rated 4.5/5 (1184 reviews) | Expensive / upscale tier,Google Places API (New)
il Tevere,"2209 Coney Island Ave, Brooklyn, NY 11223, USA",Brooklyn,NY,(929) 780-7909,https://www.getsauce.com/order/site/il-tevere/,ilteverebrooklyn@gmail.com,Expensive,4.5,,Kosher dishes recalling the flavors of Rome's Jewish Ghetto are served at this longtime spot. | Italian Restaurant | Rated 4.5/5 (231 reviews) | Expensive / upscale tier,Google Places API (New)
Sugar'd,"2614 Newkirk Ave, Brooklyn, NY 11226, USA",Brooklyn,NY,(718) 758-5066,https://sugard.getsauce.com/?utm_source=GMB&utm_medium=Website+Button&utm_id=sugard,,Expensive,4.1,,Caribbean Restaurant | Rated 4.1/5 (412 reviews) | Expensive / upscale tier,Google Places API (New)
Gargiulo's,"2911 W 15th St, Brooklyn, NY 11224, USA",Brooklyn,NY,(718) 266-4891,http://www.gargiulos.com/,info@gargiulos.com,Expensive,4.4,,Tuxedo-clad waiters serve old-school Italian fare at this circa-1907 banquet hall-style eatery. | Italian Restaurant | Rated 4.4/5 (1655 reviews) | Expensive / upscale tier,Google Places API (New)
Fogo de Chão Brazilian Steakhouse,"445 Albee Square W, Brooklyn, NY 11201, USA",Brooklyn,NY,(917) 979-2550,https://fogodechao.com/location/brooklyn/,,Expensive,4.6,,Upscale Brazilian chain for all-you-can-eat meat carved tableside plus an extensive salad bar. | Brazilian Restaurant | Rated 4.6/5 (3547 reviews) | Expensive / upscale tier,Google Places API (New)
Misi,"329 Kent Ave, Brooklyn, NY 11249, USA",Brooklyn,NY,(347) 566-3262,http://www.misinewyork.com/,Info@misinewyork.com,Very Expensive,4.3,,Contemporary-chic Italian dining space serving elevated antipasti and handmade pasta dishes. | Italian Restaurant | Rated 4.3/5 (1881 reviews) | Very expensive / luxury tier,Google Places API (New)
Liman,"825 Surf Ave 2nd Floor, Brooklyn, NY 11224, USA",Brooklyn,NY,(718) 769-3322,https://www.limanrestaurant.com/,info@limanrestaurant.com,Expensive,4.4,,"Seafood is the focus of this Turkish restaurant with cocktails & mural-rich, nautical decor. | Seafood Restaurant | Rated 4.4/5 (1508 reviews) | Expensive / upscale tier",Google Places API (New)
Bison & Bourbon,"191 7th St, Brooklyn, NY 11215, USA",Brooklyn,NY,(718) 422-0801,http://www.bisonandbourbon.com/,,Expensive,4.4,,Contemporary kosher steakhouse in a former warehouse with a sizable patio & craft cocktails. | Restaurant | Rated 4.4/5 (1560 reviews) | Expensive / upscale tier,Google Places API (New)
Sofreh,"75 St Marks Ave, Brooklyn, NY 11217, USA",Brooklyn,NY,(646) 798-1690,http://www.sofrehnyc.com/,SOFREH75@GMAIL.COM,Expensive,4.3,,"Modern, ingredient-driven Persian cooking in a whitewashed space with wood-beam ceilings. | Persian Restaurant | Rated 4.3/5 (1126 reviews) | Expensive / upscale tier",Google Places API (New)
Antica Pesa Brooklyn,"115 Berry St, Brooklyn, NY 11249, USA",Brooklyn,NY,(347) 763-2635,http://www.anticapesa.com/,info@anticapesa.com,Expensive,4.2,,"High-end pick for classic Italian cuisine, cocktails & wines in posh, sleek surrounds with a lounge. | Italian Restaurant | Rated 4.2/5 (753 reviews) | Expensive / upscale tier",Google Places API (New)
Patrick Steakhouse,"227 Rogers Ave, Brooklyn, NY 11225, USA",Brooklyn,NY,(347) 789-9976,https://patricksteakhouse.com/,patricksteakhouse@gmail.com,Expensive,4.2,,Steak House | Rated 4.2/5 (518 reviews) | Expensive / upscale tier,Google Places API (New)
Chateau Capitaine,"2570 Coney Island Ave, Brooklyn, NY 11223, USA",Brooklyn,NY,(718) 339-2800,http://www.chateaudecapitaine.com/,chateaudecapitaine4@gmail.com,Expensive,4.3,,"Stylish ballroom serving banquet-style Russian & French cuisine, plus brunch & entertainment. | Russian Restaurant | Rated 4.3/5 (624 reviews) | Expensive / upscale tier",Google Places API (New)
Xixa,"241 S 4th St, Brooklyn, NY 11211, USA",Brooklyn,NY,(718) 388-8860,http://xixany.com/,heather@xixany.com,Expensive,4.6,,"Swanky space serving innovative, upscale takes on Mexican fare paired with a selection of mezcals. | Mexican Restaurant | Rated 4.6/5 (786 reviews) | Expensive / upscale tier",Google Places API (New)
Shalom Japan,"310 S 4th St rear, Brooklyn, NY 11211, USA",Brooklyn,NY,(718) 388-4012,http://shalomjapannyc.com/,info@shalomjapannyc.com,Expensive,4.3,,"Jewish & Japanese flavors fused together in creative small plates offered in a small, low-key space. | Fusion Restaurant | Rated 4.3/5 (879 reviews) | Expensive / upscale tier",Google Places API (New)
Brooklyn Chop House Steakhouse Times Square,"253 W 47th St, New York, NY 10036, USA",New York,NY,(212) 619-1210,https://www.brooklynchophouse.com/location/times-square/,timessquare@brooklynchophouse.com,Very Expensive,4.1,,Steak House | Rated 4.1/5 (1291 reviews) | Very expensive / luxury tier,Google Places API (New)
71Above,"633 W 5th St 71st floor, Los Angeles, CA 90071, USA",Los Angeles,CA,(213) 712-2683,https://www.71above.com/,,Very Expensive,4.5,,"High-end eatery, bar, and lounge offering modern American cuisine with panoramic views. | Restaurant | Rated 4.5/5 (2806 reviews) | Very expensive / luxury tier",Google Places API (New)
The Little Door,"8164 W 3rd St, Los Angeles, CA 90048, USA",Los Angeles,CA,(323) 951-1210,https://thelittledoor.com/,office@thelittledoor.com,Very Expensive,4.5,,"French Mediterranean restaurant since 1996 serving rustic meals, farm-to-table cocktails & wines. | Restaurant | Rated 4.5/5 (1359 reviews) | Very expensive / luxury tier",Google Places API (New)
Girl & the Goat Los Angeles,"555-3 Mateo St, Los Angeles, CA 90013, USA",Los Angeles,CA,(213) 799-4628,http://girlandthegoat.com/,,Expensive,4.8,,Innovative New American dishes with global and local flavors served in a trendy restaurant with high ceilings. | American Restaurant | Rated 4.8/5 (3778 reviews) | Expensive / upscale tier,Google Places API (New)
Providence,"5955 Melrose Ave, Los Angeles, CA 90038, USA",Los Angeles,CA,(323) 460-4170,https://providencela.com/,,Very Expensive,4.7,,Chef Michael Cimarusti's fine-dining destination delivers innovative seafood in a tranquil setting. | Seafood Restaurant | Rated 4.7/5 (1148 reviews) | Very expensive / luxury tier,Google Places API (New)
Redbird,"114 E 2nd St, Los Angeles, CA 90012, USA",Los Angeles,CA,(213) 788-1191,https://redbird.la/,info@redbird.la,Expensive,4.6,,Innovative New American dishes are paired with creative cocktails in a stylish setting. | Restaurant | Rated 4.6/5 (1831 reviews) | Expensive / upscale tier,Google Places API (New)
Perch,"448 S Hill St, Los Angeles, CA 90013, USA",Los Angeles,CA,(213) 802-1770,http://perchla.com/,info@perchla.com,Expensive,4.4,,"Glamorous rooftop setting with French small plates, handcrafted cocktails & grand views of the city. | French Restaurant | Rated 4.4/5 (7613 reviews) | Expensive / upscale tier",Google Places API (New)
Fleming’s Prime Steakhouse & Wine Bar,"800 W Olympic Blvd Suite A-135, Los Angeles, CA 90015, USA",Los Angeles,CA,(213) 745-9911,https://www.flemingssteakhouse.com/Locations/CA/Los-Angeles?y_source=1_MTU1MDMxOTctNzE1LWxvY2F0aW9uLndlYnNpdGU%3D,,Very Expensive,4.5,,High-end steakhouse chain with aged prime beef & classics such as lobster tails. | Steak House | Rated 4.5/5 (1728 reviews) | Very expensive / luxury tier,Google Places API (New)
Rossoblu,"1124 San Julian St, Los Angeles, CA 90015, USA",Los Angeles,CA,(213) 749-1099,https://www.rossoblula.com/,info@rossoblula.com,Expensive,4.5,,"Steve Samson’s Bolognese-inspired menu, including handmade pastas and Italian wines. | Italian Restaurant | Rated 4.5/5 (990 reviews) | Expensive / upscale tier",Google Places API (New)
The Restaurant at Hotel Bel-Air,"701 Stone Canyon Rd, Los Angeles, CA 90077, USA",Los Angeles,CA,(310) 909-1644,https://www.dorchestercollection.com/los-angeles/hotel-bel-air/dining/restaurant-at-hotel-bel-air,,Very Expensive,4.5,,Californian Restaurant | Rated 4.5/5 (358 reviews) | Very expensive / luxury tier,Google Places API (New)
Yamashiro Hollywood,"1999 N Sycamore Ave, Los Angeles, CA 90068, USA",Los Angeles,CA,(323) 466-5125,https://yamashirohollywood.com/,,Expensive,4.3,,Sushi & Cal-Asian fare served amid gardens & a koi pond in the Hollywood Hills overlooking the city. | Japanese Restaurant | Rated 4.3/5 (5918 reviews) | Expensive / upscale tier,Google Places API (New)
Spago,"176 N Canon Dr, Beverly Hills, CA 90210, USA",Beverly Hills,CA,(310) 385-0880,https://wolfgangpuck.com/dining/spago/,,Very Expensive,4.5,,"Celeb chef Wolfgang Puck's buzzy, sleek bistro offers creative, locally sourced Californian cuisine. | Restaurant | Rated 4.5/5 (1870 reviews) | Very expensive / luxury tier",Google Places API (New)
Cicada Restaurant and Lounge,"617 S Olive St, Los Angeles, CA 90014, USA",Los Angeles,CA,(213) 488-9488,http://www.cicadarestaurant.com/,dulcem@cicadarestaurant.com,Expensive,4.5,,"Italian fare gets a Californian twist at this glamorous, art deco supper club with big-band nights. | Fine Dining Restaurant | Rated 4.5/5 (413 reviews) | Expensive / upscale tier",Google Places API (New)
Culina Ristorante and Caffè,"300 S Doheny Dr, Los Angeles, CA 90048, USA",Los Angeles,CA,(310) 860-4000,https://www.fourseasons.com/losangeles/dining/restaurants/culina-ristorante/?utm_source=google&utm_medium=organicsearch&utm_campaign=tor-lax-fab-mid-seo-na&utm_content=na-na&utm_term=na,,Expensive,4.4,,"Stylish, upscale hotel restaurant with modern Italian meals, a long wine list & a fire-lit patio. | Italian Restaurant | Rated 4.4/5 (408 reviews) | Expensive / upscale tier",Google Places API (New)
Baltaire Restaurant,"11647 San Vicente Blvd, Los Angeles, CA 90049, USA",Los Angeles,CA,(424) 273-1660,http://baltaire.com/?y_source=1_MTAwMjE5NTM4NC03MTUtbG9jYXRpb24ud2Vic2l0ZQ%3D%3D,hello@baltaire.com,Very Expensive,4.5,,An elegant dining room and buzzy outdoor patio set the stage for cocktails and prime cuts. | Restaurant | Rated 4.5/5 (1078 reviews) | Very expensive / luxury tier,Google Places API (New)
Meteora,"6703 Melrose Ave, Los Angeles, CA 90038, USA",Los Angeles,CA,(323) 402-4311,http://meteora.la/,concierge@meteora.la,Very Expensive,4.4,,Restaurant | Rated 4.4/5 (391 reviews) | Very expensive / luxury tier,Google Places API (New)
Majordomo,"1725 Naud St, Los Angeles, CA 90012, USA",Los Angeles,CA,(323) 545-4880,http://www.majordomo.la/,domofoh@momofuku.com,Very Expensive,4.6,,David Chang eatery offering  noodles & creatively prepared meat & fish in an industrial-chic space. | Californian Restaurant | Rated 4.6/5 (1379 reviews) | Very expensive / luxury tier,Google Places API (New)
La Boucherie,"900 Wilshire Blvd Fl 71, Los Angeles, CA 90017, USA",Los Angeles,CA,(213) 688-7777,https://www.ihg.com/intercontinental/hotels/us/en/los-angeles/laxhc/hoteldetail/dining/la-boucherie,,Very Expensive,4.2,,"French meets California chophouse on top of the InterContinental hotel, with jaw-dropping views. | Steak House | Rated 4.2/5 (326 reviews) | Very expensive / luxury tier",Google Places API (New)
Bacari Silverlake,"3626 Sunset Blvd, Los Angeles, CA 90026, USA",Los Angeles,CA,(323) 986-6763,https://www.eatwithbacari.com/silverlake,,Expensive,4.6,,"Upmarket open-air lounge surrounded by trees, offering small plates, pizza & a large drinks list. | Mediterranean Restaurant | Rated 4.6/5 (1731 reviews) | Expensive / upscale tier",Google Places API (New)
Chi Spacca,"6610 Melrose Ave, Los Angeles, CA 90038, USA",Los Angeles,CA,(323) 297-1133,http://www.chispacca.com/,,Very Expensive,4.6,,"Meaty, upscale Italian fare from a trio of star chefs in a Tuscan atmosphere with worn-wood tables. | Italian Restaurant | Rated 4.6/5 (528 reviews) | Very expensive / luxury tier",Google Places API (New)
NIKU X | Premium Seafood & A5 Wagyu Steak Buffet,"900 Wilshire Blvd Ste 212, Los Angeles, CA 90017, USA",Los Angeles,CA,(323) 894-3638,http://nikux.com/,press@nikux.com,Very Expensive,4.6,,Fine Dining Restaurant | Rated 4.6/5 (1657 reviews) | Very expensive / luxury tier,Google Places API (New)
The Factory Kitchen,"1300 Factory Pl, Los Angeles, CA 90013, USA",Los Angeles,CA,(213) 996-6000,https://thefactorykitchen.com/,info@thefactorykitchen.com,Expensive,4.5,,Open kitchen in a reclaimed factory space turning out handmade pastas & traditional Italian dishes. | Italian Restaurant | Rated 4.5/5 (1084 reviews) | Expensive / upscale tier,Google Places API (New)
The Belvedere,"9882 S Santa Monica Blvd Ground Floor, Beverly Hills, CA 90212, USA",Beverly Hills,CA,(310) 975-2736,https://www.peninsula.com/en/beverly-hills/hotel-fine-dining/the-belvedere,,Expensive,4.5,,Luxe Mediterranean restaurant with patio seating & Sunday brunch in the Peninsula Hotel. | Fine Dining Restaurant | Rated 4.5/5 (236 reviews) | Expensive / upscale tier,Google Places API (New)
Bottega Louie,"700 S Grand Ave, Los Angeles, CA 90017, USA",Los Angeles,CA,(213) 802-1470,http://www.bottegalouie.com/,,Expensive,4.5,,"Pizzas, pastas & small plates in a bright, bustling space, plus weekend brunch & macarons to-go. | Italian Restaurant | Rated 4.5/5 (7742 reviews) | Expensive / upscale tier",Google Places API (New)
Il Cielo,"9018 Burton Wy, Beverly Hills, CA 90211, USA",Beverly Hills,CA,(310) 276-9990,https://www.ilcielo.com/,,Expensive,4.4,,Traditional Italian cuisine with modern presentations in old-world digs & a romantic courtyard. | Italian Restaurant | Rated 4.4/5 (820 reviews) | Expensive / upscale tier,Google Places API (New)
Bavel,"500 Mateo St #102, Los Angeles, CA 90013, USA",Los Angeles,CA,(213) 232-4966,https://baveldtla.com/,info@baveldtla.com,Very Expensive,4.6,,"Ori Menashe’s Middle Eastern follow-up to his always-packed Bestia, with a similar downtown vibe serving small plates, meat and fish dishes, plus desserts. | Restaurant | Rated 4.6/5 (1932 reviews) | Very expensive / luxury tier",Google Places API (New)
Nobu Los Angeles,"903 N La Cienega Blvd, Los Angeles, CA 90069, USA",Los Angeles,CA,(310) 657-5711,https://www.noburestaurants.com/losangeles/home/?utm_source=google&utm_medium=Yext,,Very Expensive,4.3,,"Upmarket standard for Peruvian-accented Japanese fare served in a chic, happening setting. | Restaurant | Rated 4.3/5 (1329 reviews) | Very expensive / luxury tier",Google Places API (New)
Catch,"8715 Melrose Ave, West Hollywood, CA 90069, USA",West Hollywood,CA,(323) 347-6060,https://www.catchrestaurants.com/location/catch-la/,CATCHLARESERVATIONS@CATCHHG.COM,Very Expensive,4.1,,"Slick, rooftop space known for celebrity sightings, creative seafood-focused food & cocktails. | Seafood Restaurant | Rated 4.1/5 (3422 reviews) | Very expensive / luxury tier",Google Places API (New)
LA Prime Steakhouse,"404 S Figueroa St, Los Angeles, CA 90071, USA",Los Angeles,CA,(213) 612-4743,https://www.laprimesteakhouse.com/?utm_source=google&utm_medium=Yext,Duc.Newtran@WestinBonaventure.com,Expensive,4.4,,"Prime beef steaks, seafood & panoramic city views on the 35th floor of the Westin Bonaventura Hotel. | Steak House | Rated 4.4/5 (843 reviews) | Expensive / upscale tier",Google Places API (New)
Steak 48,"9680 Wilshire Blvd, Beverly Hills, CA 90212, USA",Beverly Hills,CA,(310) 388-0048,https://www.steak48.com/steakhouses/beverly-hills/?utm_source=google&utm_medium=organic&utm_campaign=gmb,guestservicesbeverlyhills@steak48.com,Very Expensive,4.6,,"High-end steakhouse serving prime cuts, seafood & shellfish in an elegant, modern venue. | Steak House | Rated 4.6/5 (915 reviews) | Very expensive / luxury tier",Google Places API (New)
Water Grill,"544 S Grand Ave, Los Angeles, CA 90071, USA",Los Angeles,CA,(213) 891-0900,https://www.watergrill.com/la,jperaza@kingsseafood.com,Expensive,4.5,,Sophisticated seafood restaurant with extensive raw-bar options & a menu updated daily. | Seafood Restaurant | Rated 4.5/5 (2243 reviews) | Expensive / upscale tier,Google Places API (New)
BOA Steakhouse,"9200 Sunset Blvd, West Hollywood, CA 90069, USA",West Hollywood,CA,(310) 278-2050,https://www.boasteak.com/,,Very Expensive,4.7,,"Sophisticated hot spot featuring upmarket prime beef & seafood dishes amid stylish, sleek decor. | Restaurant | Rated 4.7/5 (3061 reviews) | Very expensive / luxury tier",Google Places API (New)
Vespertine,"3599 Hayden Ave, Culver City, CA 90232, USA",Culver City,CA,(323) 320-4023,https://vespertine.la/,,Very Expensive,4.5,,"Dining as art at this sleek, ultramodern venture from Jordan Kahn (Destroyer, Red Medicine). | Fine Dining Restaurant | Rated 4.5/5 (297 reviews) | Very expensive / luxury tier",Google Places API (New)
The Raymond 1886 - Modern American Cuisine & Craft Cocktails in Pasadena,"1250 S Fair Oaks Ave, Pasadena, CA 91105, USA",Pasadena,CA,(626) 441-3136,https://theraymond1886.com/,info@theraymond.com,Expensive,4.4,,New American restaurant serving refined steaks & seafood in a quaint cottage with a garden patio. | American Restaurant | Rated 4.4/5 (1159 reviews) | Expensive / upscale tier,Google Places API (New)
Bestia,"2121 E 7th Pl, Los Angeles, CA 90021, USA",Los Angeles,CA,(213) 514-5724,http://www.bestiala.com/,,Expensive,4.5,,Trendy Italian restaurant from an acclaimed husband-and-wife team highlights creative seasonal fare. | Italian Restaurant | Rated 4.5/5 (4057 reviews) | Expensive / upscale tier,Google Places API (New)
Manuela,"907 E 3rd St, Los Angeles, CA 90013, USA",Los Angeles,CA,(323) 849-0480,https://manuela-la.com/?utm_source=google&utm_medium=organic&utm_campaign=gbp,info@manuela-la.com,Expensive,4.5,,"Casual eatery for seasonal menus, cocktails & housegrown ingredients in a rustic-chic arts complex. | American Restaurant | Rated 4.5/5 (1522 reviews) | Expensive / upscale tier",Google Places API (New)
Nick + Stef's Steakhouse,"330 S Hope St, Los Angeles, CA 90071, USA",Los Angeles,CA,(213) 680-0330,https://www.nickandstefs.com/,,Very Expensive,4.5,,"Luxe steakhouse known for its premium, dry-aged beef & Caesar salad, plus its outdoor terrace. | Steak House | Rated 4.5/5 (1147 reviews) | Very expensive / luxury tier",Google Places API (New)
The Penthouse at Mastro's,"246 N Canon Dr Floor 3, Beverly Hills, CA 90210, USA",Beverly Hills,CA,(310) 888-8782,https://www.mastrosrestaurants.com/location/beverly-hills-penthouse/,,Very Expensive,4.5,,Snazzy chophouse serves decadent plates & drinks to glamorous crowds in a plush supper-club setting. | Fine Dining Restaurant | Rated 4.5/5 (2883 reviews) | Very expensive / luxury tier,Google Places API (New)
Mastro's Ocean Club,"1200 S Figueroa St, Los Angeles, CA 90015, USA",Los Angeles,CA,(213) 204-6842,https://www.mastrosrestaurants.com/,,Very Expensive,4.1,,Fine Dining Restaurant | Rated 4.1/5 (442 reviews) | Very expensive / luxury tier,Google Places API (New)
Gwen,"6600 Sunset Blvd, Los Angeles, CA 90028, USA",Los Angeles,CA,(323) 946-7500,http://gwenla.com/,Carina@gwenla.com,Very Expensive,4.3,,Fine Dining Restaurant | Rated 4.3/5 (679 reviews) | Very expensive / luxury tier,Google Places API (New)
Drago Centro,"525 Flower St, Los Angeles, CA 90071, USA",Los Angeles,CA,(213) 228-8998,https://dragocentro.com/,,Expensive,4.4,,Innovative takes on classic Italian recipes are offered in an elegant space with outdoor seating. | Italian Restaurant | Rated 4.4/5 (793 reviews) | Expensive / upscale tier,Google Places API (New)
Kali Steak,"5722 Melrose Ave, Los Angeles, CA 90038, USA",Los Angeles,CA,(323) 871-4160,http://www.kalirestaurant.com/,info@kalirestaurant.com,Expensive,4.4,,"Minimalist & chic space for seasonal & contemporary California cuisine, plus eclectic wines. | Steak House | Rated 4.4/5 (468 reviews) | Expensive / upscale tier",Google Places API (New)
Cavatina,"1200 Alta Loma Rd, West Hollywood, CA 90069, USA",West Hollywood,CA,(310) 358-3759,https://sunsetmarquis.com/cavatina-restaurant/,info@sunsetmarquis.com,Expensive,4.5,,Fine-dining destination in the Sunset Marquis with a seasonal Californian menu & gardenlike setting. | Restaurant | Rated 4.5/5 (224 reviews) | Expensive / upscale tier,Google Places API (New)
Locanda Veneta,"8638 W 3rd St, Los Angeles, CA 90048, USA",Los Angeles,CA,(310) 274-1893,http://www.locandaveneta.net/,andre@locandaveneta.net,Expensive,4.8,,Charming white-tablecloth Italian restaurant specializing in Venetian foods like risotto & calamari. | Italian Restaurant | Rated 4.8/5 (323 reviews) | Expensive / upscale tier,Google Places API (New)
Dal Rae Restaurant,"9023 Washington Blvd, Pico Rivera, CA 90660, USA",Pico Rivera,CA,(562) 949-2444,https://www.dalrae.com/,,Expensive,4.7,,Local icon serving upscale steakhouse fare in a wood-paneled setting evoking a swanky retro vibe. | American Restaurant | Rated 4.7/5 (2528 reviews) | Expensive / upscale tier,Google Places API (New)
Tar & Roses,"602 Santa Monica Blvd, Santa Monica, CA 90401, USA",Santa Monica,CA,(310) 587-0700,https://www.tarandroses.com/,,Expensive,4.7,,"Moodily lit, buzzy spot with seasonal American small & large plates, plus an ample wine & beer list. | Californian Restaurant | Rated 4.7/5 (1110 reviews) | Expensive / upscale tier",Google Places API (New)
Osteria Mozza,"6602 Melrose Ave, Los Angeles, CA 90038, USA",Los Angeles,CA,(323) 297-0100,http://www.osteriamozza.com/,info@osteriamozza.com,Expensive,4.4,,Lauded upscale Italian cuisine from chef Nancy Silverton in a bustling atmosphere. | Italian Restaurant | Rated 4.4/5 (1828 reviews) | Expensive / upscale tier,Google Places API (New)
STK Steakhouse,"1100 Glendon Ave, Los Angeles, CA 90024, USA",Los Angeles,CA,(310) 659-3535,https://stksteakhouse.com/venues/los-angeles/,info@togrp.com,Very Expensive,4.6,,"Branch of a boisterous steakhouse chain with a loungelike vibe, celebrity sightings & DJs. | Steak House | Rated 4.6/5 (3282 reviews) | Very expensive / luxury tier",Google Places API (New)
Chateau Marmont,"8221 Sunset Blvd, Los Angeles, CA 90046, USA",Los Angeles,CA,(323) 656-1010,https://www.chateaumarmont.com/,concierge@chateaumarmont.com,Very Expensive,4.4,,"Lodging with Old Hollywood glamour, plus a pool, an intimate restaurant & an elegant cocktail bar. | Hotel | Rated 4.4/5 (1397 reviews) | Very expensive / luxury tier",Google Places API (New)
Vespaio,"225 S Grand Ave #504, Los Angeles, CA 90012, USA",Los Angeles,CA,(213) 971-4474,https://www.vespaiodtla.com/,vespaiodtla@gmail.com,Expensive,4.2,,"Swanky, nautically themed spot serving Cal-Italian eats in an expansive space with patio seating. | Italian Restaurant | Rated 4.2/5 (752 reviews) | Expensive / upscale tier",Google Places API (New)
TAO,"6421 Selma Ave, Los Angeles, CA 90028, USA",Los Angeles,CA,(323) 593-7888,http://taolosangeles.com/,taolainfo@taogroup.com,Expensive,4.4,,This enormous Pan-Asian restaurant is known for a giant Quan Yin statue & trendy crowd. | Asian Restaurant | Rated 4.4/5 (1987 reviews) | Expensive / upscale tier,Google Places API (New)
Jar,"8225 Beverly Blvd, Los Angeles, CA 90048, USA",Los Angeles,CA,(323) 655-6566,http://www.thejar.com/,info@thejar.com,Expensive,4.4,,"Upscale, retro-modern option for American comfort food, including pot roast & pudding. | American Restaurant | Rated 4.4/5 (343 reviews) | Expensive / upscale tier",Google Places API (New)
Crustacean Beverly Hills,"468 N Bedford Dr, Beverly Hills, CA 90210, USA",Beverly Hills,CA,(310) 205-8990,https://crustaceanbh.com/,,Expensive,4.4,,Renowned fish & creative Vietnamese fare dished up in chic digs with an attention-getting aquarium. | Brunch Restaurant | Rated 4.4/5 (1123 reviews) | Expensive / upscale tier,Google Places API (New)
n/naka,"3455 Overland Ave, Los Angeles, CA 90034, USA",Los Angeles,CA,(310) 836-6252,https://n-naka.com/,info@n-naka.com,Very Expensive,4.9,,Upscale Japanese tasting menus prepared by chef Niki Nakayama & served in a modern setting. | Japanese Restaurant | Rated 4.9/5 (534 reviews) | Very expensive / luxury tier,Google Places API (New)
Ocean Prime,"9595 Wilshire Blvd, Beverly Hills, CA 90212, USA",Beverly Hills,CA,(310) 859-4818,https://www.ocean-prime.com/locations/beverly-hills,,Expensive,4.5,,"Upscale chain known for its sophisticated decor, long wine list & classic steak & seafood menu. | Seafood Restaurant | Rated 4.5/5 (1394 reviews) | Expensive / upscale tier",Google Places API (New)
Bourbon Steak by Michael Mina,"237 S Brand Blvd, Glendale, CA 91210, USA",Glendale,CA,(818) 839-4130,https://www.bourbonsteak.com/location/los-angeles/,,Expensive,4.6,,Stylish steakhouse pairing organic meats with an extensive wine list & cocktails in a modern space. | Steak House | Rated 4.6/5 (765 reviews) | Expensive / upscale tier,Google Places API (New)
Parkway Grill,"510 S Arroyo Pkwy, Pasadena, CA 91105, USA",Pasadena,CA,(626) 795-1001,http://www.theparkwaygrill.com/,,Expensive,4.5,,"Upscale spot serving Californian cuisine in an art-filled, elegant setting since 1984. | Fine Dining Restaurant | Rated 4.5/5 (811 reviews) | Expensive / upscale tier",Google Places API (New)
Musso & Frank Grill,"6667 Hollywood Blvd, Hollywood, CA 90028, USA",Hollywood,CA,(323) 467-7788,http://www.mussoandfrank.com/,,Expensive,4.6,,Waiters serve classic American fare & martinis to diners in red booths at Hollywood's oldest eatery. | American Restaurant | Rated 4.6/5 (3856 reviews) | Expensive / upscale tier,Google Places API (New)
Yardbird,"8500 Beverly Blvd Ste 112, Los Angeles, CA 90048, USA",Los Angeles,CA,(323) 250-8034,https://www.runchickenrun.com/location-page-los-angeles/,,Expensive,4.3,,"Traditional Southern eatery for themed decor, chicken & waffles, grits & more, plus craft cocktails. | Restaurant | Rated 4.3/5 (1090 reviews) | Expensive / upscale tier",Google Places API (New)
Crossroads Kitchen,"8284 Melrose Ave, Los Angeles, CA 90046, USA",Los Angeles,CA,(323) 782-9245,http://www.crossroadskitchen.com/,,Expensive,4.6,,Upscale eatery provides an elegant backdrop for refined vegan dishes paired with wines & cocktails. | Vegan Restaurant | Rated 4.6/5 (2276 reviews) | Expensive / upscale tier,Google Places API (New)
The Henry,"120 N Robertson Blvd, Los Angeles, CA 90048, USA",Los Angeles,CA,(424) 204-1595,https://www.thehenryrestaurant.com/locations/the-henry-west-hollywood/?utm_source=Google&utm_medium=Organic&utm_campaign=Maps,,Expensive,4.5,,"Neighborhood eatery and bar with all-day New American food, plus brunch and cocktails. | American Restaurant | Rated 4.5/5 (1063 reviews) | Expensive / upscale tier",Google Places API (New)
West Restaurant & Lounge,"170 N Church Ln, Los Angeles, CA 90049, USA",Los Angeles,CA,(310) 481-7878,http://www.westrestaurantla.com/,WestHosts@HotelAngeleno.com,Expensive,4.3,,This upscale Italian-American steakhouse with superb city & beach views offers boutique local wines. | Californian Restaurant | Rated 4.3/5 (376 reviews) | Expensive / upscale tier,Google Places API (New)
VERSE LA,"4212 Lankershim Blvd, Toluca Lake, CA 91602, USA",Toluca Lake,CA,(818) 747-2135,https://www.verse.la/,reservations@verse.la,Expensive,4.6,,Fine dining supper club-style venture with elaborate wine & cocktail list in a posh setting. | Restaurant | Rated 4.6/5 (427 reviews) | Expensive / upscale tier,Google Places API (New)
Hatchet Hall,"12517 Washington Blvd, Los Angeles, CA 90066, USA",Los Angeles,CA,(310) 391-4222,http://www.hatchethallla.com/,info@hatchethallla.com,Expensive,4.4,,"Stylish, lodgelike spot with taxidermied animals, a hidden spirits bar & hearty meat-centric menu. | American Restaurant | Rated 4.4/5 (1328 reviews) | Expensive / upscale tier",Google Places API (New)
Takami Sushi & Robata Restaurant,"811 Wilshire Blvd 21st Floor, Suite 2100, Los Angeles, CA 90017, USA",Los Angeles,CA,(213) 236-9600,http://www.takamisushi.com/,takamirestaurant@gmail.com,Expensive,4.4,,"Elegant rooftop setting for Japanese sushi & grilled entrees, with panoramic views of Downtown. | Japanese Restaurant | Rated 4.4/5 (1118 reviews) | Expensive / upscale tier",Google Places API (New)
Ysabel,"945 N Fairfax Ave, West Hollywood, CA 90046, USA",West Hollywood,CA,(323) 366-2940,http://ysabel.la/,info@ysabelwesthollywood.com,Expensive,4.2,,Contemporary American fare & mixology-focused cocktails in a midcentury-modern space with a patio. | American Restaurant | Rated 4.2/5 (1517 reviews) | Expensive / upscale tier,Google Places API (New)
Mirate,"1712 N Vermont Ave, Los Angeles, CA 90027, USA",Los Angeles,CA,(323) 649-7937,https://www.mirate.la/,hola@mirate.la,Expensive,4.4,,Mexican Restaurant | Rated 4.4/5 (796 reviews) | Expensive / upscale tier,Google Places API (New)
Jean-Georges Beverly Hills,"9850 Wilshire Blvd, Beverly Hills, CA 90210, USA",Beverly Hills,CA,,https://www.waldorfastoriabeverlyhills.com/dining/jean-georges/?SEO_id=GMB--1-R-LAXWAWA-1&y_source=1_MTU0MDUyNjEtNzE1LWxvY2F0aW9uLndlYnNpdGU%3D,,Expensive,4.3,,"Famed French chef Jean-Georges Vongerichten’s Beverly Hills outpost, with a California vibe. | Restaurant | Rated 4.3/5 (151 reviews) | Expensive / upscale tier",Google Places API (New)
Fogo de Chão Brazilian Steakhouse,"800 S Figueroa St, Los Angeles, CA 90017, USA",Los Angeles,CA,(213) 228-4300,https://fogodechao.com/location/los-angeles/,,Expensive,4.6,,Upscale Brazilian chain for all-you-can-eat meat carved tableside plus an extensive salad bar. | Brazilian Restaurant | Rated 4.6/5 (5963 reviews) | Expensive / upscale tier,Google Places API (New)
The Ivy,"113 N Robertson Blvd, Los Angeles, CA 90048, USA",Los Angeles,CA,(310) 274-8303,http://www.theivyrestaurants.com/,info@theivyrestaurants.com,Very Expensive,4.2,,"Upscale Californian cuisine presented in a stylish, buzzy setting known for celeb sightings. | Californian Restaurant | Rated 4.2/5 (2375 reviews) | Very expensive / luxury tier",Google Places API (New)
Taylor's Steak House,"3361 W 8th St, Los Angeles, CA 90005, USA",Los Angeles,CA,(213) 382-8449,https://taylorssteakhouse.com/?publisher=10000000224,,Expensive,4.4,,"Steaks, seafood & cocktails offered in a classy, supper-club setting with a bygone vibe. | Steak House | Rated 4.4/5 (1419 reviews) | Expensive / upscale tier",Google Places API (New)
A.O.C.,"8700 W 3rd St, Los Angeles, CA 90048, USA",Los Angeles,CA,(310) 859-9859,http://aocwinebar.com/,,Expensive,4.4,,Eye-catching eatery with a courtyard furnishes premium Californian-French small plates & fine wines. | Restaurant | Rated 4.4/5 (1047 reviews) | Expensive / upscale tier,Google Places API (New)
Mélisse Restaurant,"1104 Wilshire Blvd, Santa Monica, CA 90401, USA",Santa Monica,CA,(310) 395-0881,http://citrinandmelisse.com/,info@citrinandmelisse.com,Very Expensive,4.5,,"Josiah Citrin's chic French-New American restaurant, known for its season-driven prix fixe menus. | American Restaurant | Rated 4.5/5 (402 reviews) | Very expensive / luxury tier",Google Places API (New)
Citrin Restaurant,"1104 Wilshire Blvd Ste A, Santa Monica, CA 90401, USA",Santa Monica,CA,(310) 395-0881,http://citrinandmelisse.com/,info@citrinandmelisse.com,Expensive,4.1,,Restaurant | Rated 4.1/5 (178 reviews) | Expensive / upscale tier,Google Places API (New)
Petit Trois,"718 Highland Ave, Los Angeles, CA 90038, USA",Los Angeles,CA,(323) 468-8916,http://www.petittrois.com/,,Expensive,4.4,,"Chic spot with Parisian flare offering classic French dishes, plus wine & cocktails. | French Restaurant | Rated 4.4/5 (1098 reviews) | Expensive / upscale tier",Google Places API (New)
Q,"521 W 7th St, Los Angeles, CA 90014, USA",Los Angeles,CA,(213) 225-6285,http://qsushila.com/,info@qsushila.com,Very Expensive,4,,Inviting restaurant serving omakase-only Japanese meals (including sushi) in a brick-walled setting. | Sushi Restaurant | Rated 4/5 (101 reviews) | Very expensive / luxury tier,Google Places API (New)
Il Pastaio,"400 N Canon Dr, Beverly Hills, CA 90210, USA",Beverly Hills,CA,(310) 205-5444,https://www.ilpastaiobeverlyhills.com/,,Expensive,4.4,,"Upscale Italian restaurant owned by renowned chef Giacomino Drago, with a patio & celeb clientele. | Italian Restaurant | Rated 4.4/5 (2745 reviews) | Expensive / upscale tier",Google Places API (New)
The Penthouse,"1111 2nd St, Santa Monica, CA 90403, USA",Santa Monica,CA,(310) 393-8080,https://www.penthouserestaurant.com/,,Expensive,4.4,,"Perched atop Huntley Hotel, this trendy American eatery is famed for cocktails & panoramic views. | Californian Restaurant | Rated 4.4/5 (1010 reviews) | Expensive / upscale tier",Google Places API (New)
KinKan LA,"771 N Virgil Ave, Los Angeles, CA 90029, USA",Los Angeles,CA,(323) 421-3771,http://kinkanla.com/,,Expensive,4.6,,Asian Restaurant | Rated 4.6/5 (89 reviews) | Expensive / upscale tier,Google Places API (New)
Katsuya,"800 W Olympic Blvd STE A175, Los Angeles, CA 90015, USA",Los Angeles,CA,(213) 747-9797,https://www.sbe.com/restaurants/katsuya/lalive/,lasvegaevents@sbe.com,Expensive,4.2,,"Option for acclaimed sushi & upscale cocktails in a fashionable, contemporary setting. | Sushi Restaurant | Rated 4.2/5 (1010 reviews) | Expensive / upscale tier",Google Places API (New)
Koi Los Angeles,"734 N La Cienega Blvd, Los Angeles, CA 90069, USA",Los Angeles,CA,(310) 659-9449,https://www.koirestaurant.com/,,Very Expensive,4.4,,"Elevated Japanese cuisine whipped up in a buzzing space with elegant, Zen-inspired decor. | Asian Fusion Restaurant | Rated 4.4/5 (678 reviews) | Very expensive / luxury tier",Google Places API (New)
Carlitos Gardel Argentine Steakhouse,"7963 Melrose Ave, Los Angeles, CA 90046, USA",Los Angeles,CA,(323) 655-0891,http://www.carlitosgardel.com/,,Expensive,4.6,,Argentinean eatery offering grass-fed steaks & an extensive wine list in a stylish setting. | Steak House | Rated 4.6/5 (742 reviews) | Expensive / upscale tier,Google Places API (New)
CUT Beverly Hills,"9500 Wilshire Blvd, Beverly Hills, CA 90212, USA",Beverly Hills,CA,(310) 276-8500,https://wolfgangpuck.com/restaurants/cut-beverly-hills/?utm_source=google&utm_medium=organicsearch&utm_campaign=tor-bev-fab-mid-seo-na&utm_content=na-na&utm_term=na,,Expensive,4.3,,Steak House | Rated 4.3/5 (466 reviews) | Expensive / upscale tier,Google Places API (New)
The Royce Wood Fired Steakhouse,"1401 S Oak Knoll Ave, Pasadena, CA 91106, USA",Pasadena,CA,(626) 568-3900,https://www.langhamhotels.com/en/the-langham/los-angeles/dine/the-royce/,tllax.dining@langhamhotels.com,Very Expensive,4.6,,Elegant high-end steakhouse in The Langham Hotel with a white loungelike setting & a garden view. | Steak House | Rated 4.6/5 (253 reviews) | Very expensive / luxury tier,Google Places API (New)
ABSteak by Chef Akira Back,"8500 Beverly Blvd 111 level 1, Los Angeles, CA 90048, USA",Los Angeles,CA,(424) 286-9900,https://absteakla.com/,info@absteakla.com,Expensive,4.5,,Sleek destination for top cuts of beef & traditional Korean seafood or vegetable dishes. | Steak House | Rated 4.5/5 (132 reviews) | Expensive / upscale tier,Google Places API (New)
M Grill Brazilian Churrascaria,"3832 Wilshire Blvd Ste 202 suite 202, Los Angeles, CA 90010, USA",Los Angeles,CA,(213) 772-6384,https://m-grill.com/,,Expensive,4.5,,"Brazilian steakhouse offering all-you-can-eat grilled meats, plus a salad bar with hot & cold items. | Brazilian Restaurant | Rated 4.5/5 (1605 reviews) | Expensive / upscale tier",Google Places API (New)
Fleming’s Prime Steakhouse & Wine Bar,"6373 Topanga Canyon Blvd, Woodland Hills, CA 91367, USA",Woodland Hills,CA,(818) 346-1005,https://www.flemingssteakhouse.com/Locations/CA/Woodland-Hills?y_source=1_MTU1MDMxODgtNzE1LWxvY2F0aW9uLndlYnNpdGU%3D,,Very Expensive,4.5,,High-end steakhouse chain with aged prime beef & classics such as lobster tails. | Steak House | Rated 4.5/5 (1173 reviews) | Very expensive / luxury tier,Google Places API (New)
Lawry's The Prime Rib,"100 N La Cienega Blvd, Beverly Hills, CA 90211, USA",Beverly Hills,CA,(310) 652-2827,https://www.lawrysonline.com/lawrys-the-prime-rib-beverly-hills/,,Very Expensive,4.5,,Outpost of a classic beef & seafood fine-dining chain with tableside carving in a formal setting. | Steak House | Rated 4.5/5 (4620 reviews) | Very expensive / luxury tier,Google Places API (New)
Arroyo Chop House,"536 S Arroyo Pkwy, Pasadena, CA 91105, USA",Pasadena,CA,(626) 577-7463,http://www.arroyochophouse.com/,,Very Expensive,4.6,,"Upscale steakhouse serving classic American cuts plus seafood, wine & cocktails in a luxe setting. | Steak House | Rated 4.6/5 (1070 reviews) | Very expensive / luxury tier",Google Places API (New)
Avra Beverly Hills,"233 N Beverly Dr, Beverly Hills, CA 90210, USA",Beverly Hills,CA,(310) 734-0841,http://theavragroup.com/,,Very Expensive,4.5,,Seafood Restaurant | Rated 4.5/5 (2178 reviews) | Very expensive / luxury tier,Google Places API (New)
Novikov Beverly Hills,"257 N Canon Dr, Beverly Hills, CA 90210, USA",Beverly Hills,CA,(310) 300-0090,https://www.novikovbeverly.com/,,Very Expensive,4.4,,Restaurant | Rated 4.4/5 (791 reviews) | Very expensive / luxury tier,Google Places API (New)
THE Blvd Restaurant and Lounge,"9500 Wilshire Blvd, Beverly Hills, CA 90212, USA",Beverly Hills,CA,(310) 385-3901,https://www.theblvdrestaurant.com/?utm_source=google&utm_medium=organicsearch&utm_campaign=tor-bev-fab-mid-seo-na&utm_content=na-na&utm_term=na,,Very Expensive,4.4,,"Art deco–style spot at the Beverly Wilshire Hotel, with outside seats & Californian-style cuisine. | Californian Restaurant | Rated 4.4/5 (557 reviews) | Very expensive / luxury tier",Google Places API (New)
Mastro's Steakhouse,"246 N Canon Dr, Beverly Hills, CA 90210, USA",Beverly Hills,CA,(310) 888-8782,https://www.mastrosrestaurants.com/Locations/CA/Beverly-Hills-Steakhouse/,,Very Expensive,4.2,,Fine Dining Restaurant | Rated 4.2/5 (81 reviews) | Very expensive / luxury tier,Google Places API (New)
Viviane,"Avalon Hotel, 9400 W Olympic Blvd, Beverly Hills, CA 90212, USA",Beverly Hills,CA,(818) 533-9833,https://www.avalon-hotel.com/beverly-hills/viviane/,avalon@avalonbeverlyhills.com,Expensive,4.5,,Kelly Wearstler–designed eatery in the Avalon Hotel cooking continental fare with French techniques. | Restaurant | Rated 4.5/5 (205 reviews) | Expensive / upscale tier,Google Places API (New)
The Grill on the Alley,"9560 Dayton Wy, Beverly Hills, CA 90210, USA",Beverly Hills,CA,(310) 276-0615,https://thegrillonthealley.com/beverly-hills/,,Very Expensive,4.6,,Traditional American go-to for power lunches with a diverse menu including steaks & seafood. | Restaurant | Rated 4.6/5 (544 reviews) | Very expensive / luxury tier,Google Places API (New)
La Dolce Vita,"9785 S Santa Monica Blvd, Beverly Hills, CA 90210, USA",Beverly Hills,CA,(310) 278-1845,http://ladolcevitabeverlyhills.com/,info@ladolcevitabeverlyhills.com,Expensive,4.3,,Chic restaurant & cocktail bar for Italian dishes. | Italian Restaurant | Rated 4.3/5 (236 reviews) | Expensive / upscale tier,Google Places API (New)
Wally's Beverly Hills,"447 N Canon Dr, Beverly Hills, CA 90210, USA",Beverly Hills,CA,(310) 475-3540,https://www.wallywine.com/locations,giftbaskets@wallywine.com,Expensive,4.2,,This combination gourmet wine & cheese bar plus shop stocks bottles & accoutrements. | Restaurant | Rated 4.2/5 (1422 reviews) | Expensive / upscale tier,Google Places API (New)
Tagine Beverly Hills,"132 N Robertson Blvd, Beverly Hills, CA 90211, USA",Beverly Hills,CA,(310) 360-7535,http://www.taginebeverlyhills.com/,,Expensive,4.6,,Innovative Moroccan cuisine served in a cozy & romantic setting co-owned by actor Ryan Gosling. | Moroccan Restaurant | Rated 4.6/5 (321 reviews) | Expensive / upscale tier,Google Places API (New)
Piccolo Paradiso,"150 S Beverly Dr, Beverly Hills, CA 90212, USA",Beverly Hills,CA,(310) 271-0030,http://piccoloparadisobeverlyhills.com/,piccolo.paradiso@yahoo.com,Expensive,4.4,,"Italian specialties are served in this vibrant, bustling storefront dining room. | Italian Restaurant | Rated 4.4/5 (385 reviews) | Expensive / upscale tier",Google Places API (New)
Polo Lounge,"9641 Sunset Blvd, Beverly Hills, CA 90210, USA",Beverly Hills,CA,(310) 887-2777,https://www.dorchestercollection.com/los-angeles/the-beverly-hills-hotel/dining/polo-lounge?utm_source=google&utm_medium=bhh_local_profile&utm_campaign=polo_lounge&utm_content=beverly_hills_dining,,Very Expensive,4.4,,"Set in a hip hotel, this art deco eatery offers refined Californian cuisine & a Sunday jazz brunch. | Restaurant | Rated 4.4/5 (853 reviews) | Very expensive / luxury tier",Google Places API (New)
South Beverly Grill,"122 S Beverly Dr, Beverly Hills, CA 90212, USA",Beverly Hills,CA,(310) 550-0242,http://www.southbeverlygrill.com/,,Expensive,4.6,,Swanky yet welcoming wood-&-brick dining room offering American comfort fare & creative cocktails. | American Restaurant | Rated 4.6/5 (890 reviews) | Expensive / upscale tier,Google Places API (New)
Cecconi's West Hollywood,"8764 Melrose Ave, West Hollywood, CA 90069, USA",West Hollywood,CA,(310) 432-2000,https://www.cecconiswesthollywood.com/?utm_source=google&utm_medium=organic&utm_campaign=googlemybusiness,,Expensive,4.4,,"An elegant, chic, retro Roman setting with outdoor seating for Venetian-style Italian cuisine. | Restaurant | Rated 4.4/5 (1561 reviews) | Expensive / upscale tier",Google Places API (New)
Fogo de Chão Brazilian Steakhouse,"133 N La Cienega Blvd, Beverly Hills, CA 90211, USA",Beverly Hills,CA,(310) 289-7755,https://fogodechao.com/location/beverly-hills/,,Expensive,4.6,,Upscale Brazilian chain for all-you-can-eat meat carved tableside plus an extensive salad bar. | Brazilian Restaurant | Rated 4.6/5 (6560 reviews) | Expensive / upscale tier,Google Places API (New)
Mariposa,"9700 Wilshire Blvd, Beverly Hills, CA 90212, USA",Beverly Hills,CA,(310) 975-4350,https://stores.neimanmarcus.com/restaurants/Beverly%20Hills/CA/1010-R-2/Mariposa?storeId=10/LA,,Expensive,4.5,,"Set in Neiman Marcus & adorned with Calder tapestries, this high-end spot serves varied fare & wine. | Restaurant | Rated 4.5/5 (29 reviews) | Expensive / upscale tier",Google Places API (New)
Spice Affair Indian Restaurant,"50 N La Cienega Blvd #120, Beverly Hills, CA 90211, USA",Beverly Hills,CA,(310) 400-6800,http://www.spice-affair.com/,,Expensive,4.3,,Posh dining room & lounge serving modern takes on classic Indian cuisine in an opulent setting. | Indian Restaurant | Rated 4.3/5 (1227 reviews) | Expensive / upscale tier,Google Places API (New)
Nerano,"9960 S Santa Monica Blvd, Beverly Hills, CA 90212, USA",Beverly Hills,CA,(310) 405-0155,http://neranobh.com/,,Expensive,4.5,,"Modern dining room & sexy upstairs bar for handmade pastas, pizza, seafood & craft cocktails. | Italian Restaurant | Rated 4.5/5 (326 reviews) | Expensive / upscale tier",Google Places API (New)
Via Alloro,"301 N Canon Dr, Beverly Hills, CA 90210, USA",Beverly Hills,CA,(310) 275-2900,http://viaalloro.com/,events@viaalloro.com,Expensive,4.3,,"Stylish, spacious Italian sports bar with wine by the ounce, chic decor, TVs & patio with fountain. | Italian Restaurant | Rated 4.3/5 (947 reviews) | Expensive / upscale tier",Google Places API (New)
CUT Lounge,"9500 Wilshire Blvd, Beverly Hills, CA 90212, USA",Beverly Hills,CA,(310) 276-8500,https://www.fourseasons.com/beverlywilshire/dining/lounges/cut_lounge/?utm_source=google&utm_medium=organicsearch&utm_campaign=tor-bev-fab-mid-seo-na&utm_content=na-na&utm_term=na,,Very Expensive,4.5,,"Swanky bar in the Beverly Wilshire for appetizers, innovative cocktails & celebrity sightings. | Lounge bar | Rated 4.5/5 (80 reviews) | Very expensive / luxury tier",Google Places API (New)
SUR Restaurant and Lounge,"606-614 N Robertson Blvd, West Hollywood, CA 90069, USA",West Hollywood,CA,(310) 289-2824,http://www.surrestaurant.com/,info@surrestaurant.com,Expensive,4.2,,Upscale global cuisine & cocktails are served at this trendy venue with a patio & chic decor. | American Restaurant | Rated 4.2/5 (3741 reviews) | Expensive / upscale tier,Google Places API (New)
Bottega Louie WEHO,"8936 Santa Monica Blvd, West Hollywood, CA 90069, USA",West Hollywood,CA,(213) 802-1470,https://www.bottegalouie.com/,,Expensive,4.4,,"Sleek choice offering Italian fare such as pasta & pizza, plus weekend brunch, macaroons & pastries. | Italian Restaurant | Rated 4.4/5 (1252 reviews) | Expensive / upscale tier",Google Places API (New)
Hinoki & the Bird,"10 W Century Dr, Los Angeles, CA 90067, USA",Los Angeles,CA,(310) 552-1200,http://hinokiandthebird.com/,reservations@culinarylab.com,Expensive,4.3,,"Upscale New American cuisine made with Japanese ingredients & served in smart, serene environs. | American Restaurant | Rated 4.3/5 (519 reviews) | Expensive / upscale tier",Google Places API (New)
Matsuhisa,"129 N La Cienega Blvd, Beverly Hills, CA 90211, USA",Beverly Hills,CA,(310) 659-9639,https://matsuhisabeverlyhills.com/,events@matsuhisabeverlyhills.com,Very Expensive,4.3,,Acclaimed Japanese seafood & tasting menus by chef Nobu Matsuhisa prepared in understated surrounds. | Sushi Restaurant | Rated 4.3/5 (804 reviews) | Very expensive / luxury tier,Google Places API (New)
Tempura Endo,"9777 Santa Monica Blvd, Beverly Hills, CA 90210, USA",Beverly Hills,CA,(310) 708-0224,http://www.beverlyhills-endo.com/,tempuraendo.beverlyhills@gmail.com,Very Expensive,4.4,,Japanese spot with 8-seat bar & small dining room for omakase tasting menus specializing in tempura. | Japanese Restaurant | Rated 4.4/5 (90 reviews) | Very expensive / luxury tier,Google Places API (New)
The Nice Guy,"401 N La Cienega Blvd, Los Angeles, CA 90048, USA",Los Angeles,CA,(310) 360-9500,http://www.theniceguyla.com/,mailt%3Areservations@theniceguyla.com,Expensive,3.9,,Comfy booths & dim lighting set the mood at this classic Italian spot with an old-school feel. | Restaurant | Rated 3.9/5 (764 reviews) | Expensive / upscale tier,Google Places API (New)
LA Gondola,"9025 Wilshire Blvd Ste, Beverly Hills, CA 90211, USA",Beverly Hills,CA,(310) 247-1239,http://lagondola.com/,,Expensive,4.6,,"Swanky kosher restaurant offering a mix of Italian dishes, steaks & sushi, plus Shabbat takeout. | Restaurant | Rated 4.6/5 (652 reviews) | Expensive / upscale tier",Google Places API (New)
La Scala 🇮🇹,"434 N Canon Dr, Beverly Hills, CA 90210, USA",Beverly Hills,CA,(310) 275-0579,https://www.lascalabeverlyhills.com/,office@LaScalaBeverlyHills.com,Expensive,3.9,,"Long-running Italian restaurant known for chopped salad, homemade pastas & famous visitors. | Italian Restaurant | Rated 3.9/5 (524 reviews) | Expensive / upscale tier",Google Places API (New)
The Lounge,"300 S Doheny Dr, Los Angeles, CA 90048, USA",Los Angeles,CA,(310) 273-2222,https://www.fourseasons.com/losangeles/dining/lounges/the_lounge/?utm_source=google&utm_medium=organicsearch&utm_campaign=tor-lax-fab-mid-seo-na&utm_content=na-na&utm_term=na,,Expensive,4.4,,Posh lounge in the Four Seasons serving wine & cocktails in a space with plush seating & a patio. | Lounge bar | Rated 4.4/5 (31 reviews) | Expensive / upscale tier,Google Places API (New)
Petrossian Boutique - West Hollywood,"321 N Robertson Blvd, West Hollywood, CA 90048, USA",West Hollywood,CA,(310) 271-6300,http://www.petrossianrestaurants.com/,,Expensive,4.8,,"Upscale French cafe/market known for its caviar, serving breakfast-to-dinner fare & Sunday brunch. | Clothing Store | Rated 4.8/5 (196 reviews) | Expensive / upscale tier",Google Places API (New)
SUGARFISH by sushi nozawa,"212 N Canon Dr, Beverly Hills, CA 90210, USA",Beverly Hills,CA,(310) 276-6900,http://sugarfishsushi.com/our-locations/beverly-hills,eat@sugarfishsushi.com,Expensive,4.5,,"Sugarfish Beverly Hill's spare, hidden private dining room offers a 20-course Japanese tasting menu. | Sushi Restaurant | Rated 4.5/5 (1056 reviews) | Expensive / upscale tier",Google Places API (New)
Beverly Bar - Beverly Hills Restaurant,"434 N Camden Dr, Beverly Hills, CA 90210, USA",Beverly Hills,CA,(310) 464-1532,https://beverlybar.com/,info@beverlybar.com,Expensive,4.7,,Bar | Rated 4.7/5 (296 reviews) | Expensive / upscale tier,Google Places API (New)
andSons Chocolatiers,"9548 Brighton Way, Beverly Hills, CA 90210, USA",Beverly Hills,CA,(310) 276-2776,https://and-sons.com/,shopify-store@and-sons.com,Expensive,4.8,,"Posh sweet shop & cafe featuring modern & classic fine chocolate bonbons, plus outdoor seating. | Dessert Shop | Rated 4.8/5 (632 reviews) | Expensive / upscale tier",Google Places API (New)
FIG RESTAURANT,"101 Wilshire Blvd, Santa Monica, CA 90401, USA",Santa Monica,CA,(310) 319-3111,http://www.figsantamonica.com/?utm_source=google+Maps&utm_medium=seo+maps&utm_campaign=seo+maps,,Expensive,4.4,,Farm-to-table restaurant inside the Fairmont Miramar Hotel with a pewter bar & communal table. | American Restaurant | Rated 4.4/5 (593 reviews) | Expensive / upscale tier,Google Places API (New)
Meat On Ocean,"1501 Ocean Ave, Santa Monica, CA 90401, USA",Santa Monica,CA,(310) 773-3366,http://www.meatonocean.com/,jhan@meatonocean.com,Expensive,4.4,,"Surf & turf steakhouse serving a carnivore’s delight of charcuterie, chops & seafood. | Steak House | Rated 4.4/5 (2651 reviews) | Expensive / upscale tier",Google Places API (New)
BOA Steakhouse,"101 Santa Monica Blvd, Santa Monica, CA 90401, USA",Santa Monica,CA,(310) 899-4466,https://www.boasteak.com/,,Very Expensive,4.7,,Bustling operation serving up innovative Japanese fare & drinks amid modern decor. | Restaurant | Rated 4.7/5 (1749 reviews) | Very expensive / luxury tier,Google Places API (New)
Capo,"1810 Ocean Ave, Santa Monica, CA 90401, USA",Santa Monica,CA,(310) 394-5550,http://www.caporestaurant.com/,caposm1810@gmail.com,Very Expensive,4.4,,"Sophisticated setting for upscale Italian meats, seafood & pasta dishes, plus a vast wine selection. | Italian Restaurant | Rated 4.4/5 (290 reviews) | Very expensive / luxury tier",Google Places API (New)
Rustic Canyon,"1119 Wilshire Blvd, Santa Monica, CA 90401, USA",Santa Monica,CA,(310) 393-7050,http://www.rusticcanyonrestaurant.com/,,Expensive,4.4,,"Upscale, Californian casual small plates & a unique wine list served in a stylish-yet-casual spot. | Californian Restaurant | Rated 4.4/5 (779 reviews) | Expensive / upscale tier",Google Places API (New)
Ivy at the Shore,"1535 Ocean Ave, Santa Monica, CA 90401, USA",Santa Monica,CA,(310) 393-3113,http://www.theivyrestaurants.com/ivy-at-the-shore/,info@theivyrestaurants.com,Expensive,4.3,,Flower-adorned spot frequented by celebrities serving inventive drinks & Californian cuisine. | American Restaurant | Rated 4.3/5 (1111 reviews) | Expensive / upscale tier,Google Places API (New)
Water Grill,"1401 Ocean Ave, Santa Monica, CA 90401, USA",Santa Monica,CA,(424) 340-7679,https://www.watergrill.com/sm,SCastro@kingsseafood.com,Expensive,4.4,,Sophisticated seafood restaurant with extensive raw-bar options & a menu updated daily. | Seafood Restaurant | Rated 4.4/5 (2867 reviews) | Expensive / upscale tier,Google Places API (New)
Mastro's Ocean Club,"18412 Pacific Coast Hwy, Malibu, CA 90265, USA",Malibu,CA,(310) 454-4357,https://www.mastrosrestaurants.com/Locations/CA/Malibu/,,Very Expensive,4.4,,Classic entrees including steaks & seafood star at this sophisticated spot with old-school charm. | Fine Dining Restaurant | Rated 4.4/5 (2396 reviews) | Very expensive / luxury tier,Google Places API (New)
Michael's,"1147 3rd St, Santa Monica, CA 90403, USA",Santa Monica,CA,(310) 451-0843,http://www.michaelssantamonica.com/,,Expensive,4.2,,Longtime classic offers Michael McCarty's upscale Californian cuisine in an art-filled room. | American Restaurant | Rated 4.2/5 (331 reviews) | Expensive / upscale tier,Google Places API (New)
Orto Santa Monica,"502 Santa Monica Blvd, Santa Monica, CA 90401, USA",Santa Monica,CA,(424) 433-8100,http://www.ortosantamonica.com/,ortosantamonica@gmail.com,Expensive,4.5,,Classic & elegant Italian food inspired by California produce. | Italian Restaurant | Rated 4.5/5 (474 reviews) | Expensive / upscale tier,Google Places API (New)
Coast,"1 Pico Blvd, Santa Monica, CA 90405, USA",Santa Monica,CA,(310) 587-1707,https://www.shuttersonthebeach.com/dining/coast,reservations@shuttersonthebeach.com,Expensive,4.2,,"Ocean-view hotel restaurant with a patio serving seafood, regional & Mexican menu items. | Californian Restaurant | Rated 4.2/5 (499 reviews) | Expensive / upscale tier",Google Places API (New)
1 Pico,"1 Pico Blvd, Santa Monica, CA 90405, USA",Santa Monica,CA,(866) 527-6612,https://www.shuttersonthebeach.com/dining/1-pico,mthompson@shuttersonthebeach.com,Expensive,4.4,,"Californian fine dining & brunch in an upscale hotel setting with a fireplace, bar & ocean vistas. | Californian Restaurant | Rated 4.4/5 (270 reviews) | Expensive / upscale tier",Google Places API (New)
The Upper West,"3321 Pico Blvd, Santa Monica, CA 90405, USA",Santa Monica,CA,(310) 586-1111,https://theupperwest.com/,info@theupperwest.com,Expensive,4.6,,"Loftlike hot spot with a patio & happy hours, serving New American grub & market-driven cocktails. | American Restaurant | Rated 4.6/5 (875 reviews) | Expensive / upscale tier",Google Places API (New)
Via Veneto,"3009 Main St, Santa Monica, CA 90405, USA",Santa Monica,CA,(310) 399-1843,http://www.viaveneto.us/,,Expensive,4.4,,"Lively Italian eatery combines organic, locally sourced ingredients in its creative dishes. | Italian Restaurant | Rated 4.4/5 (343 reviews) | Expensive / upscale tier",Google Places API (New)
Locanda Portofino,"1110 Montana Ave, Santa Monica, CA 90403, USA",Santa Monica,CA,(310) 394-2070,http://locandaportofino.com/,,Expensive,4.4,,A fusion of Northern & Southern Italian cuisine featuring local & organic produce. | Italian Restaurant | Rated 4.4/5 (212 reviews) | Expensive / upscale tier,Google Places API (New)
The Lobster,"1602 Ocean Ave, Santa Monica, CA 90401, USA",Santa Monica,CA,(310) 458-9294,http://thelobster.com/,info@thelobster.com,Expensive,4.3,,Veteran restaurant presenting classic seafood such as Maine lobster against a scenic ocean backdrop. | Seafood Restaurant | Rated 4.3/5 (2895 reviews) | Expensive / upscale tier,Google Places API (New)
Cast & Plow,"4375 Admiralty Way, Marina Del Rey, CA 90292, USA",Marina Del Rey,CA,(310) 574-4333,,,Expensive,4.3,,View-filled eatery in the Marina del Rey Ritz-Carlton serving New American fare & more by the water. | American Restaurant | Rated 4.3/5 (385 reviews) | Expensive / upscale tier,Google Places API (New)
Vito Restaurant,"2807 Ocean Park Blvd, Santa Monica, CA 90405, USA",Santa Monica,CA,(310) 450-4999,http://vitorestaurant.com/,info@vitorestaurant.com,Expensive,4.5,,"Upscale, traditional, classic Italian dishes served in old-fashioned digs with tuxedoed waiters. | Italian Restaurant | Rated 4.5/5 (636 reviews) | Expensive / upscale tier",Google Places API (New)
Barrique Venice,"796 Main St, Venice, CA 90291, USA",Venice,CA,(310) 399-9010,https://www.barriquevenice.com/,info@barriquevenice.com,Expensive,4.6,,"High-end Italian spot plating housemade pastas, fish & game in a candlelit old house with a deck. | Italian Restaurant | Rated 4.6/5 (714 reviews) | Expensive / upscale tier",Google Places API (New)
Fogo de Chão Brazilian Steakhouse,"1551 Ocean Ave Ste 105, Santa Monica, CA 90401, USA",Santa Monica,CA,(310) 596-6440,https://fogodechao.com/location/santa-monica/,,Expensive,4.8,,Upscale Brazilian chain for all-you-can-eat meat carved tableside plus an extensive salad bar. | Brazilian Restaurant | Rated 4.8/5 (2472 reviews) | Expensive / upscale tier,Google Places API (New)
The Strand House,"117 Manhattan Beach Blvd, Manhattan Beach, CA 90266, USA",Manhattan Beach,CA,(310) 545-7470,https://www.thestrandhousemb.com/,,Expensive,4.5,,Happening destination for farm-fresh fine dining in a sleek setting with sweeping ocean views. | American Restaurant | Rated 4.5/5 (3042 reviews) | Expensive / upscale tier,Google Places API (New)
Scopa Italian Roots,"2905 Washington Blvd, Venice, CA 90292, USA",Venice,CA,(310) 821-1100,https://www.scopaitalianroots.com/,,Expensive,4.5,,"Roomy brick-walled gastropub dishing up hot & cold antipasti, pastas & other Italian specialties. | Italian Restaurant | Rated 4.5/5 (1456 reviews) | Expensive / upscale tier",Google Places API (New)
Forma Restaurant & Cheese Bar Santa Monica,"1610 Montana Ave, Santa Monica, CA 90403, USA",Santa Monica,CA,(424) 231-2868,http://formarestaurant.com/,formasm@formarestaurant.com,Expensive,4.5,,"Stylish, modern Italian spot featuring updated classics along with a cheese bar & cocktails. | Italian Restaurant | Rated 4.5/5 (1109 reviews) | Expensive / upscale tier",Google Places API (New)
Wally's Santa Monica,"214 Wilshire Blvd, Santa Monica, CA 90401, USA",Santa Monica,CA,(424) 293-5500,https://www.wallywine.com/locations,giftbaskets@wallywine.com,Expensive,4.4,,"Contemporary bistro & gourmet food/wine store, offering cheese, charcuterie & New American entrees. | Restaurant | Rated 4.4/5 (597 reviews) | Expensive / upscale tier",Google Places API (New)
PLANTA Marina Del Rey,"4625 Admiralty Way Ste 104, Marina Del Rey, CA 90292, USA",Marina Del Rey,CA,(310) 362-7730,https://www.plantarestaurants.com/location/planta-cocina-marina-del-rey/,hellomarina@plantahq.com,Expensive,4.6,,Vegan Restaurant | Rated 4.6/5 (1034 reviews) | Expensive / upscale tier,Google Places API (New)
Chart House,"231 Yacht Club Way, Redondo Beach, CA 90277, USA",Redondo Beach,CA,(310) 372-3464,https://www.chart-house.com/location/chart-house-redondo-beach-ca/,,Expensive,4.4,,High-end chain eatery serving seafood & steakhouse fare in a classy setting with views. | Seafood Restaurant | Rated 4.4/5 (1632 reviews) | Expensive / upscale tier,Google Places API (New)
Dear Jane's,"13950 Panay Way, Marina Del Rey, CA 90292, USA",Marina Del Rey,CA,(310) 301-6442,http://dearjanesla.com/,info@dearjanesla.com,Expensive,4,,Restaurant | Rated 4/5 (203 reviews) | Expensive / upscale tier,Google Places API (New)
Charcoal Venice,"425 Washington Blvd, Venice, CA 90292, USA",Venice,CA,(310) 751-6794,https://charcoalvenice.com/,info@charcoalvenice.com,Expensive,4.4,,"Casual grill house for wood-fired meats, seafood & vegetables in a contemporary space with booths. | American Restaurant | Rated 4.4/5 (871 reviews) | Expensive / upscale tier",Google Places API (New)
Shunji Japanese Cuisine,"3003 Ocean Park Blvd, Santa Monica, CA 90405, USA",Santa Monica,CA,,http://www.shunji-ns.com/,info@shunji-ns.com,Very Expensive,4.7,,Omakase is the specialty at chef Shunji Nakao's small but refined eatery with a Californian touch. | Japanese Restaurant | Rated 4.7/5 (201 reviews) | Very expensive / luxury tier,Google Places API (New)
Chinois On Main,"2709 Main St, Santa Monica, CA 90405, USA",Santa Monica,CA,(310) 392-9025,https://wolfgangpuck.com/dining/chinois-santa-monica/,,Expensive,4.4,,"Sophisticated, iconic eatery owned by Wolfgang Puck, specializing in Asian-French fusion cuisine. | Asian Fusion Restaurant | Rated 4.4/5 (288 reviews) | Expensive / upscale tier",Google Places API (New)
Giorgio Baldi,"114 W Channel Rd, Santa Monica, CA 90402, USA",Santa Monica,CA,(310) 573-1660,http://www.giorgio-baldi.com/,,Very Expensive,4.3,,This luxurious family-run Italian spot near the ocean serves seafood & pastas plus a long wine list. | Italian Restaurant | Rated 4.3/5 (449 reviews) | Very expensive / luxury tier,Google Places API (New)
Restaurant at The Getty Center,"1200 Getty Center Dr, Los Angeles, CA 90049, USA",Los Angeles,CA,(310) 440-6810,http://www.getty.edu/visit/center/eat.html,pkoffel@getty.edu,Expensive,4.4,,"Artful, seasonal American dishes & picturesque views in an elegant space adjoining the museum. | American Restaurant | Rated 4.4/5 (809 reviews) | Expensive / upscale tier",Google Places API (New)
SALT Restaurant & Bar,"13534 Bali Way, Marina Del Rey, CA 90292, USA",Marina Del Rey,CA,(424) 289-8223,https://www.saltmdr.com/,,Expensive,4.2,,"Chic restaurant & bar at the Marina del Rey Hotel pool offering seafood, steak & cocktails. | Restaurant | Rated 4.2/5 (1203 reviews) | Expensive / upscale tier",Google Places API (New)
SUGARFISH by sushi nozawa,"1345 2nd St, Santa Monica, CA 90401, USA",Santa Monica,CA,(310) 393-3338,http://sugarfishsushi.com/our-locations/santa-monica,eat@sugarfishsushi.com,Expensive,4.6,,"Celebrated local sushi chain serving traditional rolls & sake in a chic, intimate space. | Sushi Restaurant | Rated 4.6/5 (1600 reviews) | Expensive / upscale tier",Google Places API (New)
The Buffalo Club,"1520 Olympic Blvd, Santa Monica, CA 90404, USA",Santa Monica,CA,(310) 450-8600,http://thebuffaloclub.com/,buffaloclub@gmail.com,Expensive,4,,"Dark, clubby restaurant with a large courtyard serving upscale comfort food & small plates. | American Restaurant | Rated 4/5 (204 reviews) | Expensive / upscale tier",Google Places API (New)
Gladstones Restaurant,"17300 CA-1, Pacific Palisades, CA 90272, USA",Pacific Palisades,CA,(310) 454-3474,http://www.gladstones.com/,hello@gladstones.com,Expensive,4.3,,"Ocean views accompany generous portions of seafood & cocktails, with optional outdoor seating. | Seafood Restaurant | Rated 4.3/5 (2682 reviews) | Expensive / upscale tier",Google Places API (New)
Felix Trattoria,"1023 Abbot Kinney Blvd, Venice, CA 90291, USA",Venice,CA,(424) 387-8622,http://felixla.com/,info@felixla.com,Very Expensive,4.5,,"Evan Funke’s take on traditional Italian cuisine, with pasta made on sight, right before your eyes. | Italian Restaurant | Rated 4.5/5 (1503 reviews) | Very expensive / luxury tier",Google Places API (New)
Lazy Bear,"3416 19th St, San Francisco, CA 94110, USA",San Francisco,CA,(415) 874-9921,http://www.lazybearsf.com/,contact@lazybearsf.com,Very Expensive,4.7,,The revered pop-up gets a permanent setting with this midcentury space serving New American cuisine. | American Restaurant | Rated 4.7/5 (1190 reviews) | Very expensive / luxury tier,Google Places API (New)
Rich Table,"199 Gough St, San Francisco, CA 94102, USA",San Francisco,CA,(415) 355-9085,http://richtablesf.com/,info@rt-bistro.comLooking,Expensive,4.7,,"Californian fare from local ingredients, served in a salvaged-barn-wood space with an open kitchen. | American Restaurant | Rated 4.7/5 (1591 reviews) | Expensive / upscale tier",Google Places API (New)
Sons & Daughters,"2875 18th St, San Francisco, CA 94110, USA",San Francisco,CA,(415) 994-7933,http://www.sonsanddaughterssf.com/,info@sonsanddaughterssf.com,Very Expensive,4.7,,"Cozy spot with open kitchen serving a seasonal tasting menu sourced from local gardens, plus wines. | Fine Dining Restaurant | Rated 4.7/5 (389 reviews) | Very expensive / luxury tier",Google Places API (New)
Boulevard,"1 Mission St, San Francisco, CA 94105, USA",San Francisco,CA,(415) 543-6084,https://www.boulevardrestaurant.com/,events@boulevardrestaurant.com,Very Expensive,4.6,,Refined American fare from renowned chef Nancy Oakes at a chic Embarcadero spot boasting bay views. | American Restaurant | Rated 4.6/5 (1701 reviews) | Very expensive / luxury tier,Google Places API (New)
Gary Danko,"800 North Point St, San Francisco, CA 94109, USA",San Francisco,CA,(415) 749-2060,http://www.garydanko.com/,reservations@garydanko.com,Very Expensive,4.6,,Renowned chef Gary Danko's fixed-price menus of American cuisine in an elegant but unstuffy setting. | Fine Dining Restaurant | Rated 4.6/5 (2138 reviews) | Very expensive / luxury tier,Google Places API (New)
ROOFTOP 25,"25 Lusk St, San Francisco, CA 94107, USA",San Francisco,CA,(415) 495-5875,http://www.25lusk.com/,events@25Lusk.com,Expensive,4.3,,Dim lighting sets the mood at this trendy spot with exposed-wood beams & creative American cuisine. | American Restaurant | Rated 4.3/5 (1117 reviews) | Expensive / upscale tier,Google Places API (New)
Miller & Lux Restaurant,"700 Terry A Francois Blvd, San Francisco, CA 94158, USA",San Francisco,CA,(415) 872-6699,http://www.millerandluxrestaurant.com/,INFO@MILLERANDLUXRESTAURANT.COM,Expensive,4.5,,"Upscale destination with an old-school vibe offering steak & Caesar salad, plus wine & cocktails. | Steak House | Rated 4.5/5 (445 reviews) | Expensive / upscale tier",Google Places API (New)
Birdsong,"1085 Mission St, San Francisco, CA 94103, USA",San Francisco,CA,(415) 369-9161,http://www.birdsongsf.com/,,Very Expensive,4.6,,"Cozy, upscale stop with a chef's tasting menu highlights Pacific Northwest & wood-fire cooking. | American Restaurant | Rated 4.6/5 (470 reviews) | Very expensive / luxury tier",Google Places API (New)
Benu,"22 Hawthorne St, San Francisco, CA 94105, USA",San Francisco,CA,(415) 685-4860,http://www.benusf.com/,,Very Expensive,4.6,,"Minimalist SoMa spot featuring innovative, ultrapricey American cuisine and renowned tasting menu. | Fine Dining Restaurant | Rated 4.6/5 (752 reviews) | Very expensive / luxury tier",Google Places API (New)
The Progress,"1525 Fillmore St, San Francisco, CA 94115, USA",San Francisco,CA,(415) 673-1294,http://www.theprogress-sf.com/,info@theprogress-sf.com,Expensive,4.6,,"New American restaurant from the State Bird Provisions team serving inventive, family-style meals. | Californian Restaurant | Rated 4.6/5 (1324 reviews) | Expensive / upscale tier",Google Places API (New)
Angler,"132 The Embarcadero, San Francisco, CA 94105, USA",San Francisco,CA,(415) 872-9442,https://www.anglerrestaurants.com/,,Very Expensive,4.5,,Upscale seafood restaurant featuring wood fire cooking in a lodge-like setting with bay views. | Restaurant | Rated 4.5/5 (1145 reviews) | Very expensive / luxury tier,Google Places API (New)
Californios,"355 11th St, San Francisco, CA 94103, USA",San Francisco,CA,,https://www.californiossf.com/?utm_source=google&utm_medium=organic&utm_campaign=gbp-website-link,info@californiossf.com,Very Expensive,4.7,,"Mexican restaurant for inventive tasting menus & small-batch wines served in a cozy, luxe interior. | Fine Dining Restaurant | Rated 4.7/5 (560 reviews) | Very expensive / luxury tier",Google Places API (New)
Bouche,"603 Bush St, San Francisco, CA 94108, USA",San Francisco,CA,(415) 956-0396,http://www.bouchesf.com/,,Expensive,4.5,,"Cool, intimate restaurant for small plates of seasonal Californian-French fare, plus unique wines. | French Restaurant | Rated 4.5/5 (732 reviews) | Expensive / upscale tier",Google Places API (New)
Bix,"56 Gold St, San Francisco, CA 94133, USA",San Francisco,CA,(415) 433-6300,http://www.bixrestaurant.com/,info@bixrestaurant.com,Expensive,4.5,,"Supper club with a swanky 1930s ambiance, live jazz & a dining room serving American-French cuisine. | Fine Dining Restaurant | Rated 4.5/5 (1322 reviews) | Expensive / upscale tier",Google Places API (New)
Quince,"470 Pacific Ave, San Francisco, CA 94133, USA",San Francisco,CA,(415) 775-8500,http://www.quincerestaurant.com/,info@quincerestaurant.com,Very Expensive,4.6,,"Celebrated, upscale destination delivering seasonal, locally sourced cuisine & wines. | Fine Dining Restaurant | Rated 4.6/5 (786 reviews) | Very expensive / luxury tier",Google Places API (New)
Seven Hills,"1896 Hyde St, San Francisco, CA 94109, USA",San Francisco,CA,(415) 775-1550,https://sevenhillssf.com/,,Expensive,4.7,,Lively Italian eatery serving farm-to-table Roman fare with an inventive twist in a candlelit space. | Italian Restaurant | Rated 4.7/5 (934 reviews) | Expensive / upscale tier,Google Places API (New)
The Morris,"2501 Mariposa St, San Francisco, CA 94110, USA",San Francisco,CA,(415) 612-8480,http://www.themorris-sf.com/,,Expensive,4.7,,"Cool, relaxed neighborhood staple offering inventive New American dishes & an extensive wine list. | American Restaurant | Rated 4.7/5 (668 reviews) | Expensive / upscale tier",Google Places API (New)
State Bird Provisions,"1529 Fillmore St, San Francisco, CA 94115, USA",San Francisco,CA,(415) 795-1272,http://www.statebirdsf.com/,info@statebirdsf.com,Expensive,4.5,,Urban-rustic storefront setting for a changing menu of American small plates served dim-sum style. | American Restaurant | Rated 4.5/5 (2473 reviews) | Expensive / upscale tier,Google Places API (New)
STK Steakhouse San Francisco,"1 Market St Ste M3, San Francisco, CA 94105, USA",San Francisco,CA,(415) 375-8094,https://stksteakhouse.com/en-us/location/san-francisco/?utm_source=google&utm_medium=organic&utm_campaign=gbp,info@togrp.com,Very Expensive,4.5,,Steak House | Rated 4.5/5 (3718 reviews) | Very expensive / luxury tier,Google Places API (New)
Sorrel,"3228 Sacramento St, San Francisco, CA 94115, USA",San Francisco,CA,(415) 525-3765,http://www.sorrelrestaurant.com/,,Expensive,4.5,,"High-end seasonal Cal-Italian mains, plus wine & low-ABV cocktails, in chic, minimalist surrounds. | Californian Restaurant | Rated 4.5/5 (527 reviews) | Expensive / upscale tier",Google Places API (New)
Acquerello,"NEAR VAN NESS &, 1722 Sacramento St, San Francisco, CA 94109, USA",San Francisco,CA,(415) 567-5432,http://www.acquerellosf.com/,info@AcquerelloSF.com,Very Expensive,4.6,,"High-end Italian cuisine & wines served in a converted chapel with vaulted, wood-beam ceilings. | Italian Restaurant | Rated 4.6/5 (656 reviews) | Very expensive / luxury tier",Google Places API (New)
The Cavalier,"360 Jessie St, San Francisco, CA 94103, USA",San Francisco,CA,(415) 321-6000,https://www.thecavaliersf.com/?y_source=1_MjQ4NzYzNDYtNzE1LWxvY2F0aW9uLndlYnNpdGU=,information@thecavaliersf.com,Expensive,4.4,,Hotel Zetta's British-themed brasserie delivers gastropub bites & colonial cocktails in clubby digs. | British Restaurant | Rated 4.4/5 (1058 reviews) | Expensive / upscale tier,Google Places API (New)
Saison,"178 Townsend St, San Francisco, CA 94107, USA",San Francisco,CA,(415) 828-7990,https://www.saisonsf.com/,,Very Expensive,4.6,,"High-end restaurant serving a menu of wood-fired, seasonal dishes & a robust wine list. | American Restaurant | Rated 4.6/5 (652 reviews) | Very expensive / luxury tier",Google Places API (New)
Atelier Crenn,"3127 Fillmore St, San Francisco, CA 94123, USA",San Francisco,CA,(415) 440-0460,http://www.ateliercrenn.com/,info@ateliercrenn.com,Very Expensive,4.6,,"Refine dishes using sustainable, seasonal ingredients in a fashionable restaurant with global wines. | Restaurant | Rated 4.6/5 (768 reviews) | Very expensive / luxury tier",Google Places API (New)
Waterbar Restaurant,"399 The Embarcadero, San Francisco, CA 94105, USA",San Francisco,CA,(415) 284-9922,https://www.waterbarsf.com/,info@waterbarsf.com,Expensive,4.5,,"Stylish seafood spot with oysters, a horseshoe-shaped bar, and patio with up-close views of Bay Bridge. | Seafood Restaurant | Rated 4.5/5 (4472 reviews) | Expensive / upscale tier",Google Places API (New)
Ernest,"1890 Bryant St Ste 100, San Francisco, CA 94110, USA",San Francisco,CA,(415) 829-2961,https://www.ernestsf.com/,,Expensive,4.5,,"Hip option with an open kitchen preparing local & global dishes & desserts, plus a robust wine list. | Fine Dining Restaurant | Rated 4.5/5 (472 reviews) | Expensive / upscale tier",Google Places API (New)
EPIC Steak,"369 The Embarcadero, San Francisco, CA 94105, USA",San Francisco,CA,(415) 369-9955,https://www.epicsteak.com/,reservations@epicroasthouse.com,Expensive,4.4,,"Embarcadero steakhouse with a deep wine list, views of the Bay & weekday happy hours. | Steak House | Rated 4.4/5 (3021 reviews) | Expensive / upscale tier",Google Places API (New)
Spruce,"3640 Sacramento St, San Francisco, CA 94118, USA",San Francisco,CA,(415) 931-5100,http://www.sprucesf.com/,info@sprucesf.com,Expensive,4.6,,"Posh locale with rotating art serving seasonal, contemporary American fare & handcrafted cocktails. | American Restaurant | Rated 4.6/5 (1753 reviews) | Expensive / upscale tier",Google Places API (New)
Liholiho Yacht Club,"871 Sutter St, San Francisco, CA 94109, USA",San Francisco,CA,,https://lycsf.com/,,Expensive,4.7,,"Buzzy, casual eatery in a brick-walled space with booths. | Asian Restaurant | Rated 4.7/5 (1967 reviews) | Expensive / upscale tier",Google Places API (New)
Kokkari Estiatorio,"200 Jackson St, San Francisco, CA 94111, USA",San Francisco,CA,(415) 981-0983,https://kokkari.com/,,Very Expensive,4.7,,"Taverna-inspired cuisine served in a candlelit, wood-beamed dining room that attracts a chic crowd. | Greek Restaurant | Rated 4.7/5 (3521 reviews) | Very expensive / luxury tier",Google Places API (New)
Octavia,"1701 Octavia St, San Francisco, CA 94109, USA",San Francisco,CA,(415) 408-7507,http://www.octavia-sf.com/,info@octavia-sf.com,Expensive,4.5,,"Elegant New American dishes served in a polished, casual corner restaurant decked in neutral tones. | American Restaurant | Rated 4.5/5 (806 reviews) | Expensive / upscale tier",Google Places API (New)
Nisei,"2316 Polk St, San Francisco, CA 94109, USA",San Francisco,CA,(415) 827-6898,https://www.restaurantnisei.com/?utm_source=google&utm_medium=organic&utm_campaign=gbp-website-link,info@restaurantnisei.com,Very Expensive,4.6,,Fine Dining Restaurant | Rated 4.6/5 (236 reviews) | Very expensive / luxury tier,Google Places API (New)
The View Lounge,"780 Mission St, San Francisco, CA 94103, USA",San Francisco,CA,(415) 896-1600,https://www.marriott.com/en-us/hotels/sfodt-san-francisco-marriott-marquis/dining/?scid=feed67b0-9a2f-4de1-8df6-114544116108,,Expensive,4.4,,Massive arched windows showcase city views at this posh lounge serving cocktails & small plates. | Lounge bar | Rated 4.4/5 (3223 reviews) | Expensive / upscale tier,Google Places API (New)
Cotogna,"490 Pacific Ave, San Francisco, CA 94133, USA",San Francisco,CA,(415) 775-8508,http://cotognasf.com/,info@cotognasf.com,Expensive,4.5,,"Popular eatery serving spit-roasted and grilled meat & fish, wood-fired pizza and house-made pasta. | Italian Restaurant | Rated 4.5/5 (2231 reviews) | Expensive / upscale tier",Google Places API (New)
Foreign Cinema,"2534 Mission St, San Francisco, CA 94110, USA",San Francisco,CA,(415) 648-7600,http://www.foreigncinema.com/,janine@foreigncinema.com,Expensive,4.5,,Crowds eat Californian-Mediterranean fare (& a popular brunch) in an outdoor space screening films. | Californian Restaurant | Rated 4.5/5 (3367 reviews) | Expensive / upscale tier,Google Places API (New)
Frances,"3870 17th St, San Francisco, CA 94114, USA",San Francisco,CA,(415) 621-3870,http://www.frances-sf.com/,info@frances-sf.com,Expensive,4.6,,Compact restaurant with hard-to-get tables serving short menu of market-driven Californian cuisine. | American Restaurant | Rated 4.6/5 (756 reviews) | Expensive / upscale tier,Google Places API (New)
Scoma's Restaurant,"1965 Al Scoma Way, San Francisco, CA 94133, USA",San Francisco,CA,(415) 771-4383,https://scomas.com/,seafood@scomas.com,Expensive,4.6,,Spacious waterfront restaurant serving seafood pulled straight off the boat. | Seafood Restaurant | Rated 4.6/5 (7048 reviews) | Expensive / upscale tier,Google Places API (New)
Lolinda,"2518 Mission St, San Francisco, CA 94110, USA",San Francisco,CA,(415) 550-6970,https://lolindasf.com/,,Expensive,4.6,,"Modern Argentine eatery serving steaks, small plates, cocktails & wine in a vibrant atmosphere. | Restaurant | Rated 4.6/5 (1790 reviews) | Expensive / upscale tier",Google Places API (New)
House of Prime Rib,"1906 Van Ness Ave, San Francisco, CA 94109, USA",San Francisco,CA,(415) 885-4605,http://houseofprimerib.net/,houseofprimerib@aol.com,Expensive,4.6,,"Old-school, English-style restaurant serving acclaimed prime rib & martinis since the 1940s. | British Restaurant | Rated 4.6/5 (7351 reviews) | Expensive / upscale tier",Google Places API (New)
Flour + Water,"2401 Harrison St, San Francisco, CA 94110, USA",San Francisco,CA,(415) 826-7000,http://www.flourandwater.com/,info@flourandwater.com,Expensive,4.5,,"Handcrafted Italian grub, including pasta & wood-fired pizza, served in a casual, rustic space. | Italian Restaurant | Rated 4.5/5 (1904 reviews) | Expensive / upscale tier",Google Places API (New)
Osso Steakhouse,"1177 California St, San Francisco, CA 94108, USA",San Francisco,CA,(415) 771-6776,https://www.ossosteakhouse.com/,info@credosf.com,Very Expensive,4.4,,"Fine-dining restaurant offering premium steaks, plus hand-crafted cocktails & a curated wine list. | Fine Dining Restaurant | Rated 4.4/5 (832 reviews) | Very expensive / luxury tier",Google Places API (New)
Sorella,"1760 Polk St, San Francisco, CA 94109, USA",San Francisco,CA,(415) 359-1212,http://www.sorellasf.com/,info@SorellaSF.com,Expensive,4.5,,"Carefully sourced, ambitious New American cuisine & cocktails in a sleek space with a long bar. | Italian Restaurant | Rated 4.5/5 (305 reviews) | Expensive / upscale tier",Google Places API (New)
Prospect,"300 Spear St, San Francisco, CA 94105, USA",San Francisco,CA,(415) 247-7770,https://prospectsf.com/,info@prospectsf.com,Expensive,4.4,,Chef Nancy Oakes' bustling restaurant & bar serves New American cuisine & cocktails in a posh space. | American Restaurant | Rated 4.4/5 (1018 reviews) | Expensive / upscale tier,Google Places API (New)
Anomaly SF,"2600 Sutter St, San Francisco, CA 94109, USA",San Francisco,CA,(415) 510-9468,http://www.anomalysf.com/,,Very Expensive,4.8,,Fine Dining Restaurant | Rated 4.8/5 (206 reviews) | Very expensive / luxury tier,Google Places API (New)
Campton Place Bar and Bistro,"Taj Campton Place, 340 Stockton St, San Francisco, CA 94108, USA",San Francisco,CA,(415) 955-5555,https://www.tajhotels.com/en-in/hotels/taj-campton-place-san-francisco/restaurants/taj-campton?utm_source=Google&utm_medium=Local&utm_campaign=Taj-campton-place-bar-bistro,,Very Expensive,4.5,,"Upscale dining at the Taj Campton Place, highlighting refined Californian cuisine with Indian notes. | Fine Dining Restaurant | Rated 4.5/5 (289 reviews) | Very expensive / luxury tier",Google Places API (New)
L'Ardoise Bistro,"151 Noe St, San Francisco, CA 94114, USA",San Francisco,CA,(415) 437-2600,http://www.lardoisesf.com/,,Expensive,4.7,,"Neighborhood bistro serving elegant dishes of traditional French cuisine in a warm, intimate space. | Bistro | Rated 4.7/5 (799 reviews) | Expensive / upscale tier",Google Places API (New)
Perbacco,"230 California St, San Francisco, CA 94111, USA",San Francisco,CA,(415) 955-0663,https://www.perbaccosf.com/,,Expensive,4.5,,"Upscale, bi-level restaurant serving a seasonal menu of Piedmont-influenced Italian fare & wines. | Italian Restaurant | Rated 4.5/5 (1039 reviews) | Expensive / upscale tier",Google Places API (New)
ROOH SF,"333 Brannan St #150, San Francisco, CA 94107, USA",San Francisco,CA,(415) 525-4174,https://www.roohrestaurants.com/,,Expensive,4.2,,Michelin Guide-featured Bay Area restaurant serving Indian food with an innovative spin and unique cocktails. | Indian Restaurant | Rated 4.2/5 (1984 reviews) | Expensive / upscale tier,Google Places API (New)
Top of the Mark,"999 California St, San Francisco, CA 94108, USA",San Francisco,CA,(415) 616-6916,https://www.topofthemark.com/,,Very Expensive,4.4,,"Iconic high-end cocktail bar on top of the Mark Hopkins Hotel, with 360-degree views of the city. | Bar | Rated 4.4/5 (1876 reviews) | Very expensive / luxury tier",Google Places API (New)
Frascati,"1901 Hyde St, San Francisco, CA 94109, USA",San Francisco,CA,(415) 928-1406,http://www.frascatisf.com/,,Expensive,4.7,,"Seasonal Californian-Mediterranean cuisine in a cozy, dimly lit 2-floor space with cable car views. | Italian Restaurant | Rated 4.7/5 (426 reviews) | Expensive / upscale tier",Google Places API (New)
McCormick & Kuletos Seafood & Steaks,"900 North Point St, San Francisco, CA 94109, USA",San Francisco,CA,(415) 929-1730,https://www.mccormickandkuletos.com/,,Expensive,4.2,,Expansive waterfront views & daily menus are highlights at this tri-level seafood specialist. | Steak House | Rated 4.2/5 (1998 reviews) | Expensive / upscale tier,Google Places API (New)
Ula Restaurant & Tapas Bar,"450 Post St, San Francisco, CA 94102, USA",San Francisco,CA,(415) 999-4950,https://ulasf.com/,,Expensive,4.2,,"Upscale French bistro with an art deco feel serving seafood-focused fare, cocktails, and desserts. | Tapas Restaurant | Rated 4.2/5 (538 reviews) | Expensive / upscale tier",Google Places API (New)
Villon,"Proper Hotel, 1100 Market St, San Francisco, CA 94102, USA",San Francisco,CA,(628) 895-2039,https://www.properhotel.com/san-francisco/restaurants-bars/villon/,sales@properhotel.com,Expensive,4.3,,"Located at the Proper Hotel, this chic dining room and lounge offers New American cuisine and cocktails. | Restaurant | Rated 4.3/5 (436 reviews) | Expensive / upscale tier",Google Places API (New)
Niku Steakhouse,"61 Division St, San Francisco, CA 94103, USA",San Francisco,CA,(415) 829-7817,https://www.nikusteakhouse.com/,,Very Expensive,4.5,,"Japanese-American menu of house-cut wagyu & local sides by the Omakase Group (Omakase, Dumpling Time). | Steak House | Rated 4.5/5 (865 reviews) | Very expensive / luxury tier",Google Places API (New)
Parallel 37,"600 Stockton St, San Francisco, CA 94108, USA",San Francisco,CA,(415) 296-7465,https://www.ritzcarlton.com/en/hotels/sforz-the-ritz-carlton-san-francisco/dining/?scid=feed67b0-9a2f-4de1-8df6-114544116108,,Very Expensive,4.5,,Elegant New American fine dining plus a chic cocktail lounge in the Ritz-Carlton Hotel. | American Restaurant | Rated 4.5/5 (82 reviews) | Very expensive / luxury tier,Google Places API (New)
Mastro's Steakhouse,"399 Geary St, San Francisco, CA 94102, USA",San Francisco,CA,(415) 363-9539,https://www.mastrosrestaurants.com/location/mastros-steakhouse-san-francisco/,,Very Expensive,4.3,,"White tablecloths and soaring ceilings distinguish this upscale locale with steak, seafood, and sushi. | Fine Dining Restaurant | Rated 4.3/5 (969 reviews) | Very expensive / luxury tier",Google Places API (New)
Prubechu,"2224 Mission St #A, San Francisco, CA 94110, USA",San Francisco,CA,(415) 853-0671,http://www.prubechu.com/,info@prubechu.com,Expensive,4.6,,Modern Chamorro fare from Guam served family-style in spacious digs with natural elements. | Restaurant | Rated 4.6/5 (547 reviews) | Expensive / upscale tier,Google Places API (New)
Absinthe Brasserie & Bar,"398 Hayes St, San Francisco, CA 94102, USA",San Francisco,CA,(415) 551-1590,http://www.absinthe.com/,talk@absinthe.com,Expensive,4.4,,"Upscale, Parisian-style brasserie & bar serving French-Mediterranean cuisine & creative cocktails. | French Restaurant | Rated 4.4/5 (1810 reviews) | Expensive / upscale tier",Google Places API (New)
Roka Akor - San Francisco,"801 Montgomery St, San Francisco, CA 94133, USA",San Francisco,CA,(415) 362-8887,https://rokaakor.com/,,Very Expensive,4.6,,"Upscale Japanese restaurant & bar supplying steak, seafood & sushi in a contemporary setting. | Steak House | Rated 4.6/5 (1427 reviews) | Very expensive / luxury tier",Google Places API (New)
Copra,"1700 Fillmore St, San Francisco, CA 94115, USA",San Francisco,CA,(415) 873-0795,https://www.coprarestaurant.com/,,Expensive,4.3,,Indian Restaurant | Rated 4.3/5 (1097 reviews) | Expensive / upscale tier,Google Places API (New)
Harris' Restaurant - The San Francisco Steakhouse,"2100 Van Ness Ave, San Francisco, CA 94109, USA",San Francisco,CA,(415) 673-1888,http://www.harrisrestaurant.com/,info@harrisrestaurant.com,Very Expensive,4.7,,"Acclaimed dry-aged steaks served in a posh, wood-paneled dining room, plus live jazz in the bar. | Steak House | Rated 4.7/5 (1456 reviews) | Very expensive / luxury tier",Google Places API (New)
The Lounge,"600 Stockton St, San Francisco, CA 94108, USA",San Francisco,CA,,https://www.ritzcarlton.com/en/hotels/sforz-the-ritz-carlton-san-francisco/dining/?scid=feed67b0-9a2f-4de1-8df6-114544116108,,Very Expensive,4.3,,"Chic, modern lounge inside Nob Hill's Ritz-Carlton serving high-end cocktails & small plates. | Restaurant | Rated 4.3/5 (57 reviews) | Very expensive / luxury tier",Google Places API (New)
Barcha Restaurant,"28 Fremont St, San Francisco, CA 94105, USA",San Francisco,CA,(415) 757-0781,http://www.barcha-sf.com/,,Expensive,4.4,,"Modern spot for Mediterranean eats in an upbeat atmosphere, plus happy hour and patio seating. | Mediterranean Restaurant | Rated 4.4/5 (1485 reviews) | Expensive / upscale tier",Google Places API (New)
The Garden Court,"2 New Montgomery St, San Francisco, CA 94105, USA",San Francisco,CA,(415) 546-5089,https://www.marriott.com/en-us/hotels/sfolc-palace-hotel-a-luxury-collection-hotel-san-francisco/dining/?scid=feed67b0-9a2f-4de1-8df6-114544116108,,Expensive,4.2,,The Palace Hotel's historical glass-domed atrium (opened in 1909) is the setting for brunch or tea. | American Restaurant | Rated 4.2/5 (440 reviews) | Expensive / upscale tier,Google Places API (New)
Sens,"4 Embarcadero Ctr Level, San Francisco, CA 94111, USA",San Francisco,CA,(415) 362-0645,http://www.sens-sf.com/,info@sens-sf.com,Expensive,4.3,,2nd-floor bistro offering Mediterranean dining & dramatic views of the Ferry Building & the bay. | Restaurant | Rated 4.3/5 (988 reviews) | Expensive / upscale tier,Google Places API (New)
Alexander's Steakhouse,"165 O'Farrell St 3rd Floor, San Francisco, CA 94102, USA",San Francisco,CA,(415) 495-1111,https://alexanderssteakhouse.com/,,Very Expensive,4.5,,Posh temple to beef that fuses steakhouse classics with Japanese cuisine at very expensive tabs. | Steak House | Rated 4.5/5 (1103 reviews) | Very expensive / luxury tier,Google Places API (New)
Hilda and Jesse,"701 Union St, San Francisco, CA 94133, USA",San Francisco,CA,(415) 872-7023,http://www.hildaandjessesf.com/,greetings@hildaandjessesf.com,Expensive,4,,"Hip venue focusing on creative fixed-price & tasting menus, plus wine, brunch & a la carte options. | Restaurant | Rated 4/5 (558 reviews) | Expensive / upscale tier",Google Places API (New)
Omakase,"665 Townsend St, San Francisco, CA 94103, USA",San Francisco,CA,(415) 865-0633,http://www.omakasesf.com/,info@omakasesf.com,Very Expensive,4.6,,Sleek sushi restaurant with imported Japanese fish & several high-end chef's-choice dinner menus. | Japanese Restaurant | Rated 4.6/5 (461 reviews) | Very expensive / luxury tier,Google Places API (New)
Mister Jiu's,"28 Waverly Pl, San Francisco, CA 94108, USA",San Francisco,CA,(415) 857-9688,https://www.misterjius.com/,reservations@misterjius.com,Expensive,4.3,,High-end Chinese cuisine with a California accent in a restored historic space with high style. | Chinese Restaurant | Rated 4.3/5 (1191 reviews) | Expensive / upscale tier,Google Places API (New)
Nightbird,"330 Gough St, San Francisco, CA 94102, USA",San Francisco,CA,(415) 829-7565,https://www.nightbirdrestaurant.com/,info@nightbirdrestaurant.com,Very Expensive,4.6,,Highbrow Californian tasting menu from an upscale bistro with an adjacent cocktail lounge. | Fine Dining Restaurant | Rated 4.6/5 (276 reviews) | Very expensive / luxury tier,Google Places API (New)
Kin Khao,"55 Cyril Magnin St, San Francisco, CA 94102, USA",San Francisco,CA,(415) 362-7456,http://www.kinkhao.com/,info@kinkhao.com,Expensive,4.2,,"Modern hot spot at the Parc 55 hotel providing ambitious, locally sourced Thai dishes and cocktails. | Thai Restaurant | Rated 4.2/5 (2160 reviews) | Expensive / upscale tier",Google Places API (New)
SPQR,"1911 Fillmore St, San Francisco, CA 94115, USA",San Francisco,CA,(415) 771-7779,https://www.spqrsf.com/,info@spqrsf.com,Very Expensive,4.3,,Italian entrees & tasting menus made with local ingredients & a vast wine list served in cozy digs. | Italian Restaurant | Rated 4.3/5 (799 reviews) | Very expensive / luxury tier,Google Places API (New)
Ju-Ni,"1335 Fulton St Unit 101, San Francisco, CA 94117, USA",San Francisco,CA,(415) 655-9924,http://www.junisf.com/,seats@junisf.com,Very Expensive,4.7,,"Contemporary, upscale bistro with clean lines &  counter seats serving elevated omakase sushi. | Sushi Restaurant | Rated 4.7/5 (514 reviews) | Very expensive / luxury tier",Google Places API (New)
Heirloom Café,"2500 Folsom St, San Francisco, CA 94110, USA",San Francisco,CA,(415) 821-2500,https://heirloom-sf.com/,stephen@heirloom-sf.com,Expensive,4.6,,A standout wine list pairs with Californian-Mediterranean fare at this bistro with a convivial vibe. | Californian Restaurant | Rated 4.6/5 (423 reviews) | Expensive / upscale tier,Google Places API (New)
La Mar Cocina Peruana San Francisco,"PIER 1 1/2 The Embarcadero N, San Francisco, CA 94111, USA",San Francisco,CA,(415) 397-8880,https://lamarcebicheria.com/san-francisco/,,Expensive,4.5,,"Celeb chef Gastón Acurio serves Peruvian seafood in a large, partially outdoor space on the pier. | Peruvian Restaurant | Rated 4.5/5 (4926 reviews) | Expensive / upscale tier",Google Places API (New)
3rd Cousin,"919 Cortland Ave, San Francisco, CA 94110, USA",San Francisco,CA,(415) 814-3709,https://www.3rdcousinsf.com/?utm_source=google&utm_medium=organic&utm_campaign=gbp-website-link,,Expensive,4.4,,"Stylish, elevated neighborhood gathering spot serving Californian & New American mains for dinner. | Restaurant | Rated 4.4/5 (428 reviews) | Expensive / upscale tier",Google Places API (New)
Bar Crenn,"3131 Fillmore St, San Francisco, CA 94123, USA",San Francisco,CA,(415) 440-0460,https://www.barcrenn.com/,info@barcrenn.com,Very Expensive,4.6,,"Intimate, elegant space inspired by a Japanese listening bar serving craft cocktails. | Bar | Rated 4.6/5 (244 reviews) | Very expensive / luxury tier",Google Places API (New)
Penny Roma,"3000 20th St, San Francisco, CA 94110, USA",San Francisco,CA,(415) 826-7004,http://www.pennyroma.com/,info@pennyroma.com,Expensive,4.4,,Italian fare made with local ingredients & modern techniques in a lively setting with a patio. | Italian Restaurant | Rated 4.4/5 (895 reviews) | Expensive / upscale tier,Google Places API (New)
1601 Bar & Kitchen,"1601 Howard St, San Francisco, CA 94103, USA",San Francisco,CA,(415) 552-1601,http://www.1601sf.com/,info@1601sf.com,Expensive,4.6,,"Sri Lankan flavors & French culinary techniques define the menu at this upscale, minimalist spot. | Sri Lankan Restaurant | Rated 4.6/5 (204 reviews) | Expensive / upscale tier",Google Places API (New)
Morton's The Steakhouse,"400 Post St Lower Level, San Francisco, CA 94102, USA",San Francisco,CA,(415) 986-5830,https://www.mortons.com/location/mortons-the-steakhouse-san-francisco-ca/,,Very Expensive,4.2,,"Upscale chain for aged prime beef, seafood & other traditional steakhouse fare in a clubby space. | Restaurant | Rated 4.2/5 (2084 reviews) | Very expensive / luxury tier",Google Places API (New)
John's Grill,"63 Ellis St, San Francisco, CA 94102, USA",San Francisco,CA,(415) 986-0069,https://www.johnsgrill.com/?utm_source=google&utm_medium=organic&utm_campaign=gbp-website-link,jkonstin@msn.com,Expensive,4.4,,"Old-school, wood-paneled space with photos of famous past patrons, offering steaks and seafood. | Restaurant | Rated 4.4/5 (4812 reviews) | Expensive / upscale tier",Google Places API (New)
Bourbon Steak Restaurant,"335 Powell St, San Francisco, CA 94102, USA",San Francisco,CA,(415) 770-0291,https://www.bourbonsteak.com/location/san-francisco/,,Very Expensive,4.3,,"Michael Mina-owned upscale steakhouse boasting prime cuts, classic cocktails & a separate lounge. | American Restaurant | Rated 4.3/5 (168 reviews) | Very expensive / luxury tier",Google Places API (New)
Bobo's,"1450 Lombard St, San Francisco, CA 94123, USA",San Francisco,CA,(415) 441-8880,https://www.bobossf.com/,kaimalowany@getbento.com,Expensive,4.3,,"Dry-aged steaks & Dungeness crabs headline the lineup at this cozy, masquerade-themed spot. | Steak House | Rated 4.3/5 (819 reviews) | Expensive / upscale tier",Google Places API (New)
Izzy's Steaks & Chops,"3345 Steiner St, San Francisco, CA 94123, USA",San Francisco,CA,(415) 563-0487,https://www.izzyssanfrancisco.com/,,Expensive,4.3,,Old-school joint serving generous helpings of classic carnivore-friendly options. | Steak House | Rated 4.3/5 (866 reviews) | Expensive / upscale tier,Google Places API (New)
Fogo de Chão Brazilian Steakhouse,"201 3rd St Ste 100, San Francisco, CA 94103, USA",San Francisco,CA,(415) 427-0004,https://fogodechao.com/location/san-francisco/,,Expensive,4.7,,Upscale Brazilian chain for all-you-can-eat meat carved tableside plus an extensive salad bar. | Brazilian Restaurant | Rated 4.7/5 (12381 reviews) | Expensive / upscale tier,Google Places API (New)
Hillstone,"1800 Montgomery St, San Francisco, CA 94111, USA",San Francisco,CA,(415) 392-9280,https://hillstonerestaurant.com/locations/sanfrancisco/,,Expensive,4.4,,"Upscale chain eatery serving burgers, steaks & other American fare in stylish, spacious surrounds. | American Restaurant | Rated 4.4/5 (2206 reviews) | Expensive / upscale tier",Google Places API (New)
Tadich Grill,"240 California St, San Francisco, CA 94111, USA",San Francisco,CA,(415) 391-1849,http://www.tadichgrillsf.com/,info@tadichgrillsf.com,Expensive,4.5,,Institution for fresh fish and classic cocktails with an old-school setting and a lively atmosphere. | Seafood Restaurant | Rated 4.5/5 (3159 reviews) | Expensive / upscale tier,Google Places API (New)
Sundance The Steakhouse,"1921 El Camino Real, Palo Alto, CA 94306, USA",Palo Alto,CA,(650) 321-6798,http://sundancethesteakhouse.com/,sundancepaloalto@aol.com,Expensive,4.6,,"A candlelit mahogany dining room sets the scene for Angus steaks, seafood & a 450-item wine list. | Steak House | Rated 4.6/5 (2329 reviews) | Expensive / upscale tier",Google Places API (New)
Forbes Mill Steakhouse,"200 Sycamore Valley Rd W, Danville, CA 94526, USA",Danville,CA,(925) 552-0505,https://www.forbesmillsteakhouse.com/,,Expensive,4.6,,Steak House | Rated 4.6/5 (632 reviews) | Expensive / upscale tier,Google Places API (New)
Espetus Churrascaria Brazilian Steakhouse - San Francisco,"1686 Market St, San Francisco, CA 94102, USA",San Francisco,CA,(415) 552-8792,https://www.espetus.com/,,Expensive,4.5,,"Upscale churrascaria serving unlimited meat skewers, salads & side dishes for a fixed price. | Brazilian Restaurant | Rated 4.5/5 (1900 reviews) | Expensive / upscale tier",Google Places API (New)
Cityscape,"333 O'Farrell St, San Francisco, CA 94102, USA",San Francisco,CA,(415) 771-1400,http://www.cityscapeskybar.com/?SEO_id=GMB--R-SFOFHHH-1&y_source=1_MTk1OTQ3MzYtNzE1LWxvY2F0aW9uLndlYnNpdGU%3D,,Expensive,4.5,,Upscale cocktail lounge serving New American small plates in modern quarters with panoramic vistas. | Cocktail Bar | Rated 4.5/5 (2056 reviews) | Expensive / upscale tier,Google Places API (New)
5A5 - closed,"139 Steuart St, San Francisco, CA 94105, USA",San Francisco,CA,(415) 989-2539,http://www.5a5stk.com/,info@5a5stk.com,Very Expensive,4.3,,"Trendy, high-end steakhouse featuring prime cuts of beef (including wagyu) & creative cocktails. | Japanese Restaurant | Rated 4.3/5 (588 reviews) | Very expensive / luxury tier",Google Places API (New)
Angele Restaurant & Bar,"540 Main St, Napa, CA 94559, USA",Napa,CA,(707) 252-8115,http://www.angelerestaurant.com/,mail@angelerestaurant.com,Expensive,4.5,,Riverfront bistro with a patio serving rustic French fare & creative cocktails in an old boathouse. | French Restaurant | Rated 4.5/5 (1451 reviews) | Expensive / upscale tier,Google Places API (New)
Farmstead at Long Meadow Ranch,"738 Main St, St Helena, CA 94574, USA",St Helena,CA,(707) 963-4555,https://www.longmeadowranch.com/eat-drink/restaurant,,Expensive,4.6,,Farm-to-table New American fare is served in a renovated barn owned by a cattle ranch & winery. | American Restaurant | Rated 4.6/5 (1813 reviews) | Expensive / upscale tier,Google Places API (New)
Bistro Don Giovanni,"4110 Howard Ln, Napa, CA 94558, USA",Napa,CA,(707) 224-3300,http://bistrodongiovanni.com/,,Expensive,4.6,,"Stalwart for Italian bistro fare with indoor fireside or outdoor, fountain-side seating options. | Italian Restaurant | Rated 4.6/5 (3167 reviews) | Expensive / upscale tier",Google Places API (New)
TORC,"1140 Main St, Napa, CA 94559, USA",Napa,CA,(707) 252-3292,http://www.torcnapa.com/,info@torcnapa.com,Expensive,4.5,,Global farm-to-table dishes & wines delivered in an airy room with stone walls & an open kitchen. | Restaurant | Rated 4.5/5 (837 reviews) | Expensive / upscale tier,Google Places API (New)
Celadon,"500 Main St G, Napa, CA 94559, USA",Napa,CA,(707) 254-9690,https://www.celadonnapa.com/,tana@celadonnapa.com,Expensive,4.4,,Upscale Eclectic comfort food is served in cozy digs with weathered brick walls & rustic courtyard. | Restaurant | Rated 4.4/5 (900 reviews) | Expensive / upscale tier,Google Places API (New)
PRESS Restaurant,"587 St Helena Hwy, St Helena, CA 94574, USA",St Helena,CA,(707) 967-0550,http://www.pressnapavalley.com/,,Very Expensive,4.4,,"Sophisticated restaurant offering seafood, steaks & Napa wines in a chic setting with a patio. | American Restaurant | Rated 4.4/5 (956 reviews) | Very expensive / luxury tier",Google Places API (New)
Scala Osteria & Bar,"1141 1st St, Napa, CA 94559, USA",Napa,CA,(707) 637-4380,http://www.scalaosteria.com/,info@scalaosteria.com,Expensive,4.6,,Restaurant | Rated 4.6/5 (761 reviews) | Expensive / upscale tier,Google Places API (New)
RH Restaurant at RH Yountville,"6725 Washington St, Yountville, CA 94599, USA",Yountville,CA,(707) 339-4654,http://www.rh.com/yountville/restaurant,,Expensive,4.5,,Restaurant | Rated 4.5/5 (1157 reviews) | Expensive / upscale tier,Google Places API (New)
The Charter Oak Restaurant,"1050 Charter Oak Ave, St Helena, CA 94574, USA",St Helena,CA,(707) 302-6996,https://www.thecharteroak.com/,info@thecharteroak.com,Expensive,4.4,,"Seasonal, family-style Californian fare served in luxe, brick-walled quarters with an outdoor patio. | Californian Restaurant | Rated 4.4/5 (1602 reviews) | Expensive / upscale tier",Google Places API (New)
The French Laundry,"6640 Washington St, Yountville, CA 94599, USA",Yountville,CA,(707) 944-2380,http://www.thomaskeller.com/tfl,,Very Expensive,4.6,,Chef Thomas Keller's refined fixed-price meals continually draw food lovers to this stone farmhouse. | Fine Dining Restaurant | Rated 4.6/5 (2246 reviews) | Very expensive / luxury tier,Google Places API (New)
La Toque,"1314 McKinstry St, Napa, CA 94559, USA",Napa,CA,(707) 257-5157,http://www.latoque.com/,,Very Expensive,3.9,,Destination place serving New French cuisine in refined surroundings within the Westin Verasa hotel. | French Restaurant | Rated 3.9/5 (512 reviews) | Very expensive / luxury tier,Google Places API (New)
FARM Restaurant + Bar,"4048 Sonoma Hwy, Napa, CA 94559, USA",Napa,CA,(707) 299-4880,http://www.farmatcarneros.com/,farm@carnerosresort.com,Expensive,4.3,,"Breezy, stylish eatery serving farm-to-fork New American fare paired with a broad wine list. | Italian Restaurant | Rated 4.3/5 (560 reviews) | Expensive / upscale tier",Google Places API (New)
Solbar,"Located at Solage, Auberge Collection, 755 Silverado Trl N, Calistoga, CA 94515, USA",Calistoga,CA,(707) 226-0860,https://auberge.com/solage/dine/solbar/?utm_source=gmb&utm_medium=Yext,,Expensive,4.6,,"Local wines & elevated Californian fare in stylish, modern quarters with outdoor poolside seating. | American Restaurant | Rated 4.6/5 (642 reviews) | Expensive / upscale tier",Google Places API (New)
Salvia Terrace & Bar,"1915 Main St, St Helena, CA 94574, USA",St Helena,CA,(707) 963-9004,https://www.opentable.com/r/salvia-terrace-and-bar-st-helena?corrid=4f66220f-1612-4a59-a923-8e84bf7f9e5d&avt=eyJ2IjoyLCJtIjowLCJwIjowLCJzIjowLCJuIjowfQ&p=2&sd=2025-09-06T19%3A00%3A00,,Expensive,4.5,,"Elegant Californian bistro featuring a seasonal menu, a vast wine list & craft cocktails. | Californian Restaurant | Rated 4.5/5 (372 reviews) | Expensive / upscale tier",Google Places API (New)
Mustards Grill,"7399 St Helena Hwy, Napa, CA 94558, USA",Napa,CA,(707) 944-2424,http://www.mustardsgrill.com/,,Expensive,4.7,,Wine country stalwart for upscale Californian-New American fare offered in low-key surrounds. | Californian Restaurant | Rated 4.7/5 (2650 reviews) | Expensive / upscale tier,Google Places API (New)
Bottega Napa Valley,"V Marketplace, 6525 Washington St, Yountville, CA 94599, USA",Yountville,CA,(707) 945-1050,https://www.botteganapavalley.com/,info@botteganapavalley.com,Expensive,4.4,,"Rustic Italian fare is served in a lively, indoor-outdoor setting at a historic winery estate. | Italian Restaurant | Rated 4.4/5 (2291 reviews) | Expensive / upscale tier",Google Places API (New)
Ristorante Allegria,"1026 1st St, Napa, CA 94559, USA",Napa,CA,(707) 254-8006,https://www.ristoranteallegria.com/,,Expensive,4.4,,"Former bank turned popular, upscale Italian restaurant with some seating inside the old vault. | Italian Restaurant | Rated 4.4/5 (2084 reviews) | Expensive / upscale tier",Google Places API (New)
Morimoto Napa,"610 Main St, Napa, CA 94559, USA",Napa,CA,(707) 252-1600,http://morimotonapa.com/,info@morimotonapa.com,Very Expensive,4.4,,"Inventive, high-end Japanese fare & artful cocktails presented in glamorous yet Zen surroundings. | Japanese Restaurant | Rated 4.4/5 (1892 reviews) | Very expensive / luxury tier",Google Places API (New)
Cole's Chop House,"1122 Main St, Napa, CA 94559, USA",Napa,CA,(707) 224-6328,https://www.coleschophouse.com/,info@coleschophouse.com,Very Expensive,4.6,,Premium steaks are fired up in a historic building with exposed stone walls & mahogany bar. | Steak House | Rated 4.6/5 (1557 reviews) | Very expensive / luxury tier,Google Places API (New)
Charlie's Napa Valley,"1327 Railroad Ave, St Helena, CA 94574, USA",St Helena,CA,(707) 804-3099,https://www.charliesnv.com/,contact@charliesnv.com,Expensive,4.5,,Restaurant | Rated 4.5/5 (225 reviews) | Expensive / upscale tier,Google Places API (New)
Harvest Table,"1 Main St, St Helena, CA 94574, USA",St Helena,CA,(707) 967-4695,https://www.harvesttablenapa.com/?utm_source=google&utm_medium=organic&utm_campaign=business-listing,forms@tambourine.com,Expensive,4.3,,California bistro using local ingredients in high-end dishes in a country-chic space plus a patio. | Restaurant | Rated 4.3/5 (248 reviews) | Expensive / upscale tier,Google Places API (New)
Brix,"7377 St Helena Hwy, Napa, CA 94558, USA",Napa,CA,(707) 944-2749,http://www.brix.com/,,Expensive,4.4,,Long-running spot for farm-to-table Californian fare set in sprawling acreage with mountain views. | American Restaurant | Rated 4.4/5 (1725 reviews) | Expensive / upscale tier,Google Places API (New)
The Terrace Café at Meadowood Napa Valley. Seasonally open to Meadowood Guests and Meadowood Club Members,"900 Meadowood Ln, St Helena, CA 94574, USA",St Helena,CA,(707) 967-1200,https://meadowood.com/dining/terrace-cafe/,reception@meadowood.com,Very Expensive,4.6,,Meadowood resort's laid-back eatery serving farm-fresh American fare all day amid golf-course views. | American Restaurant | Rated 4.6/5 (44 reviews) | Very expensive / luxury tier,Google Places API (New)
Oenotri,"1425 1st St, Napa, CA 94559, USA",Napa,CA,(707) 252-1022,http://www.oenotri.com/,,Expensive,4.3,,"Artisanal pizza, house-made salumi & Southern Italian fare are served in an industrial-chic setting. | Italian Restaurant | Rated 4.3/5 (791 reviews) | Expensive / upscale tier",Google Places API (New)
Sky & Vine Rooftop Bar,"1260 1st St, Napa, CA 94559, USA",Napa,CA,(707) 819-2490,http://www.skyandvine.com/,napa@archerhotel.com,Expensive,4.1,,"Expansive rooftop bar & full-service restaurant with fire pits, outdoor games & sweeping views. | Bar | Rated 4.1/5 (755 reviews) | Expensive / upscale tier",Google Places API (New)
Cordeiro's Steakhouse,"2025 Monticello Rd, Napa, CA 94558, USA",Napa,CA,(707) 224-1960,https://www.cordeirosssteakhousenapa.com/,,Expensive,4.6,,Classic American steakhouse in an elegant white-tablecloth setting with stone walls & a patio. | Steak House | Rated 4.6/5 (496 reviews) | Expensive / upscale tier,Google Places API (New)
Bistro Jeanty,"6510 Washington St, Yountville, CA 94599, USA",Yountville,CA,(707) 944-0103,http://www.bistrojeanty.com/,office@bistrojeanty.com,Expensive,4.6,,Classic bistro fixing up French country fare in cozy digs with a communal table & patio seats. | French Restaurant | Rated 4.6/5 (2277 reviews) | Expensive / upscale tier,Google Places API (New)
Lucy Restaurant & Bar,"6526 Yount St, Yountville, CA 94599, USA",Yountville,CA,(707) 204-6030,https://www.lucyyountville.com/,,Expensive,4.3,,"Local, organic ingredients & the wine list star at this sleek Californian eatery. | Restaurant | Rated 4.3/5 (340 reviews) | Expensive / upscale tier",Google Places API (New)
Kenzo,"1339 Pearl St, Napa, CA 94559, USA",Napa,CA,(707) 294-2049,http://kenzonapa.com/,mgagne@kenzoestate.com,Expensive,4.6,,"Upscale Japanese restaurant with prix fixe sushi & kaiseki menus, plus wine & sake. | Japanese Restaurant | Rated 4.6/5 (238 reviews) | Expensive / upscale tier",Google Places API (New)
RO Restaurant & Lounge,"6480 Washington St, Yountville, CA 94599, USA",Yountville,CA,(707) 947-7181,https://www.rorestaurantandlounge.com/,info@regiisova.com,Expensive,4.7,,Lounge bar | Rated 4.7/5 (167 reviews) | Expensive / upscale tier,Google Places API (New)
Ad Hoc,"6476 Washington St, Yountville, CA 94599, USA",Yountville,CA,(707) 944-2487,https://www.thomaskeller.com/adhoc,,Expensive,4.4,,"Informal, comfortable eatery serving American fare with a set menu, created by chef Thomas Keller. | American Restaurant | Rated 4.4/5 (2124 reviews) | Expensive / upscale tier",Google Places API (New)
Ciccio,"6770 Washington St, Yountville, CA 94599, USA",Yountville,CA,(707) 945-1000,http://www.ciccionapavalley.com/,,Expensive,4.5,,"Bustling, unpretentious find specializing in wood-fired pizzas & Italian entrees in cozy environs. | Italian Restaurant | Rated 4.5/5 (455 reviews) | Expensive / upscale tier",Google Places API (New)
SingleThread Farm - Restaurant - Inn,"131 North St, Healdsburg, CA 95448, USA",Healdsburg,CA,(707) 723-4646,http://singlethreadfarms.com/,,Very Expensive,4.6,,Sophisticated inn restaurant with multicourse menus of hyperlocal Californian-Japanese fare. | Fine Dining Restaurant | Rated 4.6/5 (758 reviews) | Very expensive / luxury tier,Google Places API (New)
Galpão Gaucho Brazilian Steakhouse,"1990 Trower Ave, Napa, CA 94558, USA",Napa,CA,(707) 255-5121,https://galpaogauchousa.com/locations/napa-ca/,,Expensive,4.7,,"Brazilian steakhouse offering all-you-can-eat options in a contemporary, group-friendly space. | Brazilian Restaurant | Rated 4.7/5 (2689 reviews) | Expensive / upscale tier",Google Places API (New)
Santé,"100 Boyes Blvd, Sonoma, CA 95476, USA",Sonoma,CA,(707) 939-2415,https://www.fairmont.com/sonoma/dining/sante/?utm_source=google+Maps&utm_medium=seo+maps&utm_campaign=seo+maps,smi.reservations@fairmont.com,Very Expensive,4.4,,Fairmont Sonoma Mission Inn & Spa's Californian-French dining destination with a notable wine menu. | Restaurant | Rated 4.4/5 (187 reviews) | Very expensive / luxury tier,Google Places API (New)
Cook St. Helena,"1310 Main St, St Helena, CA 94574, USA",St Helena,CA,(707) 963-7088,http://cooksthelena.com/,,Expensive,4.6,,Petite eatery draws locals with its locally sourced Northern Italian cuisine & elegant atmosphere. | Italian Restaurant | Rated 4.6/5 (452 reviews) | Expensive / upscale tier,Google Places API (New)
Bull Valley Roadhouse,"14 Canyon Lake Dr, Port Costa, CA 94569, USA",Port Costa,CA,(510) 787-1135,http://www.bullvalleyroadhouse.com/,peggy@bullvalleyroadhouse.com,Expensive,4.7,,Family-style American fare & pre-Prohibition cocktails served in circa-1897 digs with period decor. | American Restaurant | Rated 4.7/5 (893 reviews) | Expensive / upscale tier,Google Places API (New)
LaSalette Restaurant,"452 1st St E STE H, Sonoma, CA 95476, USA",Sonoma,CA,(707) 938-1927,http://lasaletterestaurant.com/,info@lasaletterestaurant.com,Expensive,4.6,,Modern takes on Portuguese dishes are served at this intimate spot with wood-fired oven & terrace. | Mediterranean Restaurant | Rated 4.6/5 (802 reviews) | Expensive / upscale tier,Google Places API (New)
Evangeline,"1226 Washington St, Calistoga, CA 94515, USA",Calistoga,CA,(707) 341-3131,http://evangelinenapa.com/,info@evangelinenapa.com,Expensive,4.1,,"Bistro for French & Creole fare served in a cozy, polished interior, plus a patio with orange trees. | Bistro | Rated 4.1/5 (518 reviews) | Expensive / upscale tier",Google Places API (New)
Commis,"3859 Piedmont Ave, Oakland, CA 94611, USA",Oakland,CA,(510) 653-3902,https://commisrestaurant.com/,,Very Expensive,4.7,,Open-kitchen experiments with unique ingredients to craft inspired New American fixed-price dinners. | Fine Dining Restaurant | Rated 4.7/5 (692 reviews) | Very expensive / luxury tier,Google Places API (New)
Morimoto Asia Napa,"790 Main St, Napa, CA 94559, USA",Napa,CA,(707) 699-1737,http://morimotoasianapa.com/,info@morimotoasianapa.com,Expensive,3.9,,Asian Restaurant | Rated 3.9/5 (161 reviews) | Expensive / upscale tier,Google Places API (New)
Slanted Door Napa,"1650 Soscol Ave, Napa, CA 94559, USA",Napa,CA,(707) 287-1197,http://www.slanteddoor-napa.com/,info@slanteddoorgroup.com,Expensive,4.4,,Vietnamese Restaurant | Rated 4.4/5 (193 reviews) | Expensive / upscale tier,Google Places API (New)
Bardessono Hotel and Spa,"6526 Yount St, Yountville, CA 94599, USA",Yountville,CA,(707) 204-6000,https://www.bardessono.com/,,Expensive,4.7,,"Premium lodging with fireplaces & spa treatments, plus a hip eatery/bar & a rooftop pool. | Hotel | Rated 4.7/5 (544 reviews) | Expensive / upscale tier",Google Places API (New)
Mercantile Social,"1450 1st St, Napa, CA 94559, USA",Napa,CA,(707) 687-1234,http://www.andaznapa.com/,,Expensive,4.5,,"Classy lounge on Andaz Hotel's terrace serves small plates, boutique wines, craft cocktails & beer. | Cocktail Bar | Rated 4.5/5 (59 reviews) | Expensive / upscale tier",Google Places API (New)
Alinea,"1723 N Halsted St, Chicago, IL 60614, USA",Chicago,IL,,http://www.alinearestaurant.com/,hospitality@alinearestaurant.com,Very Expensive,4.6,,Chef Grant Achatz draws foodies with New American tasting menus featuring highly creative plates. | Fine Dining Restaurant | Rated 4.6/5 (3012 reviews) | Very expensive / luxury tier,Google Places API (New)
Girl & The Goat,"809 W Randolph St, Chicago, IL 60607, USA",Chicago,IL,(312) 492-6262,http://www.girlandthegoat.com/,,Expensive,4.7,,Hot spot where Stephanie Izard serves up innovative small plates from a dramatic open kitchen. | American Restaurant | Rated 4.7/5 (7983 reviews) | Expensive / upscale tier,Google Places API (New)
Aba,"302 N Green St 3rd Floor, Chicago, IL 60607, USA",Chicago,IL,(773) 645-1400,http://www.abarestaurants.com/,,Expensive,4.8,,"Posh destination for elevated Mediterranean fare and cocktails, plus a lounge-style rooftop patio. | Mediterranean Restaurant | Rated 4.8/5 (10488 reviews) | Expensive / upscale tier",Google Places API (New)
Maple & Ash,"8 W Maple St, Chicago, IL 60610, USA",Chicago,IL,(312) 944-8888,http://www.mapleandash.com/,,Very Expensive,4.5,,White-tablecloth restaurant serving steaks and seafood with a choice wine list and a plush lounge. | Steak House | Rated 4.5/5 (4208 reviews) | Very expensive / luxury tier,Google Places API (New)
RL Restaurant,"115 E Chicago Ave, Chicago, IL 60611, USA",Chicago,IL,(312) 475-1100,http://www.rlrestaurant.com/,,Expensive,4.6,,Upscale Ralph Lauren restaurant serving American classics in a sophisticated setting. | American Restaurant | Rated 4.6/5 (1552 reviews) | Expensive / upscale tier,Google Places API (New)
Oriole,"661 W Walnut St, Chicago, IL 60661, USA",Chicago,IL,(312) 877-5899,http://www.oriolechicago.com/,hospitality@oriolechicago.com,Very Expensive,4.8,,"Intimate, high-end kitchen serving an extended New American tasting menu in a stylish space. | Fine Dining Restaurant | Rated 4.8/5 (650 reviews) | Very expensive / luxury tier",Google Places API (New)
Boka,"1729 N Halsted St, Chicago, IL 60614, USA",Chicago,IL,(312) 337-6070,http://www.bokachicago.com/,info@bokachicago.com,Very Expensive,4.7,,"Creative American cuisine in a stylish, modern setting with a lounge & candelit back garden patio. | American Restaurant | Rated 4.7/5 (2075 reviews) | Very expensive / luxury tier",Google Places API (New)
Sepia,"123 N Jefferson St, Chicago, IL 60661, USA",Chicago,IL,(312) 441-1920,https://www.sepiachicago.com/,info@sepiachicago.com,Expensive,4.6,,"Seasonal, inventive, upscale American in a brick, tile & wood interior evoking classic Chicago. | Fine Dining Restaurant | Rated 4.6/5 (1549 reviews) | Expensive / upscale tier",Google Places API (New)
Ocean Prime,"87 E Wacker Dr, Chicago, IL 60601, USA",Chicago,IL,(312) 428-4344,https://www.ocean-prime.com/locations-menus/chicago,,Expensive,4.7,,"Upscale chain known for its sophisticated decor, long wine list & classic steak & seafood menu. | Seafood Restaurant | Rated 4.7/5 (1509 reviews) | Expensive / upscale tier",Google Places API (New)
Bavette's Bar & Boeuf,"218 W Kinzie St, Chicago, IL 60654, USA",Chicago,IL,(312) 624-8154,https://bavettessteakhouse.com/,,Very Expensive,4.7,,"Upscale steakhouse with a New American menu in an ornate, dimly lit wood & brick setting. | Steak House | Rated 4.7/5 (4073 reviews) | Very expensive / luxury tier",Google Places API (New)
Somerset,"1112 N State St, Chicago, IL 60610, USA",Chicago,IL,(312) 586-2150,https://www.viceroyhotelsandresorts.com/chicago/somerset,,Expensive,4.4,,"Swanky restaurant in the Viceroy Hotel with a yacht-club feel, seasonal fare & cocktails. | American Restaurant | Rated 4.4/5 (1184 reviews) | Expensive / upscale tier",Google Places API (New)
Smyth,"177 N Ada St #101, Chicago, IL 60607, USA",Chicago,IL,(773) 913-3773,https://www.smythchicago.com/,,Expensive,4.6,,"Rustic-chic venue offering tasting menus of inventive, high-end New American fare & wine pairings. | American Restaurant | Rated 4.6/5 (1344 reviews) | Expensive / upscale tier",Google Places API (New)
Ever Restaurant,"1340 W Fulton St, Chicago, IL 60607, USA",Chicago,IL,,http://www.ever-restaurant.com/,info@ever-restaurant.com,Very Expensive,4.8,,Luxe establishment offering a fine-dining tasting menu created by an accomplished chef. | Restaurant | Rated 4.8/5 (464 reviews) | Very expensive / luxury tier,Google Places API (New)
STK Steakhouse,"9 W Kinzie St, Chicago, IL 60654, USA",Chicago,IL,(312) 340-5636,https://stksteakhouse.com/venues/chicago/,,Expensive,4.7,,"Swanky, hip steakhouse with a nightclub vibe featuring high-end beef & seafood, plus DJs. | Steak House | Rated 4.7/5 (17381 reviews) | Expensive / upscale tier",Google Places API (New)
Bar Mar,"120 N Wacker Dr, Chicago, IL 60606, USA",Chicago,IL,(312) 820-6602,https://www.thebazaar.com/location/bar-mar-chicago,barmarreservations@grgmc.com,Expensive,4.5,,Restaurant | Rated 4.5/5 (1254 reviews) | Expensive / upscale tier,Google Places API (New)
Next Restaurant,"953 W Fulton Market, Chicago, IL 60607, USA",Chicago,IL,,http://www.nextrestaurant.com/,hospitality@nextrestaurant.com,Very Expensive,4.6,,High-end foodie destination known for Grant Achatz's themed tasting menus & inventive presentations. | Fine Dining Restaurant | Rated 4.6/5 (656 reviews) | Very expensive / luxury tier,Google Places API (New)
Gibsons Italia,"233 N Canal St, Chicago, IL 60606, USA",Chicago,IL,(312) 414-1100,https://www.gibsonsitalia.com/,,Expensive,4.7,,"High-style eatery serving Italian dishes and American steaks with a vast wine list, fireplace, and a roof deck. | Italian Restaurant | Rated 4.7/5 (4284 reviews) | Expensive / upscale tier",Google Places API (New)
North Pond,"2610 N Cannon Dr, Chicago, IL 60614, USA",Chicago,IL,(773) 477-5845,http://www.northpondrestaurant.com/,manager@northpondrestaurant.com,Very Expensive,4.7,,"Modern, creative American fare made with local ingredients in a peaceful locale inside Lincoln Park. | American Restaurant | Rated 4.7/5 (686 reviews) | Very expensive / luxury tier",Google Places API (New)
S.K.Y.,"2300 N Lincoln Park W, Chicago, IL 60614, USA",Chicago,IL,(312) 846-1077,http://skyrestaurantchicago.com/,hello@skyrestaurantchicago.com,Expensive,4.6,,Creative New American fare with global influences is offered in a stylish setting with a lounge. | American Restaurant | Rated 4.6/5 (1344 reviews) | Expensive / upscale tier,Google Places API (New)
Mastro's Steakhouse,"520 N Dearborn St, Chicago, IL 60654, USA",Chicago,IL,(312) 521-5100,https://www.mastrosrestaurants.com/Locations/IL/Chicago/,,Very Expensive,4.4,,"Outpost of the Arizona chain serving an abundance of meat & martinis in posh, bi-level environs. | Fine Dining Restaurant | Rated 4.4/5 (2341 reviews) | Very expensive / luxury tier",Google Places API (New)
the Albert,"228 E Ontario St Floor 1, Chicago, IL 60611, USA",Chicago,IL,(312) 471-3883,http://thealbertchicago.com/,david@dwshared.com,Expensive,4.4,,"Chic spot offering chef-driven, Italian-inspired fare plus cocktails in an Einstein-themed hotel. | American Restaurant | Rated 4.4/5 (731 reviews) | Expensive / upscale tier",Google Places API (New)
Torali,"160 E Pearson St, Chicago, IL 60611, USA",Chicago,IL,(312) 573-5160,https://www.toralichicago.com/,,Expensive,4.5,,Posh hotel restaurant for modern Italian cuisine & craft cocktails with an adjacent bar & roof deck. | Restaurant | Rated 4.5/5 (245 reviews) | Expensive / upscale tier,Google Places API (New)
EL ideas,"2419 W 14th St, Chicago, IL 60608, USA",Chicago,IL,(312) 226-8144,http://www.elideas.com/,info@elideas.com,Very Expensive,4.8,,"Upscale, intimate restaurant serving fixed-price American menus in chef Phillip Foss’s kitchen. | American Restaurant | Rated 4.8/5 (412 reviews) | Very expensive / luxury tier",Google Places API (New)
Elske,"1350 W Randolph St, Chicago, IL 60607, USA",Chicago,IL,(312) 733-1314,http://elskerestaurant.com/,,Very Expensive,4.6,,Low-key spot offering à la carte & tasting menus of creative American fare with Danish influences. | American Restaurant | Rated 4.6/5 (816 reviews) | Very expensive / luxury tier,Google Places API (New)
The Capital Grille,"633 N St Clair St, Chicago, IL 60611, USA",Chicago,IL,(312) 337-9400,https://www.thecapitalgrille.com/locations/il/chicago/chicago-downtown-magnificent-mile/8008?cmpid=br:tcg_ag:ie_ch:loc_ca:TCGGMB_sn:gmb_gt:chicago-il-8008_pl:locurl_rd:1006,,Very Expensive,4.7,,"Outpost of the upscale steakhouse chain offers classic American fare & a clubby, refined setting. | Fine Dining Restaurant | Rated 4.7/5 (2085 reviews) | Very expensive / luxury tier",Google Places API (New)
Prime & Provisions Steakhouse,"222 N LaSalle St, Chicago, IL 60601, USA",Chicago,IL,(312) 726-7777,https://www.primeandprovisions.com/,info@primeandprovisions.com,Very Expensive,4.4,,Sprawling steakhouse offering classic fare in a luxe setting with marble bars & a patio for cigars. | Restaurant | Rated 4.4/5 (3000 reviews) | Very expensive / luxury tier,Google Places API (New)
LH Rooftop,"85 E Wacker Dr 22nd Floor, Chicago, IL 60601, USA",Chicago,IL,(312) 357-1200,https://londonhousechicago.com/rooftop/?SEO_id=GMB--R-CHILHQQ&y_source=1_MjY1ODkzNDItNzE1LWxvY2F0aW9uLndlYnNpdGU%3D,megan@pageonepublicrelations.com,Expensive,4.2,,Three chic levels of hotel rooftop drinking & dining with indoor/outdoor seats & sweeping views. | Restaurant | Rated 4.2/5 (3723 reviews) | Expensive / upscale tier,Google Places API (New)
Terrace 16,"401 N Wabash Ave 16th Floor, Chicago, IL 60611, USA",Chicago,IL,(312) 588-8030,https://www.trumphotels.com/chicago/dining/fine-dining-chicago?utm_source=gmb&utm_medium=Yext,,Very Expensive,4.3,,"Skyline views inform this upscale, seasonal lounge serving refreshments on a hotel rooftop. | Restaurant | Rated 4.3/5 (758 reviews) | Very expensive / luxury tier",Google Places API (New)
Chicago Chop House,"60 W Ontario St, Chicago, IL 60654, USA",Chicago,IL,(312) 787-7100,https://chicagochophouse.com/,,Very Expensive,4.7,,Traditional steakhouse in a restored brownstone decorated with photos of local celebrities. | Steak House | Rated 4.7/5 (3165 reviews) | Very expensive / luxury tier,Google Places API (New)
Monteverde Restaurant & Pastificio,"1020 W Madison St, Chicago, IL 60607, USA",Chicago,IL,(312) 888-3041,http://monteverdechicago.com/,teammv@monteverdechicago.com,Expensive,4.7,,"Stylish spot serving refined, contemporary Italian fare such as fresh pastas, plus global wines. | Italian Restaurant | Rated 4.7/5 (2778 reviews) | Expensive / upscale tier",Google Places API (New)
Siena Tavern,"51 W Kinzie St, Chicago, IL 60654, USA",Chicago,IL,(312) 471-1636,https://www.sienatavern.com/,info@sienatavern.com,Expensive,4.6,,"Neapolitan pies, homemade pastas, and wine in an upscale space with a bar and lounge. | Restaurant | Rated 4.6/5 (5067 reviews) | Expensive / upscale tier",Google Places API (New)
Steak 48,"615 N Wabash Ave, Chicago, IL 60611, USA",Chicago,IL,(312) 266-4848,https://www.steak48.com/steakhouses/chicago/?utm_source=google&utm_medium=organic&utm_campaign=gmb,guestserviceschicago@steak48.com,Very Expensive,4.6,,"High-end steakhouse serving prime cuts, seafood & shellfish in an elegant, modern venue. | Steak House | Rated 4.6/5 (2829 reviews) | Very expensive / luxury tier",Google Places API (New)
RPM Steak,"66 W Kinzie St, Chicago, IL 60654, USA",Chicago,IL,(312) 284-4990,http://rpmrestaurants.com/rpmsteak/chicago/,,Very Expensive,4.7,,"Pasta, steaks & seafood served in a sleek, group-friendly eatery backed by Giuliana & Bill Rancic. | Steak House | Rated 4.7/5 (5605 reviews) | Very expensive / luxury tier",Google Places API (New)
goosefoot®,"4520 N Lincoln Ave, Chicago, IL 60625, USA",Chicago,IL,(773) 754-0368,https://www.goosefoot.net/,info@goosefoot.net,Very Expensive,4.9,,"Innovative American fare offered in a contemporary, intimate fine-dining space with BYOB. | Fine Dining Restaurant | Rated 4.9/5 (248 reviews) | Very expensive / luxury tier",Google Places API (New)
Swift & Sons,"1000 W Fulton Market, Chicago, IL 60607, USA",Chicago,IL,(312) 733-9420,http://www.swiftandsonschicago.com/,info@swiftandsonschicago.com,Very Expensive,4.6,,"Swanky, sprawling spot featuring premium steaks & seafood, plus a bi-level bar & house concierge. | Steak House | Rated 4.6/5 (2366 reviews) | Very expensive / luxury tier",Google Places API (New)
Beatnik On The River,"180 N Wacker Dr, Chicago, IL 60606, USA",Chicago,IL,(312) 526-3345,http://beatnikontheriver.com/,info@beatnikontheriver.com,Expensive,4.1,,"Creative global eats and tropical cocktails, served in a funky-ornate setting with riverfront seats. | Mediterranean Restaurant | Rated 4.1/5 (3144 reviews) | Expensive / upscale tier",Google Places API (New)
Miru,"The St Regis Hotel, 401 E Wacker Dr, Chicago, IL 60601, USA",Chicago,IL,(312) 725-7811,http://www.mirurestaurant.com/,,Very Expensive,4.3,,Japanese Restaurant | Rated 4.3/5 (637 reviews) | Very expensive / luxury tier,Google Places API (New)
Esmé,"2200 N Clark St Ste B, Chicago, IL 60614, USA",Chicago,IL,,http://esmechicago.com/,info@esmechicago.com,Very Expensive,4.4,,Restaurant | Rated 4.4/5 (349 reviews) | Very expensive / luxury tier,Google Places API (New)
Coco Pazzo Restaurant & Bar,"300 W Hubbard St, Chicago, IL 60654, USA",Chicago,IL,(312) 836-0900,http://www.cocopazzochicago.com/,,Expensive,4.5,,This Tuscan spot serves creative plates & a long Italian wine list amid velvet-draped surrounds. | Italian Restaurant | Rated 4.5/5 (711 reviews) | Expensive / upscale tier,Google Places API (New)
Asador Bastian,"214 W Erie St, Chicago, IL 60654, USA",Chicago,IL,(312) 800-8935,http://asadorbastian.com/,,Expensive,4.4,,Basque Restaurant | Rated 4.4/5 (514 reviews) | Expensive / upscale tier,Google Places API (New)
Cindy's Rooftop,"12 S Michigan Ave, Chicago, IL 60603, USA",Chicago,IL,(312) 792-3502,http://www.cindysrooftop.com/,cindysinfo@caa.bokagrp.com,Expensive,4.4,,"Hip, stylish rooftop bar/eatery at the Chicago Athletic Association Hotel with choice seasonal fare. | Restaurant | Rated 4.4/5 (5596 reviews) | Expensive / upscale tier",Google Places API (New)
Nobu Chicago,"854 W Randolph St, Chicago, IL 60607, USA",Chicago,IL,(312) 779-8800,https://www.noburestaurants.com/chicago/home/?utm_source=google&utm_medium=Yext,,Very Expensive,4.1,,Sushi Restaurant | Rated 4.1/5 (1016 reviews) | Very expensive / luxury tier,Google Places API (New)
Wildfire,"159 W Erie St, Chicago, IL 60654, USA",Chicago,IL,(312) 787-9000,http://www.wildfirerestaurant.com/chicago,contactforms@lettuce.com,Expensive,4.5,,"Bustling, upscale eatery featuring steak & other New American fare in a spacious, polished interior. | Steak House | Rated 4.5/5 (3090 reviews) | Expensive / upscale tier",Google Places API (New)
Kinzie Chophouse,"400 N Wells St, Chicago, IL 60654, USA",Chicago,IL,(312) 822-0191,https://www.kinziechophouse.com/,,Expensive,4.4,,"Steakhouse staple also serving salads & an array of entrees, with a spacious dining room. | Steak House | Rated 4.4/5 (1673 reviews) | Expensive / upscale tier",Google Places API (New)
Tavern On Rush,"1015 N Rush St, Chicago, IL 60611, USA",Chicago,IL,(312) 664-9600,http://www.tavernonrush.com/,,Expensive,4.4,,"Steakhouse fare, cocktails & outdoor seating define this lively, upscale restaurant. | Steak House | Rated 4.4/5 (2315 reviews) | Expensive / upscale tier",Google Places API (New)
Obélix,"700 N Sedgwick St, Chicago, IL 60654, USA",Chicago,IL,(312) 877-5348,http://obelixchicago.com/,,Expensive,4.5,,French Restaurant | Rated 4.5/5 (742 reviews) | Expensive / upscale tier,Google Places API (New)
"Joe's Seafood, Prime Steak & Stone Crab","60 E Grand Ave, Chicago, IL 60611, USA",Chicago,IL,(312) 379-5637,http://www.joes.net/,,Very Expensive,4.7,,American surf 'n' turf restaurant serving upmarket fare & cocktails in a lavish space. | Seafood Restaurant | Rated 4.7/5 (5595 reviews) | Very expensive / luxury tier,Google Places API (New)
Untitled Supper Club,"111 W Kinzie St, Chicago, IL 60654, USA",Chicago,IL,(312) 880-1511,https://untitledsupperclub.com/,info@untitledsupperclub.com,Expensive,4.5,,Restaurant/lounge featuring creative American food & craft cocktails in space with a speakeasy vibe. | American Restaurant | Rated 4.5/5 (3040 reviews) | Expensive / upscale tier,Google Places API (New)
NoMI,"800 N Michigan Ave 7th Floor, Chicago, IL 60611, USA",Chicago,IL,(312) 239-4030,https://www.nomichicago.com/,,Very Expensive,4.5,,"Inside the Park Hyatt, this elegant spot with an outdoor garden serves inventive New American food. | American Restaurant | Rated 4.5/5 (636 reviews) | Very expensive / luxury tier",Google Places API (New)
"Travelle at The Langham, Chicago","330 N Wabash Ave, Chicago, IL 60611, USA",Chicago,IL,(312) 923-7705,https://www.travellechicago.com/?utm_campaign=tlchi&utm_medium=organic+&utm_source=yext&utm_content=na&utm_id=google_travelle_ads_profile_en_20220628&y_source=1_MTIwMTkxMjQtNzE1LWxvY2F0aW9uLndlYnNpdGU%3D,,Expensive,4.6,,Luxe lounge & eatery in the Langham Hotel offers sophisticated New American meals & river views. | Restaurant | Rated 4.6/5 (528 reviews) | Expensive / upscale tier,Google Places API (New)
The Chicago Firehouse Restaurant,"1401 S Michigan Ave, Chicago, IL 60605, USA",Chicago,IL,(312) 786-1401,http://www.chicagofirehouse.com/,,Expensive,4.5,,"Once a firehouse, this stylish eatery serves traditional American fare & cocktails. | Steak House | Rated 4.5/5 (2164 reviews) | Expensive / upscale tier",Google Places API (New)
Roka Akor,"456 N Clark St, Chicago, IL 60654, USA",Chicago,IL,(312) 477-7652,https://rokaakor.com/,,Expensive,4.6,,"Upscale Japanese restaurant & bar supplying steak, seafood & sushi in a contemporary setting. | Steak House | Rated 4.6/5 (2237 reviews) | Expensive / upscale tier",Google Places API (New)
LÝRA,"905 W Fulton Market, Chicago, IL 60607, USA",Chicago,IL,(312) 660-7722,https://www.lyrarestaurant.com/,info@lyrarestaurant.com,Very Expensive,4.5,,Restaurant | Rated 4.5/5 (2384 reviews) | Very expensive / luxury tier,Google Places API (New)
Brindille,"534 N Clark St, Chicago, IL 60654, USA",Chicago,IL,(312) 595-1616,http://www.brindille-chicago.com/,brindillechicago@gmail.com,Very Expensive,4.3,,"French fine dining & a lengthy wine list in a sophisticated, modern setting with Parisian touches. | French Restaurant | Rated 4.3/5 (250 reviews) | Very expensive / luxury tier",Google Places API (New)
Indienne,"217 W Huron St, Chicago, IL 60654, USA",Chicago,IL,(312) 291-9427,https://indiennechicago.com/,,Very Expensive,4.6,,Fine Dining Restaurant | Rated 4.6/5 (818 reviews) | Very expensive / luxury tier,Google Places API (New)
"La Storia, Italian Restaurant","1154 N Dearborn St, Chicago, IL 60610, USA",Chicago,IL,(312) 915-5950,https://lastoriachicago.com/,,Expensive,4.3,,"Elevated, multiregional Italian kitchen & bar in historic surrounds with patios & a courtyard. | Italian Restaurant | Rated 4.3/5 (400 reviews) | Expensive / upscale tier",Google Places API (New)
Tortoise Supper Club,"350 N State St, Chicago, IL 60654, USA",Chicago,IL,(312) 755-1700,http://www.tortoisesupperclub.com/,,Expensive,4.5,,Traditional American offerings served in an upscale space featuring a grand piano & fireplace. | American Restaurant | Rated 4.5/5 (1067 reviews) | Expensive / upscale tier,Google Places API (New)
Duck Duck Goat,"857 W Fulton Market, Chicago, IL 60607, USA",Chicago,IL,(312) 902-3825,https://duckduckgoatchicago.com/,info@duckduckgoatchicago.com,Expensive,4.7,,"Creative Chinese fare from celeb chef Stephanie Izard served in buzzy, ornately decorated surrounds. | Chinese Restaurant | Rated 4.7/5 (5506 reviews) | Expensive / upscale tier",Google Places API (New)
Rosebud Steakhouse - Chicago,"192 E Walton St, Chicago, IL 60611, USA",Chicago,IL,(312) 397-1000,http://rosebudsteak.com/,,Expensive,4.6,,"This Rosebud Restaurants outpost serves up steak & seafood in a large, elegant space. | Steak House | Rated 4.6/5 (1143 reviews) | Expensive / upscale tier",Google Places API (New)
Leña Brava,"900 W Randolph St, Chicago, IL 60607, USA",Chicago,IL,(312) 733-1975,http://www.lenabrava.com/,info@lenabrava.com,Expensive,4.6,,"Hip Mexican restaurant serving wood-fired steaks, chops & fish, plus a Baja wine & agave list. | Restaurant | Rated 4.6/5 (1464 reviews) | Expensive / upscale tier",Google Places API (New)
Chicago Cut Steakhouse,"300 N La Salle Dr, Chicago, IL 60654, USA",Chicago,IL,(312) 329-1800,http://www.chicagocutsteakhouse.com/,,Very Expensive,4.4,,Stylish modern steakhouse with a patio overlooking the river & iPad wine list. | Steak House | Rated 4.4/5 (3330 reviews) | Very expensive / luxury tier,Google Places API (New)
ROOF on theWit,"201 N State St 27th Floor, Chicago, IL 60601, USA",Chicago,IL,(312) 239-9502,http://www.roofonthewit.com/,,Expensive,4.2,,"A summer hotspot on the 27th floor of theWit Hotel, with skyline views & upmarket cocktails. | Bar | Rated 4.2/5 (2262 reviews) | Expensive / upscale tier",Google Places API (New)
Smith & Wollensky - Chicago,"318 N State St, Chicago, IL 60654, USA",Chicago,IL,(312) 670-9900,https://www.smithandwollensky.com/locations/chicago/,,Expensive,4.4,,"Trendy steakhouse overlooking the Chicago River, serving up seafood & 10-layer chocolate cake. | Steak House | Rated 4.4/5 (3568 reviews) | Expensive / upscale tier",Google Places API (New)
The Publican,"837 W Fulton Market, Chicago, IL 60607, USA",Chicago,IL,(312) 733-9555,http://thepublicanrestaurant.com/,privateevents@oneoffhospitality.com,Expensive,4.5,,A creative seafood & pork-focused menu plus global brews in a hip setting with communal tables. | American Restaurant | Rated 4.5/5 (2989 reviews) | Expensive / upscale tier,Google Places API (New)
Morton's The Steakhouse,"65 E Wacker Pl, Chicago, IL 60601, USA",Chicago,IL,(312) 201-0410,https://www.mortons.com/location/mortons-the-steakhouse-chicago-il-wacker-place/,,Very Expensive,4.3,,"Upscale chain for aged prime beef, seafood & other traditional steakhouse fare in a clubby space. | Restaurant | Rated 4.3/5 (2221 reviews) | Very expensive / luxury tier",Google Places API (New)
Gene & Georgetti,"500 N Franklin St, Chicago, IL 60654, USA",Chicago,IL,(312) 527-3718,https://www.geneandgeorgetti.com/,,Expensive,4.5,,"Old-school Chicago steakhouse serving meat, seafood & Italian specialties in a traditional setting. | Steak House | Rated 4.5/5 (2277 reviews) | Expensive / upscale tier",Google Places API (New)
Bazaar Meat by José Andrés,"120 N Wacker Dr, Chicago, IL 60606, USA",Chicago,IL,(312) 820-6601,https://www.thebazaar.com/location/bazaar-meat-chicago/,bazaarreservations@grgmc.com,Very Expensive,4.6,,"Industrial-chic steakhouse offering an extensive menu of specialty steaks, plus seafood. | Steak House | Rated 4.6/5 (721 reviews) | Very expensive / luxury tier",Google Places API (New)
Michael Jordan's Steak House Chicago,"505 N Michigan Ave, Chicago, IL 60611, USA",Chicago,IL,(312) 321-8823,https://www.michaeljordansteakhouse.com/chicago/,,Very Expensive,4.4,,"Luxury steakhouse with seafood & American classics, plus a 1st-floor bar & images of its namesake. | Steak House | Rated 4.4/5 (3629 reviews) | Very expensive / luxury tier",Google Places API (New)
Gilt Bar,"230 W Kinzie St, Chicago, IL 60654, USA",Chicago,IL,(312) 464-9544,https://giltbarchicago.com/,contact@giltbarchicago.com,Expensive,4.6,,Lounge with vintage library decor serving the same upscale American menu as Gilt Bar upstairs. | American Restaurant | Rated 4.6/5 (1976 reviews) | Expensive / upscale tier,Google Places API (New)
Schwa Restaurant,"1466 N Ashland Ave, Chicago, IL 60622, USA",Chicago,IL,(773) 252-1466,http://schwarestaurant.com/,schwarestaurant@gmail.com,Very Expensive,4.6,,"Chef Michael Carlson showcases inventive New American fixed-price menus in a simple, homey space. | American Restaurant | Rated 4.6/5 (315 reviews) | Very expensive / luxury tier",Google Places API (New)
Cabra,"200 N Green St, Chicago, IL 60607, USA",Chicago,IL,(312) 761-1717,http://www.cabrachicago.com/,info@cabrachicago.com,Expensive,4.4,,Chic hotel rooftop for chef-driven Peruvian sharing plates & ceviche with craft cocktails & views. | Peruvian Restaurant | Rated 4.4/5 (1892 reviews) | Expensive / upscale tier,Google Places API (New)
Moody Tongue,"2515 S Wabash Ave, Chicago, IL 60616, USA",Chicago,IL,(312) 600-5111,http://www.moodytongue.com/,contact@moodytongue.com,Expensive,4.5,,Exotic beers are offered along with oysters & cake at this brewery tasting room with a fireplace. | Restaurant | Rated 4.5/5 (638 reviews) | Expensive / upscale tier,Google Places API (New)
Ciccio Mio,"226 W Kinzie St, Chicago, IL 60654, USA",Chicago,IL,(312) 796-3316,https://cicciomio.com/,,Expensive,4.6,,"Classic Italian cooking & cocktails are presented in an elegant, low-lit setting lined with art. | Italian Restaurant | Rated 4.6/5 (956 reviews) | Expensive / upscale tier",Google Places API (New)
Mako,"731 W Lake St, Chicago, IL 60661, USA",Chicago,IL,(312) 988-0687,http://www.makochicago.com/,info@makochicago.com,Very Expensive,4.5,,"Elaborate, seasonal sushi presentations make up the multiple courses at this sleek, upscale eatery. | Sushi Restaurant | Rated 4.5/5 (352 reviews) | Very expensive / luxury tier",Google Places API (New)
OMAKASE YUME,"651 W Washington Blvd Ste 101, Chicago, IL 60661, USA",Chicago,IL,(312) 265-1610,http://omakaseyume.com/,info@omakaseyume.com,Very Expensive,4.5,,"Chic, compact spot for high-end, multi-course Japanese menus with beer, wine & sake. | Sushi Restaurant | Rated 4.5/5 (295 reviews) | Very expensive / luxury tier",Google Places API (New)
Wagyu House Chicago,"1147 S Delano Ct East, Chicago, IL 60605, USA",Chicago,IL,(464) 768-8224,https://wagyuhouse.group/project/wagyu-house-chicago/,hr@chubbygroup.com,Very Expensive,4.8,,Japanese Restaurant | Rated 4.8/5 (5897 reviews) | Very expensive / luxury tier,Google Places API (New)
Eataly,"43 E Ohio St, Chicago, IL 60611, USA",Chicago,IL,(312) 521-8700,https://www.eataly.com/us_en/stores/chicago,guestrelationschi@eataly.com,Expensive,4.3,,"Bustling modern trattoria in an Italian marketplace for Neapolitan pizza & homemade, al dente pasta. | Grocery Store | Rated 4.3/5 (5624 reviews) | Expensive / upscale tier",Google Places API (New)
The Aviary,"955 W Fulton Market, Chicago, IL 60607, USA",Chicago,IL,,https://www.theaviary.com/,hospitality@theaviary.com,Very Expensive,4.3,,Swanky cocktail lounge with intricate drinks in super creative presentations & clever small bites. | Cocktail Bar | Rated 4.3/5 (1488 reviews) | Very expensive / luxury tier,Google Places API (New)
Mercat a la Planxa,"Located in The Blackstone Hotel, 638 S Michigan Ave, Chicago, IL 60605, USA",Chicago,IL,(312) 765-0524,https://www.mercatchicago.com/,,Expensive,4.2,,Creative Catalan-inspired tapas & inventive cocktails in a swanky setting overlooking Grant Park. | Spanish Restaurant | Rated 4.2/5 (930 reviews) | Expensive / upscale tier,Google Places API (New)
Trattoria RNB Private Dining & Events,"406 N Sangamon St, Chicago, IL 60642, USA",Chicago,IL,(708) 514-0575,http://rnbchicago.com/,,Expensive,4.9,,Italian Restaurant | Rated 4.9/5 (151 reviews) | Expensive / upscale tier,Google Places API (New)
Gibsons Bar & Steakhouse,"1028 N Rush St, Chicago, IL 60611, USA",Chicago,IL,(312) 266-8999,https://www.gibsonssteakhouse.com/gibsons-chicago/,donations@grgmc.com,Very Expensive,4.6,,Surf 'n' turf staple offering a classic menu & an extensive wine list in an upscale setting. | Steak House | Rated 4.6/5 (6863 reviews) | Very expensive / luxury tier,Google Places API (New)
Butcher and the Bear,"2721 N Halsted St, Chicago, IL 60614, USA",Chicago,IL,(312) 955-0306,https://www.butcherandthebear.com/,info@butcherandthebear.com,Expensive,4.6,,Steak House | Rated 4.6/5 (430 reviews) | Expensive / upscale tier,Google Places API (New)
Boeufhaus,"1012 N Western Ave, Chicago, IL 60622, USA",Chicago,IL,(773) 661-2116,http://www.boeufhaus.com/,info@boeufhaus.com,Expensive,4.6,,Classic chops plus German-leaning apps & sides in a sleek exposed-brick brasserie setting. | Steak House | Rated 4.6/5 (879 reviews) | Expensive / upscale tier,Google Places API (New)
BLVD Steakhouse,"817 W Lake St, Chicago, IL 60607, USA",Chicago,IL,(312) 526-3116,https://blvdchicago.com/,host@blvdchicago.com,Expensive,4.1,,Swanky destination for upscale New American fare based on classic dishes with cocktails & champagne. | Steak House | Rated 4.1/5 (1541 reviews) | Expensive / upscale tier,Google Places API (New)
The Grillroom Chophouse & Wine Bar,"33 W Monroe St Fl 1, Chicago, IL 60603, USA",Chicago,IL,(312) 960-0000,https://www.grillroom-chicago.com/,jason@grillroom-chicago.com,Expensive,4.5,,"This Loop steakhouse with modern decor serves all-natural steaks, salads, seafood, pasta & wine. | Steak House | Rated 4.5/5 (823 reviews) | Expensive / upscale tier",Google Places API (New)
El Che Steakhouse & Bar,"845 W Washington Blvd, Chicago, IL 60607, USA",Chicago,IL,(312) 265-1130,http://elchechicago.com/,,Expensive,4.5,,"Wood-fired Argentinean-American fare & South American cocktails doled out in hip, stylish surrounds. | Steak House | Rated 4.5/5 (1431 reviews) | Expensive / upscale tier",Google Places API (New)
Artango Bar & Steakhouse,"4767 N Lincoln Ave, Chicago, IL 60625, USA",Chicago,IL,(872) 241-2176,https://www.artangosteakhouse.com/,,Expensive,4.3,,"Argentinean fare, classic cocktails & tango dancing featured in a swanky, 1920s-inspired setting. | Argentinian Restaurant | Rated 4.3/5 (1282 reviews) | Expensive / upscale tier",Google Places API (New)
The Palm - Chicago,"323 E Wacker Dr, Chicago, IL 60601, USA",Chicago,IL,(312) 616-1000,https://www.thepalm.com/restaurants/chicago/,,Very Expensive,4.3,,"Storied chain serving high-end steakhouse fare, seafood & diverse wines in clubby surrounds. | Steak House | Rated 4.3/5 (808 reviews) | Very expensive / luxury tier",Google Places API (New)
Fogo de Chão Brazilian Steakhouse,"661 N La Salle Dr, Chicago, IL 60654, USA",Chicago,IL,(312) 932-9330,https://fogodechao.com/location/chicago/,,Expensive,4.8,,Upscale Brazilian chain for all-you-can-eat meat carved tableside plus an extensive salad bar. | Brazilian Restaurant | Rated 4.8/5 (27240 reviews) | Expensive / upscale tier,Google Places API (New)
Shula's Steak House,"301 E North Water St, Chicago, IL 60611, USA",Chicago,IL,(312) 670-0778,https://www.shulas.com/shulas-steak-house/chicago-downtown-il/,,Expensive,3.6,,Former football coach Don Shula's clubby chain serving aged beef & other steakhouse fare. | Steak House | Rated 3.6/5 (269 reviews) | Expensive / upscale tier,Google Places API (New)
Stetsons Modern Steak + Sushi,"151 E Wacker Dr, Chicago, IL 60601, USA",Chicago,IL,(312) 239-4491,http://www.stetsonschicago.com/,,Expensive,4.2,,"Modern, upscale chophouse & lounge offering steaks & sushi along with organic produce. | Steak House | Rated 4.2/5 (239 reviews) | Expensive / upscale tier",Google Places API (New)
The Barn Steakhouse,"1016 Church St Rear, Evanston, IL 60201, USA",Evanston,IL,(847) 868-8041,http://www.thebarnsteakhouse.com/,,Very Expensive,4.6,,"Chic spot for New American fare, steaks & cocktails in rustic surrounds at a former stable. | Steak House | Rated 4.6/5 (576 reviews) | Very expensive / luxury tier",Google Places API (New)
Yvonne's,"2 Winter Pl, Boston, MA 02108, USA",Boston,MA,(617) 267-0047,https://www.yvonnesboston.com/,,Expensive,4.5,,Refined yet playful supper club in a handsome hideaway accented with marble and mahogany wood. | Fine Dining Restaurant | Rated 4.5/5 (3658 reviews) | Expensive / upscale tier,Google Places API (New)
STK Steakhouse,"222 Berkeley St, Boston, MA 02116, USA",Boston,MA,(617) 315-8274,https://stksteakhouse.com/en-us/location/boston/?utm_source=google&utm_medium=organic&utm_campaign=gbp,info@togrp.com,Expensive,4.8,,Steak House | Rated 4.8/5 (21272 reviews) | Expensive / upscale tier,Google Places API (New)
Mooo.... Beacon Hill,"15 Beacon St, Boston, MA 02108, USA",Boston,MA,(617) 670-2515,https://mooorestaurant.com/mooo-beaconhill/,kailee@lukendigital.com,Very Expensive,4.6,,"Sophisticated, modern steakhouse featuring high-end cuts, a full bar & an extensive wine list. | Steak House | Rated 4.6/5 (1461 reviews) | Very expensive / luxury tier",Google Places API (New)
Deuxave,"371 Commonwealth Ave, Boston, MA 02115, USA",Boston,MA,(617) 517-5915,http://www.deuxave.com/,,Very Expensive,4.6,,Celebration place crafting modern French & American meals in chic quarters with a fireplace & bar. | French Restaurant | Rated 4.6/5 (870 reviews) | Very expensive / luxury tier,Google Places API (New)
Contessa Boston,"Rooftop, 3 Newbury St, Boston, MA 02116, USA",Boston,MA,(617) 741-3404,https://www.contessaristorante.com/boston/?utm_medium=Click&utm_source=GoogleMyBusiness,reservations@contessaboston.com,Very Expensive,4.1,,"Italian-inspired cuisine, brunch, and wine offered in an opulent rooftop restaurant with city views. | Italian Restaurant | Rated 4.1/5 (1720 reviews) | Very expensive / luxury tier",Google Places API (New)
Chart House,"60 Long Wharf, Boston, MA 02110, USA",Boston,MA,(617) 227-1576,https://www.chart-house.com/location/chart-house-boston-ma/,,Expensive,4.3,,High-end chain eatery serving seafood & steakhouse fare in a classy setting with views. | Seafood Restaurant | Rated 4.3/5 (3169 reviews) | Expensive / upscale tier,Google Places API (New)
Grill 23 & Bar,"161 Berkeley St, Boston, MA 02116, USA",Boston,MA,(617) 542-2255,http://www.grill23.com/,info@grill23.com,Very Expensive,4.6,,Classy chophouse presenting surf 'n' turf classics & an ample wine selection in ornate rooms. | Steak House | Rated 4.6/5 (2458 reviews) | Very expensive / luxury tier,Google Places API (New)
SAVR,"150 Seaport Blvd, Boston, MA 02210, USA",Boston,MA,(617) 553-7287,https://savrtm.com/,,Expensive,4.6,,American Restaurant | Rated 4.6/5 (689 reviews) | Expensive / upscale tier,Google Places API (New)
Mistral,"223 Columbus Ave, Boston, MA 02116, USA",Boston,MA,(617) 867-9300,https://mistralbistro.com/,lflores@mistralbistro.com,Expensive,4.6,,Elegant bistro crafting acclaimed French-Mediterranean cuisine in refined surroundings. | French Restaurant | Rated 4.6/5 (1313 reviews) | Expensive / upscale tier,Google Places API (New)
The Oceanaire Seafood Room,"40 Court St, Boston, MA 02108, USA",Boston,MA,(617) 742-2277,https://www.theoceanaire.com/location/boston-ma/,,Very Expensive,4.3,,"High-end chain offering seafood, steaks & a deep wine list in sophisticated but lively environs. | Fine Dining Restaurant | Rated 4.3/5 (1163 reviews) | Very expensive / luxury tier",Google Places API (New)
Ostra,"1 Charles St S, Boston, MA 02116, USA",Boston,MA,(617) 421-1200,https://ostraboston.com/,tlamotte@ostraboston.com,Very Expensive,4.7,,"Sophisticated venue serving fish-focused Mediterranean fare, in addition to a bar. | Seafood Restaurant | Rated 4.7/5 (1343 reviews) | Very expensive / luxury tier",Google Places API (New)
Mamma Maria,"3 N Square #1, Boston, MA 02113, USA",Boston,MA,(617) 523-0077,http://www.mammamaria.com/,,Expensive,4.7,,"Refined Italian menu with a focus on local ingredients, served in a romantic townhouse. | Italian Restaurant | Rated 4.7/5 (2176 reviews) | Expensive / upscale tier",Google Places API (New)
Bistro du Midi,"272 Boylston St, Boston, MA 02116, USA",Boston,MA,(617) 279-8000,http://www.bistrodumidi.com/,info@bistrodumidi.com,Expensive,4.4,,Lighter fare in the downstairs cafe & refined Southern French fare & Public Garden views upstairs. | French Restaurant | Rated 4.4/5 (1235 reviews) | Expensive / upscale tier,Google Places API (New)
The Capital Grille,"900 Boylston St, Boston, MA 02115, USA",Boston,MA,(617) 262-8900,https://www.thecapitalgrille.com/locations/ma/boston/boston/8047?cmpid=br:tcg_ag:ie_ch:loc_ca:TCGGMB_sn:gmb_gt:boston-ma-8047_pl:locurl_rd:1042,,Very Expensive,4.6,,"Outpost of the upscale steakhouse chain offers classic American fare & a clubby, refined setting. | Fine Dining Restaurant | Rated 4.6/5 (1473 reviews) | Very expensive / luxury tier",Google Places API (New)
Sorellina,"1 Huntington Ave, Boston, MA 02116, USA",Boston,MA,(617) 412-4600,https://sorellinaboston.com/,tlamotte@sorellinaboston.com,Very Expensive,4.6,,"Sophisticated, modern takes on Italian-Mediterranean cuisine amid warm, contemporary decor. | Italian Restaurant | Rated 4.6/5 (931 reviews) | Very expensive / luxury tier",Google Places API (New)
Ocean Prime,"140 Seaport Blvd, Boston, MA 02210, USA",Boston,MA,(617) 670-1345,https://www.ocean-prime.com/locations-menus/boston,,Expensive,4.6,,"Upscale chain known for its sophisticated decor, long wine list & classic steak & seafood menu. | Seafood Restaurant | Rated 4.6/5 (2661 reviews) | Expensive / upscale tier",Google Places API (New)
Davio's Northern Italian Steakhouse,"75 Arlington St, Boston, MA 02116, USA",Boston,MA,(617) 357-4810,https://davios.com/bos,daviosboston@davios.com,Expensive,4.4,,"High-end Italian steakhouse with an extensive menu & wine list, plus a refined bar. | Italian Restaurant | Rated 4.4/5 (1537 reviews) | Expensive / upscale tier",Google Places API (New)
Rare Steakhouse,"1 Broadway, Everett, MA 02149, USA",Everett,MA,(857) 770-3300,https://www.encorebostonharbor.com/dining-and-nightlife/dining/rare-steakhouse,,Very Expensive,4.7,,"Polished white-tablecloth operation dishing up traditional & Japanese-style cuts, plus cocktails. | Steak House | Rated 4.7/5 (2120 reviews) | Very expensive / luxury tier",Google Places API (New)
Eddie Merlot's,"505 Congress St, Boston, MA 02210, USA",Boston,MA,(857) 233-5009,https://www.eddiemerlots.com/boston/,,Very Expensive,4.7,,"Premium chain serving aged steaks, seafood & a lengthy wine list in plush surroundings. | Steak House | Rated 4.7/5 (2082 reviews) | Very expensive / luxury tier",Google Places API (New)
Mastro's Ocean Club,"25 Fan Pier Boulevard, Boston, MA 02210, USA",Boston,MA,(617) 530-1925,https://www.mastrosrestaurants.com/Locations/MA/Boston/,,Very Expensive,4.5,,Fine Dining Restaurant | Rated 4.5/5 (1406 reviews) | Very expensive / luxury tier,Google Places API (New)
Asta,"47 Massachusetts Ave, Boston, MA 02115, USA",Boston,MA,(617) 585-9575,http://www.astaboston.com/,,Expensive,4.4,,Upscale New American fixed-price tasting-menu dinners served amid exposed brick in a simple setting. | American Restaurant | Rated 4.4/5 (301 reviews) | Expensive / upscale tier,Google Places API (New)
Field & Vine,"9 Sanborn Ct, Somerville, MA 02143, USA",Somerville,MA,(617) 718-2333,http://www.fieldandvinesomerville.com/,,Expensive,4.7,,"Local farm sourcing guides the philosophy at this hip, casual spot for small plates, beer & wine. | American Restaurant | Rated 4.7/5 (607 reviews) | Expensive / upscale tier",Google Places API (New)
Trade,"540 Atlantic Ave, Boston, MA 02210, USA",Boston,MA,(617) 451-1234,https://www.trade-boston.com/,,Expensive,4.4,,"Innovative Mediterranean plates & cocktails served in lively, modern, high-ceilinged setting. | Greek Restaurant | Rated 4.4/5 (988 reviews) | Expensive / upscale tier",Google Places API (New)
Blu,"4 Avery St, Boston, MA 02111, USA",Boston,MA,,http://www.blurestaurant.com/,events@blurestaurant.com,Expensive,4.3,,"Upscale restaurant featuring a seasonal American menu, full bar & huge windows providing city views. | American Restaurant | Rated 4.3/5 (408 reviews) | Expensive / upscale tier",Google Places API (New)
Ruka,"505 Washington St, Boston, MA 02111, USA",Boston,MA,(617) 266-0102,https://www.rukarestobar.com/,,Expensive,4.4,,"Peruvian, Japanese, and Chinese food in a dining room that mixes cultural motifs for dramatic effect. | Fine Dining Restaurant | Rated 4.4/5 (2097 reviews) | Expensive / upscale tier",Google Places API (New)
SRV,"569 Columbus Ave, Boston, MA 02118, USA",Boston,MA,(617) 536-9500,http://www.srvboston.com/,,Expensive,4.6,,Housemade pastas and other small plates are served at this casual-chic wine bar with a rear patio. | Italian Restaurant | Rated 4.6/5 (1323 reviews) | Expensive / upscale tier,Google Places API (New)
Abe & Louie's,"793 Boylston St, Boston, MA 02116, USA",Boston,MA,(617) 536-6300,http://www.abeandlouies.com/,websitecontact@abeandlouies.com,Expensive,4.5,,"High-end steakhouse known for classic steaks & sides, brunch & an extensive wine list. | Steak House | Rated 4.5/5 (2953 reviews) | Expensive / upscale tier",Google Places API (New)
OAK Long Bar + Kitchen,"138 St James Ave, Boston, MA 02116, USA",Boston,MA,(617) 585-7222,https://www.oaklongbarkitchen.com/?utm_source=google+Maps&utm_medium=seo+maps&utm_campaign=seo+maps,boston@oaklongbarkitchen.com,Expensive,4.3,,"Sophisticated spot in the Fairmont for farm-to-table American eats, craft drinks & hobnobbing. | Restaurant | Rated 4.3/5 (1075 reviews) | Expensive / upscale tier",Google Places API (New)
Del Frisco's Double Eagle Steakhouse,"250 Northern Ave Ste 200, Boston, MA 02210, USA",Boston,MA,(617) 951-1368,https://www.delfriscos.com/location/del-friscos-double-eagle-steakhouse-boston-seaport-ma/,,Very Expensive,4.3,,Opulently outfitted chain restaurant specializing in prime steaks & seafood along with fine wines. | Steak House | Rated 4.3/5 (2036 reviews) | Very expensive / luxury tier,Google Places API (New)
Terra,"800 Boylston St, Boston, MA 02199, USA",Boston,MA,(617) 807-7307,https://www.eataly.com/us_en/stores/boston/restaurants,youremail@eataly.com,Expensive,3.9,,"Eataly-based dining area specializing in wood-grilled fare with herb-infused cocktails, beer & wine. | Italian Restaurant | Rated 3.9/5 (1094 reviews) | Expensive / upscale tier",Google Places API (New)
Lucca Restaurant,"226 Hanover St, Boston, MA 02113, USA",Boston,MA,(617) 742-9200,http://www.luccaboston.com/,craig@luccaboston.com,Expensive,4.4,,"Intimate pick for traditional Northern Italian dishes, with a focus on seasonal produce. | Italian Restaurant | Rated 4.4/5 (1237 reviews) | Expensive / upscale tier",Google Places API (New)
Buttermilk & Bourbon - Back Bay,"160 Commonwealth Ave, Boston, MA 02116, USA",Boston,MA,(617) 266-1122,https://www.buttermilkbourbon.com/,,Expensive,4.4,,"Destination for quirky New Orleans-inspired dishes by a local star chef, plus a lively lounge. | American Restaurant | Rated 4.4/5 (2984 reviews) | Expensive / upscale tier",Google Places API (New)
Rowes Wharf Sea Grille,"70 Rowes Wharf, Boston, MA 02110, USA",Boston,MA,(617) 856-7744,http://www.roweswharfseagrille.com/?utm_source=local-directories&utm_medium=organic&utm_campaign=rowes-wharf-local-directories,rwsg@bostonharborhotel.com,Expensive,4.3,,Boston Harbor Hotel's casual yet chic seafood spot with waterside patio & live music in the summer. | Restaurant | Rated 4.3/5 (536 reviews) | Expensive / upscale tier,Google Places API (New)
La Voile,"261 Newbury St, Boston, MA 02116, USA",Boston,MA,(617) 587-4200,https://www.lavoilerestaurants.com/la-voile-newbury/,lavoilebrookline@gmail.com,Expensive,4.6,,"Elegant destination for classic French cuisine, including a nightly fixed-price menu. | French Restaurant | Rated 4.6/5 (1210 reviews) | Expensive / upscale tier",Google Places API (New)
Saltie Girl,"279 Dartmouth St, Boston, MA 02116, USA",Boston,MA,(617) 267-0691,http://www.saltiegirl.com/,boston@saltiegirl.com.Saltie,Expensive,4.4,,"Charming raw bar serving various seafood, including dishes made with tinned fish. | Seafood Restaurant | Rated 4.4/5 (4180 reviews) | Expensive / upscale tier",Google Places API (New)
CLINK.,"215 Charles St, Boston, MA 02114, USA",Boston,MA,(617) 224-4004,https://www.clinkboston.com/,clink@libertyhotel.com,Expensive,4.3,,Original bars & cells in this former jail provide a unique setting for modern American dishes. | American Restaurant | Rated 4.3/5 (692 reviews) | Expensive / upscale tier,Google Places API (New)
Bar Volpe,"170 W Broadway, Boston, MA 02127, USA",Boston,MA,(617) 865-7100,https://www.barvolpe.com/,,Expensive,4.5,,Italian Restaurant | Rated 4.5/5 (468 reviews) | Expensive / upscale tier,Google Places API (New)
Prezza,"24 Fleet St, Boston, MA 02113, USA",Boston,MA,(617) 227-1577,https://prezza.com/,james@prezza.com,Expensive,4.6,,"A cozy ambiance for upscale, modern interpretations of Italian peasant fare, with handmade pastas. | Italian Restaurant | Rated 4.6/5 (721 reviews) | Expensive / upscale tier",Google Places API (New)
BASILE - Fine Italian Kitchen,"162 Columbus Ave, Boston, MA 02116, USA",Boston,MA,(617) 350-0007,https://basileboston.com/,info@basileboston.com,Expensive,4,,"Upmarket choice for Italian cuisine with unique touches in a quiet, intimate atmosphere. | Italian Restaurant | Rated 4/5 (543 reviews) | Expensive / upscale tier",Google Places API (New)
The Palm - Boston,"1 International Pl, Boston, MA 02110, USA",Boston,MA,(617) 867-9292,https://www.thepalm.com/restaurants/boston/,,Very Expensive,4.3,,"Storied chain serving high-end steakhouse fare, seafood & diverse wines in clubby surrounds. | Steak House | Rated 4.3/5 (797 reviews) | Very expensive / luxury tier",Google Places API (New)
Oleana,"134 Hampshire St, Cambridge, MA 02139, USA",Cambridge,MA,(617) 661-0505,http://www.oleanarestaurant.com/,info@oleanarestaurant.com,Expensive,4.6,,"Inventive Eastern Mediterranean dishes in a warm, welcoming interior or a peaceful garden patio. | Mediterranean Restaurant | Rated 4.6/5 (2269 reviews) | Expensive / upscale tier",Google Places API (New)
75 on Liberty Wharf,"220 Northern Ave, Boston, MA 02210, USA",Boston,MA,(617) 227-0754,https://www.75onlibertywharf.com/,,Expensive,4.2,,"Sleek, modern restaurant with expansive harbor views serving upscale New England & American fare. | American Restaurant | Rated 4.2/5 (2180 reviews) | Expensive / upscale tier",Google Places API (New)
Smith & Wollensky - Boston,"Atlantic Wharf, 294 Congress St, Boston, MA 02210, USA",Boston,MA,(617) 778-2200,https://www.smithandwollensky.com/locations/boston/,,Very Expensive,4.4,,"Steakhouse chain outpost serving prime, dry-aged steaks, seafood & wine in a power-dining setting. | Steak House | Rated 4.4/5 (1697 reviews) | Very expensive / luxury tier",Google Places API (New)
Parker's Restaurant,"60 School St, Boston, MA 02108, USA",Boston,MA,(617) 725-1600,https://www.omnihotels.com/hotels/boston-parker-house/dining/parkers-restaurant?utm_source=gmblisting&utm_medium=organic,,Expensive,4.3,,Upscale restaurant in the historic Parker House Hotel serving New England fare in a formal setting. | American Restaurant | Rated 4.3/5 (323 reviews) | Expensive / upscale tier,Google Places API (New)
Venezia,"20 Ericsson St, Boston, MA 02122, USA",Boston,MA,(617) 436-3120,https://www.veneziaboston.com/,nina@veneziaboston.com,Expensive,4.5,,"Classic Italian dishes in a refined airy dining room on the water, plus related winery next door. | Italian Restaurant | Rated 4.5/5 (1614 reviews) | Expensive / upscale tier",Google Places API (New)
Atlantic Fish Company,"761 Boylston St, Boston, MA 02116, USA",Boston,MA,(617) 267-4000,https://www.atlanticfish.com/,websitecontact@atlanticfishco.com,Expensive,4.6,,Established eatery with a refined interior & sidewalk seats offering seafood & a robust wine list. | Seafood Restaurant | Rated 4.6/5 (4261 reviews) | Expensive / upscale tier,Google Places API (New)
Troquet on South,"107 South St, Boston, MA 02111, USA",Boston,MA,(617) 695-9463,http://troquetboston.com/,gm@troquetboston.com,Expensive,4.5,,Intimate bistro matching French-New American dishes with notable wines in a warm setting. | American Restaurant | Rated 4.5/5 (444 reviews) | Expensive / upscale tier,Google Places API (New)
Scampo,"215 Charles St, Boston, MA 02114, USA",Boston,MA,(617) 536-2100,http://www.scampoboston.com/,02114617-536-2100info@scampoboston.com,Expensive,4.4,,Liberty Hotel's chic destination (& former jailhouse) for Italian fare & mozzarella bar. | Italian Restaurant | Rated 4.4/5 (795 reviews) | Expensive / upscale tier,Google Places API (New)
Lolita Fort Point,"253 Summer St, Boston, MA 02210, USA",Boston,MA,(617) 369-0931,https://www.lolitamexican.com/,,Expensive,4.3,,"Sprawling stop with red chandeliers and murals offering elevated Mexican fare, plus tequila and sangria. | Fine Dining Restaurant | Rated 4.3/5 (4012 reviews) | Expensive / upscale tier",Google Places API (New)
Citrus & Salt Boston,"319 A St, Boston, MA 02210, USA",Boston,MA,(617) 424-6711,https://www.citrusandsaltboston.com/,,Expensive,4.3,,Baja-inspired eatery serving Southern California and Mexican dishes with tequila and mezcal. | Mexican Restaurant | Rated 4.3/5 (1892 reviews) | Expensive / upscale tier,Google Places API (New)
Sarma Restaurant,"249 Pearl St, Somerville, MA 02145, USA",Somerville,MA,(617) 764-4464,https://www.sarmarestaurant.com/,info@sarmarestaurant.com,Expensive,4.6,,"A modern Mediterranean menu, featuring meze & Middle Eastern favorites, offered in colorful digs. | Restaurant | Rated 4.6/5 (2812 reviews) | Expensive / upscale tier",Google Places API (New)
Legal Sea Foods - Harborside,"270 Northern Ave, Boston, MA 02210, USA",Boston,MA,(617) 477-2900,https://www.legalseafoods.com/locations/boston-harborside/,,Expensive,4.4,,"Specializing in upmarket seafood, this contemporary chain also serves steaks & cocktails. | Seafood Restaurant | Rated 4.4/5 (6676 reviews) | Expensive / upscale tier",Google Places API (New)
Morton's The Steakhouse,"2 Seaport Ln, Boston, MA 02210, USA",Boston,MA,(617) 526-0410,https://www.mortons.com/location/mortons-the-steakhouse-boston-ma-seaport/,,Very Expensive,4.5,,"Upscale chain for aged prime beef, seafood & other traditional steakhouse fare in a clubby space. | Restaurant | Rated 4.5/5 (1257 reviews) | Very expensive / luxury tier",Google Places API (New)
Bricco,"241 Hanover St, Boston, MA 02113, USA",Boston,MA,(617) 248-6800,https://bricco.com/,,Expensive,4.4,,"Sophisticated spot for modern takes on Italian fare, cocktails & late-night brick-oven pizza. | Italian Restaurant | Rated 4.4/5 (1910 reviews) | Expensive / upscale tier",Google Places API (New)
Toscano,"47 Charles St, Boston, MA 02114, USA",Boston,MA,(617) 723-4090,http://www.toscanoboston.com/,richard@toscanoboston.com,Expensive,4.4,,"Tuscan specialties including pasta, pizza & risotto in a rustic, refined setting. | Italian Restaurant | Rated 4.4/5 (861 reviews) | Expensive / upscale tier",Google Places API (New)
Vintage Restaurant and Lounge,"72 Broad St, Boston, MA 02110, USA",Boston,MA,(617) 482-1900,http://www.vlboston.com/vlboston.com,Events@VLBoston.com,Expensive,4.3,,"Stylish lounge with leather couches & patio offering sizable wine list, cocktail menu & bar bites. | Restaurant | Rated 4.3/5 (178 reviews) | Expensive / upscale tier",Google Places API (New)
Peregrine,"170 Charles St, Boston, MA 02114, USA",Boston,MA,(617) 826-1762,https://www.peregrineboston.com/,info@peregrineboston.com,Expensive,4.2,,"Seasonal, Mediterranean-inspired specialties & wine offered in an elegant restaurant in a hotel. | Mediterranean Restaurant | Rated 4.2/5 (233 reviews) | Expensive / upscale tier",Google Places API (New)
Committee,"50 Northern Ave, Boston, MA 02210, USA",Boston,MA,(617) 737-5051,https://committeeboston.com/?utm_source=google&utm_medium=organic&utm_campaign=Google_My_Business,hello@committeeboston.com,Expensive,4.3,,"Big hot spot with multiple lounges & bars serving Greek-Med meze, plus tiki cocktails on the patio. | Mediterranean Restaurant | Rated 4.3/5 (2561 reviews) | Expensive / upscale tier",Google Places API (New)
Mooncusser,"304 Stuart St, Boston, MA 02116, USA",Boston,MA,(617) 917-5193,http://www.mooncusserboston.com/,,Expensive,4.6,,Seasonal 4-course tasting menus with local seafood & globally inspired dishes in a chic restaurant. | Seafood Restaurant | Rated 4.6/5 (509 reviews) | Expensive / upscale tier,Google Places API (New)
Nightshade Noodle Bar,"73 Exchange St, Lynn, MA 01901, USA",Lynn,MA,(781) 780-9470,http://nightshadenoodlebar.com/,info@nightshadenoodlebar.com,Expensive,4.6,,"Trendy hangout with tropical-themed interiors & a patio, highlighting French & Vietnamese flavors. | Fine Dining Restaurant | Rated 4.6/5 (539 reviews) | Expensive / upscale tier",Google Places API (New)
Alden & Harlow,"40 Brattle St #3, Cambridge, MA 02138, USA",Cambridge,MA,(617) 864-2100,http://aldenharlow.com/,info@aldenharlow.com,Expensive,4.4,,Subterranean restaurant serving creative New American fare & cocktails on tap in rustic-chic digs. | American Restaurant | Rated 4.4/5 (2441 reviews) | Expensive / upscale tier,Google Places API (New)
Harvest,"44 Brattle St, Cambridge, MA 02138, USA",Cambridge,MA,(617) 868-2255,http://www.harvestcambridge.com/,info@harvestcambridge.com,Expensive,4.4,,"Venerable, welcoming mainstay for contemporary New England seasonal dishes & a garden courtyard. | American Restaurant | Rated 4.4/5 (1121 reviews) | Expensive / upscale tier",Google Places API (New)
Faccia a Faccia,"278 Newbury St, Boston, MA 02116, USA",Boston,MA,(857) 574-4840,https://www.facciaafacciaboston.com/,info@facciaboston.com,Expensive,4.1,,Italian Restaurant | Rated 4.1/5 (544 reviews) | Expensive / upscale tier,Google Places API (New)
Alma Gaucha,"401 D St, Boston, MA 02210, USA",Boston,MA,(617) 420-4900,http://almagauchausa.com/,reservation@almagaucha.net,Expensive,4.8,,Cozy Brazilian steakhouse offering specialty meats & a buffet for sides & salads. | Brazilian Restaurant | Rated 4.8/5 (3491 reviews) | Expensive / upscale tier,Google Places API (New)
Toro,"1704 Washington St, Boston, MA 02118, USA",Boston,MA,(617) 676-0072,https://www.toro-restaurant.com/,info@toroboston.com,Expensive,4.4,,"Small, stylish spot from Chef Ken Oringer serves up celebrated tapas, cocktails & Spanish wines. | Spanish Restaurant | Rated 4.4/5 (2476 reviews) | Expensive / upscale tier",Google Places API (New)
Rose - International Tapas & Bar,"397A Chelsea St, Boston, MA 02128, USA",Boston,MA,(617) 271-2856,https://rose.boston/,info@rose.boston,Expensive,4.6,,Bar | Rated 4.6/5 (794 reviews) | Expensive / upscale tier,Google Places API (New)
ReelHouse,"6 New St, Boston, MA 02128, USA",Boston,MA,(617) 895-4075,https://www.reelhouseboston.com/,,Expensive,4.2,,"Alfresco waterfront locale with coastal dishes, refreshing drinks & nautical style. | American Restaurant | Rated 4.2/5 (1406 reviews) | Expensive / upscale tier",Google Places API (New)
o ya,"9 East St, Boston, MA 02111, USA",Boston,MA,(617) 654-9900,https://www.o-ya.restaurant/,gabe@cushmanconcepts.com,Very Expensive,4.5,,"Acclaimed, inventive sushi, Japanese small plates & tasting menus crafted in elegant surrounds. | Japanese Restaurant | Rated 4.5/5 (649 reviews) | Very expensive / luxury tier",Google Places API (New)
Uni,"370A Commonwealth Ave, Boston, MA 02215, USA",Boston,MA,(617) 356-0167,https://uni-boston.com/,info@uni-boston.com,Very Expensive,4.2,,"Chic bilevel hotel eatery with dark wood accents serving sashimi, sushi & unique Asian street food. | Sushi Restaurant | Rated 4.2/5 (937 reviews) | Very expensive / luxury tier",Google Places API (New)
Season to Taste,"1678 Massachusetts Ave, Cambridge, MA 02138, USA",Cambridge,MA,(617) 826-9037,http://www.seasontotaste.com/,info@seasontotaste.com,Expensive,4.7,,Restaurant | Rated 4.7/5 (716 reviews) | Expensive / upscale tier,Google Places API (New)
Pammy's,"928 Massachusetts Ave, Cambridge, MA 02139, USA",Cambridge,MA,(617) 945-1761,https://www.pammyscambridge.com/,info@pammyscambridge.com,Expensive,4.6,,"Italian plates, like housemade pastas, in a chic but homey space with fine wines & fireplace. | American Restaurant | Rated 4.6/5 (1088 reviews) | Expensive / upscale tier",Google Places API (New)
JiangNan Boston,"177 Tremont St, Boston, MA 02111, USA",Boston,MA,(857) 277-0668,https://www.jiangnanny.com/ourlocations,info@jiangnanus.com,Expensive,4.5,,Chinese Restaurant | Rated 4.5/5 (773 reviews) | Expensive / upscale tier,Google Places API (New)
Tresca,"233 Hanover St, Boston, MA 02113, USA",Boston,MA,(617) 742-8240,https://trescanorthend.com/,info@trescanorthend.com,Expensive,4.6,,Boisterous Tuscan-inspired setting for high-end Italian dishes including tasting menu options. | Italian Restaurant | Rated 4.6/5 (857 reviews) | Expensive / upscale tier,Google Places API (New)
Neptune Oyster,"63 Salem St APT 1, Boston, MA 02113, USA",Boston,MA,(617) 742-3474,http://www.neptuneoyster.com/,,Expensive,4.3,,"Lines form for the raw bar & warm, buttered lobster rolls at this tiny, high-end oyster bar. | Seafood Restaurant | Rated 4.3/5 (4935 reviews) | Expensive / upscale tier",Google Places API (New)
Bar Mezzana,"360 Harrison Ave, Boston, MA 02118, USA",Boston,MA,(617) 530-1770,https://www.barmezzana.com/,info@barmezzana.com,Expensive,4.4,,Sleek Italian spot dishing up elevated favorites in airy environs straight from the Amalfi coast. | Italian Restaurant | Rated 4.4/5 (911 reviews) | Expensive / upscale tier,Google Places API (New)
Café Fleuri,"109 Washington St, New York, NY 10006, USA",New York,NY,(212) 406-1202,https://cafefleuri.com/,hello@cafefleuri.com,Expensive,4.5,,Austrian-Mediterranean food in a space with communal and banquette seating. | French Restaurant | Rated 4.5/5 (651 reviews) | Expensive / upscale tier,Google Places API (New)
Oceana,"120 W 49th St, New York, NY 10020, USA",New York,NY,(212) 759-5941,https://www.oceanarestaurant.com/,,Very Expensive,4.5,,"Vast, elegant upscale restaurant featuring innovative American seafood & an extensive wine list. | Seafood Restaurant | Rated 4.5/5 (1550 reviews) | Very expensive / luxury tier",Google Places API (New)
Mari - Korean Handroll,"679 9th Ave, New York, NY 10036, USA",New York,NY,(646) 649-3545,https://marinyc.com/,info@marinyc.com,Very Expensive,4.5,,Urbane restaurant with an open kitchen specializing in gourmet Korean hand rolls. | Fine Dining Restaurant | Rated 4.5/5 (495 reviews) | Very expensive / luxury tier,Google Places API (New)
Scalini Fedeli,"165 Duane St, New York, NY 10013, USA",New York,NY,(212) 528-0400,https://scalinifedeli.com/,,Expensive,4.8,,"French-influenced Italian fixed-price menus in an elegant, vaulted interior with Tuscan touches. | Italian Restaurant | Rated 4.8/5 (538 reviews) | Expensive / upscale tier",Google Places API (New)
Hippo,"5916 1/2 N Figueroa St, Los Angeles, CA 90042, USA",Los Angeles,CA,(323) 545-3536,http://www.hipporestaurant.com/,hello@hipporestaurant.com,Expensive,4.5,,Contemporary American & Italian fare from an open kitchen with wine & cocktails in artful environs. | Italian Restaurant | Rated 4.5/5 (563 reviews) | Expensive / upscale tier,Google Places API (New)
La Scala,"434 N Canon Dr, Beverly Hills, CA 90210, USA",Beverly Hills,CA,(310) 275-0579,https://www.lascalabeverlyhills.com/,office@LaScalaBeverlyHills.com,Expensive,3.9,,"Long-running Italian restaurant known for chopped salad, homemade pastas & famous visitors. | Italian Restaurant | Rated 3.9/5 (524 reviews) | Expensive / upscale tier",Google Places API (New)
The Cheese Store of Beverly Hills,"9705 S Santa Monica Blvd, Beverly Hills, CA 90210, USA",Beverly Hills,CA,(310) 278-2855,http://cheesestore.com/,info@cheesestorebh.com,Expensive,4.7,,"Long-time destination for artisanal cheeses, charcuterie, wine, caviar, gift baskets & tastings. | Food Store | Rated 4.7/5 (462 reviews) | Expensive / upscale tier",Google Places API (New)
Le Colonial Chicago,"57 E Oak St, Chicago, IL 60611, USA",Chicago,IL,(312) 255-0088,https://chicago.lecolonial.com/,,Expensive,4.5,,Upscale French-Vietnamese fare in a Gold Coast row house with balcony seating & an outdoor patio. | Vietnamese Restaurant | Rated 4.5/5 (2243 reviews) | Expensive / upscale tier,Google Places API (New)
avec Restaurant,"615 W Randolph St, Chicago, IL 60661, USA",Chicago,IL,(312) 377-2002,http://www.avecrestaurant.com/,,Expensive,4.6,,"Inventive small & large plates served in a cozy, minimalist space with communal seating. | Mediterranean Restaurant | Rated 4.6/5 (2447 reviews) | Expensive / upscale tier",Google Places API (New)
Chicago Prime Steakhouse,"1444 E Algonquin Rd, Schaumburg, IL 60173, USA",Schaumburg,IL,(847) 969-9900,http://www.chicagoprimesteakhouse.com/,dine@chicagoprimesteakhouse.com,Very Expensive,4.4,,High-end white-tablecloth spot featuring steak & seafood plus a fireside patio open all year round. | Steak House | Rated 4.4/5 (1204 reviews) | Very expensive / luxury tier,Google Places API (New)
Empire,"1 Marina Park Drive, Boston, MA 02210, USA",Boston,MA,(617) 295-0001,http://www.empireboston.com/,events@empireboston.com,Expensive,4.2,,Old-world China meets sleek modernity at this trendy clublike complex with multiple dining rooms. | Restaurant | Rated 4.2/5 (2001 reviews) | Expensive / upscale tier,Google Places API (New)
Eastern Standard Kitchen and Drinks,"775 Beacon St, Boston, MA 02215, USA",Boston,MA,(617) 530-1590,https://easternstandardboston.com/,team@easternstandardboston.com,Expensive,4.5,,Happening scene starring masterful cocktails & modern brasserie fare in a glamorous atmosphere. | Restaurant | Rated 4.5/5 (2159 reviews) | Expensive / upscale tier,Google Places API (New)
Forage,"5 Craigie Cir, Cambridge, MA 02138, USA",Cambridge,MA,(617) 576-5444,http://www.foragecambridge.com/,,Expensive,4.5,,"Driven by local ingredients, this adorable farm-to-table puts modern twists on classic dishes. | American Restaurant | Rated 4.5/5 (552 reviews) | Expensive / upscale tier",Google Places API (New)
Puritan & Company,"1166 Cambridge St, Cambridge, MA 02139, USA",Cambridge,MA,(617) 615-6195,http://www.puritancambridge.com/,info@puritancambridge.com,Expensive,4.6,,Urban cafe serving modern American cuisine & traditional New England dishes for dinner & brunch. | Restaurant | Rated 4.6/5 (996 reviews) | Expensive / upscale tier,Google Places API (New)
Giulia,"1682 Massachusetts Ave, Cambridge, MA 02138, USA",Cambridge,MA,(617) 441-2800,http://www.giuliarestaurant.com/,info@giuliarestaurant.com,Expensive,4.7,,"Italian classic including fresh pastas in a rustic, cozy setting that includes a communal table. | Italian Restaurant | Rated 4.7/5 (939 reviews) | Expensive / upscale tier",Google Places API (New)
haley.henry,"45 Province St, Boston, MA 02108, USA",Boston,MA,(617) 208-6000,http://www.haleyhenry.com/,,Expensive,4.6,,"Stylish, intimate wine bar with light menu of cheese, crudo & imported varieties of tinned fish. | Wine Bar | Rated 4.6/5 (432 reviews) | Expensive / upscale tier",Google Places API (New)
Arya Trattoria,"253 Hanover St #2, Boston, MA 02113, USA",Boston,MA,(617) 742-1276,http://www.aryatrattoria.com/,ariatrattoria@yahoo.com,Expensive,4.4,,"Intimate trattoria serving upscale, classic Italian specialties & tasting menus with a modern twist. | Italian Restaurant | Rated 4.4/5 (501 reviews) | Expensive / upscale tier",Google Places API (New)
Ruth's Chris Steak House,"45 School St, Boston, MA 02108, USA",Boston,MA,(617) 742-8401,https://www.ruthschris.com/locations/ma/boston/boston/7332?cmpid=br:rc_ag:ie_ch:loc_ca:RCGMB_sn:gmb_gt:boston-ma-7332_pl:locurl_rd:1026,,Very Expensive,4.5,,"Outpost of upmarket steakhouse chain known for sizzling, butter-topped beef in an elegant setting | Steak House | Rated 4.5/5 (1886 reviews) | Very expensive / luxury tier",Google Places API (New)
Del Frisco's Double Eagle Steakhouse,"888 Boylston St Ste 053, Boston, MA 02199, USA",Boston,MA,(617) 259-1568,https://www.delfriscos.com/location/del-friscos-double-eagle-steakhouse-boston-back-bay-ma/,,Very Expensive,4.1,,Opulently outfitted chain restaurant specializing in prime steaks & seafood along with fine wines. | Steak House | Rated 4.1/5 (697 reviews) | Very expensive / luxury tier,Google Places API (New)
Fogo de Chão Brazilian Steakhouse,"200 Dartmouth St, Boston, MA 02116, USA",Boston,MA,(617) 585-6300,https://fogodechao.com/location/boston/,,Expensive,4.7,,Upscale Brazilian chain for all-you-can-eat meat carved tableside plus an extensive salad bar. | Brazilian Restaurant | Rated 4.7/5 (13844 reviews) | Expensive / upscale tier,Google Places API (New)
Davio's Northern Italian Steakhouse,"26 Fan Pier Boulevard, Boston, MA 02210, USA",Boston,MA,(617) 261-4810,https://davios.com/seaport,daviosseaport@davios.com,Expensive,4.4,,"High-end Italian steakhouse with an extensive menu & wine list, plus a refined bar. | Italian Restaurant | Rated 4.4/5 (1303 reviews) | Expensive / upscale tier",Google Places API (New)
Rose's Luxury,"717 8th St SE, Washington, DC 20003, USA",Washington,DC,(202) 742-3570,https://www.rosesluxury.com/,info@rosesluxury.com,Expensive,4.7,,"Eclectic New American small plates menu crafted in a cozy, converted townhouse with upstairs bar. | American Restaurant | Rated 4.7/5 (1915 reviews) | Expensive / upscale tier",Google Places API (New)
The Dabney,"122 Blagden Alley NW, Washington, DC 20001, USA",Washington,DC,(202) 240-2660,http://thedabney.com/,allie@thedabney.com,Expensive,4.6,,Chef Jeremiah Langhorne serves Mid-Atlantic cuisine at this rustic spot set in a former row house. | American Restaurant | Rated 4.6/5 (1346 reviews) | Expensive / upscale tier,Google Places API (New)
STK Steakhouse,"901 Massachusetts Ave NW, Washington, DC 20001, USA",Washington,DC,(202) 301-3791,https://stksteakhouse.com/en-us/location/washington/?utm_source=google&utm_medium=organic&utm_campaign=gbp,info@togrp.com,Expensive,4.6,,Steak House | Rated 4.6/5 (4695 reviews) | Expensive / upscale tier,Google Places API (New)
The Capital Grille,"601 Pennsylvania Ave NW, Washington, DC 20004, USA",Washington,DC,(202) 737-6200,https://www.thecapitalgrille.com/locations/dc/washington/washington-dc/8003?cmpid=br:tcg_ag:ie_ch:loc_ca:TCGGMB_sn:gmb_gt:washington-dc-8003_pl:locurl_rd:1001,,Very Expensive,4.6,,"Outpost of the upscale steakhouse chain offers classic American fare & a clubby, refined setting. | Fine Dining Restaurant | Rated 4.6/5 (2736 reviews) | Very expensive / luxury tier",Google Places API (New)
1789 Restaurant,"1226 36th St NW, Washington, DC 20007, USA",Washington,DC,(202) 965-1789,https://www.1789restaurant.com/,info@1789restaurant.com,Very Expensive,4.6,,"A luxe, renovated Federal house sets the scene for refined seasonal American fare. | American Restaurant | Rated 4.6/5 (717 reviews) | Very expensive / luxury tier",Google Places API (New)
St. Anselm,"1250 5th St NE, Washington, DC 20002, USA",Washington,DC,(202) 864-2199,https://stanselmdc.com/?utm_source=GoogleBusinessProfile&utm_medium=Website&utm_campaign=MapLabs,stanselm.info@starr-restaurants.com,Expensive,4.6,,"Premium steaks & sides, plus cocktails & brunch, are served amid a warm, hunting-lodge atmosphere. | Restaurant | Rated 4.6/5 (2311 reviews) | Expensive / upscale tier",Google Places API (New)
Bazaar Meat by José Andrés,"1100 Pennsylvania Ave NW, Washington, DC 20004, USA",Washington,DC,(202) 868-5088,https://www.thebazaar.com/location/washington-dc/,,Very Expensive,4.3,,Spanish Restaurant | Rated 4.3/5 (1118 reviews) | Very expensive / luxury tier,Google Places API (New)
Le Diplomate,"1601 14th St NW, Washington, DC 20009, USA",Washington,DC,(202) 332-3333,http://lediplomatedc.com/?utm_source=GoogleBusinessProfile&utm_medium=Website&utm_campaign=MapLabs,lediplomate.info@starr-restaurants.com,Expensive,4.6,,"Old-fashioned restaurant with outdoor seating, serving familiar French fare, brunch staples, and drinks. | Restaurant | Rated 4.6/5 (8076 reviews) | Expensive / upscale tier",Google Places API (New)
The Lafayette,"800 16th St NW, Washington, DC 20006, USA",Washington,DC,(202) 638-2570,https://www.hayadams.com/dining/the-lafayette,sales@hayadams.com,Expensive,4.5,,High-end restaurant in the Hay-Adams Hotel pairing sophisticated American cuisine with formal decor. | Restaurant | Rated 4.5/5 (315 reviews) | Expensive / upscale tier,Google Places API (New)
VUE Rooftop,"515 15th St NW, Washington, DC 20004, USA",Washington,DC,(202) 661-2400,https://www.vuerooftopdc.com/,forms@tambourine.com,Expensive,4.1,,"Chic rooftop lounge drawing a hip crowd with stylish decor, seasonal cocktails & city views. | Restaurant | Rated 4.1/5 (2315 reviews) | Expensive / upscale tier",Google Places API (New)
L'Ardente,"200 Massachusetts Ave NW, Washington, DC 20001, USA",Washington,DC,(202) 448-0450,https://www.lardente.com/,hr@lardente.com,Expensive,4.5,,Elegant Italian restaurant with chandeliers and a gold-plated pizza oven firing signature pies. | Italian Restaurant | Rated 4.5/5 (2253 reviews) | Expensive / upscale tier,Google Places API (New)
Filomena Ristorante,"1063 Wisconsin Ave NW, Washington, DC 20007, USA",Washington,DC,(202) 338-8800,http://www.filomena.com/,info@filomena.com,Expensive,4.6,,Pasta made in-house plus hearty Italian classics in an upscale restaurant with over-the-top decor. | Italian Restaurant | Rated 4.6/5 (5874 reviews) | Expensive / upscale tier,Google Places API (New)
Kitchen + Kocktails By Kevin Kelley - DC,"1300 I St NW, Washington, DC 20005, USA",Washington,DC,(202) 998-6538,http://kitchenkocktailsusa.com/,,Expensive,4.8,,Soul Food Restaurant | Rated 4.8/5 (15208 reviews) | Expensive / upscale tier,Google Places API (New)
Maydan,"1346 Florida Ave NW, Washington, DC 20009, USA",Washington,DC,(202) 370-3696,https://www.maydandc.com/,shop@maydandc.com,Expensive,4.6,,"Rose Previte's trendsetting eatery showcases Caucasian, North African, and Middle Eastern cuisines. | Middle Eastern Restaurant | Rated 4.6/5 (2236 reviews) | Expensive / upscale tier",Google Places API (New)
Blue Duck Tavern,"1201 24th St NW, Washington, DC 20037, USA",Washington,DC,(202) 789-1234,https://www.blueducktavern.com/,saleswasph@hyatt.com,Expensive,4.5,,New American preparations of locally sourced ingredients served amid handcrafted furnishings. | American Restaurant | Rated 4.5/5 (2001 reviews) | Expensive / upscale tier,Google Places API (New)
Jônt,"1904 14th St NW, Washington, DC 20009, USA",Washington,DC,,http://www.jontdc.com/,info@jontdc.com,Very Expensive,4.6,,Fine Dining Restaurant | Rated 4.6/5 (314 reviews) | Very expensive / luxury tier,Google Places API (New)
Imperfecto,"1124 23rd St NW, Washington, DC 20037, USA",Washington,DC,(202) 964-1012,https://www.sevenreasonsgroup.com/imperfecto,,Very Expensive,4.7,,Sophisticated restaurant preparing elegant seafood & steak dishes with seasonal ingredients. | Restaurant | Rated 4.7/5 (1123 reviews) | Very expensive / luxury tier,Google Places API (New)
Fiola,"entrance on Indiana Ave, 601 Pennsylvania Ave NW, Washington, DC 20004, USA",Washington,DC,(202) 628-2888,http://www.fioladc.com/,reservations@fabiotrabocchi.com,Very Expensive,4.6,,"High-end restaurant serving rustic Italian food & creative cocktails in a modern, upscale space. | Italian Restaurant | Rated 4.6/5 (932 reviews) | Very expensive / luxury tier",Google Places API (New)
Mastro's Steakhouse,"600 13th St NW, Washington, DC 20005, USA",Washington,DC,(202) 347-1500,https://www.mastrosrestaurants.com/Locations/DC/Washington/,,Very Expensive,4.4,,This upscale chain serves sizzling steaks on 400-degree platters & seafood plateaus in swanky digs. | Fine Dining Restaurant | Rated 4.4/5 (2251 reviews) | Very expensive / luxury tier,Google Places API (New)
The Greenhouse,"1200 16th St NW, Washington, DC 20036, USA",Washington,DC,(202) 448-2300,https://www.jeffersondc.com/downtown-washington-dc-restaurants/greenhouse/,information@jeffersondc.com,Expensive,4.5,,"The Jefferson Hotel's destination for thoughtfully sourced, seasonal breakfast, lunch & dinner options, plus weekend brunch. | Fine Dining Restaurant | Rated 4.5/5 (214 reviews) | Expensive / upscale tier",Google Places API (New)
Bistro Cacao,"316 Massachusetts Ave NE, Washington, DC 20002, USA",Washington,DC,(202) 546-4737,http://bistrocacao.com/,info@bistrocacao.com,Expensive,4.5,,Antique decor & curtained booths plus French bistro fare make this townhouse a romantic destination. | French Restaurant | Rated 4.5/5 (1025 reviews) | Expensive / upscale tier,Google Places API (New)
minibar,"855 E St NW, Washington, DC 20004, USA",Washington,DC,(202) 393-0812,https://www.minibarbyjoseandres.com/,events@minibarbyjoseandres.com,Very Expensive,4.8,,Chef José Andrés' inventive kitchen offers luxe fixed-price menus  in chic digs for just 12 guests. | Restaurant | Rated 4.8/5 (429 reviews) | Very expensive / luxury tier,Google Places API (New)
Fiola Mare,"3050 K St NW, Washington, DC 20007, USA",Washington,DC,(202) 350-4982,http://www.fiolamaredc.com/,%20info@fabiotrabocchi.com,Very Expensive,4.5,,"Sophisticated Italian seafood, plus wine & cocktails, in a luxe, modern setting with river views. | Italian Restaurant | Rated 4.5/5 (2481 reviews) | Very expensive / luxury tier",Google Places API (New)
Alhambra,"923 16th St NW, Washington, DC 20006, USA",Washington,DC,(202) 509-8000,https://www.marriott.com/en-us/hotels/wassx-the-st-regis-washington-dc/dining/?scid=feed67b0-9a2f-4de1-8df6-114544116108,,Very Expensive,4.4,,Upscale pick for Mediterranean fine dining in a sophisticated space at the historic St. Regis Hotel | Mediterranean Restaurant | Rated 4.4/5 (181 reviews) | Very expensive / luxury tier,Google Places API (New)
La Chaumiere,"2813 M St NW, Washington, DC 20007, USA",Washington,DC,(202) 338-1784,http://www.lachaumieredc.com/,info@lachaumieredc.com,Expensive,4.5,,Area staple has traditional French fare & a rustic feel with a stone fireplace & country-inn decor. | French Restaurant | Rated 4.5/5 (727 reviews) | Expensive / upscale tier,Google Places API (New)
Chloe,"1331 4th St SE, Washington, DC 20003, USA",Washington,DC,(202) 313-7007,http://restaurantchloe.com/,,Expensive,4.6,,"Chef-driven, internationally inspired fare in urbane digs with a hip bar & casual lunch scene | Restaurant | Rated 4.6/5 (1024 reviews) | Expensive / upscale tier",Google Places API (New)
Equinox on 19th,"900 19th St NW, Washington, DC 20006, USA",Washington,DC,(202) 331-8118,https://www.equinoxrestaurant.com/,Hannah@equinoxrestaurant.com,Expensive,4.5,,"Upscale New American kitchen featuring locally sourced, seasonal dishes in modern surrounds. | Fine Dining Restaurant | Rated 4.5/5 (804 reviews) | Expensive / upscale tier",Google Places API (New)
Ocean Prime,"1341 G St NW, Washington, DC 20005, USA",Washington,DC,(202) 393-0313,https://www.ocean-prime.com/locations-menus/washington-dc,,Expensive,4.6,,"Upscale chain known for its sophisticated decor, long wine list & classic steak & seafood menu. | Seafood Restaurant | Rated 4.6/5 (2180 reviews) | Expensive / upscale tier",Google Places API (New)
Rumi's Kitchen - DC,"640 L St NW, Washington, DC 20001, USA",Washington,DC,(202) 900-9106,http://www.rumiskitchen.com/,,Expensive,4.6,,"Vibrant, contemporary restaurant serving creative Persian cuisine alongside cocktails & wine. | Persian Restaurant | Rated 4.6/5 (2924 reviews) | Expensive / upscale tier",Google Places API (New)
Rasika,"633 D Street NW, Washington, DC 20004, USA",Washington,DC,(202) 637-1222,http://www.rasikarestaurant.com/pennquarter/,rasika@rasikawestend.com,Expensive,4.3,,"Polished restaurant & lounge serving contemporary Indian food, wine & cocktails. | Indian Restaurant | Rated 4.3/5 (3994 reviews) | Expensive / upscale tier",Google Places API (New)
Del Mar,"791 Wharf St SW, Washington, DC 20024, USA",Washington,DC,(202) 588-7272,http://www.delmardc.com/,media.inquiries@fabiotrabocchi.com,Very Expensive,4.3,,"A beautiful Spanish villa-like setting with waterfront views backdrops Basque tapas, grills & wine. | Spanish Restaurant | Rated 4.3/5 (2524 reviews) | Very expensive / luxury tier",Google Places API (New)
"Joe's Seafood, Prime Steak & Stone Crab","750 15th St NW, Washington, DC 20005, USA",Washington,DC,(202) 489-0140,https://www.joes.net/washington-dc,joesdccs@lettuce.com,Expensive,4.6,,American surf 'n' turf restaurant serving upmarket fare & cocktails in a lavish space. | Seafood Restaurant | Rated 4.6/5 (5454 reviews) | Expensive / upscale tier,Google Places API (New)
Zaytinya,"701 9th St NW, Washington, DC 20001, USA",Washington,DC,(202) 638-0800,https://www.zaytinya.com/location/washington-dc/,info@zaytinya.com,Expensive,4.5,,"Chef José Andrés' light, airy mainstay offers Eastern Mediterranean small plates & regional wines. | Mediterranean Restaurant | Rated 4.5/5 (9981 reviews) | Expensive / upscale tier",Google Places API (New)
Gordon Ramsay Hell's Kitchen - Washington D.C.,"652 Wharf St SW, Washington, DC 20024, USA",Washington,DC,(202) 558-4450,https://www.gordonramsayrestaurants.com/en/us/hells-kitchen/locations/washington-dc,,Very Expensive,4.1,,American Restaurant | Rated 4.1/5 (3185 reviews) | Very expensive / luxury tier,Google Places API (New)
Kappo DC,"4822 MacArthur Blvd NW, Washington, DC 20007, USA",Washington,DC,(202) 885-9086,http://kappodc.com/,info@kappodc.com,Very Expensive,4.6,,Japanese Restaurant | Rated 4.6/5 (191 reviews) | Very expensive / luxury tier,Google Places API (New)
Ristorante TOSCA,"1112 F St NW, Washington, DC 20004, USA",Washington,DC,(202) 367-1990,http://www.toscadc.com/,info@toscadc.com,Expensive,4.5,,"Waiters in formal uniforms deliver fine Northern Italian fare in an elegant, neutral-toned setting. | Italian Restaurant | Rated 4.5/5 (613 reviews) | Expensive / upscale tier",Google Places API (New)
Masseria,"1340 4th St NE, Washington, DC 20002, USA",Washington,DC,(202) 608-1330,http://www.masseria-dc.com/,info@masseria-dc.com,Very Expensive,4.3,,Nicholas Stefanelli's Puglian-inspired prix fixe menus served in an Italian country–chic setting. | Italian Restaurant | Rated 4.3/5 (570 reviews) | Very expensive / luxury tier,Google Places API (New)
Jaleo,"480 7th St NW, Washington, DC 20004, USA",Washington,DC,(202) 628-7949,https://www.jaleo.com/location/washington-dc/,,Expensive,4.5,,"Buzzy Spanish spot from chef José Andrés serving tapas, paella & sangria in a striking, artsy space. | Restaurant | Rated 4.5/5 (6106 reviews) | Expensive / upscale tier",Google Places API (New)
The Occidental,"1475 Pennsylvania Ave NW, Washington, DC 20004, USA",Washington,DC,(202) 241-8000,https://theoccidentaldc.com/?utm_source=GoogleBusinessProfile&utm_medium=Website&utm_campaign=MapLabs,theoccidentaldc.info@starr-restaurants.com,Expensive,4.3,,Local landmark for high-end American meals served in a posh space lined with portraits of statesmen. | Restaurant | Rated 4.3/5 (871 reviews) | Expensive / upscale tier,Google Places API (New)
RARE Steakhouse & Tavern,"1595 I St NW, Washington, DC 20006, USA",Washington,DC,(202) 800-9994,http://www.raresteaks.com/,info@raredc.com,Very Expensive,4.4,,A fancy steakhouse with an old-school vibe serving classy cuts & sides paired with fine wines. | Steak House | Rated 4.4/5 (804 reviews) | Very expensive / luxury tier,Google Places API (New)
Stubborn Seed - Miami Beach,"101 Washington Ave, Miami Beach, FL 33139, USA",Miami Beach,FL,(786) 322-5211,https://www.stubbornseed.com/menu,,Expensive,4.5,,Chef driven spot for seasonal American eats plus craft cocktails in a handsome space. | Fine Dining Restaurant | Rated 4.5/5 (1458 reviews) | Expensive / upscale tier,Google Places API (New)
MILA,"1636 Meridian Ave Rooftop, Miami Beach, FL 33139, USA",Miami Beach,FL,(786) 706-0744,https://mila-miami.com/,pr@rivieradininggroup.com,Very Expensive,4.8,,High-end Mediterranean and Japanese cuisine in a flamboyant venue with a stylish cocktail bar. | Mediterranean Restaurant | Rated 4.8/5 (21344 reviews) | Very expensive / luxury tier,Google Places API (New)
Klaw Miami,"1737 N Bayshore Dr, Miami, FL 33132, USA",Miami,FL,(305) 239-2523,https://klawrestaurant.com/,reservations@klawrestaurant.com,Very Expensive,4.6,,Steak House | Rated 4.6/5 (1420 reviews) | Very expensive / luxury tier,Google Places API (New)
Seaspice Brasserie & Lounge,"412 NW N River Dr, Miami, FL 33128, USA",Miami,FL,(305) 440-4200,http://www.seaspice.com/,,Very Expensive,4.3,,"Chic spot with an outdoor patio, globally influenced seafood an adjacent hot-stone & crudo lounge. | Fine Dining Restaurant | Rated 4.3/5 (3665 reviews) | Very expensive / luxury tier",Google Places API (New)
Mastro's Ocean Club,"315 S Biscayne Blvd Ste 100, Miami, FL 33131, USA",Miami,FL,(786) 917-2031,https://www.mastrosrestaurants.com/,,Very Expensive,4.5,,American Restaurant | Rated 4.5/5 (373 reviews) | Very expensive / luxury tier,Google Places API (New)
The Capital Grille,"444 Brickell Ave, Miami, FL 33131, USA",Miami,FL,(305) 374-4500,https://www.thecapitalgrille.com/locations/fl/miami/miami/8006?cmpid=br:tcg_ag:ie_ch:loc_ca:TCGGMB_sn:gmb_gt:miami-fl-8006_pl:locurl_rd:1004,,Very Expensive,4.7,,"Outpost of the upscale steakhouse chain offers classic American fare & a clubby, refined setting. | Fine Dining Restaurant | Rated 4.7/5 (2638 reviews) | Very expensive / luxury tier",Google Places API (New)
Carbone Miami,"49 Collins Ave, Miami Beach, FL 33139, USA",Miami Beach,FL,,https://www.carbonemiami.com/?utm_medium=Click&utm_source=GoogleMyBusiness,reservations@carbonemiami.com,Very Expensive,4.3,,"Sophisticated venue dishing up traditional Italian fare, plus wines & classic cocktails. | Italian Restaurant | Rated 4.3/5 (2112 reviews) | Very expensive / luxury tier",Google Places API (New)
Sexy Fish Miami,"1001 S Miami Ave, Miami, FL 33130, USA",Miami,FL,(305) 889-7888,https://sexyfishmiami.com/?utm_source=LocalGoogleExtNet&utm_medium=Organic,,Very Expensive,4.5,,"Chic, luxurious Asian restaurant and nightspot with surreal fish lamps designed by Frank Gehry. | Japanese Restaurant | Rated 4.5/5 (9318 reviews) | Very expensive / luxury tier",Google Places API (New)
Mother Wolf,"3841 NE 2nd Ave, Miami, FL 33137, USA",Miami,FL,(305) 990-0022,http://www.motherwolfmiami.com/,reservations@motherwolfmiami.com,Very Expensive,4.4,,Restaurant | Rated 4.4/5 (539 reviews) | Very expensive / luxury tier,Google Places API (New)
STK Steakhouse,"2305 Collins Ave, Miami Beach, FL 33139, USA",Miami Beach,FL,(305) 604-6988,https://stksteakhouse.com/venues/south-beach/,info@togrp.com,Very Expensive,4.8,,Ultrachic steakhouse in the 1 Hotel & Homes with a DJ lounge serving prime beef & craft cocktails. | Steak House | Rated 4.8/5 (11493 reviews) | Very expensive / luxury tier,Google Places API (New)
LPM Restaurant & Bar,"1300 Brickell Bay Dr, Miami, FL 33131, USA",Miami,FL,(305) 403-9133,https://lpmrestaurants.com/miami/,info@lpmmiami.com,Very Expensive,4.5,,Upscale French-Mediterranean dishes are served in a sophisticated setting with cozy banquettes. | French Restaurant | Rated 4.5/5 (1295 reviews) | Very expensive / luxury tier,Google Places API (New)
Edge Miami,"Four Seasons Hotel Miami, 1435 Brickell Ave, Miami, FL 33131, USA",Miami,FL,(305) 381-3190,https://www.edgebrasserie.com/?utm_source=google&utm_medium=organicsearch&utm_campaign=tor-mia-fab-mid-seo-na&utm_content=na-na&utm_term=na,,Expensive,4.4,,Luxe brasserie highlighting locally sourced food in the Four Seasons Hotel with a posh patio. | American Restaurant | Rated 4.4/5 (706 reviews) | Expensive / upscale tier,Google Places API (New)
Forte dei Marmi,"150 Ocean Dr, Miami Beach, FL 33139, USA",Miami Beach,FL,(786) 276-3095,http://fdmmiami.com/,reservations@fdmmiami.com,Expensive,4.4,,"Chic eatery offering handmade pasta, risotto & other Italian classics, plus an all-Italian wine list | Italian Restaurant | Rated 4.4/5 (1637 reviews) | Expensive / upscale tier",Google Places API (New)
ll Pastaiolo - Italian Restaurant in Miami Beach,"1130 Collins Ave, Miami Beach, FL 33139, USA",Miami Beach,FL,(786) 362-0152,https://ilpastaiolosouthbeach.com/,,Expensive,4.9,,"Vibrant, down-to-earth spot serving Italian fare in a rustic venue that has outdoor seating. | Italian Restaurant | Rated 4.9/5 (19684 reviews) | Expensive / upscale tier",Google Places API (New)
Elcielo Restaurant Miami,"31 SE 5th St, Miami, FL 33131, USA",Miami,FL,(786) 694-9525,https://elcielo.com.co/miami/?utm_source=google&utm_medium=maps&utm_campaign=el_cielo_miami,miami@elcielococinacreativa.com,Very Expensive,4.3,,Latin American fare incorporating molecular gastronomy techniques in a chic space with river views. | Latin American Restaurant | Rated 4.3/5 (552 reviews) | Very expensive / luxury tier,Google Places API (New)
Amara at Paraiso,"3101 NE 7th Ave, Miami, FL 33137, USA",Miami,FL,(305) 702-5528,http://amaraatparaiso.com/,,Expensive,4.3,,Serves upscale Latin fare in a chic dining room with a large deck overlooking Biscayne Bay. | Restaurant | Rated 4.3/5 (3951 reviews) | Expensive / upscale tier,Google Places API (New)
Fleming’s Prime Steakhouse & Wine Bar,"600 Brickell Ave Suite 150, Miami, FL 33131, USA",Miami,FL,(786) 915-8790,https://www.flemingssteakhouse.com/Locations/FL/Brickell?y_source=1_MTU1MDMxODMtNzE1LWxvY2F0aW9uLndlYnNpdGU%3D,,Very Expensive,4.7,,High-end steakhouse chain with aged prime beef & classics such as lobster tails. | Steak House | Rated 4.7/5 (1646 reviews) | Very expensive / luxury tier,Google Places API (New)
Komodo Miami,"801 Brickell Ave, Miami, FL 33131, USA",Miami,FL,(305) 534-2211,https://komodomiami.com/,info@komodomiami.com,Very Expensive,4.5,,High-end restaurant and lounge serving Southeast Asian plates and innovative cocktails | Restaurant | Rated 4.5/5 (9011 reviews) | Very expensive / luxury tier,Google Places API (New)
COTE Miami,"3900 NE 2nd Ave, Miami, FL 33137, USA",Miami,FL,(305) 434-4668,https://www.cotekoreansteakhouse.com/,reservations@cotekoreansteakhouse.com,Expensive,4.6,,"Sleek Korean steakhouse offering premium beef cuts and veggies to grill at your table, plus cocktails. | Steak House | Rated 4.6/5 (2758 reviews) | Expensive / upscale tier",Google Places API (New)
ConSentido Miami,"Jade at Brickell Bay, 1331 Brickell Bay Dr Unit - CU1, Miami, FL 33131, USA",Miami,FL,(305) 456-2019,,,Expensive,4.8,,"Fashionable venue with a raw bar, presenting reimagined seafood and meat dishes, plus sake and cocktails. | Asian Fusion Restaurant | Rated 4.8/5 (412 reviews) | Expensive / upscale tier",Google Places API (New)
The Amalfi Llama - Miami,"19505 Biscayne Blvd Building D, Suite 4150, Miami, FL 33180, USA",Miami,FL,(305) 726-0226,https://www.amalfillama.com/,guestservices@amalfillama.com,Very Expensive,4.7,,Restaurant | Rated 4.7/5 (2369 reviews) | Very expensive / luxury tier,Google Places API (New)
Quinto Miami,"788 Brickell Plaza, Miami, FL 33131, USA",Miami,FL,(786) 805-4646,https://www.quintomiami.us/,quintohostess@eastmia.com,Expensive,4.5,,Grilled meats are the focus at this rustic-chic hotel restaurant with a patio & city views. | South American Restaurant | Rated 4.5/5 (2828 reviews) | Expensive / upscale tier,Google Places API (New)
Baires Grill - Miami Beach,"2200 Collins Ave, Miami Beach, FL 33139, USA",Miami Beach,FL,(305) 763-8342,https://www.bairesgrill.com/,Example@mail.com,Expensive,4.8,,Argentinian Restaurant | Rated 4.8/5 (3222 reviews) | Expensive / upscale tier,Google Places API (New)
Il Gabbiano,"335 S Biscayne Blvd, Miami, FL 33131, USA",Miami,FL,(305) 373-0063,https://www.ilgabbianomia.com/,info@ilgabbianomia.com,Very Expensive,4.4,,Refined Northern Italian cooking is delivered in a posh space with waterfront terrace. | Italian Restaurant | Rated 4.4/5 (1581 reviews) | Very expensive / luxury tier,Google Places API (New)
Zuma Miami,"270 Biscayne Blvd Way, Miami, FL 33131, USA",Miami,FL,(305) 577-0277,https://www.zumarestaurant.com/en/miami?utm_source=InfoButtonClick&utm_medium=Home&utm_campaign=GoogleBusinessProfile,reservations@zumarestaurant.us,Very Expensive,4.3,,"Chic & minimalist Japanese hot spot overlooking the Miami River, with shared dishes, sushi & more. | Japanese Restaurant | Rated 4.3/5 (2759 reviews) | Very expensive / luxury tier",Google Places API (New)
BÂOLI Miami,"1906 Collins Ave, Miami Beach, FL 33139, USA",Miami Beach,FL,(305) 674-8822,https://baoli.restaurant/,reservations@baolimiami.com,Very Expensive,4.6,,South East Asian fare & wine served in a nightlife & high energy setting with a garden patio. | Restaurant | Rated 4.6/5 (3694 reviews) | Very expensive / luxury tier,Google Places API (New)
Matador Room,"The Miami Beach EDITION, 2901 Collins Ave, Miami Beach, FL 33140, USA",Miami Beach,FL,(786) 257-4600,https://www.editionhotels.com/miami-beach/restaurants-and-bars/matador-room/,events.mia@editionhotels.com,Expensive,4.4,,Jean-Georges Vongerichten's Latin fare is presented in a historic oval room with an atmospheric bar. | Latin American Restaurant | Rated 4.4/5 (761 reviews) | Expensive / upscale tier,Google Places API (New)
The Surf Club Restaurant,"9011 Collins Ave, Surfside, FL 33154, USA",Surfside,FL,(305) 768-9440,http://www.surfclubrestaurant.com/,,Very Expensive,4.6,,American Restaurant | Rated 4.6/5 (587 reviews) | Very expensive / luxury tier,Google Places API (New)
Rusty Pelican Miami,"3201 Rickenbacker Cwy, Key Biscayne, FL 33149, USA",Key Biscayne,FL,(305) 361-3818,https://www.therustypelican.com/,,Expensive,4.7,,"Diners pack this stylishly updated landmark for water, city & sunset views plus weekend brunch. | Seafood Restaurant | Rated 4.7/5 (21123 reviews) | Expensive / upscale tier",Google Places API (New)
Astra Miami Rooftop,"2121 NW 2nd Ave, Miami, FL 33127, USA",Miami,FL,(786) 602-3449,https://www.astramiami.com/,events@ikhospitalitygroup.com,Expensive,4,,"Airy, modern Mediterranean-inspired rooftop restaurant, bar & lounge with buzzy DJs & cocktails. | Mediterranean Restaurant | Rated 4/5 (3417 reviews) | Expensive / upscale tier",Google Places API (New)
Marion Miami,"1111 SW 1st Ave, Miami, FL 33130, USA",Miami,FL,(786) 717-7512,https://marionmiami.com/,reservations@marionmiami.com,Expensive,4.3,,"Hip, stylish eatery for New American & Asian-inspired fare, with weekly dinner parties & DJ music. | Mediterranean Restaurant | Rated 4.3/5 (1336 reviews) | Expensive / upscale tier",Google Places API (New)
Boulud Sud Miami,"255 Biscayne Blvd Way, Miami, FL 33131, USA",Miami,FL,(305) 421-8800,http://www.bouludsud.com/miami,jonathan.galindo@mdmusa.com,Expensive,4.3,,Seasonal Mediterranean dishes & craft cocktails served in a refined choice via chef Daniel Boulud. | Mediterranean Restaurant | Rated 4.3/5 (567 reviews) | Expensive / upscale tier,Google Places API (New)
Truluck's Ocean's Finest Seafood and Crab,"777 Brickell Ave Ste 110, Miami, FL 33131, USA",Miami,FL,(305) 579-0035,https://trulucks.com/locations/miami-florida/,miamievents@trulucks.com,Very Expensive,4.6,,"Upscale seafood & steak chain featuring half-price happy hours, a deep wine list & swanky surrounds. | Seafood Restaurant | Rated 4.6/5 (2409 reviews) | Very expensive / luxury tier",Google Places API (New)
Cecconi's Miami,"4385 Collins Ave, Miami Beach, FL 33140, USA",Miami Beach,FL,(786) 507-7902,https://www.cecconismiamibeach.com/?utm_source=google&utm_medium=organic&utm_campaign=googlemybusiness,,Expensive,4.3,,Refined pastas & seafood are prepared Venetian-style at this classy eatery with a garden setting. | Restaurant | Rated 4.3/5 (1628 reviews) | Expensive / upscale tier,Google Places API (New)
Nusr-Et Steakhouse,"999 Brickell Ave, Miami, FL 33131, USA",Miami,FL,(305) 415-9990,https://www.nusr-et.com.tr/distinctive-venues/miami.5.aspx?&utm_source=google+business+profile&utm_medium=organic&utm_content=gbp+link+website&utm_creative_format=gbp+link+website&business_id=15624168890025590037,michelle.sabel@nusr-etus.com,Very Expensive,4.4,,Swanky spot for meat-centric Turkish fare from a chef with a flamboyant serving style. | Steak House | Rated 4.4/5 (7043 reviews) | Very expensive / luxury tier,Google Places API (New)
KYU Miami,"251 NW 25th St, Miami, FL 33127, USA",Miami,FL,(786) 577-0150,https://www.kyurestaurants.com/location/kyu-miami/?utm_source=gmb,miami@kyurestaurants.com,Expensive,4.5,,"Modern Asian-style eatery offering grilled meats & sashimi, plus cocktails. | Asian Restaurant | Rated 4.5/5 (3345 reviews) | Expensive / upscale tier",Google Places API (New)
Smith & Wollensky - Miami Beach,"1 Washington Ave, Miami Beach, FL 33139, USA",Miami Beach,FL,(305) 673-2800,https://www.smithandwollensky.com/locations/miami-beach/,,Very Expensive,4.4,,"Steakhouse chain outpost serving prime, dry-aged steaks, seafood & wine in a power-dining setting. | Steak House | Rated 4.4/5 (7198 reviews) | Very expensive / luxury tier",Google Places API (New)
Los Fuegos by Francis Mallmann,"3201 Collins Ave, Miami Beach, FL 33140, USA",Miami Beach,FL,(786) 655-5600,https://www.faena.com/miami-beach/dining/los-fuegos-by-francis-mallmann?utm_source=google-gbp&utm_medium=organic&utm_campaign=gbp,,Very Expensive,4.3,,"South American grillmaster serves seafood, steak & a deep wine list in an elegant hotel eatery. | Argentinian Restaurant | Rated 4.3/5 (1104 reviews) | Very expensive / luxury tier",Google Places API (New)
Osteria Del Teatro,"1666 79th Street Causeway Ste 102, North Bay Village, FL 33141, USA",North Bay Village,FL,(305) 538-7850,,,Expensive,4.7,,"Hotel trattoria with lounge & porch serving Northern Italian pasta & seafood, plus cocktails. | Italian Restaurant | Rated 4.7/5 (827 reviews) | Expensive / upscale tier",Google Places API (New)
Osaka Miami,"1300 Brickell Bay Dr, Miami, FL 33131, USA",Miami,FL,(786) 627-4800,https://osakanikkei.com/miami/,,Expensive,4.5,,Japanese Restaurant | Rated 4.5/5 (808 reviews) | Expensive / upscale tier,Google Places API (New)
Contessa Miami,"111 NE 41st St, Miami, FL 33137, USA",Miami,FL,,https://www.contessaristorante.com/miami/?utm_medium=Click&utm_source=GoogleMyBusiness,reservations@contessamiami.com,Expensive,4,,Italian Restaurant | Rated 4/5 (926 reviews) | Expensive / upscale tier,Google Places API (New)
Motek Coral Gables,"45 Miracle Mile, Miami, FL 33134, USA",Miami,FL,(305) 396-8547,http://www.motekcafe.com/,catering@motek.com,Expensive,4.9,,Restaurant | Rated 4.9/5 (7893 reviews) | Expensive / upscale tier,Google Places API (New)
Hutong Miami,"600 Brickell Ave, Miami, FL 33131, USA",Miami,FL,(786) 388-0805,https://hutong-miami.com/,reservations@hutong-miami.com,Expensive,4.2,,Upscale venue offering sophisticated Northern Chinese fare & cocktails in hip surroundings. | Restaurant | Rated 4.2/5 (1289 reviews) | Expensive / upscale tier,Google Places API (New)
Casa Tua Miami Beach,"1700 James Ave, Miami Beach, FL 33139, USA",Miami Beach,FL,(305) 673-1010,https://www.casatualife.com/Miami.html,,Very Expensive,4.4,,Cozy restaurant offering Northern Italian dishes in a sophisticated environment. | Restaurant | Rated 4.4/5 (1237 reviews) | Very expensive / luxury tier,Google Places API (New)
Essensia Restaurant at The Palms Hotel & Spa,"3025 Collins Ave, Miami Beach, FL 33140, USA",Miami Beach,FL,(305) 908-5458,http://www.essensiarestaurant.com/,forms@tambourine.com,Expensive,4.3,,Posh Palms Hotel & Spa eatery with New American fare comprised of organic & seasonal ingredients. | Restaurant | Rated 4.3/5 (432 reviews) | Expensive / upscale tier,Google Places API (New)
Chef Adrianne's Vineyard Restaurant and Bar,"11715 Sherry Ln, Miami, FL 33183, USA",Miami,FL,(305) 408-8386,https://chefadriannes.com/,info@chefadriannes.com,Expensive,4.3,,"Adrianne Calvo's modern, refined American fare & California wines served amid wine-country decor. | Fine Dining Restaurant | Rated 4.3/5 (3069 reviews) | Expensive / upscale tier",Google Places API (New)
Casa Isola Osteria,"1418 20th St, Miami Beach, FL 33139, USA",Miami Beach,FL,(786) 558-5787,https://www.casaisolamiami.com/,,Expensive,4.7,,Restaurant | Rated 4.7/5 (398 reviews) | Expensive / upscale tier,Google Places API (New)
Fleming’s Prime Steakhouse & Wine Bar,"2525 Ponce de Leon Blvd Suite 100, Coral Gables, FL 33134, USA",Coral Gables,FL,(305) 569-7995,https://www.flemingssteakhouse.com/Locations/FL/Coral-Gables?y_source=1_MTU1MDMxNjUtNzE1LWxvY2F0aW9uLndlYnNpdGU%3D,,Very Expensive,4.7,,High-end steakhouse chain with aged prime beef & classics such as lobster tails. | Steak House | Rated 4.7/5 (2013 reviews) | Very expensive / luxury tier,Google Places API (New)
Hakkasan Miami,"4441 Collins Ave, Miami Beach, FL 33140, USA",Miami Beach,FL,(305) 538-2000,https://bit.ly/37RG1Nm,hakkasanreservations@fontainebleau.com,Very Expensive,4.5,,"Chic, exotic restaurant at the Fontainebleau Hotel serving modern Cantonese fare & weekend dim sum. | Chinese Restaurant | Rated 4.5/5 (1256 reviews) | Very expensive / luxury tier",Google Places API (New)
MILA Omakase,"800 Lincoln Rd second floor, Miami Beach, FL 33139, USA",Miami Beach,FL,(786) 706-0744,https://mila-miami.com/milaomakase,,Very Expensive,4.7,,Japanese Restaurant | Rated 4.7/5 (128 reviews) | Very expensive / luxury tier,Google Places API (New)
Flora,"5580 NE 4th Ct #4b, Miami, FL 33137, USA",Miami,FL,(305) 456-5018,http://floraplantkitchen.com/,,Expensive,4.8,,Restaurant | Rated 4.8/5 (671 reviews) | Expensive / upscale tier,Google Places API (New)
Prime 54,"Fontainebleau, 4441 Collins Ave, Miami Beach, FL 33140, USA",Miami Beach,FL,(305) 674-4780,https://www.fontainebleau.com/miamibeach/dining/restaurants/prime54/,,Expensive,4.4,,"Destination featuring a unique twist on the traditional steakhouse experience, plus a robust wine list. | Steak House | Rated 4.4/5 (752 reviews) | Expensive / upscale tier",Google Places API (New)
Uchi Miami,"252 NW 25th St, Miami, FL 33127, USA",Miami,FL,(305) 995-0915,https://uchi.uchirestaurants.com/location/miami/,uchiwesthollywoodmanagers@uchirestaurants.com,Very Expensive,4.6,,"Upmarket eatery offering elevated Japanese cuisine & an extensive drinks menu, plus happy hour. | Japanese Restaurant | Rated 4.6/5 (1466 reviews) | Very expensive / luxury tier",Google Places API (New)
Kiki On The River,"450 NW N River Dr, Miami, FL 33128, USA",Miami,FL,(786) 502-3243,https://kikiontheriver.com/,reservation@kikimiami.com,Expensive,3.9,,"A boho-chic, waterfront venue sets the stage for traditional versions of Greek cuisine. | Mediterranean Restaurant | Rated 3.9/5 (4292 reviews) | Expensive / upscale tier",Google Places API (New)
Cipriani Downtown Miami,"465 Brickell Ave CU1, Miami, FL 33131, USA",Miami,FL,(786) 329-4090,https://www.cipriani.com/cipriani-downtown-miami?utm_source=gbp&utm_medium=organic&utm_campaign=gbp-downtown-miami,mexicocity@cipriani.com,Very Expensive,4.2,,Upscale scene where an international crowd tucks into Italian food chased with Bellinis. | Italian Restaurant | Rated 4.2/5 (1411 reviews) | Very expensive / luxury tier,Google Places API (New)
estiatorio Milos Miami Beach,"730 1st St, Miami Beach, FL 33139, USA",Miami Beach,FL,(305) 604-6800,https://www.estiatoriomilos.com/location/miami/,,Very Expensive,4.5,,Elegant lofty space with high-concept Greek preparations of seafood flown in from the Mediterranean. | Seafood Restaurant | Rated 4.5/5 (1838 reviews) | Very expensive / luxury tier,Google Places API (New)
LT Steak & Seafood,"1440 Ocean Dr, Miami Beach, FL 33139, USA",Miami Beach,FL,(305) 673-0044,https://www.thebetsyhotel.com/lt-restaurant,,Expensive,4.5,,"Laurent Tourondel's hotel eatery serving sushi & raw bar offerings, plus prime beef & seafood. | Steak House | Rated 4.5/5 (795 reviews) | Expensive / upscale tier",Google Places API (New)
Gianni's At The Former Versace Mansion,"1116 Ocean Dr, Miami Beach, FL 33139, USA",Miami Beach,FL,(786) 485-2200,https://vmmiamibeach.com/giannis/,reservations@vmmiamibeach.com,Very Expensive,4,,"Upscale Mediterranean seafood restaurant decked out in frescoes, mosaics & a gold-lined pool. | Mediterranean Restaurant | Rated 4/5 (6141 reviews) | Very expensive / luxury tier",Google Places API (New)
Bayshore Club Bar & Grill,"3391 Pan American Dr, Miami, FL 33133, USA",Miami,FL,(305) 209-1200,https://www.bayshoreclubmiami.com/,,Expensive,4.9,,Bar & Grill | Rated 4.9/5 (10346 reviews) | Expensive / upscale tier,Google Places API (New)
Yardbird,"1600 Lenox Ave., Miami Beach, FL 33139, USA",Miami Beach,FL,(305) 538-5220,https://www.runchickenrun.com/location-page-miami/,,Expensive,4.6,,Rustic outpost with a patio attracting foodies with inventive Southern comfort food and bourbon bar. | American Restaurant | Rated 4.6/5 (6926 reviews) | Expensive / upscale tier,Google Places API (New)
Bourbon Steak Miami by Michael Mina,"19999 W Country Club Dr, Aventura, FL 33180, USA",Aventura,FL,(786) 279-6600,https://www.marriott.com/en-us/hotels/miajt-jw-marriott-miami-turnberry-resort-and-spa/dining/?scid=feed67b0-9a2f-4de1-8df6-114544116108,privateevents@jwturnberry.com,Very Expensive,4.4,,Plush surroundings in the Turnberry Isle Hotel underline deluxe fare like steaks & duck-fat fries. | Steak House | Rated 4.4/5 (1185 reviews) | Very expensive / luxury tier,Google Places API (New)
Gaucho Ranch Grill and Wines,"8303 NE 2nd Ave, Miami, FL 33138, USA",Miami,FL,(786) 558-7092,http://gauchoranchgrill.com/,,Expensive,4.8,,Restaurant | Rated 4.8/5 (599 reviews) | Expensive / upscale tier,Google Places API (New)
Prime 112 Restaurant,"112 Ocean Dr, Miami Beach, FL 33139, USA",Miami Beach,FL,(305) 532-8112,http://mylesrestaurantgroup.com/,,Very Expensive,4.1,,Sophisticated eatery with a contemporary vibe offering a menu of Italian seafood & grilled meat. | Steak House | Rated 4.1/5 (2969 reviews) | Very expensive / luxury tier,Google Places API (New)
Platea Prime Steakhouse & Ceviche Bar,"12175 S Dixie Hwy, Pinecrest, FL 33156, USA",Pinecrest,FL,(305) 939-6246,http://plateamiami.com/,,Very Expensive,4.6,,Steak House | Rated 4.6/5 (541 reviews) | Very expensive / luxury tier,Google Places API (New)
Papi Steak Miami Beach,"736 1st St, Miami Beach, FL 33139, USA",Miami Beach,FL,(305) 800-7274,https://papisteak.com/,info@papisteak.com,Very Expensive,4.2,,"Stylish restaurant spotlighting premium steaks, seafood, and meat plates, plus creative cocktails. | Restaurant | Rated 4.2/5 (2384 reviews) | Very expensive / luxury tier",Google Places API (New)
Fogo de Chão Brazilian Steakhouse,"2801 Ponce de Leon Blvd, Coral Gables, FL 33134, USA",Coral Gables,FL,(786) 297-8788,https://fogodechao.com/location/coral-gables/,,Expensive,4.8,,Upscale Brazilian chain for all-you-can-eat meat carved tableside plus an extensive salad bar. | Brazilian Restaurant | Rated 4.8/5 (4939 reviews) | Expensive / upscale tier,Google Places API (New)
Gekko,"8 SE 8th St, Miami, FL 33131, USA",Miami,FL,(305) 423-8884,https://gekko.com/,INFO@GEKKO.COM,Very Expensive,4.3,,"Japanese steakhouse serving sushi, specialty steaks, and cocktails in a dramatic, dimly lit setup. | Restaurant | Rated 4.3/5 (3008 reviews) | Very expensive / luxury tier",Google Places API (New)
Perry's Steakhouse & Grille,"4251 Salzedo St, Coral Gables, FL 33146, USA",Coral Gables,FL,(786) 703-9094,https://perryssteakhouse.com/locations/fl/miami/coral-gables/,ana@perryssteakhouse.com,Expensive,4.5,,"Upscale steakhouse & grill serving a menu including chops, seafood, wine & cocktails. | Steak House | Rated 4.5/5 (1551 reviews) | Expensive / upscale tier",Google Places API (New)
Fogo de Chão Brazilian Steakhouse,"8815 SW 72nd Pl, Miami, FL 33156, USA",Miami,FL,(305) 563-5099,https://fogodechao.com/location/miami-dadeland/,,Expensive,4.8,,Upscale Brazilian chain for all-you-can-eat meat carved tableside plus an extensive salad bar. | Brazilian Restaurant | Rated 4.8/5 (3032 reviews) | Expensive / upscale tier,Google Places API (New)
BLT Prime,"4400 NW 87th Ave, Miami, FL 33178, USA",Miami,FL,(305) 591-6606,https://www.bltrestaurants.com/location/blt-prime-miami/,,Expensive,4.6,,"Modern American steakhouse with a veranda, views of Blue Monster golf course & prime cuts of beef. | Steak House | Rated 4.6/5 (227 reviews) | Expensive / upscale tier",Google Places API (New)
Texas de Brazil - Miami Beach,"300 Alton Rd #200, Miami Beach, FL 33139, USA",Miami Beach,FL,(305) 889-7205,https://texasdebrazil.com/locations/miami-beach/?utm_source=gmb&utm_medium=yext&y_source=1_NDg4MzA3MTEtNzE1LWxvY2F0aW9uLndlYnNpdGU%3D,,Expensive,4.3,,Upscale Brazilian eatery featuring all-you-can-eat grilled meat carved tableside & a salad bar. | Steak House | Rated 4.3/5 (1806 reviews) | Expensive / upscale tier,Google Places API (New)
Morton's The Steakhouse,"2333 Ponce de Leon Blvd, Coral Gables, FL 33134, USA",Coral Gables,FL,(305) 442-1662,https://www.mortons.com/location/mortons-the-steakhouse-coral-gables-fl/,,Very Expensive,4.4,,"Upscale chain for aged prime beef, seafood & other traditional steakhouse fare in a clubby space. | Restaurant | Rated 4.4/5 (1011 reviews) | Very expensive / luxury tier",Google Places API (New)
Christy's Restaurant,"3101 Ponce de Leon Blvd, Miami, FL 33134, USA",Miami,FL,(305) 446-1400,http://www.christysrestaurant.com/,info@christysrestaurant.com,Expensive,4.3,,Steaks & seafood are served with sides in an elegant wood-paneled space with a bar. | Steak House | Rated 4.3/5 (546 reviews) | Expensive / upscale tier,Google Places API (New)
Graziano's Restaurant Coral Gables,"394 Giralda Ave, Coral Gables, FL 33134, USA",Coral Gables,FL,(305) 774-3599,https://www.grazianosgroup.com/,ecom-swiper@11.css,Expensive,4.6,,White-tablecloth environment for Argentinean empanadas & churrasco meats grilled over a wood fire. | Argentinian Restaurant | Rated 4.6/5 (2018 reviews) | Expensive / upscale tier,Google Places API (New)
Ruth's Chris Steak House,"2320 Salzedo St, Coral Gables, FL 33134, USA",Coral Gables,FL,(305) 461-8360,https://www.ruthschris.com/locations/fl/coral-gables/coral-gables/7320?cmpid=br:rc_ag:ie_ch:loc_ca:RCGMB_sn:gmb_gt:coral-gables-fl-7320_pl:locurl_rd:1013,,Very Expensive,4.6,,"Outpost of upmarket steakhouse chain known for sizzling, butter-topped beef in an elegant setting | Steak House | Rated 4.6/5 (2021 reviews) | Very expensive / luxury tier",Google Places API (New)
The Palm - Miami,"9650 E Bay Harbor Dr, Miami, FL 33154, USA",Miami,FL,(305) 868-7256,https://www.thepalm.com/restaurants/miami/,,Very Expensive,4.4,,"Storied chain serving high-end steakhouse fare, seafood & diverse wines in clubby surrounds. | Steak House | Rated 4.4/5 (575 reviews) | Very expensive / luxury tier",Google Places API (New)
Fogo de Chão Brazilian Steakhouse,"836 1st St, Miami Beach, FL 33139, USA",Miami Beach,FL,(305) 672-0011,https://fogodechao.com/location/miami/,,Expensive,4.7,,Upscale Brazilian chain for all-you-can-eat meat carved tableside plus an extensive salad bar. | Brazilian Restaurant | Rated 4.7/5 (9008 reviews) | Expensive / upscale tier,Google Places API (New)
DIOR Café Miami,"162 NE 39th St, Miami, FL 33137, USA",Miami,FL,(786) 725-3781,https://www.dior.com/en_int?utm_source=Yext&utm_medium=GMB,,Very Expensive,4.8,,"Luxury label's designer fashion store, also selling jewelry & other accessories. | Cafe | Rated 4.8/5 (7594 reviews) | Very expensive / luxury tier",Google Places API (New)
Nobu Miami,"4525 Collins Ave, Miami Beach, FL 33140, USA",Miami Beach,FL,(305) 695-3232,https://www.noburestaurants.com/miami/home/?utm_source=google&utm_medium=Yext,,Very Expensive,4,,"Nobu Matsuhisa delivers upscale sushi & Japanese-Peruvian fusion fare amid luxurious, elegant decor. | Restaurant | Rated 4/5 (1460 reviews) | Very expensive / luxury tier",Google Places API (New)
Sugar Factory - Miami Beach,"507 Española Way Corner of, Drexel Ave, Miami Beach, FL 33139, USA",Miami Beach,FL,(786) 353-2677,https://www.sugarfactory.com/miami-beach-fl,,Expensive,4.4,,Restaurant | Rated 4.4/5 (1158 reviews) | Expensive / upscale tier,Google Places API (New)
Joe's Stone Crab,"11 Washington Ave, Miami Beach, FL 33139, USA",Miami Beach,FL,(305) 673-0365,http://joesstonecrab.com/,,Expensive,4.5,,"Cavernous, bustling space drawing crowds for crab, Key lime pie & more. | Seafood Restaurant | Rated 4.5/5 (11599 reviews) | Expensive / upscale tier",Google Places API (New)
Osteria del Mar | Miami Beach,"720 Ocean Dr, Miami Beach, FL 33139, USA",Miami Beach,FL,(786) 949-7810,http://osteriadelmar.com/,,Expensive,4.8,,Restaurant | Rated 4.8/5 (1285 reviews) | Expensive / upscale tier,Google Places API (New)
IL Giardino,"1236 Ocean Dr, Miami Beach, FL 33139, USA",Miami Beach,FL,(305) 397-8804,,,Very Expensive,4.1,,Italian Restaurant | Rated 4.1/5 (2601 reviews) | Very expensive / luxury tier,Google Places API (New)
Pao by Paul Qui,"3201 Collins Ave, Miami Beach, FL 33140, USA",Miami Beach,FL,(786) 655-5600,https://www.faena.com/miami-beach/dining/pao-by-paul-qui?utm_source=google-gbp&utm_medium=organic&utm_campaign=gbp,,Very Expensive,4.5,,"Chic hotel eatery with ocean views, ritzy decor & globally influenced Asian fare. | Asian Restaurant | Rated 4.5/5 (396 reviews) | Very expensive / luxury tier",Google Places API (New)
La Côte,"4441 Collins Ave, Miami Beach, FL 33140, USA",Miami Beach,FL,(305) 674-4636,https://www.fontainebleau.com/miamibeach/dining/restaurants/la-cote/,,Expensive,4.3,,Outdoor oceanfront dining on French-Med cuisine in stylish quarters at the Fontainebleau Hotel. | Mediterranean Restaurant | Rated 4.3/5 (870 reviews) | Expensive / upscale tier,Google Places API (New)
Prime Italian,"101 Ocean Dr #101, Miami Beach, FL 33139, USA",Miami Beach,FL,(305) 695-8484,https://mylesrestaurantgroup.com/prime-italian/,,Very Expensive,4.1,,Sophisticated eatery with a contemporary vibe offering a menu of Italian seafood & grilled meat. | Restaurant | Rated 4.1/5 (1027 reviews) | Very expensive / luxury tier,Google Places API (New)
Macchialina,"810 Alton Rd, Miami Beach, FL 33139, USA",Miami Beach,FL,(305) 534-2124,http://www.macchialina.com/,info@macchialina.com,Expensive,4.4,,"Vibrant trattoria presenting rustic Italian recipes in a stylish, brick-walled setting. | Italian Restaurant | Rated 4.4/5 (1731 reviews) | Expensive / upscale tier",Google Places API (New)
Azabu Miami Beach,"161 Ocean Dr, Miami Beach, FL 33139, USA",Miami Beach,FL,(786) 276-0520,https://www.azabumiami.com/,contact@azabumiami.com,Very Expensive,4.6,,This intimate hotel eatery features sushi crafted from fresh-from-Japan fish plus cocktails. | Japanese Restaurant | Rated 4.6/5 (1234 reviews) | Very expensive / luxury tier,Google Places API (New)
A Fish Called Avalon,"700 Ocean Dr, Miami Beach, FL 33139, USA",Miami Beach,FL,(305) 532-1727,http://afishcalledavalon.com/,dining@afishcalledavalon.com,Expensive,4.6,,"Airy, upscale haunt featuring eclectic seafood dishes & prime people-watching from sidewalk seats. | Seafood Restaurant | Rated 4.6/5 (1545 reviews) | Expensive / upscale tier",Google Places API (New)
Nikki Beach Miami Beach,"1 Ocean Dr, Miami Beach, FL 33139, USA",Miami Beach,FL,(305) 538-1111,https://nikkibeach.com/miami-beach/,reservations.miamibeach@nikkibeach.com,Expensive,4.2,,Hot spot & restaurant on the beach offering seafood amid chic decor. | Restaurant | Rated 4.2/5 (7116 reviews) | Expensive / upscale tier,Google Places API (New)
Il Mulino New York - Miami,"17875 Collins Ave, Sunny Isles Beach, FL 33160, USA",Sunny Isles Beach,FL,(305) 466-9191,http://www.imny.com/location/miami,,Very Expensive,4.5,,"Elegantly appointed, well-known restaurant focusing on sizable plates of Italian favorites. | Fine Dining Restaurant | Rated 4.5/5 (743 reviews) | Very expensive / luxury tier",Google Places API (New)
Lido Bayside,"40 Island Ave, Miami Beach, FL 33139, USA",Miami Beach,FL,(786) 245-0880,https://www.lidobayside.com/?utm_source=google&utm_campaign=google_my_business&utm_medium=organic,lidorsvp@standardmiami.com,Expensive,4.1,,"Stylish hangout offering creative Mediterranean fare, drinks & a bayside deck at The Standard. | Restaurant | Rated 4.1/5 (1546 reviews) | Expensive / upscale tier",Google Places API (New)
Watr at the 1 Rooftop,"2341 Collins Ave Floor 18, Miami Beach, FL 33139, USA",Miami Beach,FL,(305) 604-1000,https://www.1hotels.com/south-beach/taste/watr-at-the-rooftop?utm_source=google-gbp&utm_medium=organic&utm_campaign=gbp,1bb-guestexperience@1hotels.com,Expensive,4.4,,White cabanas accent this cool rooftop bar featuring creative Peruvian-Japanese fare & ocean views. | Japanese Restaurant | Rated 4.4/5 (1944 reviews) | Expensive / upscale tier,Google Places API (New)
STK Aventura,"19505 Biscayne Blvd, Aventura, FL 33180, USA",Aventura,FL,(786) 347-5299,https://stksteakhouse.com/en-us/location/aventura/?utm_source=google&utm_medium=organic&utm_campaign=gbp,info@togrp.com,Expensive,4.6,,Steak House | Rated 4.6/5 (2786 reviews) | Expensive / upscale tier,Google Places API (New)
Morton's The Steakhouse,"17399 Biscayne Blvd, Miami, FL 33160, USA",Miami,FL,(305) 945-3131,https://www.mortons.com/location/mortons-the-steakhouse-north-miami-beach-fl/,,Very Expensive,4.4,,"Upscale chain for aged prime beef, seafood & other traditional steakhouse fare in a clubby space. | Restaurant | Rated 4.4/5 (1359 reviews) | Very expensive / luxury tier",Google Places API (New)
La Matera Kosher Argentinian Steakhouse,"3073 NE 163rd St, North Miami Beach, FL 33160, USA",North Miami Beach,FL,(786) 885-3085,https://www.lamateramiami.com/,,Expensive,4.6,,Restaurant | Rated 4.6/5 (370 reviews) | Expensive / upscale tier,Google Places API (New)
The Strand at Carillon Miami,"6801 Collins Ave, Miami Beach, FL 33141, USA",Miami Beach,FL,(305) 514-7474,http://www.thestrandmiami.com/,,Expensive,3.8,,American restaurant with a seasonal menu set in an upscale space inside the Carillon resort. | Restaurant | Rated 3.8/5 (132 reviews) | Expensive / upscale tier,Google Places API (New)
Houston's,"17355 Biscayne Blvd, North Miami Beach, FL 33160, USA",North Miami Beach,FL,(305) 947-2000,https://www.houstons.com/locations/northmiamibeach/,,Expensive,4.3,,American Restaurant | Rated 4.3/5 (4290 reviews) | Expensive / upscale tier,Google Places API (New)
S3 (Sun Surf Sand),"505 N Fort Lauderdale Beach Blvd Ste S, Fort Lauderdale, FL 33304, USA",Fort Lauderdale,FL,(954) 523-7873,https://s3restaurant.com/?utm_source=google&utm_medium=organic&utm_campaign=gbp,,Expensive,4.5,,"Upscale eatery serving locally sourced New American and coastal cuisine, along with sushi and drinks. | Fusion Restaurant | Rated 4.5/5 (3857 reviews) | Expensive / upscale tier",Google Places API (New)
Ocean Prime Fort Lauderdale,"171 Las Olas Cir, Fort Lauderdale, FL 33316, USA",Fort Lauderdale,FL,(954) 302-3838,https://ocean-prime.com/locations-menus/fort-lauderdale/,,Expensive,4.4,,"Upscale chain known for its sophisticated decor, long wine list & classic steak & seafood menu. | Seafood Restaurant | Rated 4.4/5 (741 reviews) | Expensive / upscale tier",Google Places API (New)
Mastro's Ocean Club,"3000 NE 32nd Ave, Fort Lauderdale, FL 33308, USA",Fort Lauderdale,FL,(954) 561-4800,https://www.mastrosrestaurants.com/Locations/FL/Ft-Lauderdale/,,Very Expensive,4.4,,Fine Dining Restaurant | Rated 4.4/5 (2081 reviews) | Very expensive / luxury tier,Google Places API (New)
Steak 954,"401 N Fort Lauderdale Beach Blvd, Fort Lauderdale, FL 33304, USA",Fort Lauderdale,FL,(954) 414-8333,https://steak954.com/?utm_source=GoogleBusinessProfile&utm_medium=Website&utm_campaign=MapLabs,steak954.info@starr-restaurants.com,Very Expensive,4.4,,"Contemporary steakhouse at the W Hotel featuring exotic decor, creative dishes & ocean views. | Restaurant | Rated 4.4/5 (2116 reviews) | Very expensive / luxury tier",Google Places API (New)
Burlock Coast,"1 N Fort Lauderdale Beach Blvd, Fort Lauderdale, FL 33304, USA",Fort Lauderdale,FL,(954) 302-6460,https://www.ritzcarlton.com/en/hotels/fllrz-the-ritz-carlton-fort-lauderdale/dining/?scid=feed67b0-9a2f-4de1-8df6-114544116108,burlockcoastrsvp@ritzcarlton.com,Expensive,4.4,,"Seafood eatery, rum-centric bar, and market set in a rustic yet chic hotel dining room. | Seafood Restaurant | Rated 4.4/5 (1295 reviews) | Expensive / upscale tier",Google Places API (New)
The Capital Grille,"2430 E Sunrise Blvd, Fort Lauderdale, FL 33304, USA",Fort Lauderdale,FL,(954) 446-2000,https://www.thecapitalgrille.com/locations/fl/fort-lauderdale/ft-lauderdale/8019?cmpid=br:tcg_ag:ie_ch:loc_ca:TCGGMB_sn:gmb_gt:fort-lauderdale-fl-8019_pl:locurl_rd:1015,,Very Expensive,4.6,,"Outpost of the upscale steakhouse chain offers classic American fare & a clubby, refined setting. | Fine Dining Restaurant | Rated 4.6/5 (2185 reviews) | Very expensive / luxury tier",Google Places API (New)
The Wilder,"701 E Broward Blvd, Fort Lauderdale, FL 33301, USA",Fort Lauderdale,FL,(954) 918-7212,https://www.intothewilder.com/,,Expensive,4.5,,"Polished, relaxing 3-room lounge serving cocktails & elevated bites alongside a leafy terrace. | Restaurant | Rated 4.5/5 (1232 reviews) | Expensive / upscale tier",Google Places API (New)
Bistro Mezzaluna,"1821 SE 10th Ave, Fort Lauderdale, FL 33316, USA",Fort Lauderdale,FL,(954) 522-6620,http://bistromezzaluna.com/,dine@bistromezzaluna.com,Expensive,4.5,,"Refined Italian & steak dishes in a modern space, with a piano lounge, patio & lively happy hour. | Bistro | Rated 4.5/5 (716 reviews) | Expensive / upscale tier",Google Places API (New)
Eddie V's Prime Seafood,"100 E Las Olas Blvd, Fort Lauderdale, FL 33301, USA",Fort Lauderdale,FL,(954) 468-3583,https://www.eddiev.com/locations/fl/fort-lauderdale/fort-lauderdale/8528?cmpid=br:ev_ag:ie_ch:loc_ca:EVGMB_sn:gmb_gt:fort-lauderdale-fl-8528_pl:locurl_rd:1026,,Very Expensive,4.6,,"Elegant fine-dining chain with a seafood & steak menu, plus a cocktail lounge featuring live jazz | Seafood Restaurant | Rated 4.6/5 (1787 reviews) | Very expensive / luxury tier",Google Places API (New)
Chima Steakhouse Fort Lauderdale,"2400 E Las Olas Blvd Ste A, Fort Lauderdale, FL 33301, USA",Fort Lauderdale,FL,(954) 712-0580,https://chimasteakhouse.com/fort-lauderdale-steakhouse/,,Expensive,4.8,,Gauchos deliver all-you-can-eat meats at this modern-looking Brazilian eatery with a salad bar. | Steak House | Rated 4.8/5 (8219 reviews) | Expensive / upscale tier,Google Places API (New)
Fleming’s Prime Steakhouse & Wine Bar,"401 E Las Olas Blvd, Fort Lauderdale, FL 33301, USA",Fort Lauderdale,FL,(954) 233-3327,https://www.flemingssteakhouse.com/locations/fl/fort-lauderdale?y_source=1_NDg3MTUxODYtNzE1LWxvY2F0aW9uLndlYnNpdGU%3D,,Very Expensive,4.6,,High-end steakhouse chain with aged prime beef & classics such as lobster tails. | Steak House | Rated 4.6/5 (787 reviews) | Very expensive / luxury tier,Google Places API (New)
Theos Estiatorio,"1826 E Sunrise Blvd, Fort Lauderdale, FL 33304, USA",Fort Lauderdale,FL,(954) 404-3040,https://theosestiatorio.com/,info@theosestiatorio.com,Expensive,4.8,,Restaurant | Rated 4.8/5 (638 reviews) | Expensive / upscale tier,Google Places API (New)
Casa D'Angelo Ristorante,"1201 N Federal Hwy, Fort Lauderdale, FL 33304, USA",Fort Lauderdale,FL,(954) 564-1234,http://www.casa-d-angelo.com/,info@casa-d-angelo.com,Expensive,4.6,,"Upscale Northern Italian restaurant in an elegant, modern space with a robust wine list & a patio. | Italian Restaurant | Rated 4.6/5 (1817 reviews) | Expensive / upscale tier",Google Places API (New)
Morton's The Steakhouse,"500 E Broward Blvd Suite 127, Fort Lauderdale, FL 33394, USA",Fort Lauderdale,FL,(954) 467-9720,https://www.mortons.com/location/mortons-the-steakhouse-fort-lauderdale-fl/,,Very Expensive,4.4,,"Upscale chain for aged prime beef, seafood & other traditional steakhouse fare in a clubby space. | Restaurant | Rated 4.4/5 (1367 reviews) | Very expensive / luxury tier",Google Places API (New)
Blue Moon Fish Co.,"4405 W Tradewinds Ave, Lauderdale-By-The-Sea, FL 33308, USA",Lauderdale-By-The-Sea,FL,(954) 267-9888,https://www.bluemoonfishco.com/,,Expensive,4.6,,"Foodies flock to this upmarket fish house with a romantic vibe, outdoor deck & Sunday buffet brunch. | Seafood Restaurant | Rated 4.6/5 (3413 reviews) | Expensive / upscale tier",Google Places API (New)
Rooftop @1WLO,"1 W Las Olas Blvd #700, Fort Lauderdale, FL 33301, USA",Fort Lauderdale,FL,(954) 523-1956,https://rooftop1wlo.com/?utm_source=google&utm_medium=organic&utm_campaign=gbp,info@rooftop1wlo.com,Expensive,4.7,,"Tree- & plant-filled rooftop lounge offering craft cocktails & light fare, with sweeping city views. | Bar | Rated 4.7/5 (3772 reviews) | Expensive / upscale tier",Google Places API (New)
JZ Steakhouse,"4000 N 46th Ave, Hollywood, FL 33021, USA",Hollywood,FL,(954) 367-6608,https://jzsteakhouse.com/,,Expensive,4.9,,Steak House | Rated 4.9/5 (5933 reviews) | Expensive / upscale tier,Google Places API (New)
YOLO Restaurant,"333 E Las Olas Blvd, Fort Lauderdale, FL 33301, USA",Fort Lauderdale,FL,(954) 523-1000,https://yolorestaurant.com/?utm_source=google&utm_medium=organic&utm_campaign=gbp,events@therestaurantpeople.com,Expensive,4.5,,"Snazzy destination featuring a New American menu, happening bar & outdoor lounge with a fire pit. | American Restaurant | Rated 4.5/5 (5089 reviews) | Expensive / upscale tier",Google Places API (New)
3030 Ocean Restaurant,"3030 Holiday Dr, Fort Lauderdale, FL 33316, USA",Fort Lauderdale,FL,(954) 765-3030,https://www.3030ocean.com/?scid=feed67b0-9a2f-4de1-8df6-114544116108,malia.lord@marriott.com,Expensive,4.3,,This upscale seafood spot in the Harbor Beach Marriott pairs American fish dishes with ocean views. | Bar | Rated 4.3/5 (726 reviews) | Expensive / upscale tier,Google Places API (New)
OCEAN2000,"2000 N Ocean Blvd, Fort Lauderdale, FL 33305, USA",Fort Lauderdale,FL,(954) 556-7667,https://www.pelicanbeach.com/ocean2000/?utm_source=gmb-restaurant&utm_medium=organic&utm_campaign=gmb,,Expensive,4.2,,Ocean views from the veranda & menu of American dishes with Latin flair are highlights at this spot. | Restaurant | Rated 4.2/5 (1186 reviews) | Expensive / upscale tier,Google Places API (New)
Cafe Maxx,"2601 E Atlantic Blvd, Pompano Beach, FL 33062, USA",Pompano Beach,FL,(954) 782-0606,https://www.cafemaxx.com/,info@cafemaxx.com,Expensive,4.5,,White-tablecloth quarters serving inventive American creations accented with an extensive wine list. | Fine Dining Restaurant | Rated 4.5/5 (547 reviews) | Expensive / upscale tier,Google Places API (New)
Casa Sensei,"1200 E Las Olas Blvd Ste 101, Fort Lauderdale, FL 33301, USA",Fort Lauderdale,FL,(954) 530-4176,http://www.casasensei.com/?utm_source=GMBlisting&utm_medium=organic,,Expensive,4.6,,"Wide-ranging Asian fare is served in a spare, light-filled space with canal-front patio. | Restaurant | Rated 4.6/5 (7451 reviews) | Expensive / upscale tier",Google Places API (New)
Lobster Bar Sea Grille,"450 E Las Olas Blvd Ste 190, Fort Lauderdale, FL 33301, USA",Fort Lauderdale,FL,(954) 772-2675,https://lobsterbarseagrille.com/,,Very Expensive,4.7,,"Creative, upscale surf 'n' turf specialties served in a sleek setting with a lively bar scene. | Seafood Restaurant | Rated 4.7/5 (3075 reviews) | Very expensive / luxury tier",Google Places API (New)
Boatyard,"1555 SE 17th St, Fort Lauderdale, FL 33316, USA",Fort Lauderdale,FL,(954) 525-7400,https://boatyard.restaurant/?utm_source=google&utm_medium=organic&utm_campaign=gbp,,Expensive,4.4,,"Laid-back stalwart attracting all ages with seafood & steak, a bar scene & marina yacht-watching. | Seafood Restaurant | Rated 4.4/5 (7609 reviews) | Expensive / upscale tier",Google Places API (New)
Cafe Seville,"2768 E Oakland Park Blvd, Fort Lauderdale, FL 33306, USA",Fort Lauderdale,FL,(954) 565-1148,http://www.cafeseville.com/,,Expensive,4.7,,"Small, family-owned restaurant showcasing traditional Spanish cuisine in a welcoming atmosphere. | Spanish Restaurant | Rated 4.7/5 (923 reviews) | Expensive / upscale tier",Google Places API (New)
Council Oak Steaks & Seafood (in Seminole Hard Rock Hollywood),"1 Seminole Way, Davie, FL 33314, USA",Davie,FL,(954) 377-5244,https://www.seminolehardrockhollywood.com/dining/fine-dining/council-oak-steaks-and-seafood,,Very Expensive,4.4,,"Prime beef, fresh fish & lengthy wine list tempt gamblers, as do live entertainment & Sunday brunch. | Steak House | Rated 4.4/5 (1246 reviews) | Very expensive / luxury tier",Google Places API (New)
Kuro (in Seminole Hard Rock Hollywood),"1 Seminole Way, Davie, FL 33314, USA",Davie,FL,(954) 377-5244,https://www.seminolehardrockhollywood.com/dining/fine-dining/kuro,,Expensive,4.5,,"This huge Japanese eatery overlooking the resort's pool has a chef's table, sushi bar & lounge. | Japanese Restaurant | Rated 4.5/5 (1535 reviews) | Expensive / upscale tier",Google Places API (New)
Wild Sea Las Olas,"620 E Las Olas Blvd, Fort Lauderdale, FL 33301, USA",Fort Lauderdale,FL,(954) 467-2555,https://www.wildsealasolas.com/?utm_source=GoogleBusinessProfile&utm_medium=Website&utm_campaign=MapLabs,u00a0bpallay@riversidehotel.com,Very Expensive,4.3,,"All-day dining using seasonal ingredients in a stylish, modern restaurant that has a terrace. | American Restaurant | Rated 4.3/5 (1007 reviews) | Very expensive / luxury tier",Google Places API (New)
Del Frisco's Grille,"501 E Las Olas Blvd Ste 150, Fort Lauderdale, FL 33301, USA",Fort Lauderdale,FL,(754) 312-3235,https://www.delfriscosgrille.com/location/del-friscos-grille-fort-lauderdale-fl/,,Expensive,4.1,,"Sophisticated chophouse chain serving steak, seafood, sandwiches & cocktails in a trendy space. | Steak House | Rated 4.1/5 (1653 reviews) | Expensive / upscale tier",Google Places API (New)
J. Alexander's Restaurant,"8550 W Broward Blvd, Plantation, FL 33324, USA",Plantation,FL,(954) 916-8837,https://jalexanders.com/,,Expensive,4.5,,Restaurant chain serving wood-fired American fare in a contemporary space with a bar. | American Restaurant | Rated 4.5/5 (3851 reviews) | Expensive / upscale tier,Google Places API (New)
Wolf's Steakhouse,"8655 Stirling Rd, Cooper City, FL 33328, USA",Cooper City,FL,(954) 353-9653,http://www.wolfssteakhouse.com/,,Expensive,4.4,,Steak House | Rated 4.4/5 (780 reviews) | Expensive / upscale tier,Google Places API (New)
Fogo de Chão Brazilian Steakhouse,"201 E Las Olas Blvd Ste 100, Fort Lauderdale, FL 33301, USA",Fort Lauderdale,FL,(754) 900-3111,https://fogodechao.com/location/fort-lauderdale/,,Expensive,4.8,,Upscale Brazilian chain for all-you-can-eat meat carved tableside plus an extensive salad bar. | Brazilian Restaurant | Rated 4.8/5 (9314 reviews) | Expensive / upscale tier,Google Places API (New)
Cafe Vico – Authentic Italian Restaurant & Catering in Fort Lauderdale,"1125 N Federal Hwy, Fort Lauderdale, FL 33304, USA",Fort Lauderdale,FL,(954) 565-9681,https://cafevicorestaurant.com/?utm_source=google,,Expensive,4.6,,"Classy, romantic Northern Italian eatery with wine, cocktails & outdoor seating. | Italian Restaurant | Rated 4.6/5 (1585 reviews) | Expensive / upscale tier",Google Places API (New)
Rustic Inn Crabhouse,"4331 Anglers Ave, Fort Lauderdale, FL 33312, USA",Fort Lauderdale,FL,(954) 584-1637,https://www.rusticinn.com/,,Expensive,4.5,,"Cavernous, bustling restaurant near the airport serving signature garlic crab since 1955. | Seafood Restaurant | Rated 4.5/5 (12422 reviews) | Expensive / upscale tier",Google Places API (New)
Kaluz Restaurant,"3300 E Commercial Blvd, Fort Lauderdale, FL 33308, USA",Fort Lauderdale,FL,(954) 772-2209,http://www.kaluzrestaurant.com/,info@kaluzrestaurant.com,Expensive,4.6,,Restaurant | Rated 4.6/5 (7173 reviews) | Expensive / upscale tier,Google Places API (New)
Anthony's Runway 84,"330 W State Rd 84, Fort Lauderdale, FL 33315, USA",Fort Lauderdale,FL,(954) 467-8484,http://runway84.com/,events@runway84.com,Expensive,4.4,,A lively bar scene & airline-themed decor enhance a local landmark known for red-sauce Italian fare. | Italian Restaurant | Rated 4.4/5 (2447 reviews) | Expensive / upscale tier,Google Places API (New)
Diplomat Prime Steak & Seafood,"3555 S Ocean Dr, Hollywood, FL 33019, USA",Hollywood,FL,(954) 602-8331,https://www.diplomatprime.com/,,Very Expensive,4.5,,"Upscale hotel chophouse serving dry-aged steaks, seafood & wine in a luxe beachside setting. | Restaurant | Rated 4.5/5 (493 reviews) | Very expensive / luxury tier",Google Places API (New)
GG's Waterfront,"606 N Ocean Dr, Hollywood, FL 33019, USA",Hollywood,FL,(954) 929-7030,https://ggswaterfront.com/,,Expensive,4.5,,"Handsome seafood hub with outdoor lounge, featuring seasonal stone crab, happy hour & Sunday brunch. | Seafood Restaurant | Rated 4.5/5 (6345 reviews) | Expensive / upscale tier",Google Places API (New)
Billy's Stone Crab Restaurant,"400 N Ocean Dr, Hollywood, FL 33019, USA",Hollywood,FL,(954) 923-2300,https://crabs.com/,billyscrabs@gmail.com,Expensive,4.5,,"Glass-walled fish house offering classic fare, water & sunset views, retail market & boat dockage. | Seafood Restaurant | Rated 4.5/5 (4883 reviews) | Expensive / upscale tier",Google Places API (New)
Six Tables a Restaurant,"112 NE 2nd St, Mizner Plaza Shopping Center, Boca Raton, FL 33432, USA",Boca Raton,FL,(561) 347-6260,http://www.sixtablesarestaurant.com/,,Expensive,4.7,,"Intimate, 6-table European restaurant serving 5-course tasting menu, with single seating per night. | European Restaurant | Rated 4.7/5 (122 reviews) | Expensive / upscale tier",Google Places API (New)
Mia Oceanfront,"1960 S Ocean Dr, Hallandale Beach, FL 33009, USA",Hallandale Beach,FL,(954) 251-2658,https://www.miaoceanfront.com/,,Very Expensive,4.5,,Restaurant | Rated 4.5/5 (1645 reviews) | Very expensive / luxury tier,Google Places API (New)
Eddie V's Prime Seafood,"201 W Plaza Real #1203, Boca Raton, FL 33432, USA",Boca Raton,FL,(561) 237-0067,https://www.eddiev.com/locations/fl/boca-raton/boca-raton/8534?cmpid=br:ev_ag:ie_ch:loc_ca:EVGMB_sn:gmb_gt:boca-raton-fl-8534_pl:locurl_rd:1031,,Very Expensive,4.6,,"Elegant fine-dining chain with a seafood & steak menu, plus a cocktail lounge featuring live jazz | Seafood Restaurant | Rated 4.6/5 (415 reviews) | Very expensive / luxury tier",Google Places API (New)
The Capital Grille,"6000 Glades Rd, Boca Raton, FL 33431, USA",Boca Raton,FL,(561) 368-1077,https://www.thecapitalgrille.com/locations/fl/boca-raton/boca-raton/8037?cmpid=br:tcg_ag:ie_ch:loc_ca:TCGGMB_sn:gmb_gt:boca-raton-fl-8037_pl:locurl_rd:1033,,Very Expensive,4.6,,"Outpost of the upscale steakhouse chain offers classic American fare & a clubby, refined setting. | Fine Dining Restaurant | Rated 4.6/5 (1522 reviews) | Very expensive / luxury tier",Google Places API (New)
Le Sorelle Restaurant Downtown,"507 SE Mizner Blvd, Boca Raton, FL 33432, USA",Boca Raton,FL,(561) 430-5110,https://lesorelle-restaurant.com/,info@lesorelle-restaurant.com,Expensive,4.9,,Italian Restaurant | Rated 4.9/5 (4090 reviews) | Expensive / upscale tier,Google Places API (New)
Sardelli's Italian Steakhouse,"331 Van Buren St, Hollywood, FL 33019, USA",Hollywood,FL,(954) 921-8331,https://www.sardellis.com/,info@sardellis.com,Expensive,4.5,,"Stylish 4-story Italian steakhouse with crystal chandeliers, an onyx bar & dark-wood wine displays. | Italian Restaurant | Rated 4.5/5 (1041 reviews) | Expensive / upscale tier",Google Places API (New)
The Cook and The Cork,"9890 W Sample Rd, Coral Springs, FL 33065, USA",Coral Springs,FL,(954) 227-2665,http://www.thecookandthecork.com/,RES@TheCookandCork.comParties,Expensive,4.4,,"Chic, modern restaurant featuring New American dinners with a global twist, plus wines & craft beer. | American Restaurant | Rated 4.4/5 (570 reviews) | Expensive / upscale tier",Google Places API (New)
La Brochette Bistro Seafood and Grill,"2635 N Hiatus Rd, Hollywood, FL 33026, USA",Hollywood,FL,(954) 435-9090,https://labrochettebistro.com/?utm_source=google,,Expensive,4.7,,"Tucked away in a strip mall, this white-tablecloth spot turns out refined Mediterranean cuisine. | Restaurant | Rated 4.7/5 (522 reviews) | Expensive / upscale tier",Google Places API (New)
Fire lobster,"5209 W Broward Blvd, Plantation, FL 33317, USA",Plantation,FL,(954) 314-7351,https://firelobster.godaddysites.com/,astigma@astigmatic.com,Expensive,4.8,,Restaurant | Rated 4.8/5 (40 reviews) | Expensive / upscale tier,Google Places API (New)
MAI-KAI Restaurant and Polynesian Show,"3599 N Federal Hwy, Fort Lauderdale, FL 33308, USA",Fort Lauderdale,FL,(954) 563-3272,http://www.maikai.com/,info@maikai.com,Expensive,4.4,,"Festive local landmark serving up Chinese fare, tropical drinks & a Polynesian floor show. | Restaurant | Rated 4.4/5 (7349 reviews) | Expensive / upscale tier",Google Places API (New)
Runyon's,"9810 W Sample Rd, Coral Springs, FL 33065, USA",Coral Springs,FL,(954) 752-2333,http://runyonscoralsprings.com/,,Expensive,4.5,,Old-school outfit features a steak-focused menu & a cheery piano bar that draws a bustling crowd. | Steak House | Rated 4.5/5 (1151 reviews) | Expensive / upscale tier,Google Places API (New)
Rodizio Grill Brazilian Steakhouse Fort Lauderdale,"1817 Pointe Blvd Building J, Dania Beach, FL 33004, USA",Dania Beach,FL,(954) 719-0970,https://www.rodiziogrill.com/ft-lauderdale/,,Expensive,4.7,,"Outpost of a Brazilian steakhouse chain offering skewered meats carved tableside, plus a salad bar. | Brazilian Restaurant | Rated 4.7/5 (6739 reviews) | Expensive / upscale tier",Google Places API (New)
Ruth's Chris Steak House,"2525 N Federal Hwy, Fort Lauderdale, FL 33305, USA",Fort Lauderdale,FL,(954) 565-2338,https://www.ruthschris.com/locations/fl/fort-lauderdale/fort-lauderdale/7303?cmpid=br:rc_ag:ie_ch:loc_ca:RCGMB_sn:gmb_gt:fort-lauderdale-fl-7303_pl:locurl_rd:1004,,Very Expensive,4.5,,"Outpost of upmarket steakhouse chain known for sizzling, butter-topped beef in an elegant setting | Steak House | Rated 4.5/5 (2307 reviews) | Very expensive / luxury tier",Google Places API (New)
NYY Steak,"5550 NW 40th St, Coconut Creek, FL 33073, USA",Coconut Creek,FL,(954) 935-6699,https://www.seminolecoconutcreekcasino.com/nyy-steak.htm,,Very Expensive,4.7,,This fine-dining eatery serving steaks & seafood boasts an understated New York Yankees theme. | Steak House | Rated 4.7/5 (1669 reviews) | Very expensive / luxury tier,Google Places API (New)
J. Alexander's Restaurant,"2415 N Federal Hwy, Fort Lauderdale, FL 33305, USA",Fort Lauderdale,FL,(954) 563-9077,https://jalexanders.com/,,Expensive,4.4,,Restaurant chain serving wood-fired American fare in a contemporary space with a bar. | American Restaurant | Rated 4.4/5 (2119 reviews) | Expensive / upscale tier,Google Places API (New)
Truluck's Ocean's Finest Seafood and Crab,"701 N Fort Lauderdale Beach Blvd Unit CU1, Fort Lauderdale, FL 33304, USA",Fort Lauderdale,FL,(954) 908-2255,https://trulucks.com/locations/fort-lauderdale-florida/,ftlevents@trulucks.com,Very Expensive,4.5,,"Upscale seafood & steak chain featuring half-price happy hours, a deep wine list & swanky surrounds. | Seafood Restaurant | Rated 4.5/5 (1403 reviews) | Very expensive / luxury tier",Google Places API (New)
Rainbow Palace,"2787 E Oakland Park Blvd, Fort Lauderdale, FL 33306, USA",Fort Lauderdale,FL,(954) 565-5652,http://www.rainbowpalace.com/,,Expensive,4.4,,Tuxedoed waiters deliver high-end Chinese meals to diners at this lavish dining room. | Chinese Restaurant | Rated 4.4/5 (402 reviews) | Expensive / upscale tier,Google Places API (New)
Tommy Bahama Marlin Bar,"740 E Las Olas Blvd, Fort Lauderdale, FL 33301, USA",Fort Lauderdale,FL,(954) 527-8868,https://www.tommybahama.com/restaurants-and-marlin-bars/locations/fort-lauderdale,accessibility@tommybahama.com,Expensive,4.8,,"Casual clothing store featuring men's & women's apparel, plus shoes & accessories. | Bar | Rated 4.8/5 (1636 reviews) | Expensive / upscale tier",Google Places API (New)
Cafe Martorano,"3343 E Oakland Park Blvd, Fort Lauderdale, FL 33308, USA",Fort Lauderdale,FL,(954) 561-2554,https://cafemartorano.com/,,Expensive,4.2,,Philly-born chef-owner Steve Martorano brings the red sauce & loud music to his disco Italian spot. | Italian Restaurant | Rated 4.2/5 (1340 reviews) | Expensive / upscale tier,Google Places API (New)
Meat Market Steakhouse Palm Beach,"191 Bradley Pl, Palm Beach, FL 33480, USA",Palm Beach,FL,(561) 354-9800,https://www.meatmarket.net/location/meat-market-palm-beach/,,Very Expensive,4.4,,"Upscale steakhouse featuring contemporary, stylish decor, plus a bar & a sizable wine selection. | Fine Dining Restaurant | Rated 4.4/5 (1048 reviews) | Very expensive / luxury tier",Google Places API (New)
Renato's,"87 Via Mizner, Palm Beach, FL 33480, USA",Palm Beach,FL,(561) 655-9752,http://www.renatospalmbeach.com/,,Very Expensive,4.3,,"An upscale Italian restaurant with romantic courtyard seating & an elegant, old-world feel. | Italian Restaurant | Rated 4.3/5 (916 reviews) | Very expensive / luxury tier",Google Places API (New)
Sant Ambroeus Palm Beach,"340 Royal Poinciana Way, Palm Beach, FL 33480, USA",Palm Beach,FL,(561) 285-7990,https://www.santambroeus.com/pages/location-palm-beach,palmbeach@santambroeus.com,Expensive,4.5,,Italian Restaurant | Rated 4.5/5 (1087 reviews) | Expensive / upscale tier,Google Places API (New)
Table 26 Palm Beach,"1700 S Dixie Hwy, West Palm Beach, FL 33401, USA",West Palm Beach,FL,(561) 855-2660,http://table26palmbeach.com/,info@table26pb.com,Expensive,4.5,,"Elegant, airy, nautically themed eatery with a swanky bar & a menu of global comfort food. | American Restaurant | Rated 4.5/5 (1042 reviews) | Expensive / upscale tier",Google Places API (New)
Cafe Boulud,"301 Australian Ave, Palm Beach, FL 33480, USA",Palm Beach,FL,(561) 655-6060,http://www.cafeboulud.com/palmbeach,CBPBINQUIRY@DANIELBOULUD.COM,Expensive,4.4,,Daniel Boulud's upscale French cuisine served in an elegant hotel setting with an outdoor terrace. | French Restaurant | Rated 4.4/5 (915 reviews) | Expensive / upscale tier,Google Places API (New)
1000 NORTH,"1000 US-1 Apt 900, Jupiter, FL 33477, USA",Jupiter,FL,(561) 570-1000,http://1000north.com/,,Very Expensive,4.5,,"Modern American fare served in a sophisticated waterfront setting with a lounge, tavern & terrace. | American Restaurant | Rated 4.5/5 (1507 reviews) | Very expensive / luxury tier",Google Places API (New)
Cafe L'Europe,"331 S County Rd, Palm Beach, FL 33480, USA",Palm Beach,FL,,http://www.cafeleurope.com/,,Very Expensive,4.4,,A fine-dining restaurant serving Continental cuisine & an extensive wine list in an elegant setting. | French Restaurant | Rated 4.4/5 (381 reviews) | Very expensive / luxury tier,Google Places API (New)
Angle,"100 S Ocean Blvd, Manalapan, FL 33462, USA",Manalapan,FL,(561) 540-4850,https://www.eauresortandspa.com/restaurants-bars/angle/,youremail@gmail.com,Expensive,4.6,,Seasonal American fare & cocktails showcased in a posh setting at the Eau Palm Beach Resort & Spa. | American Restaurant | Rated 4.6/5 (137 reviews) | Expensive / upscale tier,Google Places API (New)
BiCE Ristorante - Palm Beach,"313 1/2 Worth Ave, Palm Beach, FL 33480, USA",Palm Beach,FL,(561) 835-1600,http://www.bice-palmbeach.com/,info@animamu.com,Expensive,4.4,,Upscale mini-chain Italian eatery in an elegant  ladies-who-lunch setting with a courtyard. | Italian Restaurant | Rated 4.4/5 (964 reviews) | Expensive / upscale tier,Google Places API (New)
Le Bilboquet,"245a Worth Ave, Palm Beach, FL 33480, USA",Palm Beach,FL,(561) 812-2363,http://www.lebilboquetpb.com/,palmbeach@lebilboquetny.com,Very Expensive,3.8,,Restaurant | Rated 3.8/5 (313 reviews) | Very expensive / luxury tier,Google Places API (New)
Buccan,"350 S County Rd, Palm Beach, FL 33480, USA",Palm Beach,FL,(561) 833-3450,http://www.buccanpalmbeach.com/,info@buccanpalmbeach.com,Expensive,4.7,,"Hip, upscale-casual cafe with imaginative global fare & a lively bar in a tile-roofed storefront. | Restaurant | Rated 4.7/5 (1480 reviews) | Expensive / upscale tier",Google Places API (New)
BrickTop's,"375 S County Rd, Palm Beach, FL 33480, USA",Palm Beach,FL,(561) 855-2030,https://bricktops.com/location/palm-beach/,leighanne@bricktops.com,Expensive,4.4,,"Upscale chain serving gourmet New American dishes in a stylish, contemporary setting. | Restaurant | Rated 4.4/5 (855 reviews) | Expensive / upscale tier",Google Places API (New)
Trevini Ristorante,"223 Sunset Ave, Palm Beach, FL 33480, USA",Palm Beach,FL,(561) 833-3883,https://www.treviniristorante.com/,Basilicorestaurant@gmail.com,Expensive,4.4,,Elegant white-tablecloth Italian restaurant with outdoor seating & a menu of upscale classics. | Restaurant | Rated 4.4/5 (330 reviews) | Expensive / upscale tier,Google Places API (New)
The River House,"2373 PGA Blvd, Palm Beach Gardens, FL 33410, USA",Palm Beach Gardens,FL,(561) 530-4313,http://www.bricktops.com/,,Expensive,4.3,,Venerable local institution with a tiki bar offers steak & seafood with water views on 2 levels. | Restaurant | Rated 4.3/5 (1717 reviews) | Expensive / upscale tier,Google Places API (New)
The Capital Grille,"11365 Legacy Ave, Palm Beach Gardens, FL 33410, USA",Palm Beach Gardens,FL,(561) 630-4994,https://www.thecapitalgrille.com/locations/fl/palm-beach-gardens/palm-beach-gardens/8035?cmpid=br:tcg_ag:ie_ch:loc_ca:TCGGMB_sn:gmb_gt:palm-beach-gardens-fl-8035_pl:locurl_rd:1031,,Very Expensive,4.7,,"Outpost of the upscale steakhouse chain offers classic American fare & a clubby, refined setting. | Fine Dining Restaurant | Rated 4.7/5 (1405 reviews) | Very expensive / luxury tier",Google Places API (New)
Palm Beach Grill,"340 Royal Poinciana Way #336, Palm Beach, FL 33480, USA",Palm Beach,FL,(561) 835-1077,http://palmbeachgrill.com/,,Expensive,4.4,,"Buzzy, casual eatery is a local draw for New American fare & specialties such as kosher hot dogs. | American Restaurant | Rated 4.4/5 (731 reviews) | Expensive / upscale tier",Google Places API (New)
Cafe Chardonnay,"4533 PGA Blvd, Palm Beach Gardens, FL 33418, USA",Palm Beach Gardens,FL,(561) 627-2662,https://www.cafechardonnay.com/,,Very Expensive,4.5,,Unassuming strip-mall setup for classy American fare including innovative dishes & a vast wine list. | Fine Dining Restaurant | Rated 4.5/5 (672 reviews) | Very expensive / luxury tier,Google Places API (New)
Echo Palm Beach,"230A Sunrise Ave, Palm Beach, FL 33480, USA",Palm Beach,FL,(561) 802-4222,https://www.thebreakers.com/dining/echo/,reservations@thebreakers.com,Expensive,4.4,,Refined pan-Asian eats & sushi in a contemporary space with a hip vibe & lively bar scene. | Asian Restaurant | Rated 4.4/5 (745 reviews) | Expensive / upscale tier,Google Places API (New)
Jetty's Waterfront Restaurant,"1075 N Hwy A1A, Jupiter, FL 33477, USA",Jupiter,FL,(561) 743-8166,https://www.jettysjupiter.com/,,Expensive,4.4,,"Bustling, family-friendly restaurant with views of the lighthouse & a menu of just-caught seafood. | Seafood Restaurant | Rated 4.4/5 (1815 reviews) | Expensive / upscale tier",Google Places API (New)
Grato,"1901 S Dixie Hwy, West Palm Beach, FL 33401, USA",West Palm Beach,FL,(561) 404-1334,https://www.gratowpb.com/,info@gratowpb.com,Expensive,4.4,,"Casually-elegant eatery with housemade pasta, wood-fired pies & other Italian fare, plus a full bar. | Italian Restaurant | Rated 4.4/5 (1463 reviews) | Expensive / upscale tier",Google Places API (New)
Okeechobee Steak House,"2854 Okeechobee Blvd, West Palm Beach, FL 33409, USA",West Palm Beach,FL,(561) 683-5151,https://www.okeesteakhouse.com/,,Very Expensive,4.6,,This standby for steak draws a crowd with a meat-centric menu plus a varied wine selection. | Steak House | Rated 4.6/5 (4298 reviews) | Very expensive / luxury tier,Google Places API (New)
Melting Pot,"11811 US-1, Palm Beach Gardens, FL 33408, USA",Palm Beach Gardens,FL,(561) 624-0020,https://www.meltingpot.com/palm-beach-gardens-fl/,,Expensive,4.9,,"Fondue restaurant chain offering heated pots of cheese, chocolate or broth for dipping & cooking. | Fine Dining Restaurant | Rated 4.9/5 (5129 reviews) | Expensive / upscale tier",Google Places API (New)
Rachel's Steakhouse Palm Beach,"2905 45th St, West Palm Beach, FL 33407, USA",West Palm Beach,FL,(561) 616-9600,https://rachelspalmbeach.com/,info@rachelspalmbeach.com,Expensive,4.7,,Rated 4.7/5 (968 reviews) | Expensive / upscale tier,Google Places API (New)
La Masseria PBG,"5520 PGA Blvd #104, Palm Beach Gardens, FL 33418, USA",Palm Beach Gardens,FL,(561) 660-8272,http://www.lamasseriapbg.com/,info@lamasseriapbg.com,Expensive,4.3,,"High-end, elegant restaurant featuring pastas & other Italian classics, plus patio seating. | Italian Restaurant | Rated 4.3/5 (653 reviews) | Expensive / upscale tier",Google Places API (New)
Latitudes Restaurant,"5 N Hwy A1A 1st Floor, Jupiter, FL 33477, USA",Jupiter,FL,(561) 745-7120,https://www.opalcollection.com/jupiter-beach/restaurants/latitudes/?utm_source=google&utm_medium=listing&utm_campaign=opal+jupiter+beach+resort+latitudes,,Expensive,4.4,,Sophisticated dining room overlooking the Jupiter Beach Resort's pool serving area-sourced seafood. | Seafood Restaurant | Rated 4.4/5 (393 reviews) | Expensive / upscale tier,Google Places API (New)
Chops Lobster Bar,"101 Plaza Real S, Boca Raton, FL 33432, USA",Boca Raton,FL,(561) 395-2675,https://buckheadrestaurants.com/restaurant/chops-lobster-bar-br/,,Expensive,4.6,,"Creative, upscale surf 'n' turf specialties served in a sleek setting with a lively bar scene. | Steak House | Rated 4.6/5 (1766 reviews) | Expensive / upscale tier",Google Places API (New)
Raindancer Steakhouse,"2300 Palm Beach Lakes Blvd, West Palm Beach, FL 33409, USA",West Palm Beach,FL,(561) 684-2810,http://www.raindancersteakhouse.com/,,Expensive,4.4,,"Relaxed destination for classic, chargrilled cuts, cocktails & weekend live entertainment. | Steak House | Rated 4.4/5 (1377 reviews) | Expensive / upscale tier",Google Places API (New)
Cafe Sapori,"205 Southern Blvd, West Palm Beach, FL 33405, USA",West Palm Beach,FL,(561) 805-7313,https://www.cafesaporicorp.com/,info@cafesapori.com,Expensive,4.3,,Sophisticated white-linen bistro with an outdoor patio & traditional homestyle Italian plates. | Italian Restaurant | Rated 4.3/5 (697 reviews) | Expensive / upscale tier,Google Places API (New)
kitchen,"319 Belvedere Rd, West Palm Beach, FL 33405, USA",West Palm Beach,FL,(561) 249-2281,http://kitchenpb.com/,,Expensive,4.5,,"Small, black-&-white restaurant offering seasonal, contemporary American dishes. | American Restaurant | Rated 4.5/5 (270 reviews) | Expensive / upscale tier",Google Places API (New)
Latitudes - Delray Sands Resort,"2809 S Ocean Blvd, Highland Beach, FL 33487, USA",Highland Beach,FL,(561) 278-2008,https://www.opalcollection.com/delray-sands/restaurants/latitudes/?utm_source=google&utm_medium=listing&utm_campaign=opal+delray+sands+resort+latitudes,,Expensive,4.5,,"Stylish restaurant & lounge offering ocean views & surf 'n' turf, plus Sunday brunch. | Seafood Restaurant | Rated 4.5/5 (2201 reviews) | Expensive / upscale tier",Google Places API (New)
Pistache French Bistro,"101 N Clematis St, West Palm Beach, FL 33401, USA",West Palm Beach,FL,(561) 833-5090,http://www.pistachewpb.com/,INFO@PISTACHEWPB.COM,Expensive,4.3,,Hip French cafe turning out traditional cuisine in art-nouveau-style digs by Centennial Park. | French Restaurant | Rated 4.3/5 (1346 reviews) | Expensive / upscale tier,Google Places API (New)
La Cigale,"253 SE 5th Ave, Delray Beach, FL 33483, USA",Delray Beach,FL,(561) 265-0600,http://www.lacigaledelray.com/,,Expensive,4.5,,"Upscale dishes with French, Italian & Greek influences are served in a colorful, contemporary space. | Restaurant | Rated 4.5/5 (283 reviews) | Expensive / upscale tier",Google Places API (New)
Ristorante Santucci,"610 Clematis St, West Palm Beach, FL 33401, USA",West Palm Beach,FL,(561) 337-2532,https://restaurantsantucci.com/,info@restaurantsantucci.com,Expensive,4.5,,"Slick, all-white Italian restaurant with sidewalk seating, popular with after-work courthouse crowd. | Italian Restaurant | Rated 4.5/5 (275 reviews) | Expensive / upscale tier",Google Places API (New)
Seafood Bar,"1 S County Rd, Palm Beach, FL 33480, USA",Palm Beach,FL,(877) 724-3188,https://www.thebreakers.com/dining/seafood-bar/,reservations@thebreakers.com,Very Expensive,4.6,,"Overlooking the ocean, this polished eatery offers freshly caught seafood & a lengthy wine list. | Seafood Restaurant | Rated 4.6/5 (1558 reviews) | Very expensive / luxury tier",Google Places API (New)
The Woods Jupiter,"129 Soundings Ave, Jupiter, FL 33477, USA",Jupiter,FL,(561) 320-9627,http://www.woodsjupiter.com/,,Expensive,4.3,,Vibrant outpost featuring New American plates & cocktails in an urbane setting with patio seating. | American Restaurant | Rated 4.3/5 (1945 reviews) | Expensive / upscale tier,Google Places API (New)
Buonasera Ristorante,"2145 US-1, Jupiter, FL 33477, USA",Jupiter,FL,(561) 744-0543,http://buonaserajupiter.com/,info@buonaserajupiter.com,Very Expensive,4.6,,Sophisticated storefront eatery serving renowned Italian plates along with a robust wine list. | Italian Restaurant | Rated 4.6/5 (180 reviews) | Very expensive / luxury tier,Google Places API (New)
Paradiso Ristorante,"625 Lucerne Ave A, Lake Worth Beach, FL 33460, USA",Lake Worth Beach,FL,(561) 547-2500,http://www.paradisolakeworth.com/,,Expensive,4.4,,Elegant Italian fare is served in a serene setting accented by a wall-wide mural of the old country. | Italian Restaurant | Rated 4.4/5 (490 reviews) | Expensive / upscale tier,Google Places API (New)
Ke'e Grill Juno Beach,"14020 US-1, Juno Beach, FL 33408, USA",Juno Beach,FL,(561) 776-1167,http://www.keegrilljunobeach.com/,,Expensive,4.7,,"Warm, buzzy eatery with tropical decor, a bamboo bar & a focus on seafood, steaks & chops. | Seafood Restaurant | Rated 4.7/5 (629 reviews) | Expensive / upscale tier",Google Places API (New)
Evo Italian,"150 N US Highway 1, Tequesta, FL 33469, USA",Tequesta,FL,(561) 745-2444,http://www.evoitalian.com/,,Expensive,4.6,,Swanky space with a patio & sleek bar offers refined Italian meals paired with a vast wine list. | Italian Restaurant | Rated 4.6/5 (481 reviews) | Expensive / upscale tier,Google Places API (New)
Kaluz Restaurant Wellington,"2025 Wellington Green Dr, Wellington, FL 33414, USA",Wellington,FL,(561) 784-5500,https://www.kaluzrestaurant.com/,info@kaluzrestaurant.com,Expensive,4.6,,American Restaurant | Rated 4.6/5 (2357 reviews) | Expensive / upscale tier,Google Places API (New)
Prime Catch,"700 E Woolbright Rd, Boynton Beach, FL 33435, USA",Boynton Beach,FL,(561) 737-8822,http://www.primecatchboynton.com/,,Expensive,4.4,,"Airy seafood spot with Intracoastal views, a broad wine list & outdoor seating. | Seafood Restaurant | Rated 4.4/5 (3600 reviews) | Expensive / upscale tier",Google Places API (New)
Agora Mediterranean Kitchen,"2505 N Dixie Hwy, West Palm Beach, FL 33407, USA",West Palm Beach,FL,(561) 651-7474,https://www.agorakitchenwpb.com/,,Expensive,4.7,,"Warm, eclectic staple specializing in locally sourced Mediterranean fare with a Turkish focus. | Mediterranean Restaurant | Rated 4.7/5 (836 reviews) | Expensive / upscale tier",Google Places API (New)
Oli's Fashion Cuisine,"10610 Forest Hill Blvd #20, Wellington, FL 33414, USA",Wellington,FL,(561) 792-2220,http://olisfashioncuisine.com/,,Expensive,4.4,,"Ritzy hot spot for elevated, artfully presented New American fare & cocktails in modern surrounds. | American Restaurant | Rated 4.4/5 (1013 reviews) | Expensive / upscale tier",Google Places API (New)
La Villetta Ristorante,"4351 N Federal Hwy, Boca Raton, FL 33431, USA",Boca Raton,FL,(561) 362-8403,http://www.lavillettaboca.com/,info@lavillettaboca.com,Expensive,4.5,,Elegant Italian bistro focusing on traditional cooking paired with a large selection of wines. | Italian Restaurant | Rated 4.5/5 (233 reviews) | Expensive / upscale tier,Google Places API (New)
The Grove,"187 NE 2nd Ave, Delray Beach, FL 33444, USA",Delray Beach,FL,(561) 266-3750,http://thegrovedelray.com/,christine@thegrovedelray.com,Expensive,4.5,,"Intimate American restaurant featuring a sleek, contemporary dining room, plus a patio. | American Restaurant | Rated 4.5/5 (320 reviews) | Expensive / upscale tier",Google Places API (New)
J. Alexander's Restaurant,"4625 PGA Blvd, Palm Beach Gardens, FL 33418, USA",Palm Beach Gardens,FL,(561) 694-2711,https://jalexanders.com/,,Expensive,4.5,,Restaurant chain serving wood-fired American fare in a contemporary space with a bar. | American Restaurant | Rated 4.5/5 (1391 reviews) | Expensive / upscale tier,Google Places API (New)
The Circle,"1 S County Rd, Palm Beach, FL 33480, USA",Palm Beach,FL,(855) 435-5744,https://www.thebreakers.com/dining/the-circle/,reservations@thebreakers.com,Very Expensive,4.7,,Restaurant at The Breakers resort focusing on classic breakfast & brunch dishes in an opulent space. | Brunch Restaurant | Rated 4.7/5 (307 reviews) | Very expensive / luxury tier,Google Places API (New)
La Nouvelle Maison,"455 E Palmetto Park Rd, Boca Raton, FL 33432, USA",Boca Raton,FL,(561) 338-3003,http://lnmbocaraton.com/,,Very Expensive,4.3,,"Fashionable, artful fixture with refined French entrees, fancy desserts & an extensive wine list. | French Restaurant | Rated 4.3/5 (575 reviews) | Very expensive / luxury tier",Google Places API (New)
"Tramonti Ristorante Delray Beach, FL","119 E Atlantic Ave, Delray Beach, FL 33444, USA",Delray Beach,FL,(561) 272-1944,http://www.tramontidelray.com/,,Expensive,4.5,,Busy spin-off of Angelo's of Mulberry Street in NYC with Italian cuisine & a moodily lit ambiance. | Italian Restaurant | Rated 4.5/5 (1418 reviews) | Expensive / upscale tier,Google Places API (New)
Benvenuto Restaurant & Banquet Facility,"1730 N Federal Hwy, Boynton Beach, FL 33435, USA",Boynton Beach,FL,(561) 364-0600,http://benvenutorestaurant.com/,,Expensive,4.8,,Upscale restaurant & event facility open to the public on weekends for refined New American dining. | Wedding Venue | Rated 4.8/5 (1026 reviews) | Expensive / upscale tier,Google Places API (New)
Le Sorelle Restaurant Delray Beach,"20 SE 5th Ave, Delray Beach, FL 33483, USA",Delray Beach,FL,(561) 437-1440,https://www.lesorellerestaurant.com/,,Expensive,4.8,,"Homemade pasta, wood-fired pizza & other upscale Italian dishes are the draw at this elegant eatery. | Italian Restaurant | Rated 4.8/5 (2451 reviews) | Expensive / upscale tier",Google Places API (New)
The Station House Restaurant,"233 W Lantana Rd, Lantana, FL 33462, USA",Lantana,FL,(561) 801-5000,https://thestationhouse.com/,,Expensive,4.4,,Surf ’n’ turf specialist known for its lobster preparations served in a former train depot. | Restaurant | Rated 4.4/5 (1213 reviews) | Expensive / upscale tier,Google Places API (New)
Le Sorelle Restaurants North Boca,"6020 N Federal Hwy, Boca Raton, FL 33487, USA",Boca Raton,FL,(561) 235-5301,https://lesorellerestaurants.com/,lesorellerestaurants@gmail.com,Expensive,4.8,,"Traditional Italian favorites, from brick-oven pizza to branzino, & cocktails amid a warm ambiance. | Italian Restaurant | Rated 4.8/5 (2018 reviews) | Expensive / upscale tier",Google Places API (New)
Ke'e Grill,"17940 N Military Trl #700, Boca Raton, FL 33496, USA",Boca Raton,FL,(561) 995-5044,http://keegrillbocaraton.com/,,Expensive,4.5,,Restaurant presenting steaks & seafood amid tropical-inspired accents such as indoor umbrellas. | Seafood Restaurant | Rated 4.5/5 (977 reviews) | Expensive / upscale tier,Google Places API (New)
Little Moir's Leftovers,"451 University Blvd, Jupiter, FL 33458, USA",Jupiter,FL,(561) 627-6030,https://leftoverscafe.com/,,Expensive,4.7,,"A wide array of seafood, craft beer & wine served in a casual cafe with fish-inspired art & a patio. | Seafood Restaurant | Rated 4.7/5 (1987 reviews) | Expensive / upscale tier",Google Places API (New)
Bimini Twist,"8480 Okeechobee Blvd, West Palm Beach, FL 33411, USA",West Palm Beach,FL,(561) 784-2660,http://biminitwistwpb.com/,,Expensive,4.4,,Spacious restaurant with island-style decor is a bustling destination for steaks & seafood. | Seafood Restaurant | Rated 4.4/5 (2720 reviews) | Expensive / upscale tier,Google Places API (New)
Melting Pot,"5455 N Federal Hwy Ste A, Boca Raton, FL 33487, USA",Boca Raton,FL,(561) 997-7472,https://www.meltingpot.com/boca-raton-fl/,,Expensive,4.7,,"Fondue restaurant chain offering heated pots of cheese, chocolate or broth for dipping & cooking. | Fondue Restaurant | Rated 4.7/5 (1206 reviews) | Expensive / upscale tier",Google Places API (New)
Ruth's Chris Steak House,"Rosemary Square, 651 Okeechobee Blvd, West Palm Beach, FL 33401, USA",West Palm Beach,FL,(561) 514-3544,https://www.ruthschris.com/locations/fl/west-palm-beach/west-palm-beach/7342?cmpid=br:rc_ag:ie_ch:loc_ca:RCGMB_sn:gmb_gt:west-palm-beach-fl-7342_pl:locurl_rd:1035,,Very Expensive,4.4,,"Outpost of upmarket steakhouse chain known for sizzling, butter-topped beef in an elegant setting | Steak House | Rated 4.4/5 (1655 reviews) | Very expensive / luxury tier",Google Places API (New)
Imoto at Buccan,"350 S County Rd, Palm Beach, FL 33480, USA",Palm Beach,FL,(561) 833-5522,http://www.imotopalmbeach.com/,info@buccanpalmbeach.com,Expensive,4.5,,Asian Restaurant | Rated 4.5/5 (211 reviews) | Expensive / upscale tier,Google Places API (New)
Texas de Brazil - Palm Beach Gardens,"4645 PGA Blvd, Palm Beach Gardens, FL 33418, USA",Palm Beach Gardens,FL,(561) 293-4866,https://texasdebrazil.com/locations/beach-gardens/?utm_source=gmb&utm_medium=yext&y_source=1_NDg4MzA3MDktNzE1LWxvY2F0aW9uLndlYnNpdGU%3D,,Expensive,4.4,,Upscale Brazilian eatery featuring all-you-can-eat grilled meat carved tableside & a salad bar. | Steak House | Rated 4.4/5 (2431 reviews) | Expensive / upscale tier,Google Places API (New)
Pizza Al Fresco,"14 Via Mizner, Palm Beach, FL 33480, USA",Palm Beach,FL,(561) 832-0032,http://pizzaalfresco.com/,,Expensive,4.3,,Casual eatery offering Italian fare such as pastas & wood-fired pizzas plus a popular patio. | Pizza Restaurant | Rated 4.3/5 (1142 reviews) | Expensive / upscale tier,Google Places API (New)
Cucina,"257 Royal Poinciana Way, Palm Beach, FL 33480, USA",Palm Beach,FL,(561) 655-0770,https://www.cucinapalmbeach.com/,info@cucinapalmbeach.com,Expensive,3.9,,Trattoria serves breakfast & upmarket Italian cuisine in a classic space with a vibrant bar scene. | Italian Restaurant | Rated 3.9/5 (51 reviews) | Expensive / upscale tier,Google Places API (New)
The Capital Grille,"9101 International Dr Ste 1000, Orlando, FL 32819, USA",Orlando,FL,(407) 370-4392,https://www.thecapitalgrille.com/locations/fl/orlando/orlando-i-drive/8025?cmpid=br:tcg_ag:ie_ch:loc_ca:TCGGMB_sn:gmb_gt:orlando-fl-8025_pl:locurl_rd:1021,,Very Expensive,4.6,,"Outpost of the upscale steakhouse chain offers classic American fare & a clubby, refined setting. | Fine Dining Restaurant | Rated 4.6/5 (2572 reviews) | Very expensive / luxury tier",Google Places API (New)
Ocean Prime,"7339 W Sand Lake Rd #400, Orlando, FL 32819, USA",Orlando,FL,(407) 781-4880,https://www.ocean-prime.com/locations-menus/orlando,,Expensive,4.7,,"Upscale chain known for its sophisticated decor, long wine list & classic steak & seafood menu. | Seafood Restaurant | Rated 4.7/5 (2441 reviews) | Expensive / upscale tier",Google Places API (New)
Kres Chophouse,"17 W Church St, Orlando, FL 32801, USA",Orlando,FL,(407) 447-7950,http://www.kresrestaurant.com/,,Expensive,4.7,,"Historic building housing a modern, bustling steakhouse with happy hours and late-night dining. | Steak House | Rated 4.7/5 (3371 reviews) | Expensive / upscale tier",Google Places API (New)
Knife & Spoon,"4012 Central Florida Pkwy, Orlando, FL 32837, USA",Orlando,FL,(407) 393-4333,https://www.knifeandspoonrc.com/,Jessica.Dukes@ritzcarlton.com,Very Expensive,4.3,,Restaurant | Rated 4.3/5 (543 reviews) | Very expensive / luxury tier,Google Places API (New)
The Boathouse,"1620 E Buena Vista Dr, Lake Buena Vista, FL 32830, USA",Lake Buena Vista,FL,(407) 939-2628,https://theboathouseorlando.com/,,Expensive,4.8,,"Sophisticated waterfront choice for steak and seafood, plus tours in vintage amphibious automobiles. | Seafood Restaurant | Rated 4.8/5 (21330 reviews) | Expensive / upscale tier",Google Places API (New)
Chatham's Place Restaurant,"7575 Dr Phillips Blvd, Orlando, FL 32819, USA",Orlando,FL,(407) 345-2992,http://www.chathamsplace.com/,reservations@chathamsplace.com,Very Expensive,4.8,,American fare that features produce from the chef's garden is showcased at this chic restaurant. | American Restaurant | Rated 4.8/5 (542 reviews) | Very expensive / luxury tier,Google Places API (New)
Salt & The Cellar by Akira Back,"Located on the main level of the ultra elevated ette hotel Orlando, 3001 Sherberth Rd, Kissimmee, FL 34747, USA",Kissimmee,FL,(407) 288-1919,https://www.saltandthecellar.com/,info@saltandthecellar.com,Very Expensive,4.8,,Restaurant | Rated 4.8/5 (1028 reviews) | Very expensive / luxury tier,Google Places API (New)
The Boheme,"325 S Orange Ave, Orlando, FL 32801, USA",Orlando,FL,(407) 581-4700,https://www.marriott.com/en-us/hotels/mcoak-grand-bohemian-orlando-autograph-collection/dining/?scid=feed67b0-9a2f-4de1-8df6-114544116108,,Expensive,4.4,,"Refined restaurant featuring a menu of classic, European-inspired meals, plus specialty cocktails, wine & beer. | Bar | Rated 4.4/5 (993 reviews) | Expensive / upscale tier",Google Places API (New)
The H Orlando,"7512 Dr Phillips Blvd Ste 80, Orlando, FL 32819, USA",Orlando,FL,(407) 930-3020,https://thehorlando.com/,reservations@theh.com,Very Expensive,4.5,,"High-end steakhouse with dry-aged cuts & seafood, plus handcrafted cocktails & an ample wine list. | Steak House | Rated 4.5/5 (5895 reviews) | Very expensive / luxury tier",Google Places API (New)
The Capital Grille,"4200 Conroy Rd A146, Orlando, FL 32839, USA",Orlando,FL,(407) 351-2210,https://www.thecapitalgrille.com/locations/fl/orlando/orlando-millenia/8054?cmpid=br:tcg_ag:ie_ch:loc_ca:TCGGMB_sn:gmb_gt:orlando-fl-8054_pl:locurl_rd:1049,,Very Expensive,4.6,,"Outpost of the upscale steakhouse chain offers classic American fare & a clubby, refined setting. | Fine Dining Restaurant | Rated 4.6/5 (2280 reviews) | Very expensive / luxury tier",Google Places API (New)
Bull & Bear,"14200 Bonnet Creek Resort Ln, Orlando, FL 32821, USA",Orlando,FL,(407) 597-5500,https://www.bullandbearorlando.com/?SEO_id=GMB--1-R-ORLBCWA-2,,Very Expensive,4.6,,The Waldorf Astoria's high-end steak destination with clubby quarters lit by chandeliers. | Fine Dining Restaurant | Rated 4.6/5 (792 reviews) | Very expensive / luxury tier,Google Places API (New)
The Dining Room at Victoria & Albert’s,"4401 Floridian Way, Lake Buena Vista, FL 32830, USA",Lake Buena Vista,FL,(407) 939-5277,https://disneyworld.disney.go.com/dining/grand-floridian-resort-and-spa/victoria-and-alberts/?CMP=OKC-90002336_GM_WDW_dining_thediningroomatvictoriaalberts_NA,WDW.Victoria.and.Alberts@disney.com,Very Expensive,4.8,,High-end Disney destination for fixed-price New American cuisine in Victorian-style environs. | Fine Dining Restaurant | Rated 4.8/5 (433 reviews) | Very expensive / luxury tier,Google Places API (New)
KaLa Rooftop Restaurant,"6801 Visitors Cir Suite 600, Orlando, FL 32819, USA",Orlando,FL,(407) 881-9746,http://kalaorlando.com/,example@mysite.com,Expensive,4.6,,Restaurant | Rated 4.6/5 (2671 reviews) | Expensive / upscale tier,Google Places API (New)
STK Steakhouse,"1580 E Buena Vista Dr, Lake Buena Vista, FL 32830, USA",Lake Buena Vista,FL,(407) 917-7440,https://stksteakhouse.com/venues/orlando/,info@togrp.com,Very Expensive,4.7,,Grilled meats and DJ-spun tunes in a splashy two-story steakhouse with a rooftop terrace. | Steak House | Rated 4.7/5 (37574 reviews) | Very expensive / luxury tier,Google Places API (New)
Christner's Prime Steak & Lobster,"729 Lee Rd, Orlando, FL 32810, USA",Orlando,FL,(407) 645-4443,https://www.christnersprimesteakandlobster.com/,,Very Expensive,4.6,,High-end steaks & seafood served in refined dining rooms enlivened by piano music & magic shows. | Fine Dining Restaurant | Rated 4.6/5 (1835 reviews) | Very expensive / luxury tier,Google Places API (New)
Vito’s Chop House,"8633 International Dr, Orlando, FL 32819, USA",Orlando,FL,(407) 354-2467,http://www.vitoschophouse.com/,,Very Expensive,4.6,,"Upscale locale for flame-grilled beef, Italian classics & fine wines in a brick-walled dining room. | Steak House | Rated 4.6/5 (2039 reviews) | Very expensive / luxury tier",Google Places API (New)
The Palm - Orlando,"5800 Universal Blvd, Orlando, FL 32819, USA",Orlando,FL,(407) 503-7256,https://www.thepalm.com/restaurants/orlando/,,Very Expensive,4.4,,"Storied chain serving high-end steakhouse fare, seafood & diverse wines in clubby surrounds. | Steak House | Rated 4.4/5 (825 reviews) | Very expensive / luxury tier",Google Places API (New)
Del Frisco's Double Eagle Steakhouse,"9150 International Dr, Orlando, FL 32819, USA",Orlando,FL,(407) 351-5074,https://www.delfriscos.com/location/del-friscos-double-eagle-steakhouse-orlando-fl/,,Very Expensive,4.5,,Opulently outfitted chain restaurant specializing in prime steaks & seafood along with fine wines. | Steak House | Rated 4.5/5 (2956 reviews) | Very expensive / luxury tier,Google Places API (New)
Capa,"10100 Dream Tree Blvd, Golden Oak, FL 32836, USA",Golden Oak,FL,(407) 313-7777,https://www.fourseasons.com/orlando/dining/restaurants/capa/?utm_source=google&utm_medium=organicsearch&utm_campaign=tor-orl-fab-mid-seo-na&utm_content=na-na&utm_term=na,,Very Expensive,4.6,,"This swanky restaurant in the Four Seasons Hotel has modern tapas, steak & an outdoor lounge. | Restaurant | Rated 4.6/5 (1142 reviews) | Very expensive / luxury tier",Google Places API (New)
Fleming’s Prime Steakhouse & Wine Bar,"8030 Via Dellagio Way Bldg F, Orlando, FL 32819, USA",Orlando,FL,(407) 352-5706,https://www.flemingssteakhouse.com/Locations/FL/Orlando-Sand-Lake?y_source=1_MTU1MDMyMDAtNzE1LWxvY2F0aW9uLndlYnNpdGU%3D,,Very Expensive,4.6,,High-end steakhouse chain with aged prime beef & classics such as lobster tails. | Steak House | Rated 4.6/5 (1490 reviews) | Very expensive / luxury tier,Google Places API (New)
Highball & Harvest,"4012 Central Florida Pkwy, Orlando, FL 32837, USA",Orlando,FL,(407) 393-4422,https://www.ritzcarlton.com/en/hotels/mcorz-the-ritz-carlton-orlando-grande-lakes/dining/?scid=feed67b0-9a2f-4de1-8df6-114544116108,,Expensive,4.5,,Ritz-Carlton Hotel eatery offering creative Southern cuisine & cocktails in warm surroundings. | American Restaurant | Rated 4.5/5 (876 reviews) | Expensive / upscale tier,Google Places API (New)
The Osprey,"4899 New Broad St, Orlando, FL 32814, USA",Orlando,FL,(407) 960-7700,https://www.theospreyorlando.com/,,Expensive,4.6,,"Lively American spot with an open kitchen & central bar, offering a creative take on the classics. | Restaurant | Rated 4.6/5 (1382 reviews) | Expensive / upscale tier",Google Places API (New)
Paddlefish,"1670 E Buena Vista Dr, Disney Springs, The Landing, Lake Buena Vista, FL 32830, USA",Lake Buena Vista,FL,(407) 934-2628,https://disneyworld.disney.go.com/dining/disney-springs/paddlefish/?CMP=OKC-18457125_GM_WDW_dining_paddlefish_NA,,Expensive,4.6,,"Downtown Disney eatery aboard a faux riverboat featuring seafood, steaks & a vast menu of wines. | Fine Dining Restaurant | Rated 4.6/5 (12013 reviews) | Expensive / upscale tier",Google Places API (New)
Jack's Place,"9700 International Dr, Orlando, FL 32819, USA",Orlando,FL,(407) 996-1787,http://www.jacksplacerestaurant.com/,,Expensive,4.5,,Caricatures of celebs line the walls of this upmarket steakhouse in the Rosen Plaza Hotel. | Fine Dining Restaurant | Rated 4.5/5 (554 reviews) | Expensive / upscale tier,Google Places API (New)
California Grill,"4600 World Dr, Lake Buena Vista, FL 32830, USA",Lake Buena Vista,FL,(407) 939-5277,https://disneyworld.disney.go.com/dining/contemporary-resort/california-grill/?CMP=OKC-90001336_GM_WDW_dining_californiagrill_NA,,Very Expensive,4.6,,Elevated eatery at Disney's Contemporary Resort with park views & globally inspired seasonal fare. | Fine Dining Restaurant | Rated 4.6/5 (2243 reviews) | Very expensive / luxury tier,Google Places API (New)
Hillstone Restaurant,"215 S Orlando Ave, Winter Park, FL 32789, USA",Winter Park,FL,(407) 740-4005,https://hillstonerestaurant.com/locations/winterpark/#,,Expensive,4.3,,"Upscale chain eatery serving burgers, steaks & other American fare in stylish, spacious surrounds. | American Restaurant | Rated 4.3/5 (3818 reviews) | Expensive / upscale tier",Google Places API (New)
The Oceanaire Seafood Room,"9101 International Dr Ste 1002, Orlando, FL 32819, USA",Orlando,FL,(407) 363-4801,https://www.theoceanaire.com/location/orlando-fl/,,Very Expensive,4.3,,"High-end chain offering seafood, steaks & a deep wine list in sophisticated but lively environs. | Fine Dining Restaurant | Rated 4.3/5 (1313 reviews) | Very expensive / luxury tier",Google Places API (New)
Chef's Table at the Edgewater,"99 W Plant St, Winter Garden, FL 34787, USA",Winter Garden,FL,(407) 230-4837,https://www.chefstableattheedgewater.com/,,Expensive,4.6,,A quaint fine-dining restaurant in the Edgewater Hotel serves a set-price menu of New American fare. | American Restaurant | Rated 4.6/5 (1305 reviews) | Expensive / upscale tier,Google Places API (New)
Charley's Steak House,"8255 International Dr #100, Orlando, FL 32819, USA",Orlando,FL,(407) 363-0228,http://www.charleyssteakhouse.com/,,Very Expensive,4.5,,"Classic chophouse delivering wood-fired aged beef, plus seafood & wine in a sophisticated space. | Steak House | Rated 4.5/5 (4912 reviews) | Very expensive / luxury tier",Google Places API (New)
Cala Bella,"9939 Universal Blvd, Orlando, FL 32819, USA",Orlando,FL,(407) 996-3663,http://calabellarestaurant.com/,ATomaska@RosenShingleCreek.com,Expensive,4.6,,Evocative restaurant featuring Italian cuisine & various wines in upscale surroundings. | Italian Restaurant | Rated 4.6/5 (427 reviews) | Expensive / upscale tier,Google Places API (New)
La Luce,"14100 Bonnet Creek Resort Ln, Orlando, FL 32821, USA",Orlando,FL,,https://www.laluceorlando.com/?SEO_id=GMB--2-R-ORLHHSA-1&y_source=1_MTU0MDUzOTAtNzE1LWxvY2F0aW9uLndlYnNpdGU%3D,,Expensive,4.4,,"Napa-influenced, seasonal Italian fare in a hotel's sleek, art-filled restaurant. | Restaurant | Rated 4.4/5 (641 reviews) | Expensive / upscale tier",Google Places API (New)
The Ravenous Pig,"565 W Fairbanks Ave, Winter Park, FL 32789, USA",Winter Park,FL,(407) 628-2333,https://www.theravenouspig.com/,,Expensive,4.5,,"Stylish gastropub serving inventive New American fare, beers brewed on-site & handcrafted cocktails. | American Restaurant | Rated 4.5/5 (3239 reviews) | Expensive / upscale tier",Google Places API (New)
Eddie V's Prime Seafood,"7488 W Sand Lake Rd, Orlando, FL 32819, USA",Orlando,FL,(407) 355-3011,https://www.eddiev.com/locations/fl/orlando/orlando/8513?cmpid=br:ev_ag:ie_ch:loc_ca:EVGMB_sn:gmb_gt:orlando-fl-8513_pl:locurl_rd:1012,,Very Expensive,4.7,,"Elegant fine-dining chain with a seafood & steak menu, plus a cocktail lounge featuring live jazz | Seafood Restaurant | Rated 4.7/5 (3985 reviews) | Very expensive / luxury tier",Google Places API (New)
Enzo's on the Lake,"1130 S US Hwy 17 92, Longwood, FL 32750, USA",Longwood,FL,(407) 834-9872,https://www.enzos.com/,,Expensive,4.6,,Antipasti & elegant Italian mains are presented in a warm atmosphere with gardens & water views. | Italian Restaurant | Rated 4.6/5 (1220 reviews) | Expensive / upscale tier,Google Places API (New)
Jiko - The Cooking Place,"2901 Osceola Pkwy, Lake Buena Vista, FL 32830, USA",Lake Buena Vista,FL,(407) 939-5277,https://disneyworld.disney.go.com/dining/animal-kingdom-lodge/jiko-the-cooking-place/?CMP=OKC-90001778_GM_WDW_dining_jikothecookingplace_NA,,Expensive,4.6,,Eatery in Disney's Animal Kingdom Lodge for South African cuisine presented in a dramatic setting. | Restaurant | Rated 4.6/5 (1228 reviews) | Expensive / upscale tier,Google Places API (New)
Le Cellier Steakhouse,"200 Epcot Center Dr, Lake Buena Vista, FL 32830, USA",Lake Buena Vista,FL,(407) 939-5277,https://disneyworld.disney.go.com/dining/epcot/le-cellier-steakhouse/?CMP=OKC-90001798_GM_WDW_dining_lecelliersteakhouse_NA,,Very Expensive,4.5,,Canadian choice for candlelit steak & seafood meals in a cellarlike space at Epcot Center. | Steak House | Rated 4.5/5 (2681 reviews) | Very expensive / luxury tier,Google Places API (New)
Chroma Modern Bar + Kitchen,"6967 Lake Nona Blvd, Orlando, FL 32827, USA",Orlando,FL,(407) 955-4340,https://www.chromalakenona.com/,websitecontact@chromalakenona.com,Expensive,4.4,,"Small plates, craft beers & garden-to-glass cocktails served in a modern indoor/outdoor space. | Restaurant | Rated 4.4/5 (2993 reviews) | Expensive / upscale tier",Google Places API (New)
Narcoossee's,"4401 Floridian Way, Bay Lake, FL 32830, USA",Bay Lake,FL,(407) 939-5277,https://disneyworld.disney.go.com/dining/grand-floridian-resort-and-spa/narcoossees/?CMP=OKC-90001983_GM_WDW_dining_narcoossees_NA,,Very Expensive,4.6,,Disney eatery with specialty choice seafood offers a cozy dining room with views of Magic Kingdom. | Seafood Restaurant | Rated 4.6/5 (1151 reviews) | Very expensive / luxury tier,Google Places API (New)
Hamilton's Kitchen,"Located at The Alfond Inn at Rollins, 300 E New England Ave, Winter Park, FL 32789, USA",Winter Park,FL,(407) 998-8090,https://thealfondinn.com/hamiltons-kitchen/the-restaurant,,Expensive,4.4,,Casually elegant place in the Alfond Inn with a modern Southern menu emphasizing local ingredients. | American Restaurant | Rated 4.4/5 (776 reviews) | Expensive / upscale tier,Google Places API (New)
Cinderella's Royal Table,"1180 Seven Seas Drive, Lake Buena Vista, FL 32830, USA",Lake Buena Vista,FL,(407) 939-5277,https://disneyworld.disney.go.com/dining/magic-kingdom/cinderella-royal-table/?CMP=OKC-90002464_GM_WDW_dining_cinderellasroyaltable_NA,,Very Expensive,4.2,,"Whimsical Cinderella-themed eatery, set in a medieval-styled room akin to a castle's banquet hall. | Fine Dining Restaurant | Rated 4.2/5 (1155 reviews) | Very expensive / luxury tier",Google Places API (New)
Cuba Libre Restaurant & Rum Bar,"9101 International Dr, Orlando, FL 32819, USA",Orlando,FL,(407) 226-1600,https://www.cubalibrerestaurant.com/en/orlando/,,Expensive,4.3,,Cuban cuisine & a vast rum bar accented by Caribbean decor & late-night salsa dancing. | Cuban Restaurant | Rated 4.3/5 (4592 reviews) | Expensive / upscale tier,Google Places API (New)
Fogo de Chão Brazilian Steakhouse,"8282 International Dr, Orlando, FL 32819, USA",Orlando,FL,(407) 370-0711,https://fogodechao.com/location/orlando/,,Expensive,4.6,,Upscale Brazilian chain for all-you-can-eat meat carved tableside plus an extensive salad bar. | Brazilian Restaurant | Rated 4.6/5 (17729 reviews) | Expensive / upscale tier,Google Places API (New)
Fleming’s Prime Steakhouse & Wine Bar,"933 N Orlando Ave, Winter Park, FL 32789, USA",Winter Park,FL,(407) 699-9463,https://www.flemingssteakhouse.com/Locations/FL/Orlando-Winter-Park?y_source=1_MTU1MDMyMDYtNzE1LWxvY2F0aW9uLndlYnNpdGU%3D,,Very Expensive,4.6,,High-end steakhouse chain with aged prime beef & classics such as lobster tails. | Steak House | Rated 4.6/5 (2032 reviews) | Very expensive / luxury tier,Google Places API (New)
Tiffins Restaurant,"2901 Osceola Pkwy, Lake Buena Vista, FL 32830, USA",Lake Buena Vista,FL,(407) 939-5277,https://disneyworld.disney.go.com/dining/animal-kingdom/tiffins/?CMP=OKC-18069632_GM_WDW_dining_tiffinsrestaurant_NA,,Expensive,4.2,,"Theme park exploration-inspired restaurant/lounge serving African, Indian & South American cuisine. | African Restaurant | Rated 4.2/5 (1258 reviews) | Expensive / upscale tier",Google Places API (New)
BiCE Ristorante - Orlando,"5601 Universal Blvd, Orlando, FL 32819, USA",Orlando,FL,(407) 503-1415,http://www.bice-orlando.com/,gmorlando@bicegroup.com,Very Expensive,4.1,,Upscale Milan-based chain for classic Northern Italian fare served in glamorous surrounds. | Italian Restaurant | Rated 4.1/5 (499 reviews) | Very expensive / luxury tier,Google Places API (New)
Melting Pot,"7549 W Sand Lake Rd, Orlando, FL 32819, USA",Orlando,FL,(407) 903-1100,https://www.meltingpot.com/orlando-fl/,,Expensive,4.8,,"Fondue restaurant chain offering heated pots of cheese, chocolate or broth for dipping & cooking. | Fondue Restaurant | Rated 4.8/5 (4516 reviews) | Expensive / upscale tier",Google Places API (New)
Adega Gaucha Brazilian Steakhouse,"7804 W Irlo Bronson Memorial Hwy, Kissimmee, FL 34747, USA",Kissimmee,FL,(321) 245-5555,https://adegagaucha.com/locations/kissimmee/,,Expensive,4.9,,Steak House | Rated 4.9/5 (4962 reviews) | Expensive / upscale tier,Google Places API (New)
Morton's The Steakhouse,"7600 Dr Phillips Blvd Ste 132, Orlando, FL 32819, USA",Orlando,FL,(407) 248-3485,https://www.mortons.com/location/mortons-the-steakhouse-orlando-fl/,,Very Expensive,4.3,,"Upscale chain for aged prime beef, seafood & other traditional steakhouse fare in a clubby space. | Restaurant | Rated 4.3/5 (1211 reviews) | Very expensive / luxury tier",Google Places API (New)
Monsieur Paul,"200 Epcot Center Dr, Bay Lake, FL 32830, USA",Bay Lake,FL,(407) 939-5277,https://disneyworld.disney.go.com/dining/epcot/monsieur-paul/?CMP=OKC-90001296_GM_WDW_dining_monsieurpaul_NA,,Very Expensive,4.1,,"Relaxed, elegant venue featuring traditional French cuisine with a modern twist & Epcot views. | French Restaurant | Rated 4.1/5 (200 reviews) | Very expensive / luxury tier",Google Places API (New)
Texas de Brazil - Orlando,"5259 International Dr f1, Orlando, FL 32819, USA",Orlando,FL,(407) 315-1135,https://texasdebrazil.com/locations/orlando/?utm_source=gmb&utm_medium=yext&y_source=1_NDg4MzA3MzgtNzE1LWxvY2F0aW9uLndlYnNpdGU%3D,,Expensive,4.6,,Upscale Brazilian eatery featuring all-you-can-eat grilled meat carved tableside & a salad bar. | Steak House | Rated 4.6/5 (9034 reviews) | Expensive / upscale tier,Google Places API (New)
Morimoto Asia,"1600 E Buena Vista Dr, Lake Buena Vista, FL 32830, USA",Lake Buena Vista,FL,(407) 939-6686,https://morimotoasia.com/,,Expensive,4.2,,"Chef Masaharu Morimoto partners in this glitzy space serving upscale Pan-Asian fare, sushi, and steaks. | Asian Fusion Restaurant | Rated 4.2/5 (6818 reviews) | Expensive / upscale tier",Google Places API (New)
Charley's Steak House,"2901 Parkway Blvd Ste 1A, Kissimmee, FL 34747, USA",Kissimmee,FL,(407) 396-6055,http://www.charleyssteakhouse.com/,,Very Expensive,4.5,,"Classic chophouse delivering wood-fired aged beef, plus seafood & wine in a sophisticated space. | Steak House | Rated 4.5/5 (2785 reviews) | Very expensive / luxury tier",Google Places API (New)
Coral Reef Restaurant,"200 Epcot Center Dr, Lake Buena Vista, FL 32830, USA",Lake Buena Vista,FL,(407) 939-5277,https://disneyworld.disney.go.com/dining/epcot/coral-reef-restaurant/?CMP=OKC-90001416_GM_WDW_dining_coralreefrestaurant_NA,,Expensive,4.1,,"Classy, Epcot Center outpost featuring gourmet seafood meals amid aquariums with exotic sea animals. | Seafood Restaurant | Rated 4.1/5 (2124 reviews) | Expensive / upscale tier",Google Places API (New)
Fogo de Chão Brazilian Steakhouse,"11543 Regency Village Dr, Orlando, FL 32821, USA",Orlando,FL,(407) 720-6200,https://fogodechao.com/location/orlando-vineland/,,Expensive,4.7,,Upscale Brazilian chain for all-you-can-eat meat carved tableside plus an extensive salad bar. | Brazilian Restaurant | Rated 4.7/5 (3551 reviews) | Expensive / upscale tier,Google Places API (New)
Sharks Underwater Grill,"7007 Sea World Dr, Orlando, FL 32821, USA",Orlando,FL,(407) 363-2591,https://seaworld.com/orlando/dining/sharks-underwater-grill/,,Expensive,4.2,,Casual American eatery with a giant shark tank as decor makes diners feel like they are underwater. | Bar & Grill | Rated 4.2/5 (3274 reviews) | Expensive / upscale tier,Google Places API (New)
Matthew's Steakhouse,"360 W Plant St #102, Winter Garden, FL 34787, USA",Winter Garden,FL,(407) 520-7511,http://www.matthewssteak.com/,info@mysite.com,Expensive,4.5,,"Family-owned restaurant with a bright, modern decor specializing in German-style wood-fired steak. | Steak House | Rated 4.5/5 (692 reviews) | Expensive / upscale tier",Google Places API (New)
The Back Room Steakhouse,"1418 Rock Springs Rd, Apopka, FL 32712, USA",Apopka,FL,(407) 880-7832,http://tbrsteakhouse.com/,,Expensive,4.5,,"Refined but unpretentious choice featuring Black Angus steaks, wine, cocktails & craft beer on tap. | Steak House | Rated 4.5/5 (1074 reviews) | Expensive / upscale tier",Google Places API (New)
Kadence,"1809 Winter Park Rd, Orlando, FL 32803, USA",Orlando,FL,,http://kadenceorlando.com/,kadence@kadenceorlando.com,Very Expensive,4.7,,Snug reservations-only Japanese restaurant featuring multi-course sushi meals plus sake. | Sushi Restaurant | Rated 4.7/5 (377 reviews) | Very expensive / luxury tier,Google Places API (New)
Primo,"4040 Central Florida Pkwy, Orlando, FL 32837, USA",Orlando,FL,(407) 393-4034,https://www.marriott.com/hotels/hotel-information/restaurant/details/mcojw-jw-marriott-orlando-grande-lakes/123963/?scid=feed67b0-9a2f-4de1-8df6-114544116108,,Very Expensive,3.9,,Seasonal Italian-Med specialties served in a grand hotel's upscale Tuscan-style restaurant. | Restaurant | Rated 3.9/5 (268 reviews) | Very expensive / luxury tier,Google Places API (New)
Luke's Kitchen and Bar,"640 S Orlando Ave, Maitland, FL 32751, USA",Maitland,FL,(407) 674-2400,http://eatatlukes.com/,,Expensive,4.5,,Contemporary-industrial restaurant for American staples with an open kitchen and patio seating. | American Restaurant | Rated 4.5/5 (2072 reviews) | Expensive / upscale tier,Google Places API (New)
Ruth's Chris Steak House,"7501 W Sand Lake Rd, Orlando, FL 32819, USA",Orlando,FL,(407) 226-3900,https://www.ruthschris.com/locations/fl/orlando/orlando/7325?cmpid=br:rc_ag:ie_ch:loc_ca:RCGMB_sn:gmb_gt:orlando-fl-7325_pl:locurl_rd:1021,,Very Expensive,4.4,,"Outpost of upmarket steakhouse chain known for sizzling, butter-topped beef in an elegant setting | Steak House | Rated 4.4/5 (2469 reviews) | Very expensive / luxury tier",Google Places API (New)
Rodizio Grill Brazilian Steakhouse Orlando,"9101 International Dr #1220, Orlando, FL 32819, USA",Orlando,FL,(407) 593-4422,https://www.rodiziogrill.com/orlando/,,Expensive,4.8,,"Outpost of a Brazilian steakhouse chain offering skewered meats carved tableside, plus a salad bar. | Brazilian Restaurant | Rated 4.8/5 (5773 reviews) | Expensive / upscale tier",Google Places API (New)
Old Hickory Steakhouse,"6000 Osceola Pkwy, Kissimmee, FL 34746, USA",Kissimmee,FL,(407) 586-0000,https://www.marriott.com/en-us/hotels/mcogp-gaylord-palms-resort-and-convention-center/dining/?scid=feed67b0-9a2f-4de1-8df6-114544116108,,Expensive,4.2,,Classic American steakhouse evoking an old fishing shack at the Gaylord Palms Resort. | Steak House | Rated 4.2/5 (439 reviews) | Expensive / upscale tier,Google Places API (New)
Ruth's Chris Steak House,"480 N Orlando Ave Ste 100, Winter Park, FL 32789, USA",Winter Park,FL,(407) 622-2444,https://www.ruthschris.com/locations/fl/winter-park/winter-park/7376?cmpid=br:rc_ag:ie_ch:loc_ca:RCGMB_sn:gmb_gt:winter-park-fl-7376_pl:locurl_rd:1005,,Very Expensive,4.5,,"Outpost of upmarket steakhouse chain known for sizzling, butter-topped beef in an elegant setting | Steak House | Rated 4.5/5 (1758 reviews) | Very expensive / luxury tier",Google Places API (New)
Benihana - Orlando (International Drive),"12690 International Dr, Orlando, FL 32821, USA",Orlando,FL,(407) 239-7400,https://www.benihana.com/locations/orlando/?utm_source=google&utm_medium=organic&utm_campaign=gbp,info@benihana.com,Expensive,4.6,,Hibachi chain serving Japanese dishes grilled tableside by theatrical chefs. | Japanese Restaurant | Rated 4.6/5 (17496 reviews) | Expensive / upscale tier,Google Places API (New)
Be Our Guest Restaurant,"Golden Oak, FL 32836, USA",Golden Oak,FL,(407) 939-5277,https://disneyworld.disney.go.com/dining/magic-kingdom/be-our-guest-restaurant/?CMP=OKC-16660079_GM_WDW_dining_beourguestrestaurant_NA,,Expensive,4,,Disney's ornate Beauty & the Beast-themed French eatery for prix-fixe lunch or dinner. | American Restaurant | Rated 4/5 (5010 reviews) | Expensive / upscale tier,Google Places API (New)
Wolfgang Puck Bar & Grill,"1514 E Buena Vista Dr, Lake Buena Vista, FL 32830, USA",Lake Buena Vista,FL,(407) 815-2100,http://wolfgangpuck.com/dining/orlando-bar-grill/,,Expensive,4.1,,Restaurant | Rated 4.1/5 (2283 reviews) | Expensive / upscale tier,Google Places API (New)
Ocean Prime,"2205 N Westshore Blvd, Tampa, FL 33607, USA",Tampa,FL,(813) 490-5288,https://www.ocean-prime.com/locations-menus/tampa,,Expensive,4.7,,"Upscale chain known for its sophisticated decor, long wine list & classic steak & seafood menu. | Seafood Restaurant | Rated 4.7/5 (4597 reviews) | Expensive / upscale tier",Google Places API (New)
Ulele,"1810 N Highland Ave, Tampa, FL 33602, USA",Tampa,FL,(813) 999-4952,https://ulele.com/,groups@Ulele.com,Expensive,4.6,,"Rustic-chic site for native Floridian fare, with barbacoa grilling & house-brewed beers. | American Restaurant | Rated 4.6/5 (11584 reviews) | Expensive / upscale tier",Google Places API (New)
Ponte Modern American,"1010 Gramercy Ln, Tampa, FL 33607, USA",Tampa,FL,(813) 582-7755,http://pontetampa.com/,,Very Expensive,4.6,,American Restaurant | Rated 4.6/5 (893 reviews) | Very expensive / luxury tier,Google Places API (New)
Mise en Place,"1229 E 8th Ave, Tampa, FL 33605, USA",Tampa,FL,(813) 254-5373,http://www.miseonline.com/,info@miseonline.com,Expensive,4.5,,Chef Marty Blitz presents a New American menu featuring creative plates in a refined space. | Fine Dining Restaurant | Rated 4.5/5 (939 reviews) | Expensive / upscale tier,Google Places API (New)
On Swann,"1501 W Swann Ave, Tampa, FL 33606, USA",Tampa,FL,(813) 251-0110,http://onswann.com/,,Expensive,4.6,,"Seasonal New American cuisine prepared in an open-concept kitchen in a chic, lofty eatery. | American Restaurant | Rated 4.6/5 (2541 reviews) | Expensive / upscale tier",Google Places API (New)
Malio's,"400 N Ashley Dr, Tampa, FL 33602, USA",Tampa,FL,(813) 223-7746,http://www.maliosprime.com/,,Very Expensive,4.5,,"Elegant space by the Hillsborough River provides high-end American fare, fine wines & power lunches. | Steak House | Rated 4.5/5 (1492 reviews) | Very expensive / luxury tier",Google Places API (New)
Rooster & the Till,"6500 N Florida Ave, Tampa, FL 33604, USA",Tampa,FL,(813) 374-8940,http://www.roosterandthetill.com/,roosterandthetill@gmail.com,Expensive,4.6,,"Dinner destination for inventive, locally sourced New American small plates in a rustic-chic space. | American Restaurant | Rated 4.6/5 (1348 reviews) | Expensive / upscale tier",Google Places API (New)
Bern's Steak House,"1208 S Howard Ave, Tampa, FL 33606, USA",Tampa,FL,(813) 251-2421,http://www.bernssteakhouse.com/,bshcontact@bernssteakhouse.com,Very Expensive,4.6,,"Opened in 1956, this destination features dry-aged steaks, a huge wine list & flocked wallpaper. | Steak House | Rated 4.6/5 (9786 reviews) | Very expensive / luxury tier",Google Places API (New)
Fleming’s Prime Steakhouse & Wine Bar,"4342 W Boy Scout Blvd, Tampa, FL 33607, USA",Tampa,FL,(813) 874-9463,https://www.flemingssteakhouse.com/Locations/FL/Tampa?y_source=1_MTU1MDMxNzUtNzE1LWxvY2F0aW9uLndlYnNpdGU%3D,,Very Expensive,4.7,,High-end steakhouse chain with aged prime beef & classics such as lobster tails. | Steak House | Rated 4.7/5 (4136 reviews) | Very expensive / luxury tier,Google Places API (New)
The Capital Grille,"2223 N Westshore Blvd, Tampa, FL 33607, USA",Tampa,FL,(813) 830-9433,https://www.thecapitalgrille.com/locations/fl/tampa/tampa/8022?cmpid=br:tcg_ag:ie_ch:loc_ca:TCGGMB_sn:gmb_gt:tampa-fl-8022_pl:locurl_rd:1018,,Very Expensive,4.7,,"Outpost of the upscale steakhouse chain offers classic American fare & a clubby, refined setting. | Fine Dining Restaurant | Rated 4.7/5 (2559 reviews) | Very expensive / luxury tier",Google Places API (New)
Elevage SoHo Kitchen & Bar,"1207 S Howard Ave, Tampa, FL 33606, USA",Tampa,FL,(813) 999-8771,http://elevagerestaurant.com/,,Expensive,4.4,,Upscale all-day restaurant serving creative renditions of American classics in the Epicurean Hotel. | American Restaurant | Rated 4.4/5 (703 reviews) | Expensive / upscale tier,Google Places API (New)
Union New American,"1111 N Westshore Blvd, Tampa, FL 33607, USA",Tampa,FL,(813) 768-9989,https://www.uniontampa.com/,,Expensive,4.5,,American Restaurant | Rated 4.5/5 (891 reviews) | Expensive / upscale tier,Google Places API (New)
Charley's Steak House,"4444 W Cypress St, Tampa, FL 33607, USA",Tampa,FL,(813) 353-9706,http://www.charleyssteakhouse.com/,,Very Expensive,4.5,,"Classic chophouse delivering wood-fired aged beef, plus seafood & wine in a sophisticated space. | Steak House | Rated 4.5/5 (5656 reviews) | Very expensive / luxury tier",Google Places API (New)
The Sacred Pepper,"15405 N Dale Mabry Hwy, Tampa, FL 33618, USA",Tampa,FL,(813) 609-8000,https://sacredpepper.com/,Marketing@sacredpepper.com,Expensive,4.5,,"Traditional American cuisine presented in stylish digs, plus a separate wine lounge. | American Restaurant | Rated 4.5/5 (3142 reviews) | Expensive / upscale tier",Google Places API (New)
Oystercatchers,"2900 Bayport Dr, Tampa, FL 33607, USA",Tampa,FL,(813) 207-6815,https://www.oystercatchersrestaurant.com/?utm_source=google&utm_medium=lastmile&utm_campaign=tparw-r-oyst,,Expensive,4.4,,Upscale eatery in the Grand Hyatt Tampa Bay with a menu of steak & seafood amid water views. | Restaurant | Rated 4.4/5 (2099 reviews) | Expensive / upscale tier,Google Places API (New)
Eddie V's Prime Seafood,"4400 W Boy Scout Blvd, Tampa, FL 33607, USA",Tampa,FL,(813) 877-7290,https://www.eddiev.com/locations/fl/tampa/tampa/8512?cmpid=br:ev_ag:ie_ch:loc_ca:EVGMB_sn:gmb_gt:tampa-fl-8512_pl:locurl_rd:1011,,Very Expensive,4.7,,"Elegant fine-dining chain with a seafood & steak menu, plus a cocktail lounge featuring live jazz | Seafood Restaurant | Rated 4.7/5 (4045 reviews) | Very expensive / luxury tier",Google Places API (New)
Rusty Pelican Tampa,"2425 N Rocky Point Dr, Tampa, FL 33607, USA",Tampa,FL,(813) 281-1943,https://www.therustypelicantampa.com/,,Expensive,4.5,,Sophisticated bar & grill offering classic American fare in a formal dining room with water views. | Seafood Restaurant | Rated 4.5/5 (6700 reviews) | Expensive / upscale tier,Google Places API (New)
Counter Culture,"2909 W Bay to Bay Blvd Ste 100, Tampa, FL 33629, USA",Tampa,FL,(813) 570-8660,https://cc-tampa.com/,hello@chefdrivenrestaurants.com,Expensive,4.3,,"Elevated meat & seafood dishes are matched by cocktails at this light, roomy venue that has a patio. | Restaurant | Rated 4.3/5 (659 reviews) | Expensive / upscale tier",Google Places API (New)
Sunda New Asian,"3648 Midtown Dr, Tampa, FL 33607, USA",Tampa,FL,(813) 497-2900,https://sundanewasian.com/,sr_foh@sundanewasian.com,Very Expensive,4.7,,Asian Fusion Restaurant | Rated 4.7/5 (1533 reviews) | Very expensive / luxury tier,Google Places API (New)
EBBE,"1202 N Franklin St, Tampa, FL 33602, USA",Tampa,FL,(813) 284-8276,http://chefebbe.com/,reservations@chefebbe.com,Very Expensive,4.4,,Restaurant | Rated 4.4/5 (183 reviews) | Very expensive / luxury tier,Google Places API (New)
Council Oak Steaks & Seafood (in Seminole Hard Rock Tampa),"5223 Orient Rd, Tampa, FL 33610, USA",Tampa,FL,(813) 627-7600,https://casino.hardrock.com/tampa/dining/council-oak-steaks-and-seafood,,Very Expensive,4.3,,An open kitchen delivers fish & steaks from an on-site dry-aging room & butchery at this hip find. | Steak House | Rated 4.3/5 (1489 reviews) | Very expensive / luxury tier,Google Places API (New)
CW's Gin Joint,"633 N Franklin St, Tampa, FL 33602, USA",Tampa,FL,(813) 816-1446,http://cwginjoint.com/,info@cwginjoint.com,Expensive,4.5,,"Intimate haunt with a retro vibe offering gin-based cocktails, small plates & frequent live jazz. | Fine Dining Restaurant | Rated 4.5/5 (1684 reviews) | Expensive / upscale tier",Google Places API (New)
Del Frisco's Grille,"4138 W Boy Scout Blvd, Tampa, FL 33607, USA",Tampa,FL,(813) 878-6890,https://www.delfriscosgrille.com/location/del-friscos-grille-tampa-fl/,,Expensive,4.4,,"Sophisticated chophouse chain serving steak, seafood, sandwiches & cocktails in a trendy space. | Steak House | Rated 4.4/5 (2137 reviews) | Expensive / upscale tier",Google Places API (New)
Oxford Exchange,"420 W Kennedy Blvd, Tampa, FL 33606, USA",Tampa,FL,(813) 253-0222,http://oxfordexchange.com/,,Expensive,4.6,,"European-inspired space featuring a restaurant, bookstore, coffeehouse & shop with decor & gifts. | American Restaurant | Rated 4.6/5 (6828 reviews) | Expensive / upscale tier",Google Places API (New)
The Black Pearl,"315 Main St, Dunedin, FL 34698, USA",Dunedin,FL,(727) 734-3463,https://www.theblackpearldunedin.com/,,Very Expensive,4.7,,Swanky atmosphere for elevated American eats with a seafood focus in a high-end dining room. | Restaurant | Rated 4.7/5 (743 reviews) | Very expensive / luxury tier,Google Places API (New)
Bon Appétit Restaurant & Marina Bar,"148 Marina Plaza, Dunedin, FL 34698, USA",Dunedin,FL,(727) 733-2151,https://www.bonappetitrestaurant.com/,info@bonappetitrestaurant.com,Expensive,4.6,,Seafood restaurant on the water with an elegant dining room & outdoor bar plus a patio & views. | Restaurant | Rated 4.6/5 (5798 reviews) | Expensive / upscale tier,Google Places API (New)
Kōsen,"307 W Palm Ave, Tampa, FL 33602, USA",Tampa,FL,(813) 999-1720,http://www.kosentampa.com/,info@kosentampa.com,Very Expensive,4.6,,Fine Dining Restaurant | Rated 4.6/5 (147 reviews) | Very expensive / luxury tier,Google Places API (New)
Donatello Italian Restaurant,"232 N Dale Mabry Hwy, Tampa, FL 33609, USA",Tampa,FL,(813) 875-6660,https://donatellotampa.com/,,Expensive,4.5,,"Old-school, upscale Italian dining with live music & tuxedo-clad waiters amid stucco arches. | Italian Restaurant | Rated 4.5/5 (1794 reviews) | Expensive / upscale tier",Google Places API (New)
Timpano Hyde Park,"1610 W Swann Ave, Tampa, FL 33606, USA",Tampa,FL,(813) 254-5870,http://timpanohydepark.com/,tampa@timpanochophouse.net,Expensive,4.1,,Elegant Italian steakhouse offering cozy booths in a chandeliered space with occasional live music. | Restaurant | Rated 4.1/5 (2068 reviews) | Expensive / upscale tier,Google Places API (New)
J. Alexander's Restaurant,"913 N Dale Mabry Hwy, Tampa, FL 33609, USA",Tampa,FL,(813) 354-9006,https://jalexanders.com/,,Expensive,4.5,,Restaurant chain serving wood-fired American fare in a contemporary space with a bar. | American Restaurant | Rated 4.5/5 (2590 reviews) | Expensive / upscale tier,Google Places API (New)
Salt Rock Grill,"19325 Gulf Blvd, Indian Shores, FL 33785, USA",Indian Shores,FL,(727) 593-7625,http://www.saltrockgrill.com/,office@saltrockgrill.com,Expensive,4.5,,Diners at this busy spot eat grilled fish & steaks in booths overlooking the Intracoastal Waterway. | Seafood Restaurant | Rated 4.5/5 (8249 reviews) | Expensive / upscale tier,Google Places API (New)
Prime 88,"15407 Cortez Blvd, Brooksville, FL 34613, USA",Brooksville,FL,(352) 593-4354,https://www.prime88steakhouse.com/,info@prime-88.com,Expensive,4.7,,Steak House | Rated 4.7/5 (1467 reviews) | Expensive / upscale tier,Google Places API (New)
Rococo Steak,"655 2nd Ave S, St. Petersburg, FL 33701, USA",St. Petersburg,FL,(727) 822-0999,http://www.rococosteak.com/,,Very Expensive,4.5,,"In a 1920s manse, this baroque-chic steakhouse serves grass-fed beef, seafood, small plates & wine. | Steak House | Rated 4.5/5 (1666 reviews) | Very expensive / luxury tier",Google Places API (New)
Melting Pot,"13164 N Dale Mabry Hwy, Tampa, FL 33618, USA",Tampa,FL,(813) 962-6936,https://www.meltingpot.com/tampa-fl/,,Expensive,4.6,,"Fondue restaurant chain offering heated pots of cheese, chocolate or broth for dipping & cooking. | Fondue Restaurant | Rated 4.6/5 (2004 reviews) | Expensive / upscale tier",Google Places API (New)
Brick & Mortar,"539 Central Ave, St. Petersburg, FL 33701, USA",St. Petersburg,FL,(727) 822-6540,http://brickandmortarstpete.com/,,Expensive,4.6,,"Rustic-chic nook with seasonal New American fare, unique wines & craft beers, plus outdoor seating. | American Restaurant | Rated 4.6/5 (961 reviews) | Expensive / upscale tier",Google Places API (New)
Ruth's Chris Steak House,"1700 N Westshore Blvd, Tampa, FL 33607, USA",Tampa,FL,(813) 282-1118,https://www.ruthschris.com/locations/fl/tampa/tampa/7314?cmpid=br:rc_ag:ie_ch:loc_ca:RCGMB_sn:gmb_gt:tampa-fl-7314_pl:locurl_rd:1007,,Very Expensive,4.5,,"Outpost of upmarket steakhouse chain known for sizzling, butter-topped beef in an elegant setting | Steak House | Rated 4.5/5 (3209 reviews) | Very expensive / luxury tier",Google Places API (New)
Terra Gaucha Brazilian Steakhouse - Tampa,"1108 S Dale Mabry Hwy, Tampa, FL 33629, USA",Tampa,FL,(813) 999-4332,http://terragaucha.com/,development@terragaucha.net,Expensive,4.8,,"Brazilian steakhouse for all-you-can-eat meats, seafood & salads in a big, white-tablecloth setting. | Steak House | Rated 4.8/5 (7267 reviews) | Expensive / upscale tier",Google Places API (New)
Roam Restaurant & Bar,"3405 34th St N, St. Petersburg, FL 33713, USA",St. Petersburg,FL,(727) 346-5242,http://roamsteakhouse.com/,christian@roamsaintpetes.com,Expensive,4.6,,Restaurant | Rated 4.6/5 (509 reviews) | Expensive / upscale tier,Google Places API (New)
Sugar Factory - Tampa Bay,"5223 Orient Rd, Tampa, FL 33610, USA",Tampa,FL,(813) 538-7224,https://sf1.sugarfactory.com/tampa-bay-fl,,Expensive,4.4,,American Restaurant | Rated 4.4/5 (5704 reviews) | Expensive / upscale tier,Google Places API (New)
Mandalay Prime Steakhouse & Lounge,"476 Mandalay Ave, Clearwater, FL 33767, USA",Clearwater,FL,(727) 754-1757,https://www.mandalayprime.com/,,Expensive,4.6,,"Relaxed, classic venue specializing in steaks, burgers & seafood, plus a robust drink list. | Steak House | Rated 4.6/5 (1986 reviews) | Expensive / upscale tier",Google Places API (New)
DeVito's Italian Specialties,"200 N Tampa St, Tampa, FL 33602, USA",Tampa,FL,(813) 609-3833,https://www.devitostampa.com/,,Expensive,4.4,,Italian Restaurant | Rated 4.4/5 (610 reviews) | Expensive / upscale tier,Google Places API (New)
Top of the World,"2000 Las Vegas Blvd S, Las Vegas, NV 89104, USA",Las Vegas,NV,(702) 380-7711,https://www.thestrat.com/restaurants/top-of-the-world?utm_source=gmb&utm_medium=yext,Topoftheworldlargeparties@goldenent.com,Very Expensive,4.3,,Rotating New American restaurant on the 106th floor of Stratosphere Tower offering panoramic vistas. | Steak House | Rated 4.3/5 (7415 reviews) | Very expensive / luxury tier,Google Places API (New)
Sparrow + Wolf,"4480 Spring Mountain Rd #100, Las Vegas, NV 89102, USA",Las Vegas,NV,(702) 790-2147,http://sparrowandwolflv.com/,,Expensive,4.6,,Modern eatery with craft beer & cocktails serving innovative international bites in a stylish space. | American Restaurant | Rated 4.6/5 (1791 reviews) | Expensive / upscale tier,Google Places API (New)
Sinatra,"3131 Las Vegas Blvd S, Las Vegas, NV 89109, USA",Las Vegas,NV,(702) 770-5320,https://www.wynnlasvegas.com/dining/fine-dining/sinatra,,Very Expensive,4.7,,Upscale Italian eatery in the Encore features Sinatra's Academy Award & other memorabilia. | Italian Restaurant | Rated 4.7/5 (2617 reviews) | Very expensive / luxury tier,Google Places API (New)
Eiffel Tower Restaurant,"3655 S Las Vegas Blvd, Las Vegas, NV 89109, USA",Las Vegas,NV,(702) 948-6937,http://www.eiffeltowerrestaurant.com/,,Very Expensive,4.6,,Elevated French haunt offering Strip views from the 11th floor of Paris Las Vegas' Eiffel Tower. | French Restaurant | Rated 4.6/5 (6420 reviews) | Very expensive / luxury tier,Google Places API (New)
Le Cirque,"Bellagio Hotel & Casino, 3600 S Las Vegas Blvd, Las Vegas, NV 89109, USA",Las Vegas,NV,(702) 693-8100,https://bellagio.mgmresorts.com/en/restaurants/le-cirque.html?ecid=GMB,,Very Expensive,4.6,,"Offshoot of NYC landmark presents innovative New French cuisine in a whimsical, opulent space. | French Restaurant | Rated 4.6/5 (743 reviews) | Very expensive / luxury tier",Google Places API (New)
Oscar's Steakhouse,"1 S Main St, Las Vegas, NV 89101, USA",Las Vegas,NV,(702) 386-7227,https://www.plazahotelcasino.com/dining/oscars-steakhouse/,,Expensive,4.5,,"By a former Vegas mayor, an upscale option for steaks & seafood in the dome of the Plaza Hotel. | Steak House | Rated 4.5/5 (2303 reviews) | Expensive / upscale tier",Google Places API (New)
Mizumi,"3131 Las Vegas Blvd S, Las Vegas, NV 89109, USA",Las Vegas,NV,(702) 770-3320,https://www.wynnlasvegas.com/dining/fine-dining/mizumi,,Expensive,4.5,,Wynn restaurant presents garden views & a Japanese menu mixing traditional & contemporary cuisines. | Japanese Restaurant | Rated 4.5/5 (1847 reviews) | Expensive / upscale tier,Google Places API (New)
The Capital Grille,"3200 Las Vegas Blvd S Ste 3300, Las Vegas, NV 89109, USA",Las Vegas,NV,(702) 932-6631,https://www.thecapitalgrille.com/locations/nv/las-vegas/las-vegas/8020?cmpid=br:tcg_ag:ie_ch:loc_ca:TCGGMB_sn:gmb_gt:las-vegas-nv-8020_pl:locurl_rd:1016,,Very Expensive,4.7,,"Outpost of the upscale steakhouse chain offering classic American fare in a clubby, refined setting. | Fine Dining Restaurant | Rated 4.7/5 (2497 reviews) | Very expensive / luxury tier",Google Places API (New)
Ocean Prime Las Vegas,"3716 S Las Vegas Blvd #401, Las Vegas, NV 89158, USA",Las Vegas,NV,(702) 529-4770,https://www.ocean-prime.com/locations-menus/las-vegas/,,Expensive,4.7,,"Upscale chain known for its sophisticated decor, long wine list & classic steak & seafood menu. | Seafood Restaurant | Rated 4.7/5 (1091 reviews) | Expensive / upscale tier",Google Places API (New)
Amalfi,"3570 Las Vegas Blvd S, Las Vegas, NV 89109, USA",Las Vegas,NV,(702) 650-5965,https://www.caesars.com/caesars-palace/restaurants/amalfi-by-bobby-flay?utm_campaign=gmb&utm_source=google&utm_medium=local&utm_term=CLV114&utm_content=restaurant&y_source=1_MjQxMzg5ODYtNzE1LWxvY2F0aW9uLndlYnNpdGU%3D,,Expensive,4.4,,Elevated takes on rustic Italian fare served in a sophisticated venue with a fresh seafood display. | Italian Restaurant | Rated 4.4/5 (1491 reviews) | Expensive / upscale tier,Google Places API (New)
Delmonico Steakhouse,"3355 S Las Vegas Blvd, Las Vegas, NV 89109, USA",Las Vegas,NV,(702) 414-3737,http://delmonicosteakhouse.com/,,Very Expensive,4.5,,Spacious Venetian restaurant by Emeril Lagasse offering steakhouse fare with a New Orleans twist. | Steak House | Rated 4.5/5 (2017 reviews) | Very expensive / luxury tier,Google Places API (New)
Spago,"3600 S Las Vegas Blvd, Las Vegas, NV 89109, USA",Las Vegas,NV,(702) 693-8181,https://bellagio.mgmresorts.com/en/restaurants/spago-by-wolfgang-puck.html?ecid=GMB,,Expensive,4.2,,Seasonal New American fare from Wolfgang Puck served in sleek digs with a patio for people-watching. | Restaurant | Rated 4.2/5 (2320 reviews) | Expensive / upscale tier,Google Places API (New)
Delilah,"3131 Las Vegas Blvd S, Las Vegas, NV 89109, USA",Las Vegas,NV,(702) 770-3300,https://www.wynnlasvegas.com/dining/fine-dining/delilah,DelilahReservations-WLV@wynnlasvegas.com,Very Expensive,4.4,,"Glam venue in the Wynn Las Vegas hotel featuring upscale dining & eclectic, 1950s-inspired decor. | American Restaurant | Rated 4.4/5 (1774 reviews) | Very expensive / luxury tier",Google Places API (New)
Gordon Ramsay Hell's Kitchen,"3570 Las Vegas Blvd S, Las Vegas, NV 89109, USA",Las Vegas,NV,(702) 731-7373,https://www.caesars.com/caesars-palace/restaurants/gordon-ramsay-hells-kitchen?utm_campaign=gmb&utm_source=google&utm_medium=local&utm_term=CLV101&utm_content=restaurant&y_source=1_ODkwODg0NC03MTUtbG9jYXRpb24ud2Vic2l0ZQ%3D%3D,,Expensive,4.4,,Concept restaurant at Ceaser's Palace with decor and dishes inspired by its namesake TV show. | American Restaurant | Rated 4.4/5 (20503 reviews) | Expensive / upscale tier,Google Places API (New)
L'Atelier,"MGM Grand, 3799 S Las Vegas Blvd, Las Vegas, NV 89109, USA",Las Vegas,NV,(702) 891-7358,https://mgmgrand.mgmresorts.com/en/restaurants/latelier-joel-robuchon-french-restaurant.html?ecid=GMB,,Very Expensive,4.7,,"Joël Robuchon's flagship offers upscale French fine dining in artful, sophisticated surrounds. | French Restaurant | Rated 4.7/5 (674 reviews) | Very expensive / luxury tier",Google Places API (New)
Chart House,"129 Fremont St, Las Vegas, NV 89101, USA",Las Vegas,NV,(702) 386-8364,https://www.chart-house.com/location/chart-house-las-vegas-nv/,,Expensive,4.5,,High-end chain eatery serving seafood & steakhouse fare in a classy setting with views. | Seafood Restaurant | Rated 4.5/5 (1458 reviews) | Expensive / upscale tier,Google Places API (New)
BLACKOUT Dining in the Dark,"3871 S Valley View Blvd Ste 8, Las Vegas, NV 89103, USA",Las Vegas,NV,(702) 960-4000,http://dineblackout.com/,dineblackout@gmail.com,Expensive,4.4,,Unique venue where diners experience a multi-course meal in an environment without lighting. | Fine Dining Restaurant | Rated 4.4/5 (1469 reviews) | Expensive / upscale tier,Google Places API (New)
Andiamo Steakhouse,"301 Fremont St, Las Vegas, NV 89101, USA",Las Vegas,NV,(702) 388-2400,https://www.thed.com/bars-dining/dining/andiamo-steakhouse/?utm_source=gmb&utm_medium=organic&utm_campaign=listing,,Expensive,4.6,,Classic steak cuts share the menu with hearty Italian plates at The D Hotel's posh chophouse. | Steak House | Rated 4.6/5 (2052 reviews) | Expensive / upscale tier,Google Places API (New)
Scarpetta,"Boulevard Tower, 3708 Las Vegas Blvd S Level 3, Las Vegas, NV 89109, USA",Las Vegas,NV,(702) 698-7960,https://cosmopolitanlasvegas.mgmresorts.com/en/restaurants/scarpetta.html,,Expensive,4.5,,Handmade pastas headline a sophisticated Italian menu at this upscale locale with a cool vibe. | Restaurant | Rated 4.5/5 (1041 reviews) | Expensive / upscale tier,Google Places API (New)
Todd's Unique Dining,"4350 E Sunset Rd #102, Henderson, NV 89014, USA",Henderson,NV,(702) 259-8633,https://toddsunique.com/,,Expensive,4.6,,"Upscale eatery offering an eclectic menu with steaks & seafood in a warm, understated setting. | Fine Dining Restaurant | Rated 4.6/5 (416 reviews) | Expensive / upscale tier",Google Places API (New)
Barry's Downtown Prime,"8 Fremont St, Las Vegas, NV 89101, USA",Las Vegas,NV,(702) 726-5504,https://www.barrysdowntownprime.com/,,Very Expensive,4.6,,"Fashionable restaurant furnishing steak, seafood & vegan dishes, plus inventive cocktails. | Steak House | Rated 4.6/5 (1709 reviews) | Very expensive / luxury tier",Google Places API (New)
Bazaar Meat by José Andrés,"3325 S Las Vegas Blvd, Las Vegas, NV 89109, USA",Las Vegas,NV,(702) 607-6328,https://www.thebazaar.com/location/las-vegas/,,Very Expensive,4.5,,"Sleek, modern steakhouse featuring innovative cuisine presented with theatrical flair from chef José Andrés. | Steak House | Rated 4.5/5 (3101 reviews) | Very expensive / luxury tier",Google Places API (New)
Toca Madera Las Vegas,"3720 S Las Vegas Blvd Unit 233, Las Vegas, NV 89158, USA",Las Vegas,NV,(725) 255-9030,https://tocamadera.com/,,Very Expensive,4.1,,Mexican Restaurant | Rated 4.1/5 (1167 reviews) | Very expensive / luxury tier,Google Places API (New)
Momofuku,"Boulevard Tower, 3708 Las Vegas Blvd S Level 2, Las Vegas, NV 89109, USA",Las Vegas,NV,(702) 698-2663,https://cosmopolitanlasvegas.mgmresorts.com/en/restaurants/momofuku.html,,Expensive,4.4,,"David Chang offers inventive takes on Asian-American fare at this hip, spacious restaurant in the Cosmopolitan. | Restaurant | Rated 4.4/5 (4262 reviews) | Expensive / upscale tier",Google Places API (New)
é by José Andrés,"Boulevard Tower, 3708 Las Vegas Blvd S Level 3, Las Vegas, NV 89109, USA",Las Vegas,NV,(702) 698-7950,https://www.ebyjoseandres.com/,reserve@ebyjoseandres.com,Very Expensive,4.5,,"Snug, upscale hideaway at The Cosmopolitan hotel with a steel-topped bar & Spanish tasting menu. | Fine Dining Restaurant | Rated 4.5/5 (309 reviews) | Very expensive / luxury tier",Google Places API (New)
The Mayfair Supper Club,"3600 S Las Vegas Blvd, Las Vegas, NV 89109, USA",Las Vegas,NV,(702) 693-8876,https://bellagio.mgmresorts.com/en/restaurants/the-mayfair-supperclub.html?ecid=GMB,,Very Expensive,4.3,,"Glam hotel eatery offering elevated seafood & steak dishes, plus a generous drinks list. | Restaurant | Rated 4.3/5 (1636 reviews) | Very expensive / luxury tier",Google Places API (New)
Hugo's Cellar,"202 Fremont Street Experience, Las Vegas, NV 89101, USA",Las Vegas,NV,(702) 385-4011,http://www.fourqueens.com/dining/hugos_cellar/index.php,reservations@fourqueens.com,Very Expensive,4.5,,Old-school joint for upscale Continental fare with a tableside salad bar & a rose for each lady. | Steak House | Rated 4.5/5 (1497 reviews) | Very expensive / luxury tier,Google Places API (New)
RPM Italian Las Vegas,"3500 S Las Vegas Blvd, Las Vegas, NV 89109, USA",Las Vegas,NV,(702) 860-2225,https://www.rpmrestaurants.com/rpm-italian-las-vegas/,,Expensive,4.8,,"Pasta, steaks & seafood served in a sleek, group-friendly eatery backed by Giuliana & Bill Rancic. | Italian Restaurant | Rated 4.8/5 (5637 reviews) | Expensive / upscale tier",Google Places API (New)
Twist by Pierre Gagnaire,"3752 S Las Vegas Blvd, Las Vegas, NV 89158, USA",Las Vegas,NV,(702) 590-8888,,,Very Expensive,4.7,,Pierre Gagnaire's French-American fine-dining destination on the Mandarin Oriental's 23rd floor. | Fine Dining Restaurant | Rated 4.7/5 (98 reviews) | Very expensive / luxury tier,Google Places API (New)
Alder & Birch,"4500 W Tropicana Ave, Las Vegas, NV 89103, USA",Las Vegas,NV,(702) 365-7111,https://orleans.boydgaming.com/dine/alder-and-birch,,Expensive,4.7,,"Casino-based American fine-dining spot serving shared plates, steaks & seafood with craft cocktails. | Steak House | Rated 4.7/5 (526 reviews) | Expensive / upscale tier",Google Places API (New)
Americana Restaurant,"2620 Regatta Dr Ste 118, Las Vegas, NV 89128, USA",Las Vegas,NV,(702) 331-5565,http://americanalasvegas.com/,,Expensive,4.5,,"Creative, upscale New American fare & wine in elegant dining rooms with sweeping lake views. | American Restaurant | Rated 4.5/5 (1219 reviews) | Expensive / upscale tier",Google Places API (New)
Nobu Restaurant Las Vegas,"3570 Las Vegas Blvd S, Las Vegas, NV 89109, USA",Las Vegas,NV,(702) 785-6628,https://www.caesars.com/caesars-palace/restaurants/nobu?utm_campaign=gmb&utm_source=google&utm_medium=local&utm_term=CLV18&utm_content=restaurant&y_source=1_NDM2Njg3NC03MTUtbG9jYXRpb24ud2Vic2l0ZQ%3D%3D,,Very Expensive,4.3,,"Glamorous destination inside Caesars, presenting chef Nobu Matsuhisa's high-end Japanese cuisine. | Japanese Restaurant | Rated 4.3/5 (2465 reviews) | Very expensive / luxury tier",Google Places API (New)
Bardot Brasserie,"ARIA Resort & Casino, 3730 S Las Vegas Blvd, Las Vegas, NV 89109, USA",Las Vegas,NV,(702) 590-8610,https://aria.mgmresorts.com/en/restaurants/bardot-brasserie.html?ecid=GMB,,Expensive,4.3,,"Michael Mina's French brasserie offers a polished central bar, upscale fare, a patio & a 1920s vibe. | Brunch Restaurant | Rated 4.3/5 (1583 reviews) | Expensive / upscale tier",Google Places API (New)
Vic & Anthony's Steakhouse,"129 Fremont St, Las Vegas, NV 89101, USA",Las Vegas,NV,(702) 386-8399,https://www.vicandanthonys.com/location/las-vegas/,,Very Expensive,4.6,,Upscale steakhouse serving meat & seafood with classic salads & side dishes. | Steak House | Rated 4.6/5 (1977 reviews) | Very expensive / luxury tier,Google Places API (New)
SW Steakhouse,"3131 Las Vegas Blvd S, Las Vegas, NV 89109, USA",Las Vegas,NV,(702) 770-3325,https://www.wynnlasvegas.com/dining/fine-dining/sw-steakhouse,,Very Expensive,4.5,,"Elegant Wynn steakhouse offering entrees for both carnivores & vegans, plus open view of water show. | Steak House | Rated 4.5/5 (3082 reviews) | Very expensive / luxury tier",Google Places API (New)
The Palm - Las Vegas,"3500 Las Vegas Blvd S, Las Vegas, NV 89109, USA",Las Vegas,NV,(702) 732-7256,https://www.thepalm.com/restaurants/las-vegas/,,Very Expensive,4.5,,"Storied chain serving high-end steakhouse fare, seafood & diverse wines in clubby surrounds. | Steak House | Rated 4.5/5 (1530 reviews) | Very expensive / luxury tier",Google Places API (New)
Fleming’s Prime Steakhouse & Wine Bar,"8721 W Charleston Blvd, Las Vegas, NV 89117, USA",Las Vegas,NV,(702) 838-4774,https://www.flemingssteakhouse.com/Locations/NV/Summerlin?y_source=1_MTU1MDMxOTktNzE1LWxvY2F0aW9uLndlYnNpdGU%3D,,Very Expensive,4.6,,High-end steakhouse chain with aged prime beef & classics such as lobster tails. | Steak House | Rated 4.6/5 (1437 reviews) | Very expensive / luxury tier,Google Places API (New)
"Joe's Seafood, Prime Steak & Stone Crab","3500 Las Vegas Blvd S, Las Vegas, NV 89109, USA",Las Vegas,NV,(702) 792-9222,http://www.joes.net/,,Very Expensive,4.7,,American surf 'n' turf restaurant serving upmarket fare & cocktails in a lavish space. | Restaurant | Rated 4.7/5 (5211 reviews) | Very expensive / luxury tier,Google Places API (New)
Bouchon at The Venetian,"3355 Las Vegas Blvd S 10th Floor, Las Vegas, NV 89109, USA",Las Vegas,NV,(702) 414-6200,https://www.thomaskeller.com/bouchonlasvegas,,Expensive,4.6,,French Restaurant | Rated 4.6/5 (4072 reviews) | Expensive / upscale tier,Google Places API (New)
Prime Steakhouse,"Bellagio Hotel & Casino, 3600 S Las Vegas Blvd, Las Vegas, NV 89109, USA",Las Vegas,NV,(702) 693-8865,https://www.bellagio.com/en/restaurants/prime-steakhouse.html?ecid=GMB,,Very Expensive,4.2,,Upscale Bellagio steakhouse from Jean-Georges Vongerichten with fountain views from outdoor patio. | Restaurant | Rated 4.2/5 (2845 reviews) | Very expensive / luxury tier,Google Places API (New)
STK Steakhouse,"3708 Las Vegas Blvd S, Las Vegas, NV 89109, USA",Las Vegas,NV,(702) 820-5839,https://stksteakhouse.com/venues/las-vegas/,info@togrp.com,Very Expensive,4.5,,"Hip, lively restaurant and lounge at the Cosmopolitan serving steaks in a dark, ultramodern setting. | Steak House | Rated 4.5/5 (7176 reviews) | Very expensive / luxury tier",Google Places API (New)
Mastro's Ocean Club,"3720 S Las Vegas Blvd, Las Vegas, NV 89158, USA",Las Vegas,NV,(702) 798-7115,https://www.mastrosrestaurants.com/Locations/NV/Las-Vegas/,,Very Expensive,4.5,,"Fine steaks & seafood served inside elegant, treehouselike structure inside Crystals at CityCenter. | Seafood Restaurant | Rated 4.5/5 (1853 reviews) | Very expensive / luxury tier",Google Places API (New)
Bavette's Steakhouse & Bar,"3770 S Las Vegas Blvd Park Mgm, Las Vegas, NV 89109, USA",Las Vegas,NV,(702) 730-6700,https://parkmgm.mgmresorts.com/en/restaurants/bavettes.html?ecid=GMB,,Very Expensive,4.6,,"Warm, sophisticated choice for prime meats, seafood towers & classic cocktails at the Park MGM. | Steak House | Rated 4.6/5 (1613 reviews) | Very expensive / luxury tier",Google Places API (New)
Michael’s,"9777 Las Vegas Blvd S, Las Vegas, NV 89183, USA",Las Vegas,NV,(702) 796-7111,https://southpointcasino.com//dining/michaels-gourmet-room,,Very Expensive,4.7,,"Classy, old-school mainstay with red-velvet booths & Continental dishes, many prepared tableside. | Restaurant | Rated 4.7/5 (229 reviews) | Very expensive / luxury tier",Google Places API (New)
LAVO Italian Restaurant,"3325 S Las Vegas Blvd, Las Vegas, NV 89109, USA",Las Vegas,NV,(702) 791-1800,https://taogroup.com/venues/lavo-restaurant-las-vegas/,Contact@taogroup.com,Expensive,4.2,,"Stylish restaurant with classic Italian meals, craft cocktails & a terrace in the Palazzo tower at the Venetian resort. | Italian Restaurant | Rated 4.2/5 (2235 reviews) | Expensive / upscale tier",Google Places API (New)
Stanton Social Italian,"3570 Las Vegas Blvd S, Las Vegas, NV 89109, USA",Las Vegas,NV,(702) 650-5985,https://www.caesars.com/caesars-palace/restaurants/stanton-social-italian?utm_campaign=gmb&utm_source=google&utm_medium=local&utm_term=CLV115&utm_content=restaurant&y_source=1_ODMyOTAxNzctNzE1LWxvY2F0aW9uLndlYnNpdGU%3D,,Expensive,4,,Italian Restaurant | Rated 4/5 (278 reviews) | Expensive / upscale tier,Google Places API (New)
Wing Lei,"3131 Las Vegas Blvd S, Las Vegas, NV 89109, USA",Las Vegas,NV,(702) 770-3388,https://www.wynnlasvegas.com/dining/fine-dining/wing-lei,,Expensive,4.5,,"High-end Chinese dishes, including the acclaimed Imperial Peking duck in a swanky space at the Wynn. | Chinese Restaurant | Rated 4.5/5 (1189 reviews) | Expensive / upscale tier",Google Places API (New)
CUT by Wolfgang Puck,"3325 Las Vegas Blvd S, Las Vegas, NV 89109, USA",Las Vegas,NV,(702) 607-6300,https://wolfgangpuck.com/dining/cut-las-vegas/,,Expensive,4.4,,"Upscale steaks, creative cocktails & wine served in modern surrounds at the Palazzo resort. | Steak House | Rated 4.4/5 (1924 reviews) | Expensive / upscale tier",Google Places API (New)
Lago,"Bellagio Hotel & Casino, 3600 S Las Vegas Blvd, Las Vegas, NV 89109, USA",Las Vegas,NV,(866) 259-7111,https://www.bellagio.com/en/restaurants/lago.html?ecid=GMB,,Expensive,4.2,,"Elegant eatery in the Bellagio Hotel for high-end pastas, pizzas & more with fountain-show views. | Italian Restaurant | Rated 4.2/5 (3674 reviews) | Expensive / upscale tier",Google Places API (New)
Hakkasan Restaurant Las Vegas,"MGM Grand Hotel & Casino, 3799 S Las Vegas Blvd, Las Vegas, NV 89109, USA",Las Vegas,NV,(702) 891-7888,https://hakkasan.com/las-vegas/,reservations@hakkasanlv.com,Very Expensive,4.4,,Flashy eatery in the MGM Grand offering contemporary Chinese cuisine in luxurious surroundings. | Restaurant | Rated 4.4/5 (1003 reviews) | Very expensive / luxury tier,Google Places API (New)
"Cleaver- Butchered Meats, Seafood & Classic Cocktails","3900 Paradise Rd Ste D, Las Vegas, NV 89169, USA",Las Vegas,NV,(702) 538-9888,http://www.cleaverlasvegas.com/,cleaver@infantryinc.com,Expensive,4.6,,"Classic American steakhouse & brasserie fare in an elevated space with dim lighting, fit for groups. | Steak House | Rated 4.6/5 (2592 reviews) | Expensive / upscale tier",Google Places API (New)
The X Pot,"The Palazzo at The Venetian Resort, 3327 S Las Vegas Blvd Ste 2884, Las Vegas, NV 89109, USA",Las Vegas,NV,(725) 666-1651,https://thexpot.com/,vegas@thexpot.com,Very Expensive,4.6,,"Polished restaurant offering Wagyu, hot pot, and signature sides, plus sake and creative cocktails with a unique dining experience. | Asian Fusion Restaurant | Rated 4.6/5 (1668 reviews) | Very expensive / luxury tier",Google Places API (New)
Caramá by Wolfgang Puck,"Mandalay Bay, 3950 S Las Vegas Blvd, Las Vegas, NV 89119, USA",Las Vegas,NV,(702) 740-5522,https://wolfgangpuck.com/restaurants/carama/,,Expensive,4.3,,Upscale restaurant prepping Italian dishes & pizza in a sleek space with a glass-enclosed wine room. | Fine Dining Restaurant | Rated 4.3/5 (1479 reviews) | Expensive / upscale tier,Google Places API (New)
SUSHISAMBA Las Vegas,"Venetian Resort, 3327 S Las Vegas Blvd Level 2, Las Vegas, NV 89109, USA",Las Vegas,NV,(702) 607-0700,https://www.sushisamba.com/locations/las-vegas?utm_source=gbp&utm_medium=organic&utm_campaign=las_vegas_gbp,lvreservations@sushisamba.com,Very Expensive,4.5,,"Creative Japanese & Latin American sushi in contemporary surroundings, plus cocktails. | Restaurant | Rated 4.5/5 (4318 reviews) | Very expensive / luxury tier",Google Places API (New)
GIADA,"3595 Las Vegas Blvd S, Las Vegas, NV 89109, USA",Las Vegas,NV,(855) 442-3271,https://www.caesars.com/vanderpump-hotel/restaurants/giada?utm_campaign=gmb&utm_source=google&utm_medium=local&utm_term=DLV01&utm_content=restaurant&y_source=1_NDM2Njg4MC03MTUtbG9jYXRpb24ud2Vic2l0ZQ%3D%3D,,Very Expensive,4.2,,Giada De Laurentiis' chic restaurant in The Cromwell Hotel offers Italian fare and views of the Las Vegas strip. | Italian Restaurant | Rated 4.2/5 (3769 reviews) | Very expensive / luxury tier,Google Places API (New)
Scotch 80 Prime Steakhouse,"4321 W Flamingo Rd, Las Vegas, NV 89103, USA",Las Vegas,NV,(866) 942-7780,https://www.palms.com/dining/scotch-80-prime/,,Very Expensive,4.6,,Steak House | Rated 4.6/5 (480 reviews) | Very expensive / luxury tier,Google Places API (New)
Piero's Italian Cuisine,"355 Convention Center Dr, Las Vegas, NV 89109, USA",Las Vegas,NV,(702) 369-2305,https://www.pieroscuisine.com/,,Expensive,4.6,,"Classy, old-school eatery with traditional Northern Italian fare, including a signature osso buco. | Italian Restaurant | Rated 4.6/5 (1908 reviews) | Expensive / upscale tier",Google Places API (New)
Lawry's The Prime Rib Las Vegas,"4043 Howard Hughes Pkwy, Las Vegas, NV 89169, USA",Las Vegas,NV,(702) 893-2223,https://www.lawrysonline.com/lawrys-the-prime-rib-las-vegas/,,Expensive,4.6,,Outpost of a classic beef & seafood fine-dining chain with tableside carving in a formal setting. | Steak House | Rated 4.6/5 (4341 reviews) | Expensive / upscale tier,Google Places API (New)
Lotus of Siam - Flamingo Road,"620 E Flamingo Rd, Las Vegas, NV 89119, USA",Las Vegas,NV,(702) 735-3033,https://www.lotusofsiamlv.com/,reservations@lotusofsiamlv.com,Expensive,4.3,,Northern Thai specialties plated in a polished venue that has chic decor & a full bar. | Thai Restaurant | Rated 4.3/5 (2676 reviews) | Expensive / upscale tier,Google Places API (New)
Michael Mina,"Bellagio Hotel & Casino, 3600 S Las Vegas Blvd, Las Vegas, NV 89109, USA",Las Vegas,NV,(702) 693-7223,https://bellagio.mgmresorts.com/en/restaurants/michael-mina.html?ecid=GMB,,Very Expensive,4.5,,Bellagio hideaway draws foodies for refined seafood fare & seasonal New American tasting menus. | Seafood Restaurant | Rated 4.5/5 (575 reviews) | Very expensive / luxury tier,Google Places API (New)
Harlo Steakhouse & Bar,"1720 Festival Plaza Dr, Las Vegas, NV 89135, USA",Las Vegas,NV,(702) 333-0402,https://www.harlosteak.com/,,Very Expensive,4.5,,Steak House | Rated 4.5/5 (613 reviews) | Very expensive / luxury tier,Google Places API (New)
Del Frisco's Double Eagle Steakhouse,"3925 Paradise Rd, Las Vegas, NV 89169, USA",Las Vegas,NV,(702) 796-0063,https://www.delfriscos.com/location/del-friscos-double-eagle-steakhouse-las-vegas-nv/,,Very Expensive,4.5,,Opulently outfitted chain restaurant specializing in prime steaks & seafood along with fine wines. | Steak House | Rated 4.5/5 (2330 reviews) | Very expensive / luxury tier,Google Places API (New)
Gordon Ramsay Steak,"3655 Las Vegas Blvd S, Las Vegas, NV 89109, USA",Las Vegas,NV,(702) 946-4663,https://www.caesars.com/paris-las-vegas/restaurants/gordon-ramsay-steak?utm_campaign=gmb&utm_source=google&utm_medium=local&utm_term=PLV1&utm_content=restaurant&y_source=1_NDM2Njg4OS03MTUtbG9jYXRpb24ud2Vic2l0ZQ%3D%3D,,Very Expensive,4.2,,Ultramodern celeb-chef spot serving dishes such as beef Wellington in a boisterous British setting. | Steak House | Rated 4.2/5 (6763 reviews) | Very expensive / luxury tier,Google Places API (New)
Peter Luger Steak House at Caesars Palace,"3570 Las Vegas Blvd South, Caesars Palace Dr, Las Vegas, NV 89109, USA",Las Vegas,NV,(702) 731-7267,https://www.caesars.com/caesars-palace/restaurants/peter-luger-steak-house?utm_campaign=gmb&utm_source=google&utm_medium=local&utm_term=CLV106&utm_content=restaurant&y_source=1_MTAxNzQ1NzEyMi03MTUtbG9jYXRpb24ud2Vic2l0ZQ%3D%3D,,Expensive,4.1,,Steak House | Rated 4.1/5 (1119 reviews) | Expensive / upscale tier,Google Places API (New)
STRIPSTEAK,"3950 S Las Vegas Blvd, E Mandalay Bay Rd, Las Vegas, NV 89119, USA",Las Vegas,NV,(702) 632-7200,https://www.mandalaybay.com/en/restaurants/stripsteak.html?ecid=GMB,,Very Expensive,4.3,,"Glossy, upscale venue serving Michael Mina's wood-fired steaks, seafood & inventive sides. | Steak House | Rated 4.3/5 (1237 reviews) | Very expensive / luxury tier",Google Places API (New)
Strip House Steakhouse,"3667 Las Vegas Blvd S, Las Vegas, NV 89109, USA",Las Vegas,NV,(702) 737-5200,https://www.striphouse.com/location/striphouse-las-vegas/,,Very Expensive,4.4,,Swanky steakhouse with a raw bar boasting walls covered with photos of old-Hollywood stars. | Steak House | Rated 4.4/5 (1322 reviews) | Very expensive / luxury tier,Google Places API (New)
THE Steak House,"2880 S Las Vegas Blvd, Las Vegas, NV 89109, USA",Las Vegas,NV,(702) 794-3767,https://www.circuscircus.com/the-steak-house,,Expensive,4.4,,Circus Circus steakhouse serving mesquite-grilled meats in classic setting with red leather chairs. | Steak House | Rated 4.4/5 (1328 reviews) | Expensive / upscale tier,Google Places API (New)
Jean Georges Steakhouse,"ARIA Resort & Casino, 3730 S Las Vegas Blvd, Las Vegas, NV 89158, USA",Las Vegas,NV,(702) 590-8660,https://www.aria.com/en/restaurants/jean-georges-steakhouse.html?ecid=GMB,,Very Expensive,4,,Sleek Aria restaurant & lounge by Jean-Georges Vongerichten featuring open-flame steak & seafood. | Steak House | Rated 4/5 (1174 reviews) | Very expensive / luxury tier,Google Places API (New)
Hank's Fine Steaks & Martinis,"2300 Paseo Verde Pkwy, Henderson, NV 89052, USA",Henderson,NV,(702) 617-7515,https://www.greenvalleyranch.com/eat-and-drink/Hanks/,,Very Expensive,4.5,,Upscale Green Valley Ranch restaurant & bar offering fine surf 'n' turf beneath crystal chandeliers. | Steak House | Rated 4.5/5 (1248 reviews) | Very expensive / luxury tier,Google Places API (New)
Morton's The Steakhouse,"400 E Flamingo Rd, Las Vegas, NV 89169, USA",Las Vegas,NV,(702) 893-0703,https://www.mortons.com/location/mortons-the-steakhouse-las-vegas-nv/,,Very Expensive,4.5,,"Upscale chain for aged prime beef, seafood & other traditional steakhouse fare in a clubby space. | Restaurant | Rated 4.5/5 (2050 reviews) | Very expensive / luxury tier",Google Places API (New)
Fleming’s Prime Steakhouse & Wine Bar,"6515 S Las Vegas Blvd, Las Vegas, NV 89119, USA",Las Vegas,NV,(702) 407-0019,https://www.flemingssteakhouse.com/Locations/NV/Las-Vegas?y_source=1_MTU1MDMxOTAtNzE1LWxvY2F0aW9uLndlYnNpdGU%3D,,Very Expensive,4.6,,High-end steakhouse chain with aged prime beef & classics such as lobster tails. | Steak House | Rated 4.6/5 (1687 reviews) | Very expensive / luxury tier,Google Places API (New)
Gallagher's Steakhouse,"3790 S Las Vegas Blvd, Las Vegas, NV 89109, USA",Las Vegas,NV,(702) 740-6450,https://gallagherslasvegas.com/,info@arkrestaurants.com,Very Expensive,4.4,,New York-New York steakhouse imported from Big Apple offering mesquite-grilled flavors & lively bar. | Steak House | Rated 4.4/5 (3062 reviews) | Very expensive / luxury tier,Google Places API (New)
Fogo de Chão Brazilian Steakhouse,"360 E Flamingo Rd, Las Vegas, NV 89169, USA",Las Vegas,NV,(702) 431-4500,https://fogodechao.com/location/las-vegas/,,Expensive,4.5,,Upscale Brazilian chain for all-you-can-eat meat carved tableside plus an extensive salad bar. | Brazilian Restaurant | Rated 4.5/5 (9569 reviews) | Expensive / upscale tier,Google Places API (New)
Tom Colicchio's Craftsteak,"MGM Grand, 3799 S Las Vegas Blvd, Las Vegas, NV 89109, USA",Las Vegas,NV,(702) 891-7318,https://mgmgrand.mgmresorts.com/en/restaurants/craftsteak-steak-house.html?ecid=GMB,,Very Expensive,4.5,,"Tom Colicchio's sophisticated restaurant at the MGM Grand serves steak, seafood, wine & spirits. | American Restaurant | Rated 4.5/5 (2227 reviews) | Very expensive / luxury tier",Google Places API (New)
One Steakhouse,"4455 Paradise Rd, Las Vegas, NV 89169, USA",Las Vegas,NV,(702) 522-8111,http://www.onesteakhouselv.com/,,Very Expensive,4.3,,High-end steak specialist at the Hard Rock Hotel that also serves seafood & classic sides. | Steak House | Rated 4.3/5 (469 reviews) | Very expensive / luxury tier,Google Places API (New)
Bugsy & Meyer's Steakhouse,"3555 Las Vegas Blvd S, Las Vegas, NV 89109, USA",Las Vegas,NV,(702) 733-3111,https://www.caesars.com/flamingo-las-vegas/restaurants/bugsy-and-meyers-steakhouse?utm_campaign=gmb&utm_source=google&utm_medium=local&utm_term=FLV63&utm_content=restaurant&y_source=1_MTk5NjAzNzQtNzE1LWxvY2F0aW9uLndlYnNpdGU%3D,,Very Expensive,4,,"Upmarket eatery offering steaks, cocktails & a retro atmosphere, plus a speakeasy with small plates. | Steak House | Rated 4/5 (790 reviews) | Very expensive / luxury tier",Google Places API (New)
Ruth's Chris Steak House,"3475 Las Vegas Blvd S, Las Vegas, NV 89109, USA",Las Vegas,NV,(702) 693-6000,https://www.caesars.com/harrahs-las-vegas/restaurants/ruths-chris-steak-house?utm_campaign=gmb&utm_source=google&utm_medium=local&utm_term=LAS6&utm_content=restaurant&y_source=1_NDM2Njg0OC03MTUtbG9jYXRpb24ud2Vic2l0ZQ%3D%3D,,Very Expensive,4.3,,"Outpost of upmarket steakhouse chain known for sizzling, butter-topped beef in an elegant setting | Steak House | Rated 4.3/5 (1893 reviews) | Very expensive / luxury tier",Google Places API (New)
Treasures Gentlemen's Club & Steakhouse,"2801 Westwood Dr, Las Vegas, NV 89109, USA",Las Vegas,NV,(702) 257-3030,https://treasureslasvegas.com/?utm_source=Google&utm_medium=GBP&utm_campaign=Local_SEO&utm_id=Local_SEO,,Expensive,4.4,,"Elegant, old-world-inspired topless club spanning 2 floors with multiple VIP areas & fine dining. | Rated 4.4/5 (1232 reviews) | Expensive / upscale tier",Google Places API (New)
Cornerstone Classic American Steakhouse,"4000 W Flamingo Rd, Las Vegas, NV 89103, USA",Las Vegas,NV,(702) 367-7111,https://goldcoast.boydgaming.com/dine/gc-cornerstone,,Expensive,4.4,,"Elegant dining room in the Gold Coast casino offering elevated steak & seafood dishes, plus drinks. | Steak House | Rated 4.4/5 (315 reviews) | Expensive / upscale tier",Google Places API (New)
The Angry Butcher Steakhouse,"5111 Boulder Hwy, Las Vegas, NV 89122, USA",Las Vegas,NV,(702) 456-7777,https://samstownlv.boydgaming.com/dine/the-angry-butcher-stlv,,Expensive,4.2,,"Welcoming steakhouse with patio serving prime-cut meats & elevated seafood dishes, plus cocktails. | Steak House | Rated 4.2/5 (569 reviews) | Expensive / upscale tier",Google Places API (New)
McCall's Heartland Grill,"2000 Las Vegas Blvd S, Las Vegas, NV 89104, USA",Las Vegas,NV,(702) 380-7790,https://www.thestrat.com/restaurants/mccall-s-heartland-grill?utm_source=gmb&utm_medium=yext,McCallslargeparties@goldenent.com,Expensive,3.9,,"Comfortable, contemporary restaurant at the Stratosphere offering steaks, seafood, wine & bourbon. | Steak House | Rated 3.9/5 (382 reviews) | Expensive / upscale tier",Google Places API (New)
Pampas Las Vegas,"3663 S Las Vegas Blvd #610, Las Vegas, NV 89109, USA",Las Vegas,NV,(702) 737-4748,https://www.pampasusa.com/,,Expensive,4,,"Lively Brazilian joint with all-you-can-eat grilled meat & seafood, plus a 50+ item salad bar. | South American Restaurant | Rated 4/5 (10004 reviews) | Expensive / upscale tier",Google Places API (New)
Emeril's New Orleans Fish House,"3799 Las Vegas Blvd S, Las Vegas, NV 89109, USA",Las Vegas,NV,(702) 891-7374,http://emerilsrestaurants.com/emerils-new-orleans-fish-house,custserv.emerils@emerillagasse.com,Expensive,4.4,,"Modern, sea-inspired, MGM Grand restaurant offering Louisiana Creole flavors by chef Emeril Lagasse. | American Restaurant | Rated 4.4/5 (2297 reviews) | Expensive / upscale tier",Google Places API (New)
Phil's Steak House,"3300 Las Vegas Blvd S, Las Vegas, NV 89109, USA",Las Vegas,NV,(702) 894-7111,https://treasureisland.com/restaurants/phils-steak-house,Guestservices@treasureisland.com,Very Expensive,3.3,,"Upscale-casual restaurant at Treasure Island serving steaks, chops & seafood, with vegan options. | Steak House | Rated 3.3/5 (305 reviews) | Very expensive / luxury tier",Google Places API (New)
Beauty & Essex,"The Cosmopolitan of Las Vegas, 3708 Las Vegas Blvd S, Las Vegas, NV 89109, USA",Las Vegas,NV,(702) 737-0707,http://beautyandessexlv.com/,Contact@taogroup.com,Expensive,4.5,,"A sophisticated, jewel-toned spot with vintage decor offering New American plates, drinks & wine. | American Restaurant | Rated 4.5/5 (2085 reviews) | Expensive / upscale tier",Google Places API (New)
Lemongrass,"Aria Resort & Casino, 3730 S Las Vegas Blvd, Las Vegas, NV 89158, USA",Las Vegas,NV,(702) 590-8670,https://aria.mgmresorts.com/en/restaurants/lemongrass.html?ecid=GMB,,Expensive,4.3,,Aria restaurant serving creative takes on Thai fare in a sleek setting inspired by silk factories. | Asian Restaurant | Rated 4.3/5 (1638 reviews) | Expensive / upscale tier,Google Places API (New)
Ramsay's Kitchen,"3475 Las Vegas Blvd S, Las Vegas, NV 89109, USA",Las Vegas,NV,(800) 214-9110,https://www.caesars.com/harrahs-las-vegas/restaurants/ramsays-kitchen-by-gordon-ramsay?utm_campaign=gmb&utm_source=google&utm_medium=local&utm_term=LAS36&utm_content=restaurant&y_source=1_NjQzNDgyMzItNzE1LWxvY2F0aW9uLndlYnNpdGU%3D,,Very Expensive,4.2,,Restaurant | Rated 4.2/5 (758 reviews) | Very expensive / luxury tier,Google Places API (New)
Muriel's Jackson Square,"801 Chartres St, New Orleans, LA 70116, USA",New Orleans,LA,(504) 568-1885,http://www.muriels.com/,info@muriels.com,Expensive,4.6,,"Classic Creole fare in a 19th-century building with old-world elegance, plus a Sunday jazz brunch. | American Restaurant | Rated 4.6/5 (5345 reviews) | Expensive / upscale tier",Google Places API (New)
August,"301 Tchoupitoulas St, New Orleans, LA 70130, USA",New Orleans,LA,(504) 299-9777,http://www.restaurantaugust.com/,INFO@RESTAURANTAUGUST.COM,Very Expensive,4.7,,New French fare in a chandelier-lit restaurant inside a 19th-century building. | American Restaurant | Rated 4.7/5 (1456 reviews) | Very expensive / luxury tier,Google Places API (New)
Brennan's,"417 Royal St, New Orleans, LA 70130, USA",New Orleans,LA,(504) 525-9711,https://www.brennansneworleans.com/,,Expensive,4.5,,"Fine-dining landmark famed for Creole cuisine, posh breakfasts and bananas Foster for dessert. | Restaurant | Rated 4.5/5 (6264 reviews) | Expensive / upscale tier",Google Places API (New)
GW Fins,"808 Bienville St, New Orleans, LA 70112, USA",New Orleans,LA,(504) 581-3467,http://gwfins.com/,,Expensive,4.8,,"Creative, ever-shifting seafood menu featuring fresh catches in a stylish updated warehouse space. | Seafood Restaurant | Rated 4.8/5 (5462 reviews) | Expensive / upscale tier",Google Places API (New)
Restaurant R'evolution,"777 Bienville St, New Orleans, LA 70130, USA",New Orleans,LA,(504) 553-2277,https://revolutionnola.com/,revolution@sonesta.com,Very Expensive,4.6,,"Swanky hotel restaurant with an extensive menu of Creole fare, plus a 10,000-bottle wine cellar. | Cajun Restaurant | Rated 4.6/5 (1802 reviews) | Very expensive / luxury tier",Google Places API (New)
Herbsaint,"701 St Charles Ave, New Orleans, LA 70130, USA",New Orleans,LA,(504) 524-4114,http://herbsaint.com/,lizbodet@gmail.com,Expensive,4.6,,Upscale French & American fare in an airy space with St. Charles Avenue views & outdoor seats. | French Restaurant | Rated 4.6/5 (1872 reviews) | Expensive / upscale tier,Google Places API (New)
Chophouse New Orleans,"322 Magazine St, New Orleans, LA 70130, USA",New Orleans,LA,(504) 522-7902,http://www.chophousenola.com/,,Expensive,4.5,,Prime chops & family-style sides in a dimly lit upscale setting with live music & courtyard seats. | Steak House | Rated 4.5/5 (2044 reviews) | Expensive / upscale tier,Google Places API (New)
Doris Metropolitan New Orleans,"620 Chartres St, New Orleans, LA 70130, USA",New Orleans,LA,(504) 267-3500,http://www.dorismetropolitan.com/,,Very Expensive,4.7,,Upscale chophouse & butchery featuring dry-aged beef served in a modern setting. | Steak House | Rated 4.7/5 (1341 reviews) | Very expensive / luxury tier,Google Places API (New)
Bayona,"430 Dauphine St, New Orleans, LA 70112, USA",New Orleans,LA,(504) 525-4455,http://www.bayona.com/,,Expensive,4.4,,Chef Susan Spicer cooks creative Louisiana fare in a charming old cottage with a lush courtyard. | Fine Dining Restaurant | Rated 4.4/5 (1151 reviews) | Expensive / upscale tier,Google Places API (New)
Tableau by Dickie Brennan & Co.,"616 St Peter, New Orleans, LA 70116, USA",New Orleans,LA,(504) 934-3463,http://www.tableaufrenchquarter.com/,,Expensive,4.4,,Classic French-Creole cooking served in an elegant 3-story townhouse with an open kitchen & balcony. | American Restaurant | Rated 4.4/5 (2738 reviews) | Expensive / upscale tier,Google Places API (New)
Commander's Palace,"1403 Washington Ave, New Orleans, LA 70130, USA",New Orleans,LA,(504) 899-8221,http://www.commanderspalace.com/,info@commanderspalace.com,Expensive,4.6,,Notable spot for refined Creole fare & an elegant jazz brunch in a chandelier-hung space since 1880. | American Restaurant | Rated 4.6/5 (8527 reviews) | Expensive / upscale tier,Google Places API (New)
Galatoire's,"209 Bourbon St, New Orleans, LA 70130, USA",New Orleans,LA,(504) 525-2021,http://www.galatoires.com/,,Very Expensive,4.3,,Fine-dining century-old institution serving French-Creole fare in upscale space (jackets required). | French Restaurant | Rated 4.3/5 (2928 reviews) | Very expensive / luxury tier,Google Places API (New)
Brigtsen's Restaurant,"723 Dante St, New Orleans, LA 70118, USA",New Orleans,LA,(504) 861-7610,http://www.brigtsens.com/,,Expensive,4.8,,Modern Creole fare by acclaimed chef Frank Brigtsen served in a cozy Victorian-cottage setting. | American Restaurant | Rated 4.8/5 (855 reviews) | Expensive / upscale tier,Google Places API (New)
Emeril's,"800 Tchoupitoulas St, New Orleans, LA 70130, USA",New Orleans,LA,(504) 528-9393,http://emerilsrestaurant.com/,,Expensive,4.5,,"Classic, upscale New Orleans dishes by celebrity chef Emeril Lagasse in a sleek, modern space. | American Restaurant | Rated 4.5/5 (2538 reviews) | Expensive / upscale tier",Google Places API (New)
Compère Lapin,"535 Tchoupitoulas St, New Orleans, LA 70130, USA",New Orleans,LA,(504) 599-2119,http://comperelapin.com/,hello@comperelapin.com,Expensive,4.6,,A sophisticated eatery serving Caribbean- and European-accented takes on New Orleans flavors. | American Restaurant | Rated 4.6/5 (1637 reviews) | Expensive / upscale tier,Google Places API (New)
Irene's,"529 Bienville St, New Orleans, LA 70130, USA",New Orleans,LA,(504) 529-8811,https://irenesnola.com/,,Expensive,4.7,,Upscale Italian classics draw crowds to this homey yet elegant dining room with a piano bar. | Italian Restaurant | Rated 4.7/5 (1880 reviews) | Expensive / upscale tier,Google Places API (New)
Restaurant Rebirth,"857 Fulton St, New Orleans, LA 70130, USA",New Orleans,LA,(504) 522-6863,https://www.restaurantrebirth.com/,rebirthno@gmail.com,Expensive,4.6,,Rustic-chic destination for elevated farm-to-table Cajun-Creole plates paired with wine and cocktails. | Cajun Restaurant | Rated 4.6/5 (881 reviews) | Expensive / upscale tier,Google Places API (New)
Atchafalaya Restaurant,"901 Louisiana Ave, New Orleans, LA 70115, USA",New Orleans,LA,(504) 891-9626,http://www.atchafalayarestaurant.com/,fivearest@gmail.com,Expensive,4.7,,"Creative Louisiana fare, drinks & brunch Bloody Mary bar in a high-ceilinged space lined with art. | American Restaurant | Rated 4.7/5 (3264 reviews) | Expensive / upscale tier",Google Places API (New)
Antoine's Restaurant,"713 St Louis St, New Orleans, LA 70130, USA",New Orleans,LA,(504) 581-4422,http://www.antoines.com/,lblount@antoinesrestaurant.com,Expensive,4.3,,Circa-1840 old-world grand dame of fine French-Creole dining & birthplace of oysters Rockefeller. | French Restaurant | Rated 4.3/5 (4870 reviews) | Expensive / upscale tier,Google Places API (New)
Gautreau's Restaurant,"1728 Soniat St, New Orleans, LA 70115, USA",New Orleans,LA,(504) 899-7397,http://gautreausrestaurant.com/,,Expensive,4.5,,"Intimate, secluded spot for sophisticated New American-French cuisine, housed in a former pharmacy. | Fine Dining Restaurant | Rated 4.5/5 (319 reviews) | Expensive / upscale tier",Google Places API (New)
The Pelican Club,"312 Exchange Pl, New Orleans, LA 70130, USA",New Orleans,LA,(504) 523-1504,http://www.pelicanclub.com/,,Expensive,4.5,,"Stylish place with a sophisticated Creole menu, 3 dining rooms, a bar & weekend piano music. | American Restaurant | Rated 4.5/5 (1070 reviews) | Expensive / upscale tier",Google Places API (New)
Ralph's on the Park,"900 City Park Ave, New Orleans, LA 70119, USA",New Orleans,LA,(504) 488-1000,http://www.ralphsonthepark.com/,,Expensive,4.5,,"Set in an 1860's house, this elegant, eclectic eatery features a bar, wine list & Sunday brunch. | Restaurant | Rated 4.5/5 (1340 reviews) | Expensive / upscale tier",Google Places API (New)
Arnaud's New Orleans,"813 Bienville St, New Orleans, LA 70112, USA",New Orleans,LA,(504) 523-5433,http://www.arnaudsrestaurant.com/,Info@arnauds.com,Very Expensive,4.4,,"Classic upscale restaurant & lounge featuring Creole cuisine, cocktails & Dixieland jazz since 1918. | Fine Dining Restaurant | Rated 4.4/5 (1723 reviews) | Very expensive / luxury tier",Google Places API (New)
Lilette,"3637 Magazine St, New Orleans, LA 70115, USA",New Orleans,LA,(504) 895-1636,http://www.liletterestaurant.com/,,Expensive,4.5,,"Sophisticated French fare & many wines in a sunny, tiled space & patio that attract a stylish crowd. | French Restaurant | Rated 4.5/5 (610 reviews) | Expensive / upscale tier",Google Places API (New)
Nobu - Caesars New Orleans,"8 Canal Street Caesars, New Orleans, LA 70130, USA",New Orleans,LA,(504) 533-6646,https://www.caesars.com/caesars-new-orleans/restaurants/nobu?utm_campaign=gmb&utm_source=google&utm_medium=local&utm_term=NOR3&utm_content=restaurant&y_source=1_MTA2ODAzNDI4NC03MTUtbG9jYXRpb24ud2Vic2l0ZQ%3D%3D,,Expensive,4.8,,Restaurant | Rated 4.8/5 (600 reviews) | Expensive / upscale tier,Google Places API (New)
Bourbon House,"144 Bourbon St, New Orleans, LA 70130, USA",New Orleans,LA,(504) 522-0111,http://bourbonhouse.com/,,Expensive,4.3,,"Seafood, Creole fare & famed bourbon milk punch in an airy room with a view, plus a raw oyster bar. | Seafood Restaurant | Rated 4.3/5 (5894 reviews) | Expensive / upscale tier",Google Places API (New)
Patois,"6078 Laurel St, New Orleans, LA 70118, USA",New Orleans,LA,(504) 895-9441,https://patoisnola.com/,info@patoisnola.com,Expensive,4.7,,"Airy, upscale spot serving locally sourced French & New American fare by lauded chef Aaron Burgau. | Restaurant | Rated 4.7/5 (283 reviews) | Expensive / upscale tier",Google Places API (New)
Mr. B's Bistro,"201 Royal St, New Orleans, LA 70130, USA",New Orleans,LA,(504) 523-2078,http://www.mrbsbistro.com/,,Expensive,4.5,,"Special-occasion spot serving modern, seasonal Louisiana fare in a refined, wood-paneled space. | American Restaurant | Rated 4.5/5 (4134 reviews) | Expensive / upscale tier",Google Places API (New)
The Court of Two Sisters,"613 Royal St, New Orleans, LA 70130, USA",New Orleans,LA,(504) 522-7261,http://www.courtoftwosisters.com/,Court2si@courtoftwosisters.com,Expensive,4.3,,"Legendary restaurant with a courtyard, offering daily jazz brunches with a buffet of Creole classics and à la carte dinner. | American Restaurant | Rated 4.3/5 (8891 reviews) | Expensive / upscale tier",Google Places API (New)
SAFFRON NOLA,"4128 Magazine St, New Orleans, LA 70115, USA",New Orleans,LA,(504) 323-2626,https://www.saffronnola.com/,,Expensive,4.5,,"Sophisticated eatery serving elevated Indian fare with local influences, plus craft cocktails. | Indian Restaurant | Rated 4.5/5 (651 reviews) | Expensive / upscale tier",Google Places API (New)
Pêche Seafood Grill,"800 Magazine St, New Orleans, LA 70130, USA",New Orleans,LA,(504) 522-1744,https://www.pecherestaurant.com/,info@pecherestaurant.com,Expensive,4.6,,"Seafood from a coal grill & raw bar, plus local brews, are found in rustic digs with weathered wood. | Seafood Restaurant | Rated 4.6/5 (5669 reviews) | Expensive / upscale tier",Google Places API (New)
Orleans Grapevine Wine Bar and Bistro,"720 Orleans St The, New Orleans, LA 70116, USA",New Orleans,LA,(504) 523-1930,http://www.orleansgrapevine.com/,bottledhappy@gmail.com,Expensive,4.6,,"Intimate bar serves French cuisine & wine by the glass, bottle or flight, plus courtyard seating. | Fine Dining Restaurant | Rated 4.6/5 (882 reviews) | Expensive / upscale tier",Google Places API (New)
Dickie Brennan's Steakhouse,"716 Iberville St, New Orleans, LA 70130, USA",New Orleans,LA,(504) 522-2467,http://www.dickiebrennanssteakhouse.com/,,Very Expensive,4.4,,"Classic steakhouse fare with a Creole twist in a posh, wood-paneled space with a busy happy hour. | Steak House | Rated 4.4/5 (2026 reviews) | Very expensive / luxury tier",Google Places API (New)
N7,"1117 Montegut St, New Orleans, LA 70117, USA",New Orleans,LA,,http://www.n7nola.com/,reservations@n7nola.com,Expensive,4.5,,Offbeat French destination with seafood dishes & craft cocktails in eclectic digs with a courtyard. | French Restaurant | Rated 4.5/5 (1123 reviews) | Expensive / upscale tier,Google Places API (New)
Broussard's Restaurant & Courtyard,"819 Conti St, New Orleans, LA 70112, USA",New Orleans,LA,(504) 581-3866,https://broussards.com/,,Expensive,4.3,,"Historic, circa-1920 fine-dining spot for high-end Creole fare, plus an intimate courtyard. | Restaurant | Rated 4.3/5 (1935 reviews) | Expensive / upscale tier",Google Places API (New)
Desi Vega's Steakhouse - New Orleans,"628 St Charles Ave, New Orleans, LA 70130, USA",New Orleans,LA,(504) 523-7600,http://www.desivegasteaks.com/,dvs@desivegasteaks.com,Expensive,4.6,,"Prime steaks, seafood & sides served in an elegant white space with high ceilings. | Steak House | Rated 4.6/5 (1079 reviews) | Expensive / upscale tier",Google Places API (New)
Jewel of the South,"1026 St Louis St, New Orleans, LA 70112, USA",New Orleans,LA,(504) 265-8816,https://www.jewelnola.com/,info@jewelnola.com,Expensive,4.6,,"Charming restaurant with a garden courtyard dishing up cocktails, caviar, steaks & Sunday brunch. | Restaurant | Rated 4.6/5 (843 reviews) | Expensive / upscale tier",Google Places API (New)
Clancy's Restaurant,"6100 Annunciation St, New Orleans, LA 70118, USA",New Orleans,LA,(504) 895-1111,https://www.clancysneworleans.com/,,Expensive,4.7,,"Elegant Creole classics, martinis & a long wine list offered in a bustling, homey space. | American Restaurant | Rated 4.7/5 (778 reviews) | Expensive / upscale tier",Google Places API (New)
French 75 Bar,"813 Bienville St, New Orleans, LA 70112, USA",New Orleans,LA,(504) 523-5433,https://www.arnaudsrestaurant.com/bars/french-75,Info@arnauds.com,Expensive,4.6,,"Tin-ceilinged ""grande dame"" of Creole dining since 1918, featuring seafood classics & a jazz brunch. | Cocktail Bar | Rated 4.6/5 (1032 reviews) | Expensive / upscale tier",Google Places API (New)
The Italian Barrel French Quarter,"1240 Decatur St, New Orleans, LA 70116, USA",New Orleans,LA,(504) 569-0198,http://www.italianbarrelfq.com/,infoitalianbarrel@gmail.com,Expensive,4.3,,"Tiny, romantic spot (reservations recommended) for creative Northern Italian fare. | Italian Restaurant | Rated 4.3/5 (1325 reviews) | Expensive / upscale tier",Google Places API (New)
The Grill Room at Windsor Court,"300 Gravier St F1, New Orleans, LA 70130, USA",New Orleans,LA,(504) 596-4300,https://thewindsorcourt.com/dining/the-grill-room/,info@windsorcourthotel.com,Very Expensive,4.4,,"Glitzy place in the Windsor Court Hotel for high-end, modern Louisiana fare, plus a deep wine list. | American Restaurant | Rated 4.4/5 (192 reviews) | Very expensive / luxury tier",Google Places API (New)
La Boca Steakhouse,"870 Tchoupitoulas St, New Orleans, LA 70130, USA",New Orleans,LA,,https://www.labocanola.com/,,Expensive,4.3,,Argentine steakhouse with simply prepared cuts & pisco sours in a rustic space with exposed beams. | Steak House | Rated 4.3/5 (810 reviews) | Expensive / upscale tier,Google Places API (New)
Paladar 511,"511 Marigny St, New Orleans, LA 70117, USA",New Orleans,LA,(504) 509-6782,http://www.paladar511.com/,,Expensive,4.7,,"Local & imported talent helm the kitchen at this sleek spot serving pizzas, pastas & seasonal sides. | Italian Restaurant | Rated 4.7/5 (1615 reviews) | Expensive / upscale tier",Google Places API (New)
ANNUNCIATION Restaurant & Bar,"1016 Annunciation St, New Orleans, LA 70130, USA",New Orleans,LA,(504) 568-0245,http://annunciationrestaurant.com/,reservations@annunciationrestaurant.com,Expensive,4.4,,"Renovated historic space is now an upscale, white-tablecloth restaurant for modern Creole fare. | American Restaurant | Rated 4.4/5 (594 reviews) | Expensive / upscale tier",Google Places API (New)
Headquarters by Nice Guys Nola,"445 S Rampart St, New Orleans, LA 70112, USA",New Orleans,LA,(504) 217-6851,https://www.headquartersnola.com/,,Expensive,4.5,,Cajun Restaurant | Rated 4.5/5 (1847 reviews) | Expensive / upscale tier,Google Places API (New)
Saint-Germain,"3054 St Claude Ave, New Orleans, LA 70117, USA",New Orleans,LA,(504) 218-8729,http://saintgermainnola.com/,info@saintgermainnola.com,Very Expensive,4.6,,Restaurant | Rated 4.6/5 (240 reviews) | Very expensive / luxury tier,Google Places API (New)
Tujague's,"429 Decatur St, New Orleans, LA 70130, USA",New Orleans,LA,(504) 525-8676,http://www.tujaguesrestaurant.com/,,Expensive,4.2,,"Grande dame of New Orleans dining founded in 1856, serving a traditional, fixed-price Creole menu. | Cajun Restaurant | Rated 4.2/5 (2080 reviews) | Expensive / upscale tier",Google Places API (New)
Seaworthy,"630 Carondelet St, New Orleans, LA 70130, USA",New Orleans,LA,(504) 930-3071,http://seaworthynola.com/,enquire@seaworthynola.com,Expensive,4.4,,Locally sourced oysters & seafood are paired with cocktails & wine in a stylish Creole cottage. | Oyster Bar Restaurant | Rated 4.4/5 (1441 reviews) | Expensive / upscale tier,Google Places API (New)
Pat Gallagher's 527 Restaurant & Bar,"527 N Causeway Blvd, Mandeville, LA 70448, USA",Mandeville,LA,(985) 778-2820,http://www.gallaghers527restaurant.com/,,Expensive,4.7,,"Relaxed restaurant & bar serving steak, seafood, BBQ & more in a homey atmosphere. | Steak House | Rated 4.7/5 (735 reviews) | Expensive / upscale tier",Google Places API (New)
Shaya,"4213 Magazine St, New Orleans, LA 70115, USA",New Orleans,LA,(504) 943-7231,http://www.shayarestaurant.com/,%20info@shayarestaurant.com,Expensive,4.6,,"Stylish, bustling eatery with a patio offering modern Israeli cuisine, beer & cocktails. | Middle Eastern Restaurant | Rated 4.6/5 (2451 reviews) | Expensive / upscale tier",Google Places API (New)
Chandelier Bar,"2 Canal St, New Orleans, LA 70130, USA",New Orleans,LA,(504) 434-5100,https://www.fourseasons.com/neworleans/dining/lounges/chandelier-bar/?utm_source=google&utm_medium=organicsearch&utm_campaign=tor-nln-fab-mid-seo-na&utm_content=na-na&utm_term=na,,Expensive,4.5,,Bar | Rated 4.5/5 (175 reviews) | Expensive / upscale tier,Google Places API (New)
Kingfish Kitchen & Cocktails,"337 Chartres St, New Orleans, LA 70130, USA",New Orleans,LA,(504) 598-5005,https://kingfishneworleans.com/,,Expensive,4.3,,"Contemporary spins on Southern dishes, classic cocktails & wine in vintage-looking environs. | Restaurant | Rated 4.3/5 (2158 reviews) | Expensive / upscale tier",Google Places API (New)
Austins Seafood & Steakhouse,"5101 W Esplanade Ave, Metairie, LA 70006, USA",Metairie,LA,(504) 888-5533,https://mredsrestaurants.com/austins,inquires@mredsrestaurants.com,Expensive,4.6,,"White-tablecloth restaurant & bar for seafood, steaks & Creole specialties, plus a weekend pianist. | Steak House | Rated 4.6/5 (919 reviews) | Expensive / upscale tier",Google Places API (New)
Keith Young's Steakhouse,"165 LA-21, Madisonville, LA 70447, USA",Madisonville,LA,(985) 845-9940,https://www.kyoungssteakhouse.com/,,Expensive,4.8,,Steak House | Rated 4.8/5 (1014 reviews) | Expensive / upscale tier,Google Places API (New)
Columns,"3811 St Charles Ave, New Orleans, LA 70115, USA",New Orleans,LA,(504) 899-9308,http://www.thecolumns.com/,info@thecolumns.com,Very Expensive,4.6,,Individually decorated rooms with Victorian furnishings in an 1883 mansion with free hot breakfast. | Hotel | Rated 4.6/5 (1119 reviews) | Very expensive / luxury tier,Google Places API (New)
Fogo de Chão Brazilian Steakhouse,"614 Canal St, New Orleans, LA 70130, USA",New Orleans,LA,(504) 412-8900,https://fogodechao.com/location/new-orleans/,,Expensive,4.6,,Upscale Brazilian chain for all-you-can-eat meat carved tableside plus an extensive salad bar. | Brazilian Restaurant | Rated 4.6/5 (8447 reviews) | Expensive / upscale tier,Google Places API (New)
Ruth's Chris Steak House,"525 Fulton St, New Orleans, LA 70130, USA",New Orleans,LA,(504) 587-7099,https://www.ruthschris.com/locations/la/new-orleans/new-orleans/7344?cmpid=br:rc_ag:ie_ch:loc_ca:RCGMB_sn:gmb_gt:new-orleans-la-7344_pl:locurl_rd:1047,,Very Expensive,4.5,,"Outpost of upmarket steakhouse chain known for sizzling, butter-topped beef in an elegant setting | Steak House | Rated 4.5/5 (3396 reviews) | Very expensive / luxury tier",Google Places API (New)
Fleming’s Prime Steakhouse & Wine Bar,"3064 N Causeway Blvd, Metairie, LA 70002, USA",Metairie,LA,(504) 799-0335,https://www.flemingssteakhouse.com/Locations/LA/Metairie?y_source=1_MTU1MDMxNjktNzE1LWxvY2F0aW9uLndlYnNpdGU%3D,,Very Expensive,4.4,,High-end steakhouse chain with aged prime beef & classics such as lobster tails. | Steak House | Rated 4.4/5 (923 reviews) | Very expensive / luxury tier,Google Places API (New)
Pascal's Manale by Dickie Brennan & Co.,"1838 Napoleon Ave, New Orleans, LA 70115, USA",New Orleans,LA,(504) 895-4877,https://www.pascalsmanale.com/,,Expensive,4.4,,"Family-friendly spot since 1913, best known for BBQ shrimp but also serves Louisiana-Italian dishes. | Italian Restaurant | Rated 4.4/5 (1611 reviews) | Expensive / upscale tier",Google Places API (New)
Mr. John's Steakhouse,"2111 St Charles Ave, New Orleans, LA 70130, USA",New Orleans,LA,(504) 679-7697,http://www.mrjohnssteakhouse.com/,Archie@MrJohnsSteakhouse.com,Very Expensive,4.4,,"Wood-paneled space with steaks, seafood & cocktails in an elegant but relaxed setting. | Steak House | Rated 4.4/5 (649 reviews) | Very expensive / luxury tier",Google Places API (New)
Crescent City Steak House,"1001 N Broad St, New Orleans, LA 70119, USA",New Orleans,LA,(504) 821-3271,http://www.crescentcitysteaks.com/,,Expensive,4.4,,Sizzling butter steaks & other traditional chophouse fare in an old-school space since 1934. | Steak House | Rated 4.4/5 (1184 reviews) | Expensive / upscale tier,Google Places API (New)
The Steakhouse New Orleans,"228 Poydras St, New Orleans, LA 70130, USA",New Orleans,LA,(504) 533-6111,https://www.caesars.com/caesars-new-orleans/restaurants/the-steakhouse-new-orleans/menu?utm_campaign=gmb&utm_source=google&utm_medium=local&utm_term=NOR05&utm_content=menu&y_source=1_NDM2NjkzMy03MTUtbG9jYXRpb24ud2Vic2l0ZQ%3D%3D,,Expensive,3.9,,Casino steakhouse with prime cuts in a sleek space hung with Blue Dog paintings. | Steak House | Rated 3.9/5 (475 reviews) | Expensive / upscale tier,Google Places API (New)
Charlie's Steak House,"4510 Dryades St, New Orleans, LA 70115, USA",New Orleans,LA,(504) 895-9323,https://charliessteakhousenola.com/,glenn@charliessteakhousenola.com,Expensive,4.4,,"Old-fashioned, casual steakhouse open since 1932 serves thick cuts & classic sides. | Steak House | Rated 4.4/5 (698 reviews) | Expensive / upscale tier",Google Places API (New)
Houston's,"1755 St Charles Ave, New Orleans, LA 70130, USA",New Orleans,LA,(504) 524-1578,https://www.houstons.com/locations/neworleans/#,,Expensive,4.4,,American Restaurant | Rated 4.4/5 (2584 reviews) | Expensive / upscale tier,Google Places API (New)
Brasa Churrasqueria,"2037 Metairie Rd, Metairie, LA 70005, USA",Metairie,LA,(504) 570-6338,http://www.brasachurrasqueria.com/,example@mysite.com,Expensive,4.5,,"Cozy steakhouse with a bar offering a Brazilian menu of wood-fired meats, fish & vegetables. | Steak House | Rated 4.5/5 (385 reviews) | Expensive / upscale tier",Google Places API (New)
Steak Knife Restaurant,"888 Harrison Ave, New Orleans, LA 70124, USA",New Orleans,LA,(504) 488-8981,http://www.steakkniferestaurant.com/,,Expensive,4.1,,"Classic steakhouse dishes plus Creole favorites in a traditional, white-tablecloth space. | Steak House | Rated 4.1/5 (161 reviews) | Expensive / upscale tier",Google Places API (New)
Canlis,"2576 Aurora Ave N, Seattle, WA 98109, USA",Seattle,WA,(206) 283-3313,https://canlis.com/,reservations@canlis.com,Very Expensive,4.6,,Landmark fine-dining destination (since 1950s) offering Pacific NW fare in a midcentury-modern home. | American Restaurant | Rated 4.6/5 (2842 reviews) | Very expensive / luxury tier,Google Places API (New)
Aerlume Seattle,"2003 Western Ave Ste C, Seattle, WA 98121, USA",Seattle,WA,(206) 539-2200,https://www.aerlumeseattle.com/,smcdowell@aerlumeseattle.com,Expensive,4.6,,Refined Pacific Northwest ingredients & local wines set against dramatic views of the Puget Sound. | Restaurant | Rated 4.6/5 (843 reviews) | Expensive / upscale tier,Google Places API (New)
The Pink Door,"1919 Post Alley, Seattle, WA 98101, USA",Seattle,WA,(206) 443-3241,https://www.thepinkdoor.net/,,Expensive,4.6,,"Italian restaurant with cabaret shows and trapeze entertainment, plus terrace with Elliott Bay views. | Italian Restaurant | Rated 4.6/5 (7198 reviews) | Expensive / upscale tier",Google Places API (New)
Six Seven Restaurant,"2411 Alaskan Wy Pier 67, Seattle, WA 98121, USA",Seattle,WA,(206) 269-4575,https://www.edgewaterhotel.com/dine/six-seven-restaurant/?utm_source=gmb-restaurant&utm_medium=organic&utm_campaign=gmb,dining@edgewaterhotel.com,Expensive,4.5,,Local seafood leads the seasonal menus at this New American spot with views in the Edgewater Hotel. | American Restaurant | Rated 4.5/5 (2254 reviews) | Expensive / upscale tier,Google Places API (New)
The Butcher's Table,"2121 Westlake Ave N, Seattle, WA 98121, USA",Seattle,WA,(206) 209-5990,http://www.thebutcherstable.com/,,Very Expensive,4.5,,"Sleek steakhouse and takeaway butcher counter, offering classic preparations and prime Wagyu cuts. | Steak House | Rated 4.5/5 (2325 reviews) | Very expensive / luxury tier",Google Places API (New)
Archipelago,"5607 Rainier Ave S, Seattle, WA 98118, USA",Seattle,WA,,http://archipelagoseattle.com/,aaron@archipelagoseattle.com,Very Expensive,4.8,,Intimate space for set-price dinners & drinks with Pacific Northwest-inspired Filipino flavors. | American Restaurant | Rated 4.8/5 (259 reviews) | Very expensive / luxury tier,Google Places API (New)
The Capital Grille,"1301 4th Ave, Seattle, WA 98101, USA",Seattle,WA,(206) 382-0900,https://www.thecapitalgrille.com/locations/wa/seattle/seattle/8030?cmpid=br:tcg_ag:ie_ch:loc_ca:TCGGMB_sn:gmb_gt:seattle-wa-8030_pl:locurl_rd:1026,,Very Expensive,4.7,,"Outpost of the upscale steakhouse chain offers classic American fare in a clubby, refined setting. | Fine Dining Restaurant | Rated 4.7/5 (2198 reviews) | Very expensive / luxury tier",Google Places API (New)
Maximilien Restaurant,"81A Pike St, Seattle, WA 98101, USA",Seattle,WA,(206) 682-7270,https://www.maximilienrestaurant.com/,,Expensive,4.3,,"Cozy, white-tablecloth spot offers water views & classic French fare like duck & onion soup. | French Restaurant | Rated 4.3/5 (1323 reviews) | Expensive / upscale tier",Google Places API (New)
Atoma,"1411 N 45th St, Seattle, WA 98103, USA",Seattle,WA,(206) 420-1041,http://atomaseattle.com/,,Very Expensive,4.6,,Restaurant | Rated 4.6/5 (415 reviews) | Very expensive / luxury tier,Google Places API (New)
How to Cook a Wolf,"2208 Queen Anne Ave N, Seattle, WA 98109, USA",Seattle,WA,(206) 838-8090,https://howtocookawolf.com/,,Expensive,4.5,,Wood-paneled eatery by chef Ethan Stowell specializing in sophisticated Italian-Mediterranean fare. | Italian Restaurant | Rated 4.5/5 (1211 reviews) | Expensive / upscale tier,Google Places API (New)
Goldfinch Tavern,"99 Union St, Seattle, WA 98101, USA",Seattle,WA,(206) 749-7070,https://www.fourseasons.com/seattle/dining/restaurants/goldfinch_tavern/?utm_source=google&utm_medium=organicsearch&utm_campaign=tor-sew-fab-mid-seo-na&utm_content=na-na&utm_term=na,,Expensive,4.3,,Local ingredients and Puget Sound views are on offer at this elegant eatery in the Four Seasons Hotel. | American Restaurant | Rated 4.3/5 (1012 reviews) | Expensive / upscale tier,Google Places API (New)
Lark Restaurant,"952 E Seneca St, Seattle, WA 98122, USA",Seattle,WA,(206) 323-5275,http://www.larkseattle.com/,info@LarkSeattle.com,Expensive,4.4,,"New American dishes & seafood in an upscale, contemporary space with a mezzanine raw bar. | American Restaurant | Rated 4.4/5 (801 reviews) | Expensive / upscale tier",Google Places API (New)
Altura,"617 Broadway E, Seattle, WA 98102, USA",Seattle,WA,(206) 402-6749,http://www.alturarestaurant.com/,Altura@alturarestaurant.com,Very Expensive,4.6,,"Elevated seasonal Italian cuisine with handmade pastas, tasting menus & wine pairing in a cozy room. | Italian Restaurant | Rated 4.6/5 (718 reviews) | Very expensive / luxury tier",Google Places API (New)
Spinasse,"1531 14th Ave, Seattle, WA 98122, USA",Seattle,WA,(206) 251-7673,https://spinasse.com/,info@spinasse.com,Expensive,4.5,,"Bustling, high-end Northern Italian restaurant in a cozy, rustic space with an open kitchen. | Italian Restaurant | Rated 4.5/5 (1631 reviews) | Expensive / upscale tier",Google Places API (New)
Staple & Fancy,"4739 Ballard Ave NW, Seattle, WA 98107, USA",Seattle,WA,(206) 789-1200,https://ethanstowellrestaurants.com/restaurants/staple-and-fancy-ballard-seattle,hello@stapleandfancymercantile.com,Expensive,4.6,,Housemade pastas & upmarket rustic Italian fare in a stylish space with communal tables. | Italian Restaurant | Rated 4.6/5 (805 reviews) | Expensive / upscale tier,Google Places API (New)
AQUA by El Gaucho,"2801 Alaskan Wy Pier 70, Seattle, WA 98121, USA",Seattle,WA,(206) 956-9171,https://aquabyelgaucho.com/,info@elgaucho.com,Very Expensive,4.5,,Elegant steakhouse offering a menu of high-end classics like Angus beef & seafood. | Seafood Restaurant | Rated 4.5/5 (1839 reviews) | Very expensive / luxury tier,Google Places API (New)
El Gaucho Seattle,"2200 Western Ave Ste. 101, Seattle, WA 98121, USA",Seattle,WA,(206) 728-1337,https://elgaucho.com/elgauchoseattle/,jlohman@elgaucho.com,Very Expensive,4.6,,Elegant steakhouse offering a menu of high-end classics like Angus beef & seafood. | Steak House | Rated 4.6/5 (1981 reviews) | Very expensive / luxury tier,Google Places API (New)
Il Terrazzo Carmine,"411 1st Ave S, Seattle, WA 98104, USA",Seattle,WA,(206) 467-7797,https://www.ilterrazzocarmine.com/,reka@carminesignaturegroup.com,Expensive,4.6,,Upscale institution for Italian fine dining with an extensive wine list in an airy & refined space. | Italian Restaurant | Rated 4.6/5 (1034 reviews) | Expensive / upscale tier,Google Places API (New)
Il Nido,"2717 61st Ave SW, Seattle, WA 98116, USA",Seattle,WA,(206) 466-6265,https://ilnidoseattle.com/,ilnidowestseattle@icloud.com,Expensive,4.7,,Bustling Italian restaurant in a century-old log cabin featuring seasonal handmade pastas & wine. | Italian Restaurant | Rated 4.7/5 (718 reviews) | Expensive / upscale tier,Google Places API (New)
Cinque Terre Ristorante,"2001 Westlake Ave, Seattle, WA 98121, USA",Seattle,WA,(206) 456-6300,http://www.cinqueterreseattle.com/,,Expensive,4.4,,"Serves regional Italian dishes, seafood, and cocktails in a minimalist space. | Italian Restaurant | Rated 4.4/5 (1805 reviews) | Expensive / upscale tier",Google Places API (New)
The Harvest Vine,"2701 E Madison St, Seattle, WA 98112, USA",Seattle,WA,(206) 320-9771,http://www.harvestvine.com/,info@harvestvine.com,Expensive,4.6,,Bustling Basque eatery serving small plates & Spanish wine in intimate accommodations. | Spanish Restaurant | Rated 4.6/5 (854 reviews) | Expensive / upscale tier,Google Places API (New)
Jeffry's,"1060 E Union St, Seattle, WA 98122, USA",Seattle,WA,(206) 900-8699,https://www.jeffrysseattle.com/,jeffrys@eatseacreatures.com,Expensive,4.4,,"Sustainable cuts from a local farm headline a classy, contemporary steakhouse from Renee Erickson. | Steak House | Rated 4.4/5 (829 reviews) | Expensive / upscale tier",Google Places API (New)
Cafe Juanita,"9702 NE 120th Pl, Kirkland, WA 98034, USA",Kirkland,WA,(425) 823-1505,http://www.cafejuanita.com/,team@cafejuanita.com,Very Expensive,4.6,,"Surrounded by trees, this sleek eatery prepares Northern Italian fare with Northwestern ingredients. | Italian Restaurant | Rated 4.6/5 (821 reviews) | Very expensive / luxury tier",Google Places API (New)
The Herbfarm,"14590 NE 145th St, Woodinville, WA 98072, USA",Woodinville,WA,(425) 485-5300,http://www.theherbfarm.com/,,Very Expensive,4.7,,"Fixed-price, 9-course menus paired with local wine at a bucolic culinary retreat attached to an inn. | American Restaurant | Rated 4.7/5 (434 reviews) | Very expensive / luxury tier",Google Places API (New)
Conversation,"110 Stewart St, Seattle, WA 98101, USA",Seattle,WA,(206) 512-1097,https://www.conversationseattle.com/?utm_source=google&utm_medium=lastmile&utm_campaign=seath-r-conv,conversation@thompsonhotels.com,Expensive,4.1,,"Stylish dining space with Northwest-inspired decor, serving upscale farm-to-table eats & cocktails. | Restaurant | Rated 4.1/5 (617 reviews) | Expensive / upscale tier",Google Places API (New)
Terra Plata,"1501 Melrose Ave, Seattle, WA 98122, USA",Seattle,WA,(206) 325-1501,http://terraplata.com/,info@terraplata.com,Expensive,4.3,,Window-lined & stylish eatery features a menu of locally sourced dishes & a rooftop patio. | American Restaurant | Rated 4.3/5 (1593 reviews) | Expensive / upscale tier,Google Places API (New)
Place Pigalle,"Behind where they throw the fish!, 81 Pike St, Seattle, WA 98101, USA",Seattle,WA,(206) 624-1756,http://www.placepigalle-seattle.com/,pigalley@gmail.com,Expensive,4.5,,"Located in Pike Place Market, this eatery pairs locally sourced French fare & Puget Sound views. | Restaurant | Rated 4.5/5 (677 reviews) | Expensive / upscale tier",Google Places API (New)
The Carlile Room,"820 Pine St, Seattle, WA 98101, USA",Seattle,WA,(206) 946-9720,http://www.thecarlile.com/?utm_source=gbp&utm_medium=organic&utm_campaign=fm,,Expensive,4.4,,Hip spot serving up modern American cooking & featuring pre- and post-theater service. | Restaurant | Rated 4.4/5 (951 reviews) | Expensive / upscale tier,Google Places API (New)
L'Oursin,"1315 E Jefferson St, Seattle, WA 98122, USA",Seattle,WA,(206) 485-7173,http://www.loursinseattle.com/,info@loursinseattle.com,Expensive,4.5,,"Bright, quaint space with sustainable seafood, natural wine & French-inspired dishes. | French Restaurant | Rated 4.5/5 (528 reviews) | Expensive / upscale tier",Google Places API (New)
Palace Kitchen,"2030 5th Ave, Seattle, WA 98121, USA",Seattle,WA,(206) 441-2888,https://www.palacekitchen.com/?utm_source=gbp&utm_medium=organic&utm_campaign=fm,,Expensive,4.4,,Upscale New American food and cocktails from chef Tom Douglas in booths with intimate lighting. | American Restaurant | Rated 4.4/5 (1225 reviews) | Expensive / upscale tier,Google Places API (New)
The Walrus and the Carpenter,"4743 Ballard Ave NW, Seattle, WA 98107, USA",Seattle,WA,(206) 395-9227,https://www.thewalrusbar.com/,walrus@eatseacreatures.com,Expensive,4.5,,"Oysters & other seafood plus American plates & specialty cocktails in a small, simple space. | Oyster Bar Restaurant | Rated 4.5/5 (2243 reviews) | Expensive / upscale tier",Google Places API (New)
Metropolitan Grill,"820 2nd Ave, Seattle, WA 98104, USA",Seattle,WA,(206) 624-3287,http://themetropolitangrill.com/,info@themetropolitangrill.com,Very Expensive,4.6,,"Classic, upscale steakhouse decorated in wood, brass, and velvet with a 60-ft. marble bar. | Steak House | Rated 4.6/5 (4076 reviews) | Very expensive / luxury tier",Google Places API (New)
Barking Frog,"14580 NE 145th St, Woodinville, WA 98072, USA",Woodinville,WA,(425) 424-2999,https://www.barkingfrogrestaurant.com/,,Expensive,4.5,,Upscale bistro with a fireplace & patio in the Willows Lodge serving Northwest cuisine & wines. | Fine Dining Restaurant | Rated 4.5/5 (1330 reviews) | Expensive / upscale tier,Google Places API (New)
Water's Table-Renton Restaurant,"1053 Lake Washington Blvd N, Renton, WA 98056, USA",Renton,WA,(425) 207-2240,https://www.waterstable.com/,,Expensive,4.1,,"Lakefront hotel restaurant with upscale, locally sourced Northwest cuisine, cocktails & a patio. | Restaurant | Rated 4.1/5 (897 reviews) | Expensive / upscale tier",Google Places API (New)
Salty's on Alki Beach,"1936 Harbor Ave SW, Seattle, WA 98126, USA",Seattle,WA,(206) 937-1600,http://saltys.com/seattle,,Expensive,4.5,,Upscale seafood & steak outpost in a waterfront locale serving a luxurious buffet brunch. | Seafood Restaurant | Rated 4.5/5 (6354 reviews) | Expensive / upscale tier,Google Places API (New)
Copperleaf Restaurant & Bar,"18525 36th Ave S, SeaTac, WA 98188, USA",SeaTac,WA,(206) 214-4282,https://www.cedarbrooklodge.com/copperleaf-restaurant.php,,Expensive,4.5,,Farm-to-table Pacific NW food in a modern space centered around a stone fireplace. | American Restaurant | Rated 4.5/5 (736 reviews) | Expensive / upscale tier,Google Places API (New)
Vivienne's Bistro,"602 Union St, Seattle, WA 98101, USA",Seattle,WA,(206) 693-3190,https://www.viviennesbistro.com/,,Expensive,4.6,,Asian Restaurant | Rated 4.6/5 (214 reviews) | Expensive / upscale tier,Google Places API (New)
The Lakehouse,"10455 NE 5th Pl, Bellevue, WA 98004, USA",Bellevue,WA,(425) 454-7076,http://thelakehousebellevue.com/,Team@thelakehousebellevue.com,Expensive,4,,"Refined, farm-to-table cuisine and cocktails in a vibrant, farmhouse-chic atmosphere. | American Restaurant | Rated 4/5 (762 reviews) | Expensive / upscale tier",Google Places API (New)
iconiq,"1421 31st Ave S, Seattle, WA 98144, USA",Seattle,WA,(206) 568-7715,http://iconiqseattle.net/,,Expensive,4.7,,"Hyper-seasonal, refined French/Japanese dishes & sake served in smart surrounds | Restaurant | Rated 4.7/5 (181 reviews) | Expensive / upscale tier",Google Places API (New)
Joule,"3506 Stone Way N, Seattle, WA 98103, USA",Seattle,WA,(206) 632-5685,http://joulerestaurant.com/,joulemanager@relayrestaurantgroup.com,Expensive,4.5,,Korean-fusion steakhouse offering Asian-Northwest eats amid handmade wallpaper & communal seating. | Asian Fusion Restaurant | Rated 4.5/5 (1040 reviews) | Expensive / upscale tier,Google Places API (New)
Tulio,"1100 5th Ave, Seattle, WA 98101, USA",Seattle,WA,(206) 624-5500,https://www.tulio.com/,,Expensive,4.4,,"Urbane, dark-paneled restaurant serving upscale Italian cuisine. | Restaurant | Rated 4.4/5 (1166 reviews) | Expensive / upscale tier",Google Places API (New)
Daniel's Broiler,"809 Fairview Pl N, Seattle, WA 98109, USA",Seattle,WA,(206) 621-8262,https://danielsbroiler.com/pages/locations-daniels-lake-union,danielslakeunion@schwartzbros.com,Very Expensive,4.3,,Prime cuts of meat come with scenic views at this bustling waterfront steakhouse. | Steak House | Rated 4.3/5 (2220 reviews) | Very expensive / luxury tier,Google Places API (New)
Lola,"2000 B 4th Ave, Seattle, WA 98121, USA",Seattle,WA,(206) 441-1430,https://www.lolaseattle.com/?utm_source=gbp&utm_medium=organic&utm_campaign=fm,,Expensive,4.4,,"Lively eatery by Tom Douglas offering modern, Greek-influenced flavors showcasing local ingredients. | Greek Restaurant | Rated 4.4/5 (4576 reviews) | Expensive / upscale tier",Google Places API (New)
Marjorie Restaurant,"2301 E Union St Ste P, Seattle, WA 98122, USA",Seattle,WA,(206) 441-9842,http://www.marjorierestaurant.com/,,Expensive,4.4,,Modern design & handcrafted decor set the stage for eclectic comfort fare from around the world. | Restaurant | Rated 4.4/5 (301 reviews) | Expensive / upscale tier,Google Places API (New)
STK Steakhouse,"610 Bellevue Way NE #110, Bellevue, WA 98004, USA",Bellevue,WA,(425) 209-1016,https://stksteakhouse.com/venues/bellevue/,info@togrp.com,Expensive,4.5,,Steak House | Rated 4.5/5 (6077 reviews) | Expensive / upscale tier,Google Places API (New)
Brimmer & Heeltap,"425 NW Market St, Seattle, WA 98107, USA",Seattle,WA,(206) 420-2534,http://www.brimmerandheeltap.com/,info@brimmerandheeltap.com,Expensive,4.7,,Vibrant neighborhood pub offering inventive bistro fare in a Pacific Northwest-themed space. | Bistro | Rated 4.7/5 (604 reviews) | Expensive / upscale tier,Google Places API (New)
Assaggio Ristorante,"2010 4th Ave, Seattle, WA 98121, USA",Seattle,WA,(206) 441-1399,http://www.assaggioseattle.com/,francesca@assaggioseattle.com,Expensive,4.4,,"Refined, but informal trattoria serves high-end Italian fare amid Renaissance-style murals. | Italian Restaurant | Rated 4.4/5 (1641 reviews) | Expensive / upscale tier",Google Places API (New)
Palisade,"2601 W Marina Pl, Seattle, WA 98199, USA",Seattle,WA,(206) 285-1000,https://www.palisaderestaurant.com/,,Very Expensive,4.3,,Pacific NW seafood served in an elegant space with an indoor pond & sweeping views of Elliott Bay. | Seafood Restaurant | Rated 4.3/5 (2652 reviews) | Very expensive / luxury tier,Google Places API (New)
Anthony's Pier 66 & Bell Street Diner,"2201 Alaskan Wy, Seattle, WA 98121, USA",Seattle,WA,(206) 448-6688,https://www.anthonys.com/restaurant/anthonys-bell-street-diner/,,Expensive,4.3,,Waterfront flagship of a local chain offers seafood fare plus views of Elliott Bay & Mt. Rainier. | Seafood Restaurant | Rated 4.3/5 (2535 reviews) | Expensive / upscale tier,Google Places API (New)
La Fontana Siciliana,"120 Blanchard St, Seattle, WA 98121, USA",Seattle,WA,(206) 620-2221,https://www.lafontanasiciliana.com/,contact@lafontanasiciliana.com,Expensive,4.5,,"Homestyle Sicilian fare served in a cozy space with brick walls, dark woods & a courtyard fountain. | Italian Restaurant | Rated 4.5/5 (1081 reviews) | Expensive / upscale tier",Google Places API (New)
The Nest,"110 Stewart St, Seattle, WA 98101, USA",Seattle,WA,(206) 623-4600,https://www.thenestseattle.com/?utm_source=google&utm_medium=lastmile&utm_campaign=seath-r-nest,thenest@thompsonhotels.com,Expensive,4.2,,"Top-shelf hotel bar with expansive views, large-format cocktails & gourmet nibbles. | Restaurant | Rated 4.2/5 (1389 reviews) | Expensive / upscale tier",Google Places API (New)
Purple Café and Wine Bar,"1225 4th Ave, Seattle, WA 98101, USA",Seattle,WA,(206) 829-2280,https://www.purplecafe.com/,,Expensive,4.4,,"Chic bar in a modern, relaxed space offering upscale small plates & global wines. | American Restaurant | Rated 4.4/5 (3594 reviews) | Expensive / upscale tier",Google Places API (New)
Harvest Beat,"1711 N 45th St, Seattle, WA 98103, USA",Seattle,WA,(206) 547-1348,http://www.harvestbeat.com/,,Very Expensive,4.6,,Eco-friendly destination offering intricate garden-to-table vegan dishes in set-price dinners. | Vegan Restaurant | Rated 4.6/5 (663 reviews) | Very expensive / luxury tier,Google Places API (New)
Barolo Ristorante,"1940 Westlake Ave, Seattle, WA 98101, USA",Seattle,WA,(206) 770-9000,http://baroloseattle.com/,,Expensive,4.4,,Sparkling chandeliers & gauzy drapes set the sophisticated mood at this upscale Italian restaurant. | Italian Restaurant | Rated 4.4/5 (1758 reviews) | Expensive / upscale tier,Google Places API (New)
Wild Ginger Downtown Seattle,"1401 3rd Ave, Seattle, WA 98101, USA",Seattle,WA,(206) 623-4450,http://wildginger.net/,info@wildginger.net,Expensive,4.3,,"Bustling and spacious restaurant with modern decor and high ceilings, serving Pacific Rim fare. | Restaurant | Rated 4.3/5 (2348 reviews) | Expensive / upscale tier",Google Places API (New)
Matt's in the Market,"94 Pike St #32, Seattle, WA 98101, USA",Seattle,WA,(206) 467-7909,http://www.mattsinthemarket.com/,events@mattsinthemarket.com,Expensive,4.5,,Pacific NW cuisine with seasonal specials & extensive wine options served with views of Elliott Bay. | American Restaurant | Rated 4.5/5 (1279 reviews) | Expensive / upscale tier,Google Places API (New)
Serafina,"2043 Eastlake Ave E, Seattle, WA 98102, USA",Seattle,WA,(206) 323-0807,http://serafinaseattle.com/,,Expensive,4.5,,"Old-world Italian restaurant with a multiregional, traditional menu & a seasonal outdoor patio. | Italian Restaurant | Rated 4.5/5 (1063 reviews) | Expensive / upscale tier",Google Places API (New)
Red Cow,"1423 34th Ave, Seattle, WA 98122, USA",Seattle,WA,(206) 454-7932,https://ethanstowellrestaurants.com/restaurants/red-cow-madrona-seattle,rewardsclub@esrhospitality.com,Expensive,4.4,,Lively upscale brasserie offering steak frites & other French classics along with cocktails & wine. | Steak House | Rated 4.4/5 (560 reviews) | Expensive / upscale tier,Google Places API (New)
Cicchetti,"121 E Boston St, Seattle, WA 98102, USA",Seattle,WA,(206) 859-4155,http://cicchettiseattle.com/,,Expensive,4.6,,Mediterranean small plates served in midcentury architect's former office with upstairs city views. | Mediterranean Restaurant | Rated 4.6/5 (240 reviews) | Expensive / upscale tier,Google Places API (New)
Vendemmia,"1126 34th Ave, Seattle, WA 98122, USA",Seattle,WA,(206) 466-2533,http://vendemmiaseattle.com/,info@vendemmiaseattle.com,Expensive,4.4,,"Modern restaurant offering creative handmade pasta & Italian entrees in airy, industrial environs. | Italian Restaurant | Rated 4.4/5 (412 reviews) | Expensive / upscale tier",Google Places API (New)
FlintCreek Cattle Co,"8421 Greenwood Ave N, Seattle, WA 98103, USA",Seattle,WA,(206) 457-5656,http://flintcreekcattleco.com/,eat@flintcreekseattle.com,Expensive,4.6,,"Lofty, stylish New American kitchen emphasizing sustainably raised beef, plus game & cocktails. | American Restaurant | Rated 4.6/5 (1567 reviews) | Expensive / upscale tier",Google Places API (New)
Fogo de Chão Brazilian Steakhouse,"400 University St Ste 100, Seattle, WA 98101, USA",Seattle,WA,(206) 656-0711,https://fogodechao.com/location/seattle/,,Expensive,4.5,,Upscale Brazilian chain for all-you-can-eat meat carved tableside plus an extensive salad bar. | Brazilian Restaurant | Rated 4.5/5 (2412 reviews) | Expensive / upscale tier,Google Places API (New)
Ruth's Chris Steak House,"Grand Hyatt Seattle, 727 Pine St, Seattle, WA 98101, USA",Seattle,WA,(206) 624-8524,https://www.ruthschris.com/locations/wa/seattle/seattle/7339?cmpid=br:rc_ag:ie_ch:loc_ca:RCGMB_sn:gmb_gt:seattle-wa-7339_pl:locurl_rd:1042,,Very Expensive,4.3,,"Outpost of upmarket steakhouse chain known for sizzling, butter-topped beef in an elegant setting | Steak House | Rated 4.3/5 (1734 reviews) | Very expensive / luxury tier",Google Places API (New)
Daniel's Broiler,"200 Lake Washington Blvd, Seattle, WA 98122, USA",Seattle,WA,(206) 329-4191,https://danielsbroiler.com/pages/locations-daniels-leschi,danielsleschi@schwartzbros.com,Very Expensive,4.3,,Premium steakhouse serving surf 'n' turf in a converted 1919 boathouse with mountain & water views. | Steak House | Rated 4.3/5 (1031 reviews) | Very expensive / luxury tier,Google Places API (New)
John Howie Steak,"11111 NE 8th St #125, Bellevue, WA 98004, USA",Bellevue,WA,(425) 440-0880,https://johnhowiesteak.com/?utm_source=Google&utm_medium=Organic&utm_campaign=GBP,tlodahl@johnhowiesteak.com,Very Expensive,4.5,,"Upscale steakhouse featuring premium cuts, Wagyu beef & a robust wine list, plus daily happy hour. | Steak House | Rated 4.5/5 (1738 reviews) | Very expensive / luxury tier",Google Places API (New)
Daniel’s Broiler Downtown,"808 Howell St, Seattle, WA 98101, USA",Seattle,WA,(206) 596-9512,https://danielsbroiler.com/pages/locations-daniels-downtown,danielsdowntown@schwartzbros.com,Very Expensive,4,,Steak House | Rated 4/5 (474 reviews) | Very expensive / luxury tier,Google Places API (New)
Cutters Crabhouse,"2001 Western Ave, Seattle, WA 98121, USA",Seattle,WA,(206) 448-4884,https://www.cutterscrabhouse.com/,,Expensive,4.3,,"Upscale Pike Place restaurant offering NW seafood in a refined, understated space with bay views. | Seafood Restaurant | Rated 4.3/5 (3277 reviews) | Expensive / upscale tier",Google Places API (New)
Elliott's Oyster House,"1201 Alaskan Wy Ste 100, Seattle, WA 98101, USA",Seattle,WA,(206) 623-4340,http://elliottsoysterhouse.com/,info@elliottsoysterhouse.com,Expensive,4.3,,Waterfront restaurant with a bay view known for its selection of oysters & sustainable seafood. | Seafood Restaurant | Rated 4.3/5 (7107 reviews) | Expensive / upscale tier,Google Places API (New)
The Fisherman's Restaurant Seattle,"1301 Alaskan Wy, Seattle, WA 98101, USA",Seattle,WA,(206) 623-3500,https://www.thefishermansrestaurant.com/,,Expensive,3.9,,"Casual seafood place with basic fare, family-style dinners & outdoor seating right on the water. | Seafood Restaurant | Rated 3.9/5 (2658 reviews) | Expensive / upscale tier",Google Places API (New)
Ray's Boathouse,"6049 Seaview Ave NW, Seattle, WA 98107, USA",Seattle,WA,(206) 789-3770,http://www.rays.com/,rayscatering@rays.com,Expensive,4.5,,Long-standing dockside restaurant & cafe serving Pacific NW seafood with views of Shilshole Bay. | Seafood Restaurant | Rated 4.5/5 (3689 reviews) | Expensive / upscale tier,Google Places API (New)
State of Grace,"3258 Westheimer Rd, Houston, TX 77098, USA",Houston,TX,(832) 942-5080,http://www.stateofgracetx.com/,EventsStateofGrace@rocketfarmrestaurants.com,Expensive,4.6,,"Polished American spot serving creative Texas dishes, oysters, grilled specialties & cocktails. | American Restaurant | Rated 4.6/5 (2019 reviews) | Expensive / upscale tier",Google Places API (New)
The Chef's Table,"110 Vintage Park Blvd Bldg J Suite P, Houston, TX 77070, USA",Houston,TX,(832) 559-7489,https://www.chefstablehouston.com/,,Expensive,4.8,,Fine Dining Restaurant | Rated 4.8/5 (1718 reviews) | Expensive / upscale tier,Google Places API (New)
Winsome Prime,"5888 Westheimer Rd, Houston, TX 77057, USA",Houston,TX,(713) 534-1545,http://www.winsomeprime.com/,,Very Expensive,4.8,,American Restaurant | Rated 4.8/5 (6774 reviews) | Very expensive / luxury tier,Google Places API (New)
Brenner's on the Bayou,"1 Birdsall St, Houston, TX 77007, USA",Houston,TX,(713) 868-4444,https://www.brennerssteakhouse.com/location/brenners-on-the-bayou/,,Expensive,4.4,,"Upscale steakhouse featuring an elegant, woodsy interior & a charming garden terrace. | Restaurant | Rated 4.4/5 (3020 reviews) | Expensive / upscale tier",Google Places API (New)
Juliet,"5857 Westheimer Rd Ste P, Houston, TX 77057, USA",Houston,TX,(713) 324-8831,http://juliethtx.com/,example@mysite.com,Very Expensive,4.3,,Steak House | Rated 4.3/5 (1405 reviews) | Very expensive / luxury tier,Google Places API (New)
BCN Taste & Tradition,"4210 Roseland St, Houston, TX 77006, USA",Houston,TX,(832) 834-3411,http://bcnhouston.com/,,Very Expensive,4.7,,"Set in a 1920s home, this contemporary Spanish fine-dining spot presents classic Catalan flavors. | Spanish Restaurant | Rated 4.7/5 (1281 reviews) | Very expensive / luxury tier",Google Places API (New)
Masraff's,"9655 Katy Fwy Ste 190, Houston, TX 77024, USA",Houston,TX,(713) 355-1975,http://www.masraffs.com/,,Expensive,4.7,,"Creatively prepared Euro-American eats such as duck, osso buco & foie gras amidst elegant surrounds. | American Restaurant | Rated 4.7/5 (1075 reviews) | Expensive / upscale tier",Google Places API (New)
Rainbow Lodge,"2011 Ella Blvd, Houston, TX 77008, USA",Houston,TX,(713) 861-8666,http://rainbow-lodge.com/,info@rainbow-lodge.com,Expensive,4.5,,"Upscale spot for American fare including wild game & seafood served in an elegant, historic cabin. | American Restaurant | Rated 4.5/5 (2866 reviews) | Expensive / upscale tier",Google Places API (New)
Aquarium Restaurant,"410 Bagby St, Houston, TX 77002, USA",Houston,TX,(713) 315-5126,https://www.downtownaquariumhouston.com/aquarium-restaurant,AquariumHouston@ldry.com,Expensive,4.7,,Large seafood & steak restaurant decorated by a huge fish tank filled with tropical sea creatures. | Seafood Restaurant | Rated 4.7/5 (11940 reviews) | Expensive / upscale tier,Google Places API (New)
Taste of Texas,"10505 Katy Fwy, Houston, TX 77024, USA",Houston,TX,(713) 932-6901,http://www.tasteoftexas.com/,,Expensive,4.7,,Huge steaks from an on-site butcher shop & a vast salad bar star at this family-friendly steakhouse. | Steak House | Rated 4.7/5 (10940 reviews) | Expensive / upscale tier,Google Places API (New)
Brennan's Houston,"3300 Smith St, Houston, TX 77006, USA",Houston,TX,(713) 522-9711,https://www.brennanshouston.com/,info@brennanshouston.com,Expensive,4.6,,"New Orleans character & cuisine shine at this decadent eatery serving turtle soup, oysters & more. | American Restaurant | Rated 4.6/5 (3343 reviews) | Expensive / upscale tier",Google Places API (New)
Mastro's Steakhouse,"1650 W Loop S, Houston, TX 77027, USA",Houston,TX,(713) 993-2500,https://www.mastrosrestaurants.com/Locations/TX/Houston/,,Very Expensive,4.5,,Fine Dining Restaurant | Rated 4.5/5 (3032 reviews) | Very expensive / luxury tier,Google Places API (New)
Steak 48,"4444 Westheimer Rd, Houston, TX 77027, USA",Houston,TX,(713) 322-7448,https://www.steak48.com/steakhouses/houston/?utm_source=google&utm_medium=organic&utm_campaign=gmb,guestserviceshouston@steak48.com,Very Expensive,4.6,,"High-end steakhouse serving prime cuts, seafood & shellfish in an elegant, modern venue. | Steak House | Rated 4.6/5 (4511 reviews) | Very expensive / luxury tier",Google Places API (New)
Pappas Bros. Steakhouse,"5839 Westheimer Rd, Houston, TX 77057, USA",Houston,TX,(713) 780-7352,http://pappasbros.com/,,Very Expensive,4.7,,Steak House | Rated 4.7/5 (2903 reviews) | Very expensive / luxury tier,Google Places API (New)
Potente,"1515 Texas Ave, Houston, TX 77002, USA",Houston,TX,(713) 237-1515,https://www.potentehouston.com/,gm@potentehouston.com,Very Expensive,4.7,,"Swanky, modern destination serving locally sourced modern Italian cuisine plus wine & cocktails. | Italian Restaurant | Rated 4.7/5 (958 reviews) | Very expensive / luxury tier",Google Places API (New)
Musaafer,"Suite C-3500, 5115 Westheimer Rd, Houston, TX 77056, USA",Houston,TX,(713) 242-8087,https://www.musaaferhouston.com/,reservation@musaaferhouston.com,Very Expensive,4.6,,Sophisticated eatery in an eclectic space spotlighting high-concept Indian dishes paired with wine. | Indian Restaurant | Rated 4.6/5 (4358 reviews) | Very expensive / luxury tier,Google Places API (New)
La Griglia,"2817 W Dallas St, Houston, TX 77019, USA",Houston,TX,(713) 526-4700,https://www.lagrigliarestaurant.com/location/la-griglia/,,Expensive,4.3,,Lively go-to for upscale Italian fare featuring ingredients sourced directly from Italy. | Italian Restaurant | Rated 4.3/5 (1623 reviews) | Expensive / upscale tier,Google Places API (New)
Late August,"4201 Main St Ste 120, Houston, TX 77002, USA",Houston,TX,(713) 993-6200,https://www.lateaugusthtx.com/,hello@lateaugusthtx.com,Very Expensive,4.4,,American Restaurant | Rated 4.4/5 (199 reviews) | Very expensive / luxury tier,Google Places API (New)
The Capital Grille,"5365 Westheimer Rd, Houston, TX 77056, USA",Houston,TX,(713) 623-4600,https://www.thecapitalgrille.com/locations/tx/houston/houston-the-galleria/8007?cmpid=br:tcg_ag:ie_ch:loc_ca:TCGGMB_sn:gmb_gt:houston-tx-8007_pl:locurl_rd:1005,,Very Expensive,4.7,,"Outpost of the upscale steakhouse chain offers classic American fare & a clubby, refined setting. | Fine Dining Restaurant | Rated 4.7/5 (1133 reviews) | Very expensive / luxury tier",Google Places API (New)
Eddie V's Prime Seafood,"2800 Kirby Dr A100, Houston, TX 77098, USA",Houston,TX,(713) 874-1800,https://www.eddiev.com/locations/tx/houston/houston-west-ave/8509?cmpid=br:ev_ag:ie_ch:loc_ca:EVGMB_sn:gmb_gt:houston-tx-8509_pl:locurl_rd:1008,,Very Expensive,4.7,,"Elegant fine-dining chain with a seafood & steak menu, plus a cocktail lounge featuring live jazz | Seafood Restaurant | Rated 4.7/5 (1712 reviews) | Very expensive / luxury tier",Google Places API (New)
Etoile Cuisine Et Bar,"1101-11 Uptown Park Blvd, Houston, TX 77056, USA",Houston,TX,(832) 668-5808,http://www.etoilecuisine.com/,info@etoilecuisine.com,Expensive,4.5,,Sophisticated French eatery with a modern farmhouse interior serving traditional & seasonal menus. | French Restaurant | Rated 4.5/5 (1032 reviews) | Expensive / upscale tier,Google Places API (New)
Monarch,"5701 Main St, Houston, TX 77005, USA",Houston,TX,(713) 527-1800,https://www.hotelzaza.com/houston-museum-district/dining/monarch?utm_source=google&utm_medium=Local+Search&utm_campaign=Google+My+Business,info@revraise.com,Expensive,4.3,,"Posh, fine-dining restaurant with terrace serving refined New American fare in the chic Hotel ZaZa. | Restaurant | Rated 4.3/5 (730 reviews) | Expensive / upscale tier",Google Places API (New)
Theodore Rex,"1302 Nance St Unit a, Houston, TX 77002, USA",Houston,TX,(832) 830-8592,http://trexhouston.com/,info@trexhouston.com,Expensive,4.6,,Cozy eatery serving modern spins on upscale global comfort food plus wine in a laid-back setting. | American Restaurant | Rated 4.6/5 (659 reviews) | Expensive / upscale tier,Google Places API (New)
Eddie V's Prime Seafood,"12848 Queensbury Ln #200, Houston, TX 77024, USA",Houston,TX,(832) 200-2380,https://www.eddiev.com/locations/tx/houston/houston-citycentre/8507?cmpid=br:ev_ag:ie_ch:loc_ca:EVGMB_sn:gmb_gt:houston-tx-8507_pl:locurl_rd:1006,,Very Expensive,4.7,,"Elegant fine-dining chain with a seafood & steak menu, plus a cocktail lounge featuring live jazz | Seafood Restaurant | Rated 4.7/5 (1801 reviews) | Very expensive / luxury tier",Google Places API (New)
Georgia James,"3503 W Dallas St, Houston, TX 77019, USA",Houston,TX,(832) 241-5088,https://www.georgiajameshouston.com/,,Very Expensive,4.5,,"Warm, polished eatery from Chris Shepherd offering a raw bar & steaks plus an extensive wine list. | Steak House | Rated 4.5/5 (1031 reviews) | Very expensive / luxury tier",Google Places API (New)
Vic & Anthony's Steakhouse,"1510 Texas Ave, Houston, TX 77002, USA",Houston,TX,(713) 228-1111,https://www.vicandanthonys.com/location/houston/,,Very Expensive,4.6,,Upscale steakhouse serving meat & seafood with classic salads & side dishes in old-school environs. | Steak House | Rated 4.6/5 (3797 reviews) | Very expensive / luxury tier,Google Places API (New)
March,"1624 Westheimer Rd, Houston, TX 77006, USA",Houston,TX,(832) 380-2481,https://www.marchrestaurant.com/,info@marchrestaurant.com,Very Expensive,4.6,,"Sophisticated restaurant offering Mediterranean tasting menus, plus cocktails & wines. | Mediterranean Restaurant | Rated 4.6/5 (233 reviews) | Very expensive / luxury tier",Google Places API (New)
The Palm - Downtown Houston,"1201 Fannin St Ste 129, Houston, TX 77002, USA",Houston,TX,(713) 977-2544,https://www.thepalm.com/location/the-palm-houston/,,Very Expensive,4.4,,"Storied chain serving high-end steakhouse fare, seafood & diverse wines in clubby surrounds. | Restaurant | Rated 4.4/5 (825 reviews) | Very expensive / luxury tier",Google Places API (New)
MAD,"4444 Westheimer Rd Ste C180, Houston, TX 77027, USA",Houston,TX,(281) 888-2770,http://www.madhouston.com/?y_source=1_Nzk5NjI2NTUtNzE1LWxvY2F0aW9uLndlYnNpdGU%3D,info@madhouston.com,Expensive,4.3,,Striking & vibrant destination for innovative Spanish tapas & mains plus unique gin & tonics. | Spanish Restaurant | Rated 4.3/5 (1792 reviews) | Expensive / upscale tier,Google Places API (New)
Brenner's Steakhouse,"10911 Katy Fwy, Houston, TX 77079, USA",Houston,TX,(713) 465-2901,https://www.brennerssteakhouse.com/location/brenners-steakhouse/,,Expensive,4.5,,"Upscale steakhouse featuring an elegant, woodsy interior & a charming garden terrace. | Restaurant | Rated 4.5/5 (1651 reviews) | Expensive / upscale tier",Google Places API (New)
Doris Metropolitan,"2815 S Shepherd Dr, Houston, TX 77098, USA",Houston,TX,(713) 485-0466,https://dorismetropolitan.com/en/houston,Kyle@dorismet.com,Very Expensive,4.6,,"Chic, refined restaurant offering steak & seafood plates with Mediterranean flair, cocktails & wine. | Steak House | Rated 4.6/5 (1111 reviews) | Very expensive / luxury tier",Google Places API (New)
Truluck's,"5350 Westheimer Rd, Houston, TX 77056, USA",Houston,TX,(713) 783-7270,https://trulucks.com/locations/houston-texas/,houstonevents@trulucks.com,Very Expensive,4.6,,"Upscale seafood & steak chain featuring half-price happy hours, a deep wine list & swanky surrounds. | Seafood Restaurant | Rated 4.6/5 (2990 reviews) | Very expensive / luxury tier",Google Places API (New)
The Capital Grille,"840 W Sam Houston Pkwy N, Citycentre Way Four, Houston, TX 77024, USA",Houston,TX,(713) 463-5051,https://www.thecapitalgrille.com/locations/tx/houston/houston-citycentre/8057?cmpid=br:tcg_ag:ie_ch:loc_ca:TCGGMB_sn:gmb_gt:houston-tx-8057_pl:locurl_rd:1052,,Very Expensive,4.6,,"Outpost of the upscale steakhouse chain offers classic American fare & a clubby, refined setting. | Fine Dining Restaurant | Rated 4.6/5 (1133 reviews) | Very expensive / luxury tier",Google Places API (New)
Marmo,"888 Westheimer Rd Ste 109, Houston, TX 77006, USA",Houston,TX,(832) 626-3400,https://marmoitalian.com/,info@marmoitalian.com,Very Expensive,4.3,,Italian Restaurant | Rated 4.3/5 (1209 reviews) | Very expensive / luxury tier,Google Places API (New)
Kiran's,"2925 Richmond Ave Ste 160, Houston, TX 77098, USA",Houston,TX,(713) 960-8472,http://kiranshouston.com/,info@kiranshouston.com,Expensive,4.3,,Upscale eatery serving inventive Indian fusion fare served à la carte or as part of a tasting menu. | Indian Restaurant | Rated 4.3/5 (2366 reviews) | Expensive / upscale tier,Google Places API (New)
Turner's,"1800 Post Oak Blvd. Entrance on, Ambassador Way, Houston, TX 77056, USA",Houston,TX,(713) 804-1212,https://www.turnershouston.com/,,Very Expensive,4.4,,Fine Dining Restaurant | Rated 4.4/5 (194 reviews) | Very expensive / luxury tier,Google Places API (New)
Mastrantos,"927 Studewood St #100, Houston, TX 77008, USA",Houston,TX,(346) 227-8458,http://www.mastrantosintheheights.com/,,Expensive,4.6,,American Restaurant | Rated 4.6/5 (612 reviews) | Expensive / upscale tier,Google Places API (New)
Chama Gaúcha Brazilian Steakhouse - Houston,"5865 Westheimer Rd, Houston, TX 77057, USA",Houston,TX,(713) 244-9500,https://www.chamagaucha.com/houston,info@chamagaucha.com,Expensive,4.7,,Upscale spot featuring all-you-can-eat tableside-carved Brazilian meat & a global wine list. | Brazilian Restaurant | Rated 4.7/5 (8225 reviews) | Expensive / upscale tier,Google Places API (New)
Spindletop at Hyatt Regency Houston Downtown,"Hyatt Regency Houston, 1200 Louisiana St, Houston, TX 77002, USA",Houston,TX,(713) 654-1234,https://www.hyatt.com/en-US/hotel/texas/hyatt-regency-houston/hourh/special-events,,Expensive,4.2,,Upscale revolving restaurant perched atop the Hyatt hotel serving Southwestern-inspired seafood. | Restaurant | Rated 4.2/5 (664 reviews) | Expensive / upscale tier,Google Places API (New)
Hillstone,"4848 Kirby Dr, Houston, TX 77098, USA",Houston,TX,(713) 529-2385,https://hillstonerestaurant.com/locations/houston/#,,Expensive,4.3,,"Upscale chain eatery featuring steak, seafood & pasta alongside specialty cocktails. | American Restaurant | Rated 4.3/5 (3222 reviews) | Expensive / upscale tier",Google Places API (New)
Brasserie 19,"1962 W Gray St, Houston, TX 77019, USA",Houston,TX,(713) 524-1919,http://brasserie19.com/,brasserie19@brasserie19.com,Expensive,4.4,,"Sophisticated French brasserie with New American influences, iPad wine lists & hopping social scene. | French Restaurant | Rated 4.4/5 (1327 reviews) | Expensive / upscale tier",Google Places API (New)
Uchi Houston,"904 Westheimer Rd, Houston, TX 77006, USA",Houston,TX,(713) 522-4808,https://uchi.uchirestaurants.com/location/houston/,uchiwesthollywoodmanagers@uchirestaurants.com,Very Expensive,4.7,,Innovative preparations of sushi & fusion plates shine at this upscale Japanese hot spot. | Sushi Restaurant | Rated 4.7/5 (2973 reviews) | Very expensive / luxury tier,Google Places API (New)
The Annie,"1800 Post Oak Blvd Ste 6170, Houston, TX 77056, USA",Houston,TX,(713) 804-1800,https://www.theanniehouston.com/,,Expensive,4.3,,Bustling bar & eatery for classic drinks & American-Southwestern eats in an ornate dining room. | American Restaurant | Rated 4.3/5 (942 reviews) | Expensive / upscale tier,Google Places API (New)
B&B Butchers,"1814 Washington Ave, Houston, TX 77007, USA",Houston,TX,(713) 862-1814,https://www.bbbutchers.com/,,Very Expensive,4.5,,A vintage bakery has been converted into an upscale steakhouse with an attached butcher shop & deli. | Steak House | Rated 4.5/5 (2569 reviews) | Very expensive / luxury tier,Google Places API (New)
Morton's The Steakhouse,"1001 McKinney St Ste A4, Houston, TX 77002, USA",Houston,TX,(713) 659-3700,https://www.mortons.com/location/mortons-the-steakhouse-houston-tx-downtown/,,Very Expensive,4.5,,"Upscale chain for aged prime beef, seafood & other traditional steakhouse fare in a clubby space. | Restaurant | Rated 4.5/5 (1347 reviews) | Very expensive / luxury tier",Google Places API (New)
Del Frisco's Double Eagle Steakhouse,"5061 Westheimer Rd Suite 8060, Houston, TX 77056, USA",Houston,TX,(713) 355-2600,https://www.delfriscos.com/location/del-friscos-double-eagle-steakhouse-houston-tx/,,Very Expensive,4.3,,Opulently outfitted chain restaurant specializing in prime steaks & seafood along with fine wines. | Steak House | Rated 4.3/5 (2124 reviews) | Very expensive / luxury tier,Google Places API (New)
Fleming’s Prime Steakhouse & Wine Bar,"788 W Sam Houston Pkwy N Ste 120, Houston, TX 77024, USA",Houston,TX,(713) 827-1120,https://www.flemingssteakhouse.com/Locations/TX/Houston-Town-and-Country?y_source=1_MTU1MDMxOTUtNzE1LWxvY2F0aW9uLndlYnNpdGU%3D,,Very Expensive,4.7,,High-end steakhouse chain with aged prime beef & classics such as lobster tails. | Steak House | Rated 4.7/5 (1109 reviews) | Very expensive / luxury tier,Google Places API (New)
Squable,"632 W 19th St, Houston, TX 77008, USA",Houston,TX,(832) 834-7362,http://squabletime.com/,,Expensive,4.6,,Stylish mainstay with an airy interior turning out refined European specialties in casual surrounds. | Restaurant | Rated 4.6/5 (1093 reviews) | Expensive / upscale tier,Google Places API (New)
Xochi,"1777 Walker St, Houston, TX 77010, USA",Houston,TX,(713) 400-3330,http://www.xochihouston.com/?y_source=1_MTAzMTYxNjcyOS03MTUtbG9jYXRpb24ud2Vic2l0ZQ%3D%3D,,Expensive,4.6,,"Chic downtown destination for Oaxaca-inspired dishes, plus cocktails and wine. | Mexican Restaurant | Rated 4.6/5 (4175 reviews) | Expensive / upscale tier",Google Places API (New)
Perry's Steakhouse & Grille,"9730 Cypresswood Dr, Houston, TX 77070, USA",Houston,TX,(281) 970-5999,http://www.perryssteakhouse.com/,,Expensive,4.6,,"Upscale steakhouse & grill serving a menu including chops, seafood, wine & cocktails. | Steak House | Rated 4.6/5 (3673 reviews) | Expensive / upscale tier",Google Places API (New)
Flora,"3422 Allen Pkwy, Houston, TX 77019, USA",Houston,TX,(713) 360-6477,https://www.florahouston.com/,,Expensive,4.3,,Mexican Restaurant | Rated 4.3/5 (1386 reviews) | Expensive / upscale tier,Google Places API (New)
Pappas Bros. Steakhouse,"1200 McKinney St, Houston, TX 77010, USA",Houston,TX,(713) 658-1995,http://pappasbros.com/,,Very Expensive,4.6,,"Elegant, award-winning steakhouse serving dry-aged prime beef, seafood & exceptional wines. | Steak House | Rated 4.6/5 (1492 reviews) | Very expensive / luxury tier",Google Places API (New)
Maison Pucha Bistro,"1001 Studewood St #A, Houston, TX 77008, USA",Houston,TX,(713) 637-4976,http://www.maisonpucha.com/,info@maisonpucha.com,Expensive,4.5,,"Sophisticated French cuisine, elegant desserts & house cocktails in an airy, modern dining room. | French Restaurant | Rated 4.5/5 (1101 reviews) | Expensive / upscale tier",Google Places API (New)
Uchiko Houston,"1801 Post Oak Blvd, Houston, TX 77056, USA",Houston,TX,(713) 522-4808,https://uchiko.uchirestaurants.com/location/houston/,,Very Expensive,4.6,,Sushi Restaurant | Rated 4.6/5 (667 reviews) | Very expensive / luxury tier,Google Places API (New)
Nobu Houston,"5115 Westheimer Rd Suite C-3515, Houston, TX 77056, USA",Houston,TX,(832) 987-2599,https://www.noburestaurants.com/houston/home-2/?utm_source=google&utm_medium=Yext,,Very Expensive,3.9,,Iron Chef Nobu Matsuhisa's hot & cold Japanese delicacies served in spacious & posh surroundings. | Japanese Restaurant | Rated 3.9/5 (819 reviews) | Very expensive / luxury tier,Google Places API (New)
a'Bouzy,"2300 Westheimer Rd, Houston, TX 77098, USA",Houston,TX,(713) 722-6899,http://abouzy.com/,info@abouzy.com,Expensive,4.4,,Casually refined bistro serving French-inspired American food & a long list of sparkling wines. | French Restaurant | Rated 4.4/5 (1935 reviews) | Expensive / upscale tier,Google Places API (New)
McCormick & Schmick's Seafood & Steaks,"1201 Fannin St, Houston, TX 77002, USA",Houston,TX,(713) 658-8100,https://www.mccormickandschmicks.com/location/mccormick-schmicks-downtown-houston/,,Expensive,4.3,,Upscale steak & seafood chain known for its clubby environs & happy hour. | Restaurant | Rated 4.3/5 (1698 reviews) | Expensive / upscale tier,Google Places API (New)
51fifteen,"5175 Westheimer Rd, Houston, TX 77056, USA",Houston,TX,(713) 963-8067,http://51fifteen.com/,,Expensive,4.4,,"High-end hideaway in the Galleria Saks plating New American cuisine in modern, ultra-chic surrounds. | American Restaurant | Rated 4.4/5 (818 reviews) | Expensive / upscale tier",Google Places API (New)
Morton's The Steakhouse,"5000 Westheimer Rd Ste 190, Houston, TX 77056, USA",Houston,TX,(713) 629-1946,https://www.mortons.com/location/mortons-the-steakhouse-houston-tx-galleria/,,Very Expensive,4.5,,"Upscale chain for aged prime beef, seafood & other traditional steakhouse fare in a clubby space. | Restaurant | Rated 4.5/5 (1134 reviews) | Very expensive / luxury tier",Google Places API (New)
Casa do Brasil,"2800 Sage Rd Ste A100, Houston, TX 77056, USA",Houston,TX,(713) 485-4575,https://casadobrasil.com/houston/,marketing@casadobrasil.com,Expensive,4.8,,"Traditional Brazilian steakhouse offers all-you-can-eat grilled meats and sides, plus a salad bar. | Steak House | Rated 4.8/5 (2624 reviews) | Expensive / upscale tier",Google Places API (New)
Laurenzo's Prime Rib,"4412 Washington Ave, Houston, TX 77007, USA",Houston,TX,(713) 880-5111,https://www.laurenzos.com/,,Expensive,4.6,,Steakhouse offering ample portions of American fare in a dark-wood space great for sports-viewing. | Steak House | Rated 4.6/5 (1753 reviews) | Expensive / upscale tier,Google Places API (New)
Perry's Steakhouse & Grille,"9827 Katy Fwy, Houston, TX 77024, USA",Houston,TX,(832) 358-9000,http://www.perryssteakhouse.com/,,Expensive,4.5,,"Upscale steakhouse & grill serving a menu including chops, seafood, wine & cocktails. | Steak House | Rated 4.5/5 (3070 reviews) | Expensive / upscale tier",Google Places API (New)
Fogo de Chão Brazilian Steakhouse,"19820 Northwest Fwy, Houston, TX 77065, USA",Houston,TX,(346) 768-3500,https://fogodechao.com/location/houston-cypress/,,Expensive,4.7,,Upscale Brazilian chain for all-you-can-eat meat carved tableside plus an extensive salad bar. | Brazilian Restaurant | Rated 4.7/5 (5088 reviews) | Expensive / upscale tier,Google Places API (New)
Fleming’s Prime Steakhouse & Wine Bar,"1201 Lake Woodlands Dr Ste 305, The Woodlands, TX 77380, USA",The Woodlands,TX,(281) 362-0103,https://www.flemingssteakhouse.com/Locations/TX/Houston-The-Woodlands?y_source=1_MTU1MDMxNDUtNzE1LWxvY2F0aW9uLndlYnNpdGU%3D,,Very Expensive,4.6,,High-end steakhouse chain with aged prime beef & classics such as lobster tails. | Steak House | Rated 4.6/5 (1324 reviews) | Very expensive / luxury tier,Google Places API (New)
Ruth's Chris Steak House,"5433 Westheimer Rd #100, Houston, TX 77056, USA",Houston,TX,(713) 840-1433,https://www.ruthschris.com/locations/tx/houston/houston/7350?cmpid=br:rc_ag:ie_ch:loc_ca:RCGMB_sn:gmb_gt:houston-tx-7350_pl:locurl_rd:1003,,Very Expensive,4.5,,"Outpost of upmarket steakhouse chain known for sizzling, butter-topped beef in an elegant setting | Steak House | Rated 4.5/5 (2776 reviews) | Very expensive / luxury tier",Google Places API (New)
The Capital Grille,"1155 Lake Woodlands Dr, The Woodlands, TX 77380, USA",The Woodlands,TX,(832) 458-3040,https://www.thecapitalgrille.com/locations/tx/the-woodlands/the-woodlands/8075?cmpid=br:tcg_ag:ie_ch:loc_ca:TCGGMB_sn:gmb_gt:the-woodlands-tx-8075_pl:locurl_rd:1072,,Very Expensive,4.8,,"Outpost of the upscale steakhouse chain offers classic American fare & a clubby, refined setting. | Fine Dining Restaurant | Rated 4.8/5 (279 reviews) | Very expensive / luxury tier",Google Places API (New)
Gauchos Do Sul,"126 Vintage Park Blvd H, Houston, TX 77070, USA",Houston,TX,(832) 953-2398,http://gauchosdosul.com/,,Very Expensive,4.7,,Gaucho chefs serve all-you-can-eat meats at this easygoing Brazilian place with a gourmet salad bar. | Brazilian Restaurant | Rated 4.7/5 (1736 reviews) | Very expensive / luxury tier,Google Places API (New)
Fogo de Chão Brazilian Steakhouse,"700 Baybrook Mall #G100, Friendswood, TX 77546, USA",Friendswood,TX,(281) 982-1116,https://fogodechao.com/location/friendswood/,,Expensive,4.7,,Upscale Brazilian chain for all-you-can-eat meat carved tableside plus an extensive salad bar. | Brazilian Restaurant | Rated 4.7/5 (6019 reviews) | Expensive / upscale tier,Google Places API (New)
Mastro's Ocean Club,"9595 Six Pines Dr Ste 100, The Woodlands, TX 77380, USA",The Woodlands,TX,(346) 298-3958,https://www.mastrosrestaurants.com/,,Very Expensive,4.4,,Fine Dining Restaurant | Rated 4.4/5 (634 reviews) | Very expensive / luxury tier,Google Places API (New)
Lynn's Steakhouse,"955 Dairy Ashford Rd, Houston, TX 77079, USA",Houston,TX,(281) 870-0807,http://www.lynnssteakhouse.com/,info@lynnssteakhouse.com,Expensive,4.5,,"Family-owned establishment serving premium steak & seafood in an elegant, white-tablecloth setting. | Steak House | Rated 4.5/5 (494 reviews) | Expensive / upscale tier",Google Places API (New)
Willie G's Seafood,"1640 W Loop S, Houston, TX 77027, USA",Houston,TX,(713) 840-7190,https://www.williegs.com/location/willie-gs-houston/,,Expensive,4.4,,"Go-to spot with patio seating for Gulf oysters, fresh seafood, prime steaks, and signature cocktails. | Seafood Restaurant | Rated 4.4/5 (3317 reviews) | Expensive / upscale tier",Google Places API (New)
Avenida Brazil Churrascaria Steakhouse - Southwest Houston,"12350 Southwest Fwy, Stafford, TX 77477, USA",Stafford,TX,(281) 277-9292,https://www.avebrazil.com/,,Expensive,4.6,,Family-run Brazilian eatery with all-you-can-eat grilled meats carved tableside & a big salad bar. | Brazilian Restaurant | Rated 4.6/5 (2511 reviews) | Expensive / upscale tier,Google Places API (New)
Fogo de Chão Brazilian Steakhouse,"8250 Westheimer Rd, Houston, TX 77063, USA",Houston,TX,(713) 978-6500,https://fogodechao.com/location/houston/,,Expensive,4.7,,Upscale Brazilian chain for all-you-can-eat meat carved tableside plus an extensive salad bar. | Brazilian Restaurant | Rated 4.7/5 (14599 reviews) | Expensive / upscale tier,Google Places API (New)
Perry's Steakhouse & Grille,"700 Baybrook Mall, Friendswood, TX 77546, USA",Friendswood,TX,(281) 286-8800,http://www.perryssteakhouse.com/menu-locations/houston/baybrook/,Natalie@PerrysSteakhouse.com,Expensive,4.5,,"Upscale steakhouse & grill serving a menu including chops, seafood, wine & cocktails. | Steak House | Rated 4.5/5 (2686 reviews) | Expensive / upscale tier",Google Places API (New)
The Veranda Steak and Seafood,"2820 Chestnut Ridge Rd, Kingwood, TX 77339, USA",Kingwood,TX,(281) 358-2820,http://www.verandakingwood.com/,,Expensive,4.6,,High-end Texas-influenced dishes headline at this eatery with Southern decor & fixed-price brunches. | Steak House | Rated 4.6/5 (160 reviews) | Expensive / upscale tier,Google Places API (New)
Tony's,"3755 Richmond Ave, Houston, TX 77046, USA",Houston,TX,(713) 622-6778,https://www.tonyshouston.com/,info@tonyshouston.com,Very Expensive,4.5,,High-end Italian eatery serving sophisticated dishes amidst white tablecloths & impressive art. | Italian Restaurant | Rated 4.5/5 (718 reviews) | Very expensive / luxury tier,Google Places API (New)
J. Alexander's Restaurant,"1180 Uptown Park Blvd, Houston, TX 77056, USA",Houston,TX,(346) 299-5775,https://www.jalexanders.com/,,Expensive,4.3,,"Fine dining establishment whipping up typical steaks, burgers, and seafood, plus salads and snacks. | American Restaurant | Rated 4.3/5 (609 reviews) | Expensive / upscale tier",Google Places API (New)
Morton's Grille,"25 Waterway Ave, The Woodlands, TX 77380, USA",The Woodlands,TX,(832) 585-0794,https://www.mortonsgrille.com/location/mortons-grille/,,Very Expensive,4.6,,"Upscale chain for aged prime beef, seafood & other traditional steakhouse fare in a clubby space. | Restaurant | Rated 4.6/5 (1735 reviews) | Very expensive / luxury tier",Google Places API (New)
Kirby's Steakhouse,"1111 Timberloch Pl, The Woodlands, TX 77380, USA",The Woodlands,TX,(281) 362-1121,https://kirbyssteakhouse.com/,,Expensive,4.5,,"Branch of a contemporary chain offering steaks, seafood, fine wines & cocktails. | Steak House | Rated 4.5/5 (1157 reviews) | Expensive / upscale tier",Google Places API (New)
The Refuge Steakhouse & Bourbon Bar,"8540 Creekside Forest Dr #C800, Tomball, TX 77375, USA",Tomball,TX,(832) 559-8541,http://refugeinthewoodlands.com/,therefugemz@yahoo.com,Expensive,4.4,,Steak House | Rated 4.4/5 (758 reviews) | Expensive / upscale tier,Google Places API (New)
McCormick & Schmick's Seafood & Steaks,"1151 Uptown Park Blvd #01, Houston, TX 77056, USA",Houston,TX,(713) 840-7900,https://www.mccormickandschmicks.com/location/mccormick-schmicks-houston-tx-uptown-park-galleria/,,Expensive,4.4,,Upscale steak & seafood chain known for its clubby environs & happy hour. | American Restaurant | Rated 4.4/5 (1770 reviews) | Expensive / upscale tier,Google Places API (New)
Texas de Brazil - Houston,"822 Town and Country Blvd Ste 100, Houston, TX 77024, USA",Houston,TX,(713) 766-1774,https://texasdebrazil.com/locations/houston/?utm_source=gmb&utm_medium=yext&y_source=1_NDg4MzA3NDItNzE1LWxvY2F0aW9uLndlYnNpdGU%3D,,Expensive,4.3,,Upscale Brazilian eatery featuring all-you-can-eat grilled meat carved tableside & a salad bar. | Steak House | Rated 4.3/5 (2967 reviews) | Expensive / upscale tier,Google Places API (New)
Tiny Boxwoods,"3614 W Alabama St, Houston, TX 77027, USA",Houston,TX,(713) 622-4224,http://tinyboxwoods.com/,,Expensive,4.4,,"Upscale garden cafe with an open, airy vibe serving light fare & famed chocolate chip cookies. | Restaurant | Rated 4.4/5 (1931 reviews) | Expensive / upscale tier",Google Places API (New)
Kata Robata,"3600 Kirby Dr Ste h, Houston, TX 77098, USA",Houston,TX,(713) 526-8858,http://katarobata.com/,,Expensive,4.6,,"Sleek, contemporary space for innovative sushi & Japanese small plates such as Kobe beef skewers. | Japanese Restaurant | Rated 4.6/5 (3553 reviews) | Expensive / upscale tier",Google Places API (New)
Eunice,"3737 Buffalo Speedway Ste 100, Houston, TX 77098, USA",Houston,TX,(832) 491-1717,http://eunicerestaurant.com/,,Expensive,4.5,,"Seasonally inspired Cajun-Creole fare & cocktails in a polished, soaring locale with large windows. | American Restaurant | Rated 4.5/5 (1369 reviews) | Expensive / upscale tier",Google Places API (New)
Dragonfly,"2332 Leonard St, Dallas, TX 75201, USA",Dallas,TX,(214) 550-9500,https://www.hotelzaza.com/dallas/dining/dragonfly?utm_source=google&utm_medium=Local+Search&utm_campaign=Google+My+Business,info@revraise.com,Expensive,4.4,,Posh contemporary spot with a buzzy bar scene crafting New American cuisine with Asian influences. | Restaurant | Rated 4.4/5 (697 reviews) | Expensive / upscale tier,Google Places API (New)
Written by the Seasons,"380 Melba St, Dallas, TX 75208, USA",Dallas,TX,(469) 580-1185,http://www.writtenbytheseasons.com/,,Expensive,4.8,,American Restaurant | Rated 4.8/5 (1328 reviews) | Expensive / upscale tier,Google Places API (New)
Crown Block Dallas,"300 Reunion Blvd E, Dallas, TX 75207, USA",Dallas,TX,(214) 321-3149,https://crownblockdallas.com/?utm_source=google&utm_medium=organic&utm_campaign=gmb,kwestphall@westphallpr.com,Very Expensive,4.2,,Steak House | Rated 4.2/5 (2032 reviews) | Very expensive / luxury tier,Google Places API (New)
La Stella Cucina Verace,"2330 Flora St #150, Dallas, TX 75201, USA",Dallas,TX,(469) 663-7800,https://www.lastellatx.com/,management@lastellatx.com,Expensive,4.8,,Italian Restaurant | Rated 4.8/5 (2631 reviews) | Expensive / upscale tier,Google Places API (New)
Monarch Restaurant,"1401 Elm St 49th Floor, Dallas, TX 75201, USA",Dallas,TX,(214) 945-2222,http://www.monarchrestaurants.com/,,Very Expensive,4.3,,"Classy Italian haunt featuring handmade pasta, wood-fired meat dishes & premium seafood specialties. | Restaurant | Rated 4.3/5 (1905 reviews) | Very expensive / luxury tier",Google Places API (New)
The Mansion Restaurant,"2821 Turtle Creek Blvd, Dallas, TX 75219, USA",Dallas,TX,(214) 443-4747,https://www.rosewoodhotels.com/en/mansion-on-turtle-creek-dallas/dining/mansion-restaurant,mansion.restaurant@rosewoodhotels.com,Very Expensive,4.5,,New American cuisine with French flair presented in an elegant environment with an outdoor patio. | American Restaurant | Rated 4.5/5 (1102 reviews) | Very expensive / luxury tier,Google Places API (New)
Roots Southern Table,"13050 Bee St Suit 160, Farmers Branch, TX 75234, USA",Farmers Branch,TX,(214) 346-4441,http://www.rootssoutherntable.com/,reservations@rootssoutherntable.com,Expensive,4.7,,Contemporary dishes are offered in this laid-back restaurant with an accomplished chef. | Restaurant | Rated 4.7/5 (1287 reviews) | Expensive / upscale tier,Google Places API (New)
Fearing's Restaurant,"2121 McKinney Ave, Dallas, TX 75201, USA",Dallas,TX,(214) 922-4848,https://www.fearingsrestaurant.com/,s@ritzcarlton.com,Very Expensive,4.6,,Chef Dean Fearing's splashy Southwestern destination with a celebrated bar in the luxe Ritz-Carlton. | Fine Dining Restaurant | Rated 4.6/5 (1137 reviews) | Very expensive / luxury tier,Google Places API (New)
The French Room,"1321 Commerce St, Dallas, TX 75202, USA",Dallas,TX,(214) 651-3615,https://www.adolphus.com/restaurants-bars/the-french-room?utm_source=google-gbp&utm_medium=organic&utm_campaign=gbp,ktorres@adolphus.com,Very Expensive,4.4,,"Destination French fine dining amid rococo decor in the historic, luxe Hotel Adolphus. | French Restaurant | Rated 4.4/5 (598 reviews) | Very expensive / luxury tier",Google Places API (New)
STK Steakhouse,"2000 McKinney Ave, Dallas, TX 75201, USA",Dallas,TX,(972) 842-9450,https://stksteakhouse.com/en-us/location/dallas/?utm_source=google&utm_medium=organic&utm_campaign=gbp,info@togrp.com,Very Expensive,4.5,,Steak House | Rated 4.5/5 (6119 reviews) | Very expensive / luxury tier,Google Places API (New)
The Capital Grille,"500 Crescent Ct, Dallas, TX 75201, USA",Dallas,TX,(214) 303-0500,https://www.thecapitalgrille.com/locations/tx/dallas/dallas-uptown/8012?cmpid=br:tcg_ag:ie_ch:loc_ca:TCGGMB_sn:gmb_gt:dallas-tx-8012_pl:locurl_rd:1009,,Very Expensive,4.6,,"Outpost of the upscale steakhouse chain offers classic American fare & a clubby, refined setting. | Fine Dining Restaurant | Rated 4.6/5 (1695 reviews) | Very expensive / luxury tier",Google Places API (New)
Y.O. Ranch Steakhouse,"702 Ross Ave, Dallas, TX 75202, USA",Dallas,TX,(214) 744-3287,https://www.yoranchsteakhouse.com/,yoranchsteakhouse.sales@gmail.com,Expensive,4.8,,"Hill Country-inspired fine dining featuring elk, bison & more in a Western ambiance with a patio. | Steak House | Rated 4.8/5 (12566 reviews) | Expensive / upscale tier",Google Places API (New)
Town Hearth,"1617 Market Center Blvd, Dallas, TX 75207, USA",Dallas,TX,(214) 761-1617,http://www.townhearth.com/,,Very Expensive,4.6,,"Swank space with raw bar, steaks & classic cocktails from Dallas chef Nick Badovinus. | Steak House | Rated 4.6/5 (1909 reviews) | Very expensive / luxury tier",Google Places API (New)
Al Biernat's Oak Lawn,"4217 Oak Lawn Ave, Dallas, TX 75219, USA",Dallas,TX,(214) 219-2201,https://www.albiernats.com/locations/oak-lawn/?utm_source=google&utm_medium=organic&utm_campaign=gbp,FrontDesk@albiernats.com,Very Expensive,4.7,,"Longtime, upscale steak & seafood destination known for its service & vibrant bar. | Steak House | Rated 4.7/5 (2731 reviews) | Very expensive / luxury tier",Google Places API (New)
Perry's Steakhouse & Grille,"2100 Olive St Ste 100, Dallas, TX 75201, USA",Dallas,TX,(214) 855-5151,https://perryssteakhouse.com/locations/tx/dallas/park-district/,mark@perryssteakhouse.com,Expensive,4.5,,"Upscale steakhouse & grill serving a menu including chops, seafood, wine & cocktails. | Steak House | Rated 4.5/5 (4237 reviews) | Expensive / upscale tier",Google Places API (New)
rise soufflé - Dallas,"5360 W Lovers Ln #220, Dallas, TX 75209, USA",Dallas,TX,(214) 366-9900,http://www.risesouffle.com/,,Expensive,4.7,,"Sweet & savory soufflés, plus French classics, cheese & wine in a warm space with whimsical decor. | French Restaurant | Rated 4.7/5 (1856 reviews) | Expensive / upscale tier",Google Places API (New)
Dakota's Steakhouse,"600 N Akard St, Dallas, TX 75201, USA",Dallas,TX,(214) 740-4001,https://www.dakotasrestaurant.com/,,Very Expensive,4.5,,Subterranean seafood & steakhouse with a garden waterfall view & luxe New Orleans-style ambiance. | Steak House | Rated 4.5/5 (2306 reviews) | Very expensive / luxury tier,Google Places API (New)
Tango Room,"1617 Hi Line Dr Ste 250, Dallas, TX 75207, USA",Dallas,TX,(214) 252-8595,http://tangoroomdallas.com/,,Very Expensive,4.7,,Steak House | Rated 4.7/5 (255 reviews) | Very expensive / luxury tier,Google Places API (New)
Nick & Sam's,"3008 Maple Ave, Dallas, TX 75201, USA",Dallas,TX,(214) 871-7444,http://www.nick-sams.com/,INFO@NICK-SAMS.COM,Very Expensive,4.3,,"Destination for prime steak & seafood in a polished, swanky setting with a happening bar scene. | Steak House | Rated 4.3/5 (4206 reviews) | Very expensive / luxury tier",Google Places API (New)
Del Frisco's Double Eagle Steakhouse,"2323 Olive St, Dallas, TX 75201, USA",Dallas,TX,(972) 490-9000,https://www.delfriscos.com/location/del-friscos-double-eagle-steakhouse-dallas-tx/,,Very Expensive,4.4,,Opulently outfitted chain restaurant specializing in prime steaks & seafood along with fine wines. | Steak House | Rated 4.4/5 (2363 reviews) | Very expensive / luxury tier,Google Places API (New)
Table 13,"4812 Belt Line Rd, Dallas, TX 75254, USA",Dallas,TX,(972) 789-9558,https://table13addison.com/,,Expensive,4.5,,"Classy restaurant featuring fine American cuisine & cocktails, plus live piano & jazz tunes. | Fine Dining Restaurant | Rated 4.5/5 (898 reviews) | Expensive / upscale tier",Google Places API (New)
Wicked Butcher Dallas,"1717 Main St, Dallas, TX 75201, USA",Dallas,TX,(214) 444-7740,https://www.wickedbutcher.com/,,Expensive,4.3,,Restaurant | Rated 4.3/5 (339 reviews) | Expensive / upscale tier,Google Places API (New)
Al Biernat's North,"5251 Spring Valley Rd, Dallas, TX 75254, USA",Dallas,TX,(972) 239-3400,https://www.albiernats.com/?utm_source=google&utm_medium=organic&utm_campaign=gbp,FrontDesk@Albiernats.com,Very Expensive,4.7,,"Longtime, upscale steak & seafood destination known for its service & vibrant bar. | Steak House | Rated 4.7/5 (2163 reviews) | Very expensive / luxury tier",Google Places API (New)
Ocean Prime,"2101 Cedar Springs Rd #150, Dallas, TX 75201, USA",Dallas,TX,(214) 965-0440,https://www.ocean-prime.com/locations-menus/dallas,,Expensive,4.6,,"Upscale chain known for its sophisticated decor, long wine list & classic steak & seafood menu. | Seafood Restaurant | Rated 4.6/5 (2118 reviews) | Expensive / upscale tier",Google Places API (New)
Cadot Restaurant,"18111 Preston Rd Ste. 120, Dallas, TX 75252, USA",Dallas,TX,(972) 267-5700,http://www.cadotrestaurant.com/,cadotrestaurant@att.net,Expensive,4.5,,"Casually elegant restaurant dishing out a global menu, including traditional French recipes. | French Restaurant | Rated 4.5/5 (533 reviews) | Expensive / upscale tier",Google Places API (New)
Uchi Dallas,"2817 Maple Ave, Dallas, TX 75201, USA",Dallas,TX,(214) 855-5454,https://uchi.uchirestaurants.com/location/dallas/,uchiwesthollywoodmanagers@uchirestaurants.com,Very Expensive,4.7,,"Sleek destination offering a menu of modern Japanese cuisine, known for its cooked seafood & sushi. | Sushi Restaurant | Rated 4.7/5 (2784 reviews) | Very expensive / luxury tier",Google Places API (New)
The Reserve at The Highland,"5300 E Mockingbird Ln, Dallas, TX 75206, USA",Dallas,TX,(214) 443-9339,https://thereserveatthehighland.com/,,Very Expensive,4.3,,"Upscale hotel eatery offering a modern take on classic steakhouse fare, plus creative cocktails. | Steak House | Rated 4.3/5 (1290 reviews) | Very expensive / luxury tier",Google Places API (New)
Lucia,"287 N Bishop Ave, Dallas, TX 75208, USA",Dallas,TX,(214) 948-4998,https://www.luciadallas.com/,info@luciadallas.com,Expensive,4.6,,"Popular resource for creative Italian fare served in rustic, cozy quarters dating from the 1920s. | Italian Restaurant | Rated 4.6/5 (725 reviews) | Expensive / upscale tier",Google Places API (New)
Truluck's Ocean's Finest Seafood and Crab,"2401 McKinney Ave, Dallas, TX 75201, USA",Dallas,TX,(214) 220-2401,https://trulucks.com/locations/dallas-texas,dallasevents@trulucks.com,Very Expensive,4.6,,"Upscale seafood & steak chain featuring half-price happy hours, a deep wine list & swanky surrounds. | Seafood Restaurant | Rated 4.6/5 (2494 reviews) | Very expensive / luxury tier",Google Places API (New)
Lavendou Bistro Provincial,"19009 Preston Rd #200, Dallas, TX 75252, USA",Dallas,TX,(972) 248-1911,https://www.lavendou.com/,,Expensive,4.6,,French eatery provides Provençal bistro fare in a country-style space with a covered patio. | French Restaurant | Rated 4.6/5 (1131 reviews) | Expensive / upscale tier,Google Places API (New)
Georgie,"4514 Travis St Ste 132, Dallas, TX 75205, USA",Dallas,TX,(469) 466-8263,https://georgiedallas.com/,,Very Expensive,4.5,,Famous chef Curtis Stone's first non-LA restaurant combines a retail butcher shop & fine dining. | American Restaurant | Rated 4.5/5 (473 reviews) | Very expensive / luxury tier,Google Places API (New)
The Old Warsaw,"2512 Maple Ave, Dallas, TX 75201, USA",Dallas,TX,(214) 528-0032,https://www.oldwarsaw.com/,oldwarsawprivateeevents@yahoo.com,Very Expensive,4,,Piano & violin players enhance the old-world feel of this Continental-French fine-dining landmark. | French Restaurant | Rated 4/5 (884 reviews) | Very expensive / luxury tier,Google Places API (New)
Chamberlain's Steak & Fish,"5330 Belt Line Rd, Dallas, TX 75254, USA",Dallas,TX,(972) 934-2467,https://www.chamberlainssteakhouse.com/,meganm@chamberlainsrestaurant.com,Very Expensive,4.7,,"High-end restaurant housed in classic, wood-paneled steakhouse surroundings with a cigar lounge. | Steak House | Rated 4.7/5 (2472 reviews) | Very expensive / luxury tier",Google Places API (New)
Asador,"2222 N Stemmons Fwy, Dallas, TX 75207, USA",Dallas,TX,(214) 267-4815,https://www.asadorrestaurant.com/,asador_reservations@marriott.com,Expensive,4.3,,New American farm-to-table grill at the Renaissance Dallas Hotel with soft lights & walnut floors. | American Restaurant | Rated 4.3/5 (419 reviews) | Expensive / upscale tier,Google Places API (New)
Cafe Pacific,"24 Highland Park Village, Dallas, TX 75205, USA",Dallas,TX,(214) 526-1170,https://www.cafepacificdallas.com/,,Expensive,4.6,,"Well-known upscale fine-dining destination for seafood, served in plush, formal environs. | Seafood Restaurant | Rated 4.6/5 (556 reviews) | Expensive / upscale tier",Google Places API (New)
SĒR Steak + Spirits,"2201 N Stemmons Fwy Fl 27, Dallas, TX 75207, USA",Dallas,TX,(214) 761-7479,http://sersteak.com/?SEO_id=GMB--2-R-DFWANHH-2,,Very Expensive,4.3,,"Upscale steakhouse atop the Hilton Anatole for prime cuts & seafood in a chic, view-blessed space. | Restaurant | Rated 4.3/5 (798 reviews) | Very expensive / luxury tier",Google Places API (New)
Salum Restaurant,"4152 Cole Ave #103, Dallas, TX 75204, USA",Dallas,TX,(214) 252-9604,http://salumrestaurant.com/,,Expensive,4.7,,"Seasonal New American eats from chef Abraham Salum are served amid an urbane, elegant decor. | American Restaurant | Rated 4.7/5 (344 reviews) | Expensive / upscale tier",Google Places API (New)
Nobu Dallas,"400 Crescent Ct, Dallas, TX 75201, USA",Dallas,TX,(214) 252-7000,https://www.noburestaurants.com/dallas/home/?utm_source=google&utm_medium=Yext,,Very Expensive,4.3,,Celebrity chef Nobu Matsuhisa's upmarket Japanese-Peruvian fare in a stylish hotel setting. | Restaurant | Rated 4.3/5 (960 reviews) | Very expensive / luxury tier,Google Places API (New)
The Mexican,"1401 Turtle Creek Blvd, Dallas, TX 75207, USA",Dallas,TX,(214) 210-5700,https://www.themexican.com/,,Very Expensive,4.2,,"Gourmet grub in a roomy venue with a posh dining room, a cocktail bar, a terrace & a cigar lounge. | Restaurant | Rated 4.2/5 (1415 reviews) | Very expensive / luxury tier",Google Places API (New)
Rosewood Mansion on Turtle Creek,"2821 Turtle Creek Blvd, Dallas, TX 75219, USA",Dallas,TX,(214) 559-2100,https://www.rosewoodhotels.com/en/mansion-on-turtle-creek-dallas,mansion.restaurant@rosewoodhotels.com,Very Expensive,4.7,,"Refined lodging with an elegant restaurant & bar, plus an outdoor pool & free local car service. | Hotel | Rated 4.7/5 (1086 reviews) | Very expensive / luxury tier",Google Places API (New)
The Oceanaire Seafood Room,"13340 Dallas Pkwy, Dallas, TX 75240, USA",Dallas,TX,(972) 759-2277,https://www.theoceanaire.com/location/dallas-tx/,,Expensive,4.4,,"High-end chain offering seafood, steaks & a deep wine list in sophisticated but lively environs. | Fine Dining Restaurant | Rated 4.4/5 (1422 reviews) | Expensive / upscale tier",Google Places API (New)
Corrientes 348 Argentinian Steakhouse,"1807 Ross Ave, Dallas, TX 75201, USA",Dallas,TX,(214) 220-0348,http://corrientes348.com/,DALLAS@CORRIENTES348.COM,Expensive,4.6,,Casually sophisticated downtown steakhouse with large patio for family-style Argentinian favorites. | Argentinian Restaurant | Rated 4.6/5 (1649 reviews) | Expensive / upscale tier,Google Places API (New)
Pappas Bros. Steakhouse,"10477 Lombardy Ln, Dallas, TX 75220, USA",Dallas,TX,(214) 366-2000,http://pappasbros.com/,,Very Expensive,4.7,,Steak House | Rated 4.7/5 (3618 reviews) | Very expensive / luxury tier,Google Places API (New)
St. Martin's Wine Bistro,"4223 Bryan St, Dallas, TX 75204, USA",Dallas,TX,(214) 826-0940,http://www.stmartinswinebistro.com/,omid@blackmarblehospitality.com,Expensive,4.8,,Chic neighborhood mainstay for French-American cuisine paired with live piano music. | French Restaurant | Rated 4.8/5 (1032 reviews) | Expensive / upscale tier,Google Places API (New)
Bistro 31,"87 Highland Park Village Suite 200 / 1st Floor, Dallas, TX 75205, USA",Dallas,TX,(214) 420-3900,https://www.bistro31dallas.com/,,Expensive,4.5,,"Elevated European bistro fare is served in an elegant, understated setting with exposed beams. | European Restaurant | Rated 4.5/5 (1122 reviews) | Expensive / upscale tier",Google Places API (New)
Parigi Restaurant,"3311 Oak Lawn Ave, Dallas, TX 75219, USA",Dallas,TX,(214) 521-0295,http://www.parigidallas.com/,orders@parigidallas.com,Expensive,4.5,,Longtime neighborhood bistro boasts creative New American cuisine in a sophisticated atmosphere. | Restaurant | Rated 4.5/5 (463 reviews) | Expensive / upscale tier,Google Places API (New)
The Mercury,"11909 Preston Rd #1418, Dallas, TX 75230, USA",Dallas,TX,(972) 960-7774,http://www.themercurydallas.com/,,Expensive,4.6,,Buzzy destination for upscale New American plates in an urbane space behind a strip-mall exterior. | American Restaurant | Rated 4.6/5 (611 reviews) | Expensive / upscale tier,Google Places API (New)
Eataly Dallas,"8687 N Central Expy #2172, Dallas, TX 75225, USA",Dallas,TX,(469) 759-2800,https://www.eataly.com/us_en/stores/dallas,eda.guestrelations@eataly.com,Expensive,4.5,,Italian Restaurant | Rated 4.5/5 (4674 reviews) | Expensive / upscale tier,Google Places API (New)
Texas,"3609 Shire Blvd, Richardson, TX 75082, USA",Richardson,TX,(972) 664-9975,http://texas1846.com/,info@thesonoftexas.com,Expensive,4.7,,"Swanky destination for American chophouse fare in a state-themed, bi-level space with TVs. | Steak House | Rated 4.7/5 (2849 reviews) | Expensive / upscale tier",Google Places API (New)
Bugatti Ristorante,"1940 Lyndon B Johnson Fwy, Farmers Branch, TX 75234, USA",Farmers Branch,TX,(214) 350-2470,https://bugattis.com/,zeebugatti@aol.com,Expensive,4.7,,Landmark Italian eatery offering old-world fare in a villalike setting with a patio & lake view. | Restaurant | Rated 4.7/5 (784 reviews) | Expensive / upscale tier,Google Places API (New)
1845 Taste Texas,"2401 Lakeside Pkwy, Flower Mound, TX 75022, USA",Flower Mound,TX,(214) 285-0069,https://www.1845tex.com/,gm@1845tex.com,Expensive,4.7,,"A contemporary American grill menu, plus cocktails & live music, in swanky surrounds. | Steak House | Rated 4.7/5 (1626 reviews) | Expensive / upscale tier",Google Places API (New)
LOCAL restaurant,"2936 Elm St # A, Dallas, TX 75226, USA",Dallas,TX,(214) 752-7500,http://www.localdallas.com/,info@localdallas.com,Expensive,4.3,,"Stylish eatery furnishes seasonal New American plates in a spiffy, retro-chic setting. | American Restaurant | Rated 4.3/5 (243 reviews) | Expensive / upscale tier",Google Places API (New)
Andreas Prime Steaks & Seafood,"610 W Bethany Dr, Allen, TX 75013, USA",Allen,TX,(469) 675-0245,https://www.andreassteakhouse.com/,andreas@andreassteakhouse.com,Very Expensive,4.6,,Fine Dining Restaurant | Rated 4.6/5 (338 reviews) | Very expensive / luxury tier,Google Places API (New)
Saint Ann Restaurant & Bar,"2501 N Harwood St Suite 225, Dallas, TX 75201, USA",Dallas,TX,(214) 782-9807,https://www.saintanndallas.com/,,Expensive,4.3,,Upscale spot offers an American menu in a spacious modern setting featuring a garden patio. | American Restaurant | Rated 4.3/5 (1316 reviews) | Expensive / upscale tier,Google Places API (New)
Eddie V's Prime Seafood,"5300 State Hwy 121, Plano, TX 75024, USA",Plano,TX,(469) 268-3758,https://www.eddiev.com/locations/tx/plano/plano/8531?cmpid=br:ev_ag:ie_ch:loc_ca:EVGMB_sn:gmb_gt:plano-tx-8531_pl:locurl_rd:1029,,Very Expensive,4.7,,"Elegant fine-dining chain with a seafood & steak menu, plus a cocktail lounge featuring live jazz | Seafood Restaurant | Rated 4.7/5 (1248 reviews) | Very expensive / luxury tier",Google Places API (New)
Tycoon,"811 International Pkwy #410, Flower Mound, TX 75022, USA",Flower Mound,TX,(972) 537-5720,https://tycoonflowermound.com/,dine@tycoonflowermound.com,Expensive,4.6,,American Restaurant | Rated 4.6/5 (503 reviews) | Expensive / upscale tier,Google Places API (New)
The Glen Restaurant,"6655 Winning Dr Ste 600, Frisco, TX 75034, USA",Frisco,TX,(469) 731-0010,https://www.theglenrestaurant.com/,,Very Expensive,4,,Fine Dining Restaurant | Rated 4/5 (478 reviews) | Very expensive / luxury tier,Google Places API (New)
Silver Fox,"3650 Shire Blvd, Richardson, TX 75082, USA",Richardson,TX,(972) 423-8121,http://www.silverfoxcafe.com/,,Very Expensive,4.6,,High-end white-tablecloth operation serving select cuts of beef & other traditional steakhouse fare. | Steak House | Rated 4.6/5 (970 reviews) | Very expensive / luxury tier,Google Places API (New)
Medieval Times Dinner & Tournament,"2021 N Stemmons Fwy, Dallas, TX 75207, USA",Dallas,TX,(888) 935-6878,https://www.medievaltimes.com/,corp@medievaltimes.com,Expensive,4.7,,"Jousting, horsemanship & falconry plus a 4-course, utensil-free meal served in a castle-like space. | Performing Arts Theater | Rated 4.7/5 (15792 reviews) | Expensive / upscale tier",Google Places API (New)
Javier's Gourmet Mexicano,"4912 Cole Ave, Dallas, TX 75205, USA",Dallas,TX,(214) 521-4211,https://javiers.net/,,Expensive,4.5,,Bustling longtime upscale restaurant featuring Mexico City-style cuisine & a swanky cigar bar. | Mexican Restaurant | Rated 4.5/5 (2003 reviews) | Expensive / upscale tier,Google Places API (New)
Bob's Steak & Chop House,"555 S Lamar St, Dallas, TX 75202, USA",Dallas,TX,(214) 652-4800,https://bobs-steakandchop.com/dallas-lamar/?utm_source=gmblisting&utm_medium=organic,lindsey.radde@bobs-steakandchop.com,Very Expensive,4.5,,"Texas-born chain serving big slabs of beef, seafood & a large wine list in a classy atmosphere. | Steak House | Rated 4.5/5 (725 reviews) | Very expensive / luxury tier",Google Places API (New)
Ruth's Chris Steak House,"17840 Dallas Pkwy, Dallas, TX 75287, USA",Dallas,TX,(972) 250-2244,https://www.ruthschris.com/locations/tx/dallas/dallas/7312?cmpid=br:rc_ag:ie_ch:loc_ca:RCGMB_sn:gmb_gt:dallas-tx-7312_pl:locurl_rd:1027,,Very Expensive,4.6,,"Outpost of upmarket steakhouse chain known for sizzling, butter-topped beef in an elegant setting | Steak House | Rated 4.6/5 (3117 reviews) | Very expensive / luxury tier",Google Places API (New)
Bob's Steak & Chop House,"4300 Lemmon Ave, Dallas, TX 75219, USA",Dallas,TX,(214) 528-9446,https://bobs-steakandchop.com/dallas-lemmon/?utm_source=gmblisting&utm_medium=organic,bob.sambol@bobs-steakandchop.com,Very Expensive,4.6,,"Texas-born chain serving big slabs of beef, seafood & a large wine list in a classy atmosphere. | Steak House | Rated 4.6/5 (1353 reviews) | Very expensive / luxury tier",Google Places API (New)
Steve Fields Steakhouse,"4900 W Park Blvd, Plano, TX 75093, USA",Plano,TX,(972) 596-7100,https://www.stevefields.com/,sfields@stevefields.com,Expensive,4.5,,Esteemed steakhouse offering prime cuts & fine seafood in an elegant setting with a chic lounge. | Steak House | Rated 4.5/5 (824 reviews) | Expensive / upscale tier,Google Places API (New)
Old Hickory Steakhouse,"1501 Gaylord Trail, Grapevine, TX 76051, USA",Grapevine,TX,(817) 778-2281,https://www.marriott.com/en-us/hotels/dalgt-gaylord-texan-resort-and-convention-center/dining/,,Expensive,4.6,,"Upmarket steakhouse in a resort hotel furnishes premium meats, fancy sides & fine wines. | Steak House | Rated 4.6/5 (715 reviews) | Expensive / upscale tier",Google Places API (New)
12 Cuts Brazilian Steakhouse,"18010 Dallas Pkwy, Dallas, TX 75287, USA",Dallas,TX,(469) 779-7012,https://12cutssteakhouse.com/,groupevents@12cutssteakhouse.com,Expensive,4.7,,Elegant dining room for traditional Brazilian steakhouse fare fused with Argentinian flavors. | Brazilian Restaurant | Rated 4.7/5 (2121 reviews) | Expensive / upscale tier,Google Places API (New)
Fogo de Chão Brazilian Steakhouse,"2619 McKinney Ave #150, Dallas, TX 75204, USA",Dallas,TX,(214) 720-2777,https://fogodechao.com/location/uptown/,,Expensive,4.7,,Upscale Brazilian chain for all-you-can-eat meat carved tableside plus an extensive salad bar. | Brazilian Restaurant | Rated 4.7/5 (6952 reviews) | Expensive / upscale tier,Google Places API (New)
Fleming’s Prime Steakhouse & Wine Bar,"7250 Dallas Pkwy Suite 110, Plano, TX 75024, USA",Plano,TX,(972) 543-2141,https://www.flemingssteakhouse.com/Locations/TX/Plano?y_source=1_MTU1MDMxOTItNzE1LWxvY2F0aW9uLndlYnNpdGU%3D,,Very Expensive,4.6,,High-end steakhouse chain with aged prime beef & classics such as lobster tails. | Steak House | Rated 4.6/5 (2039 reviews) | Very expensive / luxury tier,Google Places API (New)
Dee Lincoln Prime,"6670 Winning Dr #400, Frisco, TX 75034, USA",Frisco,TX,(214) 387-3333,http://www.deelincolnprime.com/,,Very Expensive,4.5,,"Prime beef, a 6-seat sushi bar & a well-rounded tequila selection make for a very modern steakhouse. | Steak House | Rated 4.5/5 (1502 reviews) | Very expensive / luxury tier",Google Places API (New)
Texas de Brazil - Dallas,"2727 Cedar Springs Rd, Dallas, TX 75201, USA",Dallas,TX,(214) 740-4911,https://texasdebrazil.com/locations/dallas/?utm_source=gmb&utm_medium=yext&y_source=1_NDg4MzA3MjQtNzE1LWxvY2F0aW9uLndlYnNpdGU%3D,,Expensive,4.5,,Upscale Brazilian eatery featuring all-you-can-eat grilled meat carved tableside & a salad bar. | Steak House | Rated 4.5/5 (3257 reviews) | Expensive / upscale tier,Google Places API (New)
Hillstone,"8300 Preston Rd, Dallas, TX 75225, USA",Dallas,TX,(214) 691-8991,https://www.hillstone.com/locations/,,Expensive,4.2,,"Upscale chain eatery serving burgers, steaks & other American fare in stylish, spacious surrounds. | American Restaurant | Rated 4.2/5 (2086 reviews) | Expensive / upscale tier",Google Places API (New)
The Library,"3015 Oak Lawn Ave, Dallas, TX 75219, USA",Dallas,TX,(214) 521-5151,https://www.librarybardallas.com/,sales.dallas@warwickhotels.com,Expensive,4.6,,"Opulent, hotel-based lounge & piano bar serving classic cocktails & a creative American menu. | Bar | Rated 4.6/5 (526 reviews) | Expensive / upscale tier",Google Places API (New)
Saint Rocco's New York Italian,"3011 Gulden Ln #100, Dallas, TX 75212, USA",Dallas,TX,(469) 320-9707,https://www.saintroccosdallas.com/,,Expensive,4.3,,"Upscale, NYC-style Italian fare in a fashionable space with a modern rooftop lounge. | Italian Restaurant | Rated 4.3/5 (1711 reviews) | Expensive / upscale tier",Google Places API (New)
Hestia,"607 W 3rd St #105, Austin, TX 78701, USA",Austin,TX,(512) 333-0737,http://hestiaaustin.com/,,Very Expensive,4.5,,"Industrial-style restaurant offering creative wood-fired dishes, plus tasting menus & wine pairings. | Fine Dining Restaurant | Rated 4.5/5 (1014 reviews) | Very expensive / luxury tier",Google Places API (New)
Nido,"Rooftop, 1211 W Riverside Dr, Austin, TX 78704, USA",Austin,TX,(512) 580-1183,https://www.thelorenhotels.com/cuisine/restaurant#nido,,Expensive,4.5,,Restaurant | Rated 4.5/5 (1543 reviews) | Expensive / upscale tier,Google Places API (New)
Jeffrey's,"1204 W Lynn St, Austin, TX 78703, USA",Austin,TX,(512) 477-5584,http://jeffreysofaustin.com/,marketing@mmlhospitality.com,Very Expensive,4.7,,Posh fine-dining icon featuring upscale New American cuisine in a tony setting plus an active bar. | Steak House | Rated 4.7/5 (1187 reviews) | Very expensive / luxury tier,Google Places API (New)
Barley Swine,"6555 Burnet Rd #400, Austin, TX 78757, USA",Austin,TX,(512) 394-8150,http://www.barleyswine.com/,info@barleyswine.com,Expensive,4.7,,Foodie hot spot serving a fixed-price menu with seasonal American small plates & a deep beer list. | American Restaurant | Rated 4.7/5 (1430 reviews) | Expensive / upscale tier,Google Places API (New)
Aba Austin,"1011 S Congress Ave Bldg 2 Suite 180, Austin, TX 78704, USA",Austin,TX,(737) 273-0199,https://www.abarestaurants.com/austin/,AbaAustinCS@lettuce.com,Expensive,4.7,,"Hip spot serving seafood and Mediterranean classics such as kebabs, hummus, and falafel, plus cocktails. | Mediterranean Restaurant | Rated 4.7/5 (8104 reviews) | Expensive / upscale tier",Google Places API (New)
Geraldine's,"605 Davis St, Austin, TX 78701, USA",Austin,TX,(512) 476-4755,https://www.geraldinesaustin.com/,info@geraldinesaustin.com,Expensive,4.6,,American restaurant and bar for Texas-style menu with well-curated cocktails and live music acts. | Restaurant | Rated 4.6/5 (2217 reviews) | Expensive / upscale tier,Google Places API (New)
Red Ash,"Colorado Tower, 303 Colorado St #200, Austin, TX 78701, USA",Austin,TX,(512) 379-2906,http://redashgrill.com/,,Expensive,4.7,,"Craft Italian fare, from wood-fired specialties to housemade pasta, plus wine in rustic-modern digs. | Italian Restaurant | Rated 4.7/5 (2459 reviews) | Expensive / upscale tier",Google Places API (New)
Eberly,"615 S Lamar Blvd, Austin, TX 78704, USA",Austin,TX,(512) 916-9000,http://eberlyaustin.com/,info@eberlyaustin.com,Expensive,4.5,,"Vast setting for chic American dining & lounging areas, plus a study, rooftop bar & Cedar Tavern. | American Restaurant | Rated 4.5/5 (1677 reviews) | Expensive / upscale tier",Google Places API (New)
The Capital Grille,"117 W 4th St, Austin, TX 78701, USA",Austin,TX,(512) 322-2005,https://www.thecapitalgrille.com/locations/tx/austin/austin/8053?cmpid=br:tcg_ag:ie_ch:loc_ca:TCGGMB_sn:gmb_gt:austin-tx-8053_pl:locurl_rd:1048,,Very Expensive,4.6,,"Outpost of the upscale steakhouse chain offers classic American fare & a clubby, refined setting. | Fine Dining Restaurant | Rated 4.6/5 (1424 reviews) | Very expensive / luxury tier",Google Places API (New)
Justine's,"4710 E 5th St., Austin, TX 78702, USA",Austin,TX,(512) 385-2900,https://www.justines1937.com/,info@justines1937.com,Expensive,4.4,,Steaks & snails plus wine & cocktails in a little bungalow with a light-strung patio. | French Restaurant | Rated 4.4/5 (1906 reviews) | Expensive / upscale tier,Google Places API (New)
Olamaie,"1610 San Antonio St, Austin, TX 78701, USA",Austin,TX,(512) 474-2796,http://olamaieaustin.com/,,Expensive,4.5,,Southern fare is elevated with farm-fresh ingredients & modern plating in elegant refurbished home. | American Restaurant | Rated 4.5/5 (947 reviews) | Expensive / upscale tier,Google Places API (New)
Steiner Ranch Steakhouse,"5424 Steiner Ranch Blvd, Austin, TX 78732, USA",Austin,TX,(512) 381-0800,https://www.steinersteakhouse.com/,,Expensive,4.6,,"Sophisticated steakhouse serving prime steaks & wines, with views over Lake Travis. | Steak House | Rated 4.6/5 (5652 reviews) | Expensive / upscale tier",Google Places API (New)
Lonesome Dove Austin,"123 W 6th St, Austin, TX 78701, USA",Austin,TX,(512) 368-2821,http://www.lonesomedoveaustin.com/,brittany-baerwald@cheftimlove.com,Expensive,4.5,,"Inventive, gamey fare such as rabbit-rattlesnake sausage in a space decked in taxidermied animals. | Restaurant | Rated 4.5/5 (808 reviews) | Expensive / upscale tier",Google Places API (New)
Emmer & Rye,"SkyHouse, 51 Rainey St Unit 110, Austin, TX 78701, USA",Austin,TX,(512) 366-5530,http://www.emmerandrye.com/,,Expensive,4.4,,"Warehouse-chic restaurant offering innovative farm-to-table fare, plus cocktails & wine. | Restaurant | Rated 4.4/5 (1844 reviews) | Expensive / upscale tier",Google Places API (New)
Odd Duck,"1201 S Lamar Blvd, Austin, TX 78704, USA",Austin,TX,(512) 433-6521,http://oddduckaustin.com/,foh@oddduckaustin.com,Expensive,4.7,,Upscale eatery doling out locally sourced New American chow & drinks in a contemporary setting. | American Restaurant | Rated 4.7/5 (3756 reviews) | Expensive / upscale tier,Google Places API (New)
Roaring Fork,"10850 Stonelake Blvd, Austin, TX 78759, USA",Austin,TX,(512) 342-2700,http://roaringfork.com/,marketing@guyandlarryrestaurants.com,Expensive,4.5,,Stylish restaurant with an Old West vibe serving flame-grilled American fare & cocktails. | American Restaurant | Rated 4.5/5 (3749 reviews) | Expensive / upscale tier,Google Places API (New)
LENOIR,"1807 S 1st St, Austin, TX 78704, USA",Austin,TX,(512) 215-9778,http://www.lenoirrestaurant.com/,lenoir.restaurant@gmail.com,Expensive,4.6,,"Romantic, vintage-chic outpost featuring creative cuisine with Mediterranean & Indian accents. | American Restaurant | Rated 4.6/5 (881 reviews) | Expensive / upscale tier",Google Places API (New)
Fixe Southern House,"500 W 5th St, Austin, TX 78701, USA",Austin,TX,(512) 888-9133,http://fixesouthernhouse.com/,keith@austinfixe.com,Expensive,4.6,,"Upscale Southern eatery for grits, biscuits & creative seafood & steak options in chic dining rooms. | American Restaurant | Rated 4.6/5 (2097 reviews) | Expensive / upscale tier",Google Places API (New)
Eddie V's Prime Seafood,"301 E 5th St., Austin, TX 78701, USA",Austin,TX,(512) 472-1860,https://www.eddiev.com/locations/tx/austin/austin-5th-street/8501?cmpid=br:ev_ag:ie_ch:loc_ca:EVGMB_sn:gmb_gt:austin-tx-8501_pl:locurl_rd:1001,,Very Expensive,4.7,,"Elegant fine-dining chain with a seafood & steak menu, plus a cocktail lounge featuring live jazz | Seafood Restaurant | Rated 4.7/5 (2643 reviews) | Very expensive / luxury tier",Google Places API (New)
Juniper,"2400 E Cesar Chavez St Unit 304, Austin, TX 78702, USA",Austin,TX,(512) 220-9421,https://www.juniperaustin.com/,info@juniperaustin.com,Expensive,4.4,,Italian Restaurant | Rated 4.4/5 (1196 reviews) | Expensive / upscale tier,Google Places API (New)
Truluck's Ocean's Finest Seafood and Crab,"300 Colorado St, Austin, TX 78701, USA",Austin,TX,(512) 482-9000,https://trulucks.com/locations/downtown-austin-texas,austinevents@trulucks.com,Very Expensive,4.7,,"Upscale seafood & steak chain featuring half-price happy hours, a deep wine list & swanky surrounds. | Seafood Restaurant | Rated 4.7/5 (1985 reviews) | Very expensive / luxury tier",Google Places API (New)
Perry's Steakhouse & Grille - Downtown Austin,"114 W 7th St, Austin, TX 78701, USA",Austin,TX,(512) 474-6300,http://www.perryssteakhouse.com/menu-locations/austin/downtown/,Kim.Silvert@PerrysSteakhouse.com,Expensive,4.6,,"Upscale steakhouse & grill serving a menu including chops, seafood, wine & cocktails. | Steak House | Rated 4.6/5 (4558 reviews) | Expensive / upscale tier",Google Places API (New)
The Peacock,"Proper Hotel, 600 W 2nd St, Austin, TX 78701, USA",Austin,TX,(512) 628-1410,https://www.properhotel.com/austin/restaurants-bars/the-peacock/,sales@properhotel.com,Expensive,4.4,,Relaxed Eastern Mediterranean eatery in the Austin Proper Hotel serving mezze and wood-grilled dishes. | Mediterranean Restaurant | Rated 4.4/5 (1271 reviews) | Expensive / upscale tier,Google Places API (New)
Perla's,"1400 S Congress Ave, Austin, TX 78704, USA",Austin,TX,(512) 291-7300,http://perlasaustin.com/,,Expensive,4.5,,"Fish, oysters & surf 'n' turf are dished at this laid-back spot with an open kitchen & shaded patio. | Seafood Restaurant | Rated 4.5/5 (2974 reviews) | Expensive / upscale tier",Google Places API (New)
Siena Restaurant,"6203 N Capital of Texas Hwy, Austin, TX 78731, USA",Austin,TX,(512) 349-7667,https://www.sienaaustin.com/,events@sienarestaurant.com,Expensive,4.5,,"Romantic destination for wine & upscale, seasonal Tuscan plates like wild boar bruschetta. | Italian Restaurant | Rated 4.5/5 (996 reviews) | Expensive / upscale tier",Google Places API (New)
Péché,"208 W 4th St, Austin, TX 78701, USA",Austin,TX,(512) 379-8249,http://www.pecheaustin.com/,robpate@mac.com,Expensive,4.5,,French comfort foods & craft cocktails (many with absinthe) delivered in a New Orleans-esque space. | French Restaurant | Rated 4.5/5 (2196 reviews) | Expensive / upscale tier,Google Places API (New)
Josephine House,"1601 Waterston Ave, Austin, TX 78703, USA",Austin,TX,(512) 503-8033,http://josephineofaustin.com/,,Expensive,4.4,,Stylish yet casual spin-off of neighboring Jeffrey's offering seasonal New American dining. | Restaurant | Rated 4.4/5 (1055 reviews) | Expensive / upscale tier,Google Places API (New)
Roaring Fork,"701 Congress Ave, Austin, TX 78701, USA",Austin,TX,(512) 583-0000,http://www.roaringfork.com/,marketing@guyandlarryrestaurants.com,Expensive,4.4,,Stylish restaurant with an Old West vibe serving flame-grilled American fare & cocktails. | American Restaurant | Rated 4.4/5 (2176 reviews) | Expensive / upscale tier,Google Places API (New)
Uchi Austin,"801 S Lamar Blvd, Austin, TX 78704, USA",Austin,TX,(512) 916-4808,https://uchi.uchirestaurants.com/location/austin/,uchiwesthollywoodmanagers@uchirestaurants.com,Very Expensive,4.6,,"Sushi plus creative hot & cold dishes from chef Tyson Cole in a stylish, sophisticated setting. | Sushi Restaurant | Rated 4.6/5 (3489 reviews) | Very expensive / luxury tier",Google Places API (New)
ATX Cocina,"110 San Antonio St #170, Austin, TX 78701, USA",Austin,TX,(512) 263-2322,http://www.atxcocina.com/,,Expensive,4.6,,Modern Mexican fare including seafood & mezcal & tequila cocktails anchor this upscale eatery. | Mexican Restaurant | Rated 4.6/5 (1966 reviews) | Expensive / upscale tier,Google Places API (New)
Eddie V's Prime Seafood,"9400 B Arboretum Blvd, Austin, TX 78759, USA",Austin,TX,(512) 342-2642,https://www.eddiev.com/locations/tx/austin/austin-arboretum/8502?cmpid=br:ev_ag:ie_ch:loc_ca:EVGMB_sn:gmb_gt:austin-tx-8502_pl:locurl_rd:1002,,Very Expensive,4.7,,"Elegant fine-dining chain with a seafood & steak menu, plus a cocktail lounge featuring live jazz | Seafood Restaurant | Rated 4.7/5 (1821 reviews) | Very expensive / luxury tier",Google Places API (New)
Este,"2113 Manor Rd, Austin, TX 78722, USA",Austin,TX,(512) 522-4047,http://esteatx.com/,,Expensive,4.6,,Seafood Restaurant | Rated 4.6/5 (1157 reviews) | Expensive / upscale tier,Google Places API (New)
Fonda San Miguel,"2330 W N Loop Blvd, Austin, TX 78756, USA",Austin,TX,(512) 459-4121,http://www.fondasanmiguel.com/,press@fondasanmiguel.com,Expensive,4.6,,"Sophisticated takes on traditional Mexican cuisine served in a colorful, hacienda-style space. | Mexican Restaurant | Rated 4.6/5 (3708 reviews) | Expensive / upscale tier",Google Places API (New)
Wink Restaurant & Wine Bar,"1014 N Lamar Blvd E, Austin, TX 78703, USA",Austin,TX,(512) 482-8868,https://www.winkrestaurant.com/,wink@winkrestaurant.com,Expensive,4.5,,Beloved Austin restaurant delivering locally driven cuisine and a chef's tasting menu. | American Restaurant | Rated 4.5/5 (573 reviews) | Expensive / upscale tier,Google Places API (New)
Dai Due,"2406 Manor Rd, Austin, TX 78722, USA",Austin,TX,(512) 524-0688,http://www.daidue.com/,,Expensive,4.6,,Farm-to-table fare from locally sourced ingredients served in a rustic space with a butcher shop. | American Restaurant | Rated 4.6/5 (1450 reviews) | Expensive / upscale tier,Google Places API (New)
III Forks,"111 Lavaca St, Austin, TX 78701, USA",Austin,TX,(512) 474-1776,https://www.3forks.com/austin/,,Very Expensive,4.6,,"Luxe, clubby chophouse & seafood chain with a broad wine list & many private rooms. | Steak House | Rated 4.6/5 (1503 reviews) | Very expensive / luxury tier",Google Places API (New)
Fleming’s Prime Steakhouse & Wine Bar,"11600 Century Oaks Terrace Ste 140, Austin, TX 78758, USA",Austin,TX,(512) 835-9463,https://www.flemingssteakhouse.com/Locations/TX/Austin-The-Domain?y_source=1_MTU1MDMxNDQtNzE1LWxvY2F0aW9uLndlYnNpdGU%3D,,Very Expensive,4.6,,High-end steakhouse chain with aged prime beef & classics such as lobster tails. | Steak House | Rated 4.6/5 (1668 reviews) | Very expensive / luxury tier,Google Places API (New)
Perry’s Steakhouse & Grille,"11801 Domain Blvd, Austin, TX 78758, USA",Austin,TX,(512) 270-6880,https://perryssteakhouse.com/locations/tx/austin/domain-northside/,Tara@perryssteakhouse.com,Expensive,4.5,,"Upscale steakhouse & grill serving a menu including chops, seafood, wine & cocktails. | Steak House | Rated 4.5/5 (2994 reviews) | Expensive / upscale tier",Google Places API (New)
Foreign & Domestic,"306 E 53rd St, Austin, TX 78751, USA",Austin,TX,(512) 865-6477,http://fndaustin.com/,,Expensive,4.5,,"Seasonal American-European fare plus wine & craft beer in a funky, bustling setting. | American Restaurant | Rated 4.5/5 (1177 reviews) | Expensive / upscale tier",Google Places API (New)
CARVE American Grille - Central Austin,"2613 Perseverance Dr, Austin, TX 78731, USA",Austin,TX,(512) 637-4170,https://carveamericangrille.com/locations/central-austin/,,Expensive,4.5,,American Restaurant | Rated 4.5/5 (702 reviews) | Expensive / upscale tier,Google Places API (New)
Trattoria Lisina,"13308 Ranch to Market Rd 150, Driftwood, TX 78619, USA",Driftwood,TX,(512) 894-3111,http://trattorialisina.com/,,Expensive,4.7,,Winery dining venue with wood-fired pizzas & other Italian offerings in a casually elegant setting. | Italian Restaurant | Rated 4.7/5 (2760 reviews) | Expensive / upscale tier,Google Places API (New)
La Condesa,"400A W 2nd St, Austin, TX 78701, USA",Austin,TX,(512) 499-0300,https://lacondesa.com/,,Expensive,4.3,,"Contemporary Mexican dishes, a vast tequila selection & happy-hour deals in a sophisticated setting. | Mexican Restaurant | Rated 4.3/5 (2138 reviews) | Expensive / upscale tier",Google Places API (New)
Estância Brazilian Steakhouse,"10000 Research Blvd Suite B, Austin, TX 78759, USA",Austin,TX,(512) 345-5600,https://estancia.com/austin/,events.austin@estancia.com,Expensive,4.8,,"Fixed-priced menus for abundant meat, side dishes & salad bar, plus a large wine selection. | Steak House | Rated 4.8/5 (12594 reviews) | Expensive / upscale tier",Google Places API (New)
Bulevar Mexican Kitchen,"9400 Arboretum Blvd, Austin, TX 78759, USA",Austin,TX,(512) 377-9877,https://www.bulevaratx.com/,,Expensive,4.5,,Mexican Restaurant | Rated 4.5/5 (1055 reviews) | Expensive / upscale tier,Google Places API (New)
Casa do Brasil,"10515 N Mopac Expy NB, Austin, TX 78759, USA",Austin,TX,(512) 351-8086,https://casadobrasil.com/austin,marketing@casadobrasil.com,Expensive,4.9,,Steak House | Rated 4.9/5 (6048 reviews) | Expensive / upscale tier,Google Places API (New)
The Roosevelt Room,"307 W 5th St, Austin, TX 78701, USA",Austin,TX,(512) 494-4094,http://www.therooseveltroomatx.com/,RooseveltRoomATX@gmail.com,Expensive,4.6,,"Inventive craft cocktails are served in an airy, industrial-chic space with a cozy upstairs lounge. | Cocktail Bar | Rated 4.6/5 (2293 reviews) | Expensive / upscale tier",Google Places API (New)
Taverna,"258 W 2nd St, Austin, TX 78701, USA",Austin,TX,(512) 477-1001,https://www.tavernabylombardi.com/,,Expensive,4.3,,"Casual Italian chainlet featuring pizzas, risottos & sidewalk seating. | Italian Restaurant | Rated 4.3/5 (1808 reviews) | Expensive / upscale tier",Google Places API (New)
Truluck's Ocean's Finest Seafood and Crab,"10225 Research Blvd Ste 4000, Austin, TX 78759, USA",Austin,TX,(512) 794-8300,https://trulucks.com/locations/arboretum-austin-texas,arboretumevents@trulucks.com,Very Expensive,4.7,,"Upscale seafood & steak chain featuring half-price happy hours, a deep wine list & swanky surrounds. | Seafood Restaurant | Rated 4.7/5 (1499 reviews) | Very expensive / luxury tier",Google Places API (New)
ALC Steaks,"1205 N Lamar Blvd, Austin, TX 78703, USA",Austin,TX,(512) 472-1813,https://alcsteaks.com/,,Expensive,4.4,,"Hand-cut aged beef & chops plus sides, desserts & cocktails served in a dark, old-fashioned setting. | Steak House | Rated 4.4/5 (1192 reviews) | Expensive / upscale tier",Google Places API (New)
Sammie's,"807 W 6th St, Austin, TX 78703, USA",Austin,TX,(512) 474-2054,http://sammiesitalian.com/,,Very Expensive,4.3,,Italian Restaurant | Rated 4.3/5 (715 reviews) | Very expensive / luxury tier,Google Places API (New)
Uchiko Austin,"4200 N Lamar Blvd, Austin, TX 78756, USA",Austin,TX,(512) 916-4808,https://uchiko.uchirestaurants.com/location/austin/,,Very Expensive,4.7,,Offshoot of the famed Uchi restaurant with upscale sushi & small plates in a farmhouse-chic space. | Sushi Restaurant | Rated 4.7/5 (3458 reviews) | Very expensive / luxury tier,Google Places API (New)
Mattie's,"811 W Live Oak St, Austin, TX 78704, USA",Austin,TX,(512) 444-1888,http://mattiesaustin.com/,,Expensive,4.6,,"Brunch & special-occasion dining in a 19th-century home with antique-chic lounge, bar & patio areas. | American Restaurant | Rated 4.6/5 (1063 reviews) | Expensive / upscale tier",Google Places API (New)
Suerte,"1800 E 6th St, Austin, TX 78702, USA",Austin,TX,(512) 522-3031,https://www.suerteatx.com/,hola@suerteatx.com,Expensive,4.6,,"Contemporary spot serving interior Mexican specialties and snacks, beer, wine, and craft cocktails. | Mexican Restaurant | Rated 4.6/5 (3130 reviews) | Expensive / upscale tier",Google Places API (New)
Soto,"1100 S Lamar Blvd Ste 2115, Austin, TX 78704, USA",Austin,TX,(512) 531-9142,https://sotosouthlamar.com/?y_source=1_MTYxMDkxMDQtNzE1LWxvY2F0aW9uLndlYnNpdGU=,manager@sotorestaurant.com,Expensive,4.7,,"Upscale Japanese restaurant that serves sushi, cocktails & more amid a sleek, grey & black space. | Japanese Restaurant | Rated 4.7/5 (3697 reviews) | Expensive / upscale tier",Google Places API (New)
Bob's Steak & Chop House - Downtown Austin,"301 Lavaca St, Austin, TX 78701, USA",Austin,TX,(512) 222-2627,http://www.bobs-steakandchop.com/austin/?utm_source=google-gmb-maps&utm_medium=gmb-website-button&utm_campaign=locl.io&utm_content=23831095-d4c9-4ec1-8a78-1ca5ca8dd5cb,,Very Expensive,4.5,,"Texas-born chain serving big slabs of beef, seafood & a large wine list in a classy atmosphere. | Steak House | Rated 4.5/5 (1216 reviews) | Very expensive / luxury tier",Google Places API (New)
Paul Martin's American Grill,"3120 Palm Way Suite 130, Austin, TX 78758, USA",Austin,TX,(512) 953-8800,https://paulmartinsamericangrill.com/locations/austin-restaurant/,,Expensive,4.3,,"Stylish, eco-minded local chain serving seasonal American fare, craft beers & artisanal cocktails. | Restaurant | Rated 4.3/5 (1687 reviews) | Expensive / upscale tier",Google Places API (New)
Nori,"3208 Guadalupe St B, Austin, TX 78705, USA",Austin,TX,(512) 520-5775,http://www.noriaustin.com/,,Expensive,4.8,,Vegan Restaurant | Rated 4.8/5 (1311 reviews) | Expensive / upscale tier,Google Places API (New)
Fogo de Chão Brazilian Steakhouse,"200 Congress Ave, Austin, TX 78701, USA",Austin,TX,(512) 472-0220,https://fogodechao.com/location/austin/,,Expensive,4.7,,Upscale Brazilian chain for all-you-can-eat meat carved tableside plus an extensive salad bar. | Brazilian Restaurant | Rated 4.7/5 (9834 reviews) | Expensive / upscale tier,Google Places API (New)
Salt Traders Coastal Cooking,"1101 S MoPac Expy, Austin, TX 78746, USA",Austin,TX,(737) 484-0095,http://www.salttraderscc.com/,,Expensive,4.6,,Seafood Restaurant | Rated 4.6/5 (1855 reviews) | Expensive / upscale tier,Google Places API (New)
Bartlett's,"2408 W Anderson Ln., Austin, TX 78757, USA",Austin,TX,(512) 451-7333,http://bartlettsaustin.com/,bartletts@bartlettsaustin.com,Expensive,4.5,,"Steaks, salads, & elevated American fare served in a warm, brick & wood space with a large bar. | Steak House | Rated 4.5/5 (2680 reviews) | Expensive / upscale tier",Google Places API (New)
Ruth's Chris Steak House,"107 W 6th St, Austin, TX 78701, USA",Austin,TX,(512) 477-7884,https://www.ruthschris.com/locations/tx/austin/austin/7351?cmpid=br:rc_ag:ie_ch:loc_ca:RCGMB_sn:gmb_gt:austin-tx-7351_pl:locurl_rd:1056,,Very Expensive,4.4,,"Outpost of upmarket steakhouse chain known for sizzling, butter-topped beef in an elegant setting | Steak House | Rated 4.4/5 (1489 reviews) | Very expensive / luxury tier",Google Places API (New)
Bob's Steak & Chop House,"8212 Barton Club Dr, Austin, TX 78735, USA",Austin,TX,(512) 306-5830,https://www.bobs-steakandchop.com/bobs-steak-and-chop-house-location/austin-barton-creek/?utm_source=gmblisting&utm_medium=organic,Chris.Tosch@bobs-steakandchop.com,Very Expensive,4.5,,"Texas-born chain serving big slabs of beef, seafood & a large wine list in a classy atmosphere. | Steak House | Rated 4.5/5 (190 reviews) | Very expensive / luxury tier",Google Places API (New)
Kobe Japanese Steakhouse,"13492 US-183 #380, Austin, TX 78750, USA",Austin,TX,(512) 288-7333,http://kobeaustin.com/,info@kobeaustin.com,Expensive,4.1,,"Kid-friendly outlet featuring high-energy teppanyaki preparations & Japanese bites, plus happy hour. | Restaurant | Rated 4.1/5 (1596 reviews) | Expensive / upscale tier",Google Places API (New)
Clark's Oyster Bar - Austin,"1200 W 6th St, Austin, TX 78703, USA",Austin,TX,(512) 297-2525,https://www.clarksoysterbar.com/locations/austin,austininfo@clarksoysterbar.com,Expensive,4.5,,"Upscale-casual seafood spot with an open kitchen & marble-topped bar, plus indoor & outdoor seating. | Oyster Bar Restaurant | Rated 4.5/5 (1498 reviews) | Expensive / upscale tier",Google Places API (New)
Pappadeaux Seafood Kitchen,"11617 Research Blvd, Austin, TX 78759, USA",Austin,TX,(512) 953-9283,https://pappadeaux.com/,,Expensive,4.5,,"Cajun-style seafood, pastas & comfort fare served in a dark wood eatery with a full bar. | Seafood Restaurant | Rated 4.5/5 (5822 reviews) | Expensive / upscale tier",Google Places API (New)
Nightcap,"1401 W 6th St, Austin, TX 78703, USA",Austin,TX,(512) 628-0144,https://www.nightcapaustin.com/,christin@nightcapaustin.com,Expensive,4.4,,"New American–style cuisine served in a candlelit restaurant in a bungalow, plus cocktails & wine. | Restaurant | Rated 4.4/5 (469 reviews) | Expensive / upscale tier",Google Places API (New)
Signature Restaurant,"16401 La Cantera Pkwy, San Antonio, TX 78256, USA",San Antonio,TX,(210) 247-0176,,,Expensive,4.7,,Seasonal fare with a French & Texas tilt in a charming space at La Cantera Resort & Spa. | Restaurant | Rated 4.7/5 (785 reviews) | Expensive / upscale tier,Google Places API (New)
Bliss Restaurant,"926 S Presa St, San Antonio, TX 78210, USA",San Antonio,TX,(210) 225-2547,https://foodisbliss.com/menu/,info@foodisbliss.com,Very Expensive,4.8,,"Inspired New American fare, charcuterie, wine & beer in a stylishly restored former filling station. | American Restaurant | Rated 4.8/5 (1484 reviews) | Very expensive / luxury tier",Google Places API (New)
Blü Prime Steakhouse,"1818 N Loop 1604 W Ste 101, San Antonio, TX 78248, USA",San Antonio,TX,(210) 879-1111,http://bluprimesteakhouse.com/,,Very Expensive,4.6,,Restaurant | Rated 4.6/5 (861 reviews) | Very expensive / luxury tier,Google Places API (New)
Boudro's on the Riverwalk,"On The Riverwalk Level, 421 E Commerce St, San Antonio, TX 78205, USA",San Antonio,TX,(210) 224-8484,http://www.boudros.com/,,Expensive,4.5,,"Hip New American bistro with wood-grilled steaks, seafood, tableside guacamole, cocktails & a patio. | Bistro | Rated 4.5/5 (6841 reviews) | Expensive / upscale tier",Google Places API (New)
Clementine,"2195 NW Military Hwy, San Antonio, TX 78213, USA",San Antonio,TX,(210) 503-5121,http://www.clementine-sa.com/,hello@clementine-sa.com,Expensive,4.7,,"Globally-inspired, seasonal menu served in a bright, stylish interior decorated with food art. | Restaurant | Rated 4.7/5 (778 reviews) | Expensive / upscale tier",Google Places API (New)
Maverick Texas Brasserie,"710 S St Mary's St, San Antonio, TX 78205, USA",San Antonio,TX,(210) 973-6050,http://www.mavericktexas.com/,,Expensive,4.4,,"Handsome, brick-clad brasserie with Edison bulbs featuring French-inspired fare plus a leafy patio. | Restaurant | Rated 4.4/5 (1408 reviews) | Expensive / upscale tier",Google Places API (New)
J-Prime Steakhouse,"1401 N Loop 1604 W, San Antonio, TX 78232, USA",San Antonio,TX,(210) 764-1604,http://jprimesteakhouse.com/,,Expensive,4.8,,"Premium cuts over a parrilla grill & wild fish, with wines, in a contemporary & elegant atmosphere. | Steak House | Rated 4.8/5 (4511 reviews) | Expensive / upscale tier",Google Places API (New)
Chart House,"739 E César E. Chávez Blvd, San Antonio, TX 78205, USA",San Antonio,TX,(210) 223-3101,https://www.chart-house.com/location/chart-house-san-antonio-tx/,,Expensive,4.2,,High-end chain eatery serving seafood & steakhouse fare in a classy setting with views. | Seafood Restaurant | Rated 4.2/5 (6743 reviews) | Expensive / upscale tier,Google Places API (New)
Bohanan's Prime Steaks and Seafood,"219 E Houston St #275, San Antonio, TX 78205, USA",San Antonio,TX,(210) 472-2600,http://www.bohanans.com/?utm_source=google&utm_medium=local&utm_campaign=1&utm_content=primary,,Very Expensive,4.7,,"Chic eatery serving American fare in an old-world setting with a cocktail lounge, patio & live jazz. | Steak House | Rated 4.7/5 (2662 reviews) | Very expensive / luxury tier",Google Places API (New)
SILO Elevated Cuisine - 1604,"434 N Loop 1604 W, Building 1, Suite 1106, 434 N Loop 1604 W Bldg 1,1106, San Antonio, TX 78232, USA",San Antonio,TX,(210) 483-8989,http://siloelevatedcuisine.com/,,Expensive,4.6,,"Elevated bistro with inspired New American fare, wine & brunch, plus a bar scene on the lower level. | Fine Dining Restaurant | Rated 4.6/5 (1134 reviews) | Expensive / upscale tier",Google Places API (New)
Biga - San Antonio Riverwalk Restaurant,"203 S St Mary's St, San Antonio, TX 78205, USA",San Antonio,TX,(210) 225-0722,https://biga.com/?utm_source=GoogleLocal&utm_campaign=GoogleLocal,,Very Expensive,4.7,,"Chic River Walk eatery with adventurous New American fare, worldly wines & an ever-changing menu. | American Restaurant | Rated 4.7/5 (1532 reviews) | Very expensive / luxury tier",Google Places API (New)
Supper,"136 E Grayson St, San Antonio, TX 78215, USA",San Antonio,TX,(210) 448-8351,https://www.supperatemma.com/,,Expensive,4.5,,Contemporary all-day option offering elevated farm-to-table American plates in bright surrounds. | American Restaurant | Rated 4.5/5 (1797 reviews) | Expensive / upscale tier,Google Places API (New)
Battalion,"604 S Alamo St, San Antonio, TX 78205, USA",San Antonio,TX,(210) 816-0088,http://www.battalionsa.com/,,Expensive,4.5,,"Stylish spot for classic Italian plates & cocktails served in a historic, restored firehouse. | Italian Restaurant | Rated 4.5/5 (1866 reviews) | Expensive / upscale tier",Google Places API (New)
Ambler Texas Kitchen + Cocktails,"306 W Market St, San Antonio, TX 78205, USA",San Antonio,TX,(210) 298-8040,https://www.amblersanantonio.com/,,Expensive,4.5,,"Elegant spot in Hotel Contessa serving Spanish cuisine & cocktails in a romantic, riverside setting. | American Restaurant | Rated 4.5/5 (1298 reviews) | Expensive / upscale tier",Google Places API (New)
Mixtli,"812 S Alamo St Ste 103, San Antonio, TX 78210, USA",San Antonio,TX,(726) 238-1046,http://restaurantmixtli.com/,info@restaurantmixtli.com,Very Expensive,4.7,,Innovative modern restaurant presenting changing regional Mexican tasting menus with drink pairings. | Mexican Restaurant | Rated 4.7/5 (438 reviews) | Very expensive / luxury tier,Google Places API (New)
Chama Gaúcha Brazilian Steakhouse - San Antonio,"18318 Sonterra Pl, San Antonio, TX 78258, USA",San Antonio,TX,(210) 564-9400,https://www.chamagaucha.com/sanantonio,info@chamagaucha.com,Expensive,4.9,,Upscale spot featuring all-you-can-eat tableside-carved Brazilian meat & a global wine list. | Brazilian Restaurant | Rated 4.9/5 (15093 reviews) | Expensive / upscale tier,Google Places API (New)
Antlers Lodge Restaurant,"Hyatt Regency Hill Country Resort and Villas, 9800 Hyatt Resort Dr, San Antonio, TX 78251, USA",San Antonio,TX,(210) 520-4001,http://antlerslodge.getbento.com/story/,,Very Expensive,4.5,,Sophisticated dining room in the Westside Hyatt Resort with Southwestern fare & Hill Country views. | Restaurant | Rated 4.5/5 (344 reviews) | Very expensive / luxury tier,Google Places API (New)
The Palm - San Antonio,"233 E Houston St Ste 100, San Antonio, TX 78205, USA",San Antonio,TX,(210) 226-7256,https://www.thepalm.com/restaurants/san-antonio/,,Very Expensive,4.4,,"Storied chain serving high-end steakhouse fare, seafood & diverse wines in clubby surrounds. | Steak House | Rated 4.4/5 (1202 reviews) | Very expensive / luxury tier",Google Places API (New)
Fleming’s Prime Steakhouse & Wine Bar,"255 E Basse Rd Bldg E-Suite #200, San Antonio, TX 78209, USA",San Antonio,TX,(210) 824-9463,https://www.flemingssteakhouse.com/Locations/TX/San-Antonio?y_source=1_MTU1MDMxNjctNzE1LWxvY2F0aW9uLndlYnNpdGU%3D,,Very Expensive,4.5,,High-end steakhouse chain with aged prime beef & classics such as lobster tails. | Steak House | Rated 4.5/5 (1137 reviews) | Very expensive / luxury tier,Google Places API (New)
Brasão Brazilian Steakhouse,"19210 I-10, San Antonio, TX 78257, USA",San Antonio,TX,(210) 233-6868,https://www.brasaousa.com/san-antonio,info@brasaousa.com,Very Expensive,4.9,,"A menu featuring classic Brazilian dishes, with a focus on meat, in an elevated dining room. | Brazilian Restaurant | Rated 4.9/5 (10166 reviews) | Very expensive / luxury tier",Google Places API (New)
The Capital Grille,"17446 Fiesta Texas Dr, San Antonio, TX 78256, USA",San Antonio,TX,(210) 200-6208,https://www.thecapitalgrille.com/locations/tx/san-antonio/san-antonio/8082?cmpid=br:tcg_ag:ie_ch:loc_ca:TCGGMB_sn:gmb_gt:san-antionio-tx-8082_pl:locurl_rd:1074,,Very Expensive,4.6,,"Outpost of the upscale steakhouse chain offers classic American fare & a clubby, refined setting. | Fine Dining Restaurant | Rated 4.6/5 (217 reviews) | Very expensive / luxury tier",Google Places API (New)
Paesanos Riverwalk,"111 W Crockett St Suite 101, San Antonio, TX 78205, USA",San Antonio,TX,(210) 227-2782,https://www.paesanosriverwalk.com/,prw@joesfood.com,Expensive,4.5,,"Upscale destination with traditional & contemporary Italian fare, a long wine list & outdoor dining. | Italian Restaurant | Rated 4.5/5 (5916 reviews) | Expensive / upscale tier",Google Places API (New)
Morton's The Steakhouse,"300 E Crockett St, San Antonio, TX 78205, USA",San Antonio,TX,(210) 228-0700,https://www.mortons.com/location/mortons-the-steakhouse-san-antonio-tx/,,Very Expensive,4.5,,"Upscale chain for aged prime beef, seafood & other traditional steakhouse fare in a clubby space. | Restaurant | Rated 4.5/5 (1435 reviews) | Very expensive / luxury tier",Google Places API (New)
Eddie V's Prime Seafood,"1834 N Loop 1604 W, San Antonio, TX 78248, USA",San Antonio,TX,(210) 493-1600,https://www.eddiev.com/locations/tx/san-antonio/san-antonio/8505?cmpid=br:ev_ag:ie_ch:loc_ca:EVGMB_sn:gmb_gt:san-antonio-tx-8505_pl:locurl_rd:1004,,Very Expensive,4.7,,"Part of a contemporary chain offering steaks, seafood, a raw bar, patio dining & a buzzy happy hour. | Seafood Restaurant | Rated 4.7/5 (2429 reviews) | Very expensive / luxury tier",Google Places API (New)
Perry's Steakhouse & Grille,"15900 La Cantera Pkwy #22200, San Antonio, TX 78256, USA",San Antonio,TX,(210) 558-6161,http://www.perryssteakhouse.com/menu-locations/san-antonio/la-cantera/,janay@perryssteakhouse.com,Expensive,4.6,,"Elegant venue offering steaks, seafood & fine wines, plus a stylish bar. | Steak House | Rated 4.6/5 (3043 reviews) | Expensive / upscale tier",Google Places API (New)
J. Alexander's Restaurant,"255 E Basse Rd Ste 1300, San Antonio, TX 78209, USA",San Antonio,TX,(210) 824-0275,https://jalexanders.com/,,Expensive,4.5,,Restaurant chain serving wood-fired American fare in a contemporary space with a bar. | American Restaurant | Rated 4.5/5 (2015 reviews) | Expensive / upscale tier,Google Places API (New)
Nonna Osteria - Downtown San Antonio,"401 S Alamo St, San Antonio, TX 78205, USA",San Antonio,TX,(210) 224-8800,https://www.nonnasa.com/,,Expensive,4.5,,Breezy restaurant offering rustic Northern Italian cuisine & wine inside The Fairmount Hotel. | Italian Restaurant | Rated 4.5/5 (1251 reviews) | Expensive / upscale tier,Google Places API (New)
SILO Alamo Heights,"1133 Austin Hwy, San Antonio, TX 78209, USA",San Antonio,TX,(210) 824-8686,http://www.siloelevatedcuisine.com/,,Expensive,4.5,,"Elevated bistro with inspired New American fare, wine & brunch, plus a bar scene on the lower level. | American Restaurant | Rated 4.5/5 (778 reviews) | Expensive / upscale tier",Google Places API (New)
Aldo's Ristorante Italiano,"22211 I-10 West #1101, San Antonio, TX 78256, USA",San Antonio,TX,(210) 696-2536,http://www.aldossa.com/,Dine@AldosSA.com,Expensive,4.5,,Upscale destination offering Italian fare & fine wines in a former farmhouse. | Italian Restaurant | Rated 4.5/5 (853 reviews) | Expensive / upscale tier,Google Places API (New)
Myron's Prime Steakhouse,"10003 NW Military Hwy, San Antonio, TX 78231, USA",San Antonio,TX,(210) 493-3031,http://www.myronsprime.com/,info@myronsprime.com,Expensive,4.6,,"Wet-aged steaks, seafood & wines served in a contemporary chophouse with a full bar. | Steak House | Rated 4.6/5 (1017 reviews) | Expensive / upscale tier",Google Places API (New)
Range | Steak - Seafood - Field,"125 E Houston St, San Antonio, TX 78205, USA",San Antonio,TX,(210) 227-4455,http://rangesa.com/,,Expensive,3.9,,Vibrant venue for creative takes on steakhouse classics & cocktails in an elegant space. | Steak House | Rated 3.9/5 (1006 reviews) | Expensive / upscale tier,Google Places API (New)
Fogo de Chão Brazilian Steakhouse,"849 E Commerce St #393, San Antonio, TX 78205, USA",San Antonio,TX,(210) 227-1700,https://fogodechao.com/location/san-antonio/,,Expensive,4.6,,Upscale Brazilian chain for all-you-can-eat meat carved tableside plus an extensive salad bar. | Brazilian Restaurant | Rated 4.6/5 (9136 reviews) | Expensive / upscale tier,Google Places API (New)
Bob's Steak & Chop House,"5815 Rim Pass, San Antonio, TX 78257, USA",San Antonio,TX,(210) 222-2627,http://www.bobs-steakandchop.com/locations/san-antonio/,paul.samaniego@bobs-steakandchop.com,Very Expensive,4.5,,"Texas-born chain serving big slabs of beef, seafood & a large wine list in a classy atmosphere. | Steak House | Rated 4.5/5 (1114 reviews) | Very expensive / luxury tier",Google Places API (New)
Zocca Cuisine D’Italia,"420 W Market St, San Antonio, TX 78205, USA",San Antonio,TX,(210) 224-6500,http://zoccariverwalk.com/,,Expensive,3.9,,"Contemporary Italian cuisine (pizza, pasta & entrees) in a relaxed, riverside spot at the Westin. | Italian Restaurant | Rated 3.9/5 (908 reviews) | Expensive / upscale tier",Google Places API (New)
Kirby's Steakhouse,"123 N Loop 1604 E, San Antonio, TX 78232, USA",San Antonio,TX,(210) 404-2221,https://kirbyssteakhouse.com/san-antonio/,sanantonio@KirbysSteakhouse.com,Expensive,4.6,,"Branch of a contemporary chain offering steaks, seafood, fine wines & cocktails. | Steak House | Rated 4.6/5 (1059 reviews) | Expensive / upscale tier",Google Places API (New)
Melting Pot,"14855 Blanco Rd #110, San Antonio, TX 78216, USA",San Antonio,TX,(210) 479-6358,https://www.meltingpot.com/san-antonio-tx/,,Expensive,4.5,,"Fondue restaurant chain offering heated pots of cheese, chocolate or broth for dipping & cooking. | Fondue Restaurant | Rated 4.5/5 (1542 reviews) | Expensive / upscale tier",Google Places API (New)
SILO Terrace Oyster Bar,"Access Road, 22211 I-10, San Antonio, TX 78256, USA",San Antonio,TX,(210) 698-2002,http://siloelevatedcuisine.com/silo-terrace-oyster-bar/,,Expensive,4.6,,"Elevated seafood spot offering raw shellfish, global fish dishes & house cocktails in modern digs. | Oyster Bar Restaurant | Rated 4.6/5 (599 reviews) | Expensive / upscale tier",Google Places API (New)
Texas de Brazil - San Antonio,"313 E Houston St, San Antonio, TX 78205, USA",San Antonio,TX,(210) 255-2775,https://texasdebrazil.com/locations/san-antonio/?utm_source=gmb&utm_medium=yext&y_source=1_NDg4MzA3NDgtNzE1LWxvY2F0aW9uLndlYnNpdGU%3D,,Expensive,4.3,,Upscale Brazilian eatery featuring all-you-can-eat grilled meat carved tableside & a salad bar. | Steak House | Rated 4.3/5 (3252 reviews) | Expensive / upscale tier,Google Places API (New)
Grey Moss Inn - Cocina Mexicana,"19010 Scenic Loop Rd, Helotes, TX 78023, USA",Helotes,TX,(210) 501-1998,https://www.greymossinn.com/,martha@greymossinn.com,Expensive,4.4,,"Rustic, romantic spot from 1929 with steaks, seafood, a long wine list, patio dining & scenic views. | Mexican Restaurant | Rated 4.4/5 (706 reviews) | Expensive / upscale tier",Google Places API (New)
Tu Asador Mexican Steakhouse - Castle Hills,"8055 West Ave #125, Castle Hills, TX 78213, USA",Castle Hills,TX,(210) 530-4595,http://tuasadorsatx.com/,hello@punto11group.com,Expensive,4.3,,"Spacious locale with a casual vibe specialized in rustic Mexican fare, steaks & sharing plates. | Steak House | Rated 4.3/5 (1644 reviews) | Expensive / upscale tier",Google Places API (New)
The Argyle,"934 Patterson Ave, San Antonio, TX 78209, USA",San Antonio,TX,(210) 824-1496,http://theargyle.com/,,Very Expensive,4.7,,Historic member- & guest-only dinner club associated with the Texas Biomedical Research Institute. | Association / Organization | Rated 4.7/5 (264 reviews) | Very expensive / luxury tier,Google Places API (New)
Fogo de Chão Brazilian Steakhouse,"5546 N Loop 1604 W Ste 160, San Antonio, TX 78249, USA",San Antonio,TX,(210) 998-8150,https://fogodechao.com/location/san-antonio-nth/,,Expensive,4.7,,Upscale Brazilian chain for all-you-can-eat meat carved tableside plus an extensive salad bar. | Brazilian Restaurant | Rated 4.7/5 (2721 reviews) | Expensive / upscale tier,Google Places API (New)
Saveurs 209,"209 Broadway, San Antonio, TX 78205, USA",San Antonio,TX,(210) 639-3165,http://www.saveurs209.com/,,Expensive,4.4,,"Modern, minimalist bistro featuring a menu of creative French cuisine, including brunch bites. | French Restaurant | Rated 4.4/5 (84 reviews) | Expensive / upscale tier",Google Places API (New)
Ruth's Chris Steak House,"600 E. Market St Grand Hyatt, San Antonio, TX 78205, USA",San Antonio,TX,(210) 227-8847,https://ruthschrissa.com/,,Very Expensive,4.7,,"Outpost of upmarket steakhouse chain known for sizzling, butter-topped beef in an elegant setting | Steak House | Rated 4.7/5 (3488 reviews) | Very expensive / luxury tier",Google Places API (New)
Pappadeaux Seafood Kitchen,"76 NE Interstate 410 Loop, San Antonio, TX 78216, USA",San Antonio,TX,(210) 340-7143,https://pappadeaux.com/,,Expensive,4.5,,"Cajun-style seafood, pastas & comfort fare served in a dark wood eatery with a full bar. | Seafood Restaurant | Rated 4.5/5 (11015 reviews) | Expensive / upscale tier",Google Places API (New)
Paesanos Lincoln Heights,"555 E Basse Rd, San Antonio, TX 78209, USA",San Antonio,TX,(210) 828-5191,https://www.paesanos.com/,miked@joesfood.com,Expensive,4.4,,"Long-running venue for upmarket Italian cuisine, served in spacious digs with an enclosed terrace. | Italian Restaurant | Rated 4.4/5 (2753 reviews) | Expensive / upscale tier",Google Places API (New)
Landry's Seafood House,"517 N Presa St, San Antonio, TX 78205, USA",San Antonio,TX,(210) 229-1010,https://www.landrysseafood.com/location/landrys-seafood-san-antonio/,,Expensive,4.1,,Family-friendly chain eatery offering steaks & Gulf Coast seafood in laid-back surroundings. | Seafood Restaurant | Rated 4.1/5 (4218 reviews) | Expensive / upscale tier,Google Places API (New)
Rodizio Foragido,"4302 Hyatt Pl Dr, San Antonio, TX 78230, USA",San Antonio,TX,(726) 203-6693,https://qrmenu.com/menus/rodizio-foragido/,,Expensive,4.8,,Restaurant | Rated 4.8/5 (62 reviews) | Expensive / upscale tier,Google Places API (New)
Old San Francisco Steak House,"10223 Sahara Dr, San Antonio, TX 78216, USA",San Antonio,TX,(210) 342-2323,http://www.theoldsanfrancisco.com/,sales@theoldsanfrancisco.com,Expensive,4.5,,Event Venue | Rated 4.5/5 (477 reviews) | Expensive / upscale tier,Google Places API (New)
Ostra Restaurant,"212 W Crockett St, San Antonio, TX 78205, USA",San Antonio,TX,(210) 396-5817,https://www.omnihotels.com/hotels/san-antonio-mokara/dining/ostra?utm_source=gmblisting&utm_medium=organic,,Expensive,4.4,,Upscale seafood destination in the Mokara Hotel with a raw bar plus a long wine list & river views. | Seafood Restaurant | Rated 4.4/5 (1789 reviews) | Expensive / upscale tier,Google Places API (New)
Ruth's Chris Steak House,"Concord Plaza, 7720 Jones Maltsberger Rd, San Antonio, TX 78216, USA",San Antonio,TX,(210) 821-5051,https://ruthschrissa.com/,,Very Expensive,4.5,,"Outpost of upmarket steakhouse chain known for sizzling, butter-topped beef in an elegant setting. | Restaurant | Rated 4.5/5 (1065 reviews) | Very expensive / luxury tier",Google Places API (New)
Pappadeaux Seafood Kitchen,"15715 I-10, San Antonio, TX 78257, USA",San Antonio,TX,(210) 641-1171,https://pappadeaux.com/,,Expensive,4.4,,"Cajun-style seafood, pastas & comfort fare served in a dark wood eatery with a full bar. | Seafood Restaurant | Rated 4.4/5 (6611 reviews) | Expensive / upscale tier",Google Places API (New)
Sugar Factory - San Antonio,"849 E Commerce St #109, San Antonio, TX 78205, USA",San Antonio,TX,(726) 204-2020,http://sanantonio.sugarfactory.com/,,Expensive,4.1,,Restaurant | Rated 4.1/5 (1776 reviews) | Expensive / upscale tier,Google Places API (New)
Ruth's Chris Steak House,"17803 La Cantera Terrace Bldg 8, Suite #8110, San Antonio, TX 78256, USA",San Antonio,TX,(210) 538-8792,https://ruthschrissa.com/,,Very Expensive,4.4,,"Outpost of upmarket steakhouse chain known for sizzling, butter-topped beef in an elegant setting | Restaurant | Rated 4.4/5 (1058 reviews) | Very expensive / luxury tier",Google Places API (New)
Myron's Prime Steakhouse,"136 N Castell Ave, New Braunfels, TX 78130, USA",New Braunfels,TX,(830) 624-1024,http://myronsprime.com/,info@myronsprime.com,Expensive,4.4,,"Wet-aged steaks, seafood & wines served in a contemporary chophouse with a full bar. | Steak House | Rated 4.4/5 (1133 reviews) | Expensive / upscale tier",Google Places API (New)
Galpão Gaucho Brazilian Steakhouse,"2318 N Loop 1604 W Access Road, San Antonio, TX 78248, USA",San Antonio,TX,(210) 497-2500,https://galpaogauchosa.com/,,Expensive,4.5,,"Festive Brazilian steakhouse with rotisserie-style meat, traditional sides, a salad bar & wine list. | Brazilian Restaurant | Rated 4.5/5 (2338 reviews) | Expensive / upscale tier",Google Places API (New)
Uni'Ko Japanese Lounge,"17803 La Cantera Terrace #1104, San Antonio, TX 78256, USA",San Antonio,TX,(210) 239-6610,http://www.unikojapanesehouse.com/,,Expensive,4.2,,"Contemporary bistro & bar offering sushi, small plates & teppanyaki meals, plus a robust sake menu. | Sushi Restaurant | Rated 4.2/5 (602 reviews) | Expensive / upscale tier",Google Places API (New)
Marcel,"1170 Howell Ml Rd, Atlanta, GA 30318, USA",Atlanta,GA,(404) 665-4555,http://www.marcelatl.com/,eventsmarcel@rocketfarmrestaurants.com,Very Expensive,4.6,,Ornate venue serving throwback American steakhouse food amid custom china & fancy chandeliers. | Steak House | Rated 4.6/5 (2212 reviews) | Very expensive / luxury tier,Google Places API (New)
Canoe,"4199 Paces Ferry Rd SE, Atlanta, GA 30339, USA",Atlanta,GA,(770) 432-2663,http://www.canoeatl.com/,,Expensive,4.6,,Farm-to-table New American cuisine in an elegant garden setting overlooking the Chattahoochee River. | American Restaurant | Rated 4.6/5 (5177 reviews) | Expensive / upscale tier,Google Places API (New)
Bacchanalia,"1460 Ellsworth Industrial Blvd NW Ste 1, Atlanta, GA 30318, USA",Atlanta,GA,(404) 365-0410,http://www.starprovisions.com/bacchanalia/,office@eatoutoften.net,Very Expensive,4.6,,Seasonal New American plates & wine in a white-tablecloth setting with industrial-chic touches. | American Restaurant | Rated 4.6/5 (1328 reviews) | Very expensive / luxury tier,Google Places API (New)
Ray's on the River,"6700 Powers Ferry Rd NW, Sandy Springs, GA 30339, USA",Sandy Springs,GA,(770) 955-1187,https://raysontheriver.com/,riverevents@raysrestaurants.com,Expensive,4.6,,Elevated Southern seafood dishes are served in an intimate setting along the Chattahoochee River. | Fine Dining Restaurant | Rated 4.6/5 (11359 reviews) | Expensive / upscale tier,Google Places API (New)
Polaris,"265 Peachtree Rd NE, Atlanta, GA 30303, USA",Atlanta,GA,(404) 460-6425,https://www.polarisatlanta.com/,,Expensive,4.5,,Iconic rotating restaurant featuring a retro peach daiquiri & Southern fare in sleek environs. | Restaurant | Rated 4.5/5 (1148 reviews) | Expensive / upscale tier,Google Places API (New)
Aria,"490 East Paces Ferry Rd NE, Atlanta, GA 30305, USA",Atlanta,GA,(404) 233-7673,http://www.aria-atl.com/,hello@aria-atl.com,Very Expensive,4.6,,"Dinner-only eatery with New American fare & elegant, contemporary decor. | American Restaurant | Rated 4.6/5 (950 reviews) | Very expensive / luxury tier",Google Places API (New)
Lazy Betty,"999 Peachtree St NE Ste 140, Atlanta, GA 30309, USA",Atlanta,GA,(470) 851-1199,http://lazybettyatl.com/,info@lazybettyatl.com,Very Expensive,4.8,,High-concept restaurant serving innovative tasting menus & wine pairings in a stylish setting. | Restaurant | Rated 4.8/5 (1083 reviews) | Very expensive / luxury tier,Google Places API (New)
Bovino after dark,"1000 White St SW, Atlanta, GA 30310, USA",Atlanta,GA,(470) 716-3176,http://www.bovinoafterdark.com/,events@join-hero.com,Expensive,4.8,,Restaurant | Rated 4.8/5 (114 reviews) | Expensive / upscale tier,Google Places API (New)
The Capital Grille,"255 East Paces Ferry Rd NE, Atlanta, GA 30305, USA",Atlanta,GA,(404) 262-1162,https://www.thecapitalgrille.com/locations/ga/atlanta/atlanta-buckhead-village/8016?cmpid=br:tcg_ag:ie_ch:loc_ca:TCGGMB_sn:gmb_gt:atlanta-ga-8016_pl:locurl_rd:1012,,Very Expensive,4.7,,"Outpost of the upscale steakhouse chain offers classic American fare & a clubby, refined setting. | Fine Dining Restaurant | Rated 4.7/5 (1816 reviews) | Very expensive / luxury tier",Google Places API (New)
Staplehouse,"541 Edgewood Ave SE, Atlanta, GA 30312, USA",Atlanta,GA,(404) 524-5005,http://staplehouse.com/,,Very Expensive,4.7,,"New American restaurant & bar benefiting a charity, with outdoor patio & garden seating. | American Restaurant | Rated 4.7/5 (709 reviews) | Very expensive / luxury tier",Google Places API (New)
5Church Midtown,"1197 Peachtree St NE #528, Atlanta, GA 30361, USA",Atlanta,GA,(404) 400-3669,http://midtown.5church-atlanta.com/,sales@k5hospitality.com,Expensive,4.5,,"Hip locale for steaks & New American fare in an upscale space, plus cocktails & weekend brunch. | American Restaurant | Rated 4.5/5 (6095 reviews) | Expensive / upscale tier",Google Places API (New)
TWO urban licks,"820 Ralph McGill Blvd NE, Atlanta, GA 30306, USA",Atlanta,GA,(404) 522-4622,https://www.twourbanlicks.com/?utm_source=google&utm_medium=organic&utm_campaign=gmb,,Expensive,4.7,,American rotisserie fare & live blues are draws at this restaurant in a warehouse with city views. | American Restaurant | Rated 4.7/5 (14972 reviews) | Expensive / upscale tier,Google Places API (New)
Tiny Lou's,"789 Ponce De Leon Ave NE, Atlanta, GA 30306, USA",Atlanta,GA,(470) 485-0085,https://www.tinylous.com/,tinylous@hotelclermont.com,Expensive,4.8,,Artful French dishes & imported wines presented in a sophisticated setting with a cozy ambiance. | French Restaurant | Rated 4.8/5 (2458 reviews) | Expensive / upscale tier,Google Places API (New)
Atlas,"88 W Paces Ferry Rd NW, Atlanta, GA 30305, USA",Atlanta,GA,(404) 600-6471,http://atlasrestaurant.com/,virginia@vncommunicates.com,Very Expensive,4.5,,Upscale hotel restaurant serving artfully plated American food made from seasonal ingredients. | American Restaurant | Rated 4.5/5 (629 reviews) | Very expensive / luxury tier,Google Places API (New)
The Select,"6405 Blue Stone Rd Suite 200, Sandy Springs, GA 30328, USA",Sandy Springs,GA,(770) 637-2240,https://www.theselectatl.com/,,Expensive,4.6,,Art Deco inspired restaurant plating modern European cuisine with an open kitchen & conservatory. | American Restaurant | Rated 4.6/5 (2458 reviews) | Expensive / upscale tier,Google Places API (New)
Miller Union,"999 Brady Ave NW Ste 106, Atlanta, GA 30318, USA",Atlanta,GA,(678) 733-8550,http://www.millerunion.com/,events@millerunion.com,Expensive,4.5,,"New American eatery with a farm-fresh, Southern-accented menu & a country-modern space. | American Restaurant | Rated 4.5/5 (1385 reviews) | Expensive / upscale tier",Google Places API (New)
THE CHASTAIN - Restaurant,"4320 Powers Ferry Rd NW, Atlanta, GA 30342, USA",Atlanta,GA,(404) 257-6416,http://www.thechastainatl.com/,info@thechastainatl.com,Expensive,4.5,,Restaurant | Rated 4.5/5 (766 reviews) | Expensive / upscale tier,Google Places API (New)
St. Cecilia,"3455 Peachtree Rd NE, Atlanta, GA 30326, USA",Atlanta,GA,(404) 554-9995,http://www.stceciliaatl.com/,stceciliaatl@rocketfarmrestaurants.com,Expensive,4.6,,Italian seafood & pasta plus cocktails are presented in a glamorous venue with high ceilings. | Italian Restaurant | Rated 4.6/5 (1683 reviews) | Expensive / upscale tier,Google Places API (New)
Gypsy Kitchen,"3035 Peachtree Rd NE Ste A209, Atlanta, GA 30305, USA",Atlanta,GA,(404) 939-9840,http://www.gypsykitchenatl.com/,GYPSYKITCHEN@SPHOSPITALITY.COM,Expensive,4.7,,Stylish modern restaurant featuring shareable Spanish snacks & plates with Moroccan & Indian hints. | Spanish Restaurant | Rated 4.7/5 (4104 reviews) | Expensive / upscale tier,Google Places API (New)
Blue Ridge Grill,"1261 W Paces Ferry Rd NW, Atlanta, GA 30327, USA",Atlanta,GA,(404) 233-5030,http://www.blueridgegrill.com/,,Expensive,4.6,,An elegant mountain lodge setting for elevated Southern-leaning cuisine & curated wines. | Fine Dining Restaurant | Rated 4.6/5 (1020 reviews) | Expensive / upscale tier,Google Places API (New)
Bones Restaurant,"3130 Piedmont Rd NE, Atlanta, GA 30305, USA",Atlanta,GA,(404) 237-2663,http://www.bonesrestaurant.com/,,Very Expensive,4.6,,Steakhouse institution serving prime beef & seafood in clubby rooms with an old-school vibe. | Steak House | Rated 4.6/5 (2930 reviews) | Very expensive / luxury tier,Google Places API (New)
Cooks & Soldiers,"691 14th St NW, Atlanta, GA 30318, USA",Atlanta,GA,(404) 996-2623,http://cooksandsoldiers.com/,admin@cookandsoldiers.com,Expensive,4.8,,Upscale restaurant serving Basque tapas & larger shareable portions cooked on a wood-burning grill. | Spanish Restaurant | Rated 4.8/5 (2790 reviews) | Expensive / upscale tier,Google Places API (New)
"The Sun Dial Restaurant, Bar & View","210 Peachtree St NW, Atlanta, GA 30303, USA",Atlanta,GA,(404) 589-7506,https://www.marriott.com/en-us/hotels/atlpl-the-westin-peachtree-plaza-atlanta/dining/?scid=feed67b0-9a2f-4de1-8df6-114544116108,,Expensive,4.2,,"Hotel restaurant & bar with 360-degree views of the city, featuring seasonal American cuisine. | Restaurant | Rated 4.2/5 (4328 reviews) | Expensive / upscale tier",Google Places API (New)
V12,"610 Spring St NW, Atlanta, GA 30308, USA",Atlanta,GA,(404) 808-2067,https://www.v12restaurant.com/,hello@v12restaurant.com,Expensive,4.7,,Restaurant | Rated 4.7/5 (949 reviews) | Expensive / upscale tier,Google Places API (New)
White Oak,"270 Peachtree St NW, Atlanta, GA 30303, USA",Atlanta,GA,(404) 524-7200,https://www.whiteoakkitchen.com/,,Expensive,4.3,,"Airy, modern-rustic hangout serving Southern-tinged New American fare & specialty cocktails. | American Restaurant | Rated 4.3/5 (1667 reviews) | Expensive / upscale tier",Google Places API (New)
Chops Lobster Bar,"70 W Paces Ferry Rd NW, Atlanta, GA 30305, USA",Atlanta,GA,(404) 262-2675,https://chopslobsterbar.com/,,Very Expensive,4.6,,Old-school chophouse with a dark-wood dining room serving USDA prime aged beef & fresh seafood. | Steak House | Rated 4.6/5 (3564 reviews) | Very expensive / luxury tier,Google Places API (New)
Nobu Atlanta,"3520 Peachtree Rd NE, Atlanta, GA 30326, USA",Atlanta,GA,(470) 945-8800,https://www.noburestaurants.com/atlanta/reservations/,Atlanta@noburestaurants.com,Very Expensive,3.8,,Restaurant | Rated 3.8/5 (757 reviews) | Very expensive / luxury tier,Google Places API (New)
The Optimist,"914 Howell Ml Rd, Atlanta, GA 30318, USA",Atlanta,GA,(404) 477-6260,https://www.theoptimistrestaurant.com/,theoptimistrestaurant@rocketfarmrestaurants.com,Expensive,4.6,,"Lobster rolls, gumbo, wood-fired oysters & more in a lofty, country-modern space with a raw bar. | Seafood Restaurant | Rated 4.6/5 (4260 reviews) | Expensive / upscale tier",Google Places API (New)
Rumi's Kitchen Colony Square,"1175 Peachtree St NE, Atlanta, GA 30361, USA",Atlanta,GA,(404) 777-9807,https://www.rumiskitchen.com/,,Expensive,4.7,,"Vibrant, contemporary restaurant serving creative Persian cuisine alongside cocktails & wine. | Persian Restaurant | Rated 4.7/5 (1799 reviews) | Expensive / upscale tier",Google Places API (New)
Nan Thai Fine Dining,"1350 Spring St NW #1, Atlanta, GA 30309, USA",Atlanta,GA,(404) 870-9933,https://www.nanfinedining.com/,info@nanfinedining.com,Expensive,4.5,,"Classy Thai restaurant offering upscale eats & modern, Zenlike interior design. | Thai Restaurant | Rated 4.5/5 (1851 reviews) | Expensive / upscale tier",Google Places API (New)
Ray's at Killer Creek,"1700 Mansell Rd, Alpharetta, GA 30009, USA",Alpharetta,GA,(770) 649-0064,https://raysatkillercreek.com/,creekevents@raysrestaurants.com,Expensive,4.6,,"Casual elegant eatery offering steak & seafood with a raw bar, plus a lengthy wine list. | Seafood Restaurant | Rated 4.6/5 (3463 reviews) | Expensive / upscale tier",Google Places API (New)
La Grotta Ristorante,"2637 Peachtree Rd NE, Atlanta, GA 30305, USA",Atlanta,GA,(404) 231-1368,http://lagrottaatlanta.com/,,Very Expensive,4.7,,"Classic menu of Northern Italian pastas & antipasto in an upscale, white-linen space with a patio. | Italian Restaurant | Rated 4.7/5 (1009 reviews) | Very expensive / luxury tier",Google Places API (New)
Sotto Sotto Restaurant,"313 N Highland Ave NE, Atlanta, GA 30307, USA",Atlanta,GA,(404) 523-6678,http://www.sottosottoatl.com/,,Expensive,4.5,,"Cozy eatery offering pasta, risotto & other Italian classics, plus an all-Italian wine list. | Italian Restaurant | Rated 4.5/5 (1365 reviews) | Expensive / upscale tier",Google Places API (New)
Spring Restaurant,"36 Mill St, Marietta, GA 30060, USA",Marietta,GA,(678) 540-2777,http://springmarietta.com/,,Expensive,4.7,,"New American restaurant serving seasonal, thoughtfully sourced dishes, as well as natural wines. | American Restaurant | Rated 4.7/5 (573 reviews) | Expensive / upscale tier",Google Places API (New)
Sugar Factory American Brasserie - Atlanta,"1080 Peachtree St NE, Atlanta, GA 30309, USA",Atlanta,GA,(470) 428-4395,https://sf3.sugarfactory.com/atlanta-ga,,Expensive,4.1,,Bar | Rated 4.1/5 (10043 reviews) | Expensive / upscale tier,Google Places API (New)
La Tavola Trattoria,"992 Virginia Ave NE, Atlanta, GA 30306, USA",Atlanta,GA,(404) 873-5430,https://www.latavolatrattoria.com/,,Expensive,4.7,,"Neighborhood hub for classic Italian comfort food has a cozy, exposed-brick interior & a back patio. | Italian Restaurant | Rated 4.7/5 (1460 reviews) | Expensive / upscale tier",Google Places API (New)
The Capital Grille,"94 Perimeter Center W, Dunwoody, GA 30346, USA",Dunwoody,GA,(770) 730-8447,https://www.thecapitalgrille.com/locations/ga/dunwoody/atlanta-dunwoody-perimeter-mall/8050?cmpid=br:tcg_ag:ie_ch:loc_ca:TCGGMB_sn:gmb_gt:dunwoody-ga-8050_pl:locurl_rd:1045,,Very Expensive,4.6,,"Outpost of the upscale steakhouse chain offers classic American fare & a clubby, refined setting. | Fine Dining Restaurant | Rated 4.6/5 (2041 reviews) | Very expensive / luxury tier",Google Places API (New)
Oak Steakhouse,"950 3rd St, Alpharetta, GA 30009, USA",Alpharetta,GA,(678) 722-8333,https://www.oaksteakhouse.com/location/oak-steakhouse-atlanta/?y_source=1_ODE4NDQwODktNzE1LWxvY2F0aW9uLndlYnNpdGU%3D,,Very Expensive,4.5,,Classy restaurant featuring locally sourced beef & American cuisine with views of the open kitchen. | Steak House | Rated 4.5/5 (1220 reviews) | Very expensive / luxury tier,Google Places API (New)
Bistro Niko,"3344 Peachtree Rd NE, Atlanta, GA 30326, USA",Atlanta,GA,(404) 261-6456,https://bistroniko.com/,,Expensive,4.6,,Bustling hot spot presents classic French bistro fare amid warm lighting & elegant decor. | French Restaurant | Rated 4.6/5 (3123 reviews) | Expensive / upscale tier,Google Places API (New)
Kyma,"3085 Piedmont Rd NE, Atlanta, GA 30305, USA",Atlanta,GA,(404) 262-0702,https://buckheadrestaurants.com/restaurant/kyma/,,Expensive,4.4,,"Chic Greek eatery offers a wide selection of seafood & wine in an airy, blue & white dining room. | Greek Restaurant | Rated 4.4/5 (1283 reviews) | Expensive / upscale tier",Google Places API (New)
Wisteria,"471 N Highland Ave NE, Atlanta, GA 30307, USA",Atlanta,GA,(404) 525-3363,http://www.wisteria-atlanta.com/,christian@wisteria-atlanta.com,Expensive,4.5,,Neighborhood bistro meets fine dining at this brick-lined  Southern eatery serving creative drinks. | American Restaurant | Rated 4.5/5 (686 reviews) | Expensive / upscale tier,Google Places API (New)
STK Steakhouse,"1075 Peachtree St NE, Atlanta, GA 30309, USA",Atlanta,GA,(404) 793-0144,https://stksteakhouse.com/venues/atlanta/,info@togrp.com,Very Expensive,4.6,,Sleek Southern outpost of famed NY-based steakhouse chain with cocktails & grilled meats. | Steak House | Rated 4.6/5 (24628 reviews) | Very expensive / luxury tier,Google Places API (New)
C&S at Galleria on The Park,"600 Galleria Pkwy SE, Atlanta, GA 30339, USA",Atlanta,GA,(770) 272-0999,http://www.candsoysterbar.com/,,Expensive,4.6,,"Raw bar, lobsters & classic cocktails in a strip-mall setting with an old-school urban vibe. | Seafood Restaurant | Rated 4.6/5 (1947 reviews) | Expensive / upscale tier",Google Places API (New)
Kevin Rathbun Steak,"154 Krog St NE Ste 200, Atlanta, GA 30307, USA",Atlanta,GA,(404) 524-5600,http://www.kevinrathbunsteak.com/,,Very Expensive,4.6,,Modern chophouse featuring steaks & seafood in a dimly lit converted warehouse with a chic feel. | Steak House | Rated 4.6/5 (2400 reviews) | Very expensive / luxury tier,Google Places API (New)
Restaurant 356,"One Porsche Dr, Atlanta, GA 30354, USA",Atlanta,GA,(770) 290-4356,https://www.restaurant356.com/,restaurant356@porsche.us,Expensive,4.6,,Elegant venue featuring seasonally driven New American food plus views of the Porsche test track. | American Restaurant | Rated 4.6/5 (388 reviews) | Expensive / upscale tier,Google Places API (New)
Ecco Midtown,"40 7th St NE, Atlanta, GA 30308, USA",Atlanta,GA,(404) 347-9555,https://www.ecco-atlanta.com/,,Expensive,4.7,,Sleek spot for an ever-changing menu of seasonally inspired Continental fare & a bustling bar scene. | American Restaurant | Rated 4.7/5 (2203 reviews) | Expensive / upscale tier,Google Places API (New)
The Palm - Atlanta,"3391 Peachtree Rd NE, Atlanta, GA 30326, USA",Atlanta,GA,(404) 814-1955,https://www.thepalm.com/location/the-palm-atlanta/,,Very Expensive,4.4,,"Storied chain serving high-end steakhouse fare, seafood & diverse wines in clubby surrounds. | Steak House | Rated 4.4/5 (1432 reviews) | Very expensive / luxury tier",Google Places API (New)
Houston's,"2166 Peachtree Rd, Atlanta, GA 30309, USA",Atlanta,GA,(404) 351-2442,https://www.houstons.com/,,Expensive,4.4,,American Restaurant | Rated 4.4/5 (3279 reviews) | Expensive / upscale tier,Google Places API (New)
Aye Tea Elle,"3755 College St, College Park, GA 30337, USA",College Park,GA,(404) 600-5272,http://www.ayeteaelle.com/,info@ayeteaelle.com,Expensive,4.6,,Restaurant | Rated 4.6/5 (482 reviews) | Expensive / upscale tier,Google Places API (New)
Girl Diver | Atlanta's New-Mediterranean Cuisine!,"955 Memorial Dr SE Ste 510, Atlanta, GA 30316, USA",Atlanta,GA,(404) 525-2424,https://www.girldiveratlanta.com/,,Expensive,4.1,,Mediterranean Restaurant | Rated 4.1/5 (564 reviews) | Expensive / upscale tier,Google Places API (New)
LowCountry Steak,"1010 W Peachtree St NW, Atlanta, GA 30309, USA",Atlanta,GA,(770) 213-0830,http://www.lowcountry-restaurants.com/,info@lowcountry-restaurants.com,Expensive,4.5,,"Southern-style ribs, seafood & cocktails in a casual eatery with simple but polished decor. | Restaurant | Rated 4.5/5 (765 reviews) | Expensive / upscale tier",Google Places API (New)
Parker's on Ponce,"116 E Ponce de Leon Ave, Decatur, GA 30030, USA",Decatur,GA,(404) 924-2230,https://parkersonponce.com/,sandra@parkersonponce.com,Expensive,4.5,,"Upscale steakhouse decorated with cool colors & dark woods, with sides like lobster mac 'n' cheese. | Steak House | Rated 4.5/5 (1291 reviews) | Expensive / upscale tier",Google Places API (New)
Kimball House,"303 E Howard Ave, Decatur, GA 30030, USA",Decatur,GA,(404) 378-3502,http://www.kimball-house.com/,anna@sprouthouseagency.com,Expensive,4.7,,"Once a railroad station, this sleek eatery & raw bar serves farm-to-table entrees with French flair. | American Restaurant | Rated 4.7/5 (1533 reviews) | Expensive / upscale tier",Google Places API (New)
KR SteakBar,"349 Peachtree Hills Ave NE, Atlanta, GA 30305, USA",Atlanta,GA,(404) 841-8820,http://www.krsteakbar.com/,,Expensive,4.6,,"High-end restaurant & bar serving steaks & Italian cuisine in a chic, contemporary setting. | Italian Restaurant | Rated 4.6/5 (713 reviews) | Expensive / upscale tier",Google Places API (New)
Umi,"Two Buckhead Plaza, 3050 Peachtree Rd Suite #1, Atlanta, GA 30305, USA",Atlanta,GA,(404) 841-0040,http://umiatlanta.com/,ninfo@umiatlanta.com,Very Expensive,4.5,,"Stylish haunt serving sushi & other sophisticated Japanese fare in an airy, contemporary setting. | Japanese Restaurant | Rated 4.5/5 (1047 reviews) | Very expensive / luxury tier",Google Places API (New)
Tabla,"77 12th St NE #2, Atlanta, GA 30309, USA",Atlanta,GA,(404) 464-8571,https://tablaatlanta.com/,,Expensive,4.2,,Sleek restaurant & lounge crafting classic & inventive Indian cuisine along with infused cocktails. | Indian Restaurant | Rated 4.2/5 (2371 reviews) | Expensive / upscale tier,Google Places API (New)
Gunshow,"924 Garrett St, Atlanta, GA 30316, USA",Atlanta,GA,(404) 380-1886,http://www.gunshowatl.com/,peopleincharge@gunshowatl.com,Expensive,4.5,,Eclectic eatery with dim-sum-style roving carts doling out creative bites to communal tables. | American Restaurant | Rated 4.5/5 (1314 reviews) | Expensive / upscale tier,Google Places API (New)
Pricci,"500 Pharr Rd NE, Atlanta, GA 30305, USA",Atlanta,GA,(404) 237-2941,https://pricciatlanta.com/,,Expensive,4.6,,Bustling upscale spot with a vibrant bar scene serves traditional Italian entrees. | Italian Restaurant | Rated 4.6/5 (1559 reviews) | Expensive / upscale tier,Google Places API (New)
Little Alley Steak - Buckhead,"3500 Lenox Rd NE #100, Atlanta, GA 30326, USA",Atlanta,GA,(404) 254-1899,https://www.littlealleysteak.com/,LASevents@littlealleysteak.com,Very Expensive,4.5,,"Upscale cuts, local charcuterie & an extensive spirits list from a vibrant, retro-chic steakhouse. | Steak House | Rated 4.5/5 (3263 reviews) | Very expensive / luxury tier",Google Places API (New)
Kaiser's Chophouse,"5975 Roswell Rd, Sandy Springs, GA 30328, USA",Sandy Springs,GA,(404) 549-2882,http://kaiserschophouse.com/,,Very Expensive,4.5,,"Top cuts of meat, wine & classic steakhouse fare with global flavors served in a clubby atmosphere. | Restaurant | Rated 4.5/5 (722 reviews) | Very expensive / luxury tier",Google Places API (New)
Frankie's The Steakhouse,"6500 Sugarloaf Pkwy Fl 3, Duluth, GA 30097, USA",Duluth,GA,(678) 395-6447,http://frankiesthesteakhouse.com/,,Very Expensive,4.9,,"Classic steakhouse fare with an Italian-American bent served in a plush, upscale space with a bar. | Steak House | Rated 4.9/5 (7024 reviews) | Very expensive / luxury tier",Google Places API (New)
"Hal's ""The Steakhouse""","30 Old Ivy Rd NE, Atlanta, GA 30342, USA",Atlanta,GA,(404) 261-0025,http://hals.net/,Nashville@hals.net,Very Expensive,4.5,,"Old-school steakhouse & lounge with a throwback vibe, plus live music & a rooftop patio. | Steak House | Rated 4.5/5 (2384 reviews) | Very expensive / luxury tier",Google Places API (New)
New York Prime,"3424 Peachtree Rd NE Ste 100, Atlanta, GA 30326, USA",Atlanta,GA,(404) 846-0644,http://www.newyorkprime.com/,,Very Expensive,4.5,,"High-end steakhouse serving a menu of aged steaks, plus seafood dishes & classic sides. | Steak House | Rated 4.5/5 (1179 reviews) | Very expensive / luxury tier",Google Places API (New)
101 Steak,"3621 Vinings Slope SE, Atlanta, GA 30339, USA",Atlanta,GA,(770) 805-8855,http://www.101steakatl.com/,patrickhsiao101@gmail.com,Very Expensive,4.6,,"Contemporary steakhouse serving fresh cuts, seafood & cocktails in a modern, elegant atmosphere. | Steak House | Rated 4.6/5 (1142 reviews) | Very expensive / luxury tier",Google Places API (New)
Morton's The Steakhouse,"303 Peachtree Center Ave NE, Atlanta, GA 30308, USA",Atlanta,GA,(404) 577-4366,https://www.mortons.com/location/mortons-the-steakhouse-atlanta-ga/,,Very Expensive,4.3,,"Upscale chain for aged prime beef, seafood & other traditional steakhouse fare in a clubby space. | Restaurant | Rated 4.3/5 (1428 reviews) | Very expensive / luxury tier",Google Places API (New)
Pampas Steakhouse,"10970 State Bridge Rd, Johns Creek, GA 30022, USA",Johns Creek,GA,(678) 339-0029,http://www.pampassteakhouse.com/,,Very Expensive,4.9,,"Argentinean-style grilled steaks & an extensive wine list offered in upscale, wood-paneled quarters. | Steak House | Rated 4.9/5 (6073 reviews) | Very expensive / luxury tier",Google Places API (New)
Cuts Steakhouse,"60 Andrew Young International Blvd NE, Atlanta, GA 30303, USA",Atlanta,GA,(678) 374-3229,https://www.cutsatlanta.com/,,Expensive,4.3,,"Upscale-casual, Southern-style steakhouse & sports bar offering modern decor & patio seating. | Restaurant | Rated 4.3/5 (3684 reviews) | Expensive / upscale tier",Google Places API (New)
Ruth's Chris Steak House,"Embassy Suites Hotel, 267 Marietta St NW, Atlanta, GA 30313, USA",Atlanta,GA,(404) 223-6500,https://ruthschris.net/atlanta-downtown/,,Very Expensive,4.2,,"Outpost of upmarket steakhouse chain known for sizzling, butter-topped beef in an elegant setting | Steak House | Rated 4.2/5 (3547 reviews) | Very expensive / luxury tier",Google Places API (New)
Arnette's Chop Shop,"2700 Apple Valley Rd NE #55, Brookhaven, GA 30319, USA",Brookhaven,GA,(404) 969-0701,http://arnetteschopshop.com/,arnetteschopshop@womrestaurants.com,Very Expensive,4.5,,Steak House | Rated 4.5/5 (1035 reviews) | Very expensive / luxury tier,Google Places API (New)
Stoney River Steakhouse and Grill,"2860 Cumberland Mall Ste 1640, Atlanta, GA 30339, USA",Atlanta,GA,(678) 305-9229,http://www.stoneyriver.com/,,Expensive,4.5,,"Comfortable, lodgelike chain with an extensive menu of steaks & seafood & an innovative wine list. | Steak House | Rated 4.5/5 (3833 reviews) | Expensive / upscale tier",Google Places API (New)
Fleming’s Prime Steakhouse & Wine Bar,"4501 Olde Perimeter Way, Atlanta, GA 30346, USA",Atlanta,GA,(770) 698-8112,https://www.flemingssteakhouse.com/Locations/GA/Atlanta-Dunwoody?y_source=1_MTU1MDMxNzktNzE1LWxvY2F0aW9uLndlYnNpdGU%3D,,Very Expensive,4.7,,High-end steakhouse chain with aged prime beef & classics such as lobster tails. | Steak House | Rated 4.7/5 (2086 reviews) | Very expensive / luxury tier,Google Places API (New)
Fogo de Chão Brazilian Steakhouse,"3101 Piedmont Rd NE, Atlanta, GA 30305, USA",Atlanta,GA,(404) 266-9988,https://fogodechao.com/location/atlanta/,,Expensive,4.7,,Upscale Brazilian chain for all-you-can-eat meat carved tableside plus an extensive salad bar. | Brazilian Restaurant | Rated 4.7/5 (15640 reviews) | Expensive / upscale tier,Google Places API (New)
McKendrick's Steak House,"4505 Ashford Dunwoody Rd, Atlanta, GA 30346, USA",Atlanta,GA,(770) 512-8888,https://www.mckendricks.com/,your@company.com,Very Expensive,4.4,,White tablecloths set the mood at this sophisticated American chophouse for steak & seafood. | Steak House | Rated 4.4/5 (1020 reviews) | Very expensive / luxury tier,Google Places API (New)
C. Ellet's Steakhouse,"2605 Circle 75 Pkwy Ste 400, Atlanta, GA 30339, USA",Atlanta,GA,(678) 996-5344,http://c-ellets.com/,lyndsey@c-ellets.com,Expensive,4.2,,"Top-tier steak, cocktails & classic fare served in an elegant space with a walk-up oyster window. | Steak House | Rated 4.2/5 (1113 reviews) | Expensive / upscale tier",Google Places API (New)
Fogo de Chão Brazilian Steakhouse,"4671 Ashford Dunwoody Rd, Dunwoody, GA 30346, USA",Dunwoody,GA,(678) 691-7268,https://fogodechao.com/location/dunwoody/,,Expensive,4.6,,Upscale Brazilian chain for all-you-can-eat meat carved tableside plus an extensive salad bar. | Brazilian Restaurant | Rated 4.6/5 (10541 reviews) | Expensive / upscale tier,Google Places API (New)
Ruth's Chris Steak House,"Embassy Suites Hotel, 3285 Peachtree Rd NE, Atlanta, GA 30305, USA",Atlanta,GA,(404) 365-0660,https://ruthschris.net/atlanta-buckhead/,,Very Expensive,4.4,,"Outpost of upmarket steakhouse chain known for sizzling, butter-topped beef in an elegant setting | Steak House | Rated 4.4/5 (2065 reviews) | Very expensive / luxury tier",Google Places API (New)
Sear,"265 Peachtree Center Ave NE, Atlanta, GA 30303, USA",Atlanta,GA,(404) 586-6134,https://www.marriott.com/en-us/hotels/atlmq-atlanta-marriott-marquis/dining/marquis-dining/sear/?scid=feed67b0-9a2f-4de1-8df6-114544116108,,Expensive,4.1,,Big eatery with open kitchen at the Marriott Marquis hotel specializing in seared steaks & seafood. | Seafood Restaurant | Rated 4.1/5 (366 reviews) | Expensive / upscale tier,Google Places API (New)
Houston's,"3539 Northside Pkwy NW, Atlanta, GA 30327, USA",Atlanta,GA,(404) 262-7130,https://houstons.com/locations/atlanta-westpaces/,,Expensive,4.3,,American Restaurant | Rated 4.3/5 (2665 reviews) | Expensive / upscale tier,Google Places API (New)
Circa 1875 Bistro,"48 Whitaker St, Savannah, GA 31401, USA",Savannah,GA,(912) 438-6507,http://circa1875.com/,info@circa1875.com,Expensive,4.4,,Dual venue featuring a casual pub & sit-down Parisian bistro in vintage environs with a wine cellar. | American Restaurant | Rated 4.4/5 (1090 reviews) | Expensive / upscale tier,Google Places API (New)
The Olde Pink House,"23 Abercorn St, Savannah, GA 31401, USA",Savannah,GA,(912) 232-4286,http://theoldepinkhouserestaurant.com/,craigjeffress@aol.com,Expensive,4.6,,Inventive Southern cuisine served in an elegant Colonial mansion & live music in the cellar tavern. | American Restaurant | Rated 4.6/5 (10575 reviews) | Expensive / upscale tier,Google Places API (New)
Garibaldi Savannah,"315 W Congress St, Savannah, GA 31401, USA",Savannah,GA,(912) 232-7118,http://garibaldisavannah.com/,,Expensive,4.4,,Refined Italian dishes with seafood leanings are showcased in a romantic former firehouse. | Seafood Restaurant | Rated 4.4/5 (1390 reviews) | Expensive / upscale tier,Google Places API (New)
The Grey,"109 Martin Luther King Jr Blvd, Savannah, GA 31401, USA",Savannah,GA,(912) 662-5999,http://www.thegreyrestaurant.com/,info@thegreyrestaurant.com,Very Expensive,4.4,,American Restaurant | Rated 4.4/5 (2702 reviews) | Very expensive / luxury tier,Google Places API (New)
Alligator Soul Restaurant,"114 Barnard St, Savannah, GA 31401, USA",Savannah,GA,(912) 232-7899,http://alligatorsoul.com/,alligatorsoulevents@gmail.com,Very Expensive,4.6,,"Once a basement grain warehouse, this intimate Southern eatery uses organic & local ingredients. | American Restaurant | Rated 4.6/5 (2387 reviews) | Very expensive / luxury tier",Google Places API (New)
Noble Fare,"321 Jefferson St, Savannah, GA 31401, USA",Savannah,GA,(912) 443-3210,https://www.noblefare.com/,jenny@noblefare.com,Expensive,4.5,,"Sophisticated New American dishes, wine & cocktails offered in a cozy, classy setting. | Fine Dining Restaurant | Rated 4.5/5 (403 reviews) | Expensive / upscale tier",Google Places API (New)
Husk Savannah,"12 W Oglethorpe Ave, Savannah, GA 31401, USA",Savannah,GA,(912) 349-2600,http://husksavannah.com/,,Expensive,4.4,,Ingredient-driven Southern fare & cocktails served in a landmark mansion with porch seating. | American Restaurant | Rated 4.4/5 (2065 reviews) | Expensive / upscale tier,Google Places API (New)
Elizabeth's on 37th,"105 E 37th St, Savannah, GA 31401, USA",Savannah,GA,(912) 236-5547,https://www.elizabethon37threstaurant.com/,info@elizabethon37threstuarant.com,Very Expensive,4.7,,"Fine dining with a focus on local seafood & seasonal produce in an elegant, circa-1900 mansion. | Restaurant | Rated 4.7/5 (1168 reviews) | Very expensive / luxury tier",Google Places API (New)
Rocks on the Roof,"The Bohemian Hotel Savannah Riverfront, 102 W Bay St, Savannah, GA 31401, USA",Savannah,GA,(912) 721-3900,https://www.kesslercollection.com/bohemian-savannah/dining/#roof,,Expensive,4.3,,"Swanky drinks, small plates & a fire pit star at this chic top-floor hot spot in the Bohemian Hotel. | Bar | Rated 4.3/5 (2289 reviews) | Expensive / upscale tier",Google Places API (New)
Chart House,"202 W Bay St, Savannah, GA 31401, USA",Savannah,GA,(912) 234-6686,https://www.chart-house.com/location/chart-house-savannah-ga/,,Expensive,4.1,,High-end chain eatery serving seafood & steakhouse fare in a classy setting with views. | Seafood Restaurant | Rated 4.1/5 (2142 reviews) | Expensive / upscale tier,Google Places API (New)
Ruth's Chris Steak House,"111 W Bay St, Savannah, GA 31401, USA",Savannah,GA,(912) 721-4800,https://www.ruthschrisphg.com/savannah,,Very Expensive,4.5,,"Outpost of upmarket steakhouse chain known for sizzling, butter-topped beef in an elegant setting | Restaurant | Rated 4.5/5 (4100 reviews) | Very expensive / luxury tier",Google Places API (New)
Belford's Savannah Seafood & Steaks,"315 W Saint Julian Street, Savannah, GA 31401, USA",Savannah,GA,(912) 233-2626,http://www.belfordssavannah.com/,,Expensive,4.2,,"High-end steaks, seafood, pasta & cocktails turned out in an airy, turn-of-the-century brick locale. | Steak House | Rated 4.2/5 (2020 reviews) | Expensive / upscale tier",Google Places API (New)
22 Square Restaurant & Bar,"14 Barnard St, Savannah, GA 31401, USA",Savannah,GA,(912) 233-2116,http://savannah.andaz.hyatt.com/en/hotel/dining/22SquareRestaurant.html,,Expensive,4.2,,Eatery in the Andaz Hotel featuring simple country decor & locally driven modern Southern cuisine. | American Restaurant | Rated 4.2/5 (302 reviews) | Expensive / upscale tier,Google Places API (New)
The Perch,"1110 Bull St, Savannah, GA 31401, USA",Savannah,GA,(912) 790-9000,https://www.local11ten.com/perch,,Expensive,4.6,,"Local 11 Ten’s rooftop lounge serves cocktails, wine & bar bites in posh environs beneath oak trees. | Restaurant | Rated 4.6/5 (70 reviews) | Expensive / upscale tier",Google Places API (New)
Melting Pot,"232 E Broughton St, Savannah, GA 31401, USA",Savannah,GA,(912) 349-5676,https://www.meltingpot.com/savannah-ga/,,Expensive,4.7,,"Fondue restaurant chain offering heated pots of cheese, chocolate or broth for dipping & cooking. | Fondue Restaurant | Rated 4.7/5 (3152 reviews) | Expensive / upscale tier",Google Places API (New)
Cohen's Retreat,"5715 Skidaway Rd, Savannah, GA 31406, USA",Savannah,GA,(912) 355-3336,https://cohensretreat.com/,,Expensive,4.5,,American Restaurant | Rated 4.5/5 (662 reviews) | Expensive / upscale tier,Google Places API (New)
River House,"1 Village Park Square, Bluffton, SC 29910, USA",Bluffton,SC,(843) 706-6542,https://www.montage.com/palmettobluff/dining/river-house/,,Expensive,4.8,,"Local, organic New American fare is the draw at this elegant restaurant with water views & a patio. | Restaurant | Rated 4.8/5 (159 reviews) | Expensive / upscale tier",Google Places API (New)
Alexander's Restaurant & Wine Bar,"76 Queens Folly Rd, Hilton Head Island, SC 29928, USA",Hilton Head Island,SC,(855) 706-4319,https://www.alexandersrestaurant.com/?utm_campaign=GoogleBusiness&utm_medium=local&utm_source=Google&utm_content=Alexanders&__trackcampaign=8557064319,info@alexandersrestaurant.com,Expensive,4.4,,"Elevated takes on seafood & hearty mains in sophisticated, airy surrounds on the water. | Restaurant | Rated 4.4/5 (1045 reviews) | Expensive / upscale tier",Google Places API (New)
The Pearl Kitchen & Bar,"55 Calhoun St, Bluffton, SC 29910, USA",Bluffton,SC,(843) 757-5511,http://www.thepearlbluffton.com/,info@thepearlbluffton.com,Expensive,4.5,,"Casual restaurant & bar offering coastal seafood dishes & grilled fare, with front porch seating. | Restaurant | Rated 4.5/5 (577 reviews) | Expensive / upscale tier",Google Places API (New)
The Bluffton Room,"15 Promenade St, Bluffton, SC 29910, USA",Bluffton,SC,(843) 757-3525,http://www.theblufftonroom.com/,,Expensive,4.7,,"Inspired American cuisine & cocktails in a modern, rustic setting with open-air bar & patio. | American Restaurant | Rated 4.7/5 (427 reviews) | Expensive / upscale tier",Google Places API (New)
FARM Bluffton,"1301 May River Rd, Bluffton, SC 29910, USA",Bluffton,SC,(843) 707-2041,http://farmbluffton.com/,info@farmbluffton.com,Expensive,4.7,,"Rustic-chic pick for seasonal Southern fare with wine & craft cocktails in snug, bustling digs. | American Restaurant | Rated 4.7/5 (838 reviews) | Expensive / upscale tier",Google Places API (New)
Toni Steakhouse,"110 Eisenhower Dr, Savannah, GA 31406, USA",Savannah,GA,(912) 691-8748,http://tonisteakhouse.com/,,Expensive,3.9,,"Intimate, family-run outfit with booth & bar seating & a classic menu of steaks, seafood & pasta. | Steak House | Rated 3.9/5 (1245 reviews) | Expensive / upscale tier",Google Places API (New)
The Steakhouse on Whitemarsh Island,"4700 US-80 Ste P, Savannah, GA 31410, USA",Savannah,GA,(912) 777-7907,http://www.thesteakhousewhitemarsh.com/,typesetit@att.net,Expensive,4.3,,Steak House | Rated 4.3/5 (237 reviews) | Expensive / upscale tier,Google Places API (New)
Jean-Georges Philadelphia,"One N 19th St, Philadelphia, PA 19103, USA",Philadelphia,PA,(215) 419-5057,https://www.jean-georgesphiladelphia.com/?utm_source=google&utm_medium=organicsearch&utm_campaign=tor-phi-fab-mid-seo-na&utm_content=na-na&utm_term=na,,Very Expensive,4.5,,Artful New American fare & sweeping views offered in a luxe space on the Four Season's 59th floor. | Restaurant | Rated 4.5/5 (818 reviews) | Very expensive / luxury tier,Google Places API (New)
Butcher and Singer,"1500 Walnut St, Philadelphia, PA 19102, USA",Philadelphia,PA,(215) 732-4444,https://butcherandsinger.com/?utm_source=GoogleBusinessProfile&utm_medium=Website&utm_campaign=MapLabs,butcherandsinger.info@starr-restaurants.com,Very Expensive,4.6,,Trendy take on an Old Hollywood chophouse offering classic surf 'n' turf plus a raw bar & cocktails. | Restaurant | Rated 4.6/5 (2430 reviews) | Very expensive / luxury tier,Google Places API (New)
Talula's Garden,"210 W Washington Square, Philadelphia, PA 19106, USA",Philadelphia,PA,(215) 592-7787,http://www.talulasgarden.com/?utm_source=Google%20My%20Business&utm_medium=Website%20Button,talulas.info@starr-restaurants.com,Expensive,4.8,,High-end charmer crafts seasonal American cuisine in a chic farmhouse setting with a summer garden. | Restaurant | Rated 4.8/5 (3023 reviews) | Expensive / upscale tier,Google Places API (New)
The Love.,"130 S 18th St, Philadelphia, PA 19103, USA",Philadelphia,PA,(215) 433-1555,https://theloverestaurant.com/?utm_source=GoogleBusinessProfile&utm_medium=Website&utm_campaign=MapLabs,thelove.info@starr-restaurants.com,Expensive,4.6,,Upscale destination from Aimee Olexy and Stephen Starr featuring seasonal American fare | Restaurant | Rated 4.6/5 (1950 reviews) | Expensive / upscale tier,Google Places API (New)
Barclay Prime,"237 S 18th St, Philadelphia, PA 19103, USA",Philadelphia,PA,(215) 732-7560,http://www.barclayprime.com/?utm_source=GoogleBusinessProfile&utm_medium=Website&utm_campaign=MapLabs,barclayprime.info@starr-restaurant.com,Very Expensive,4.7,,High-end steakhouse & lounge from chef Stephen Starr in a contemporary library setting. | Restaurant | Rated 4.7/5 (1711 reviews) | Very expensive / luxury tier,Google Places API (New)
Morimoto,"723 Chestnut St, Philadelphia, PA 19106, USA",Philadelphia,PA,(215) 413-9070,https://morimotorestaurant.com/?utm_source=GoogleBusinessProfile&utm_medium=Website&utm_campaign=MapLabs,morimoto.info@starr-restaurants.com,Very Expensive,4.6,,"Omakase & other Japanese creations emerge from an Iron Chef in a sleek, color-changing setting. | Restaurant | Rated 4.6/5 (2457 reviews) | Very expensive / luxury tier",Google Places API (New)
Del Frisco's Double Eagle Steakhouse,"1428-1432 Chestnut St, Philadelphia, PA 19102, USA",Philadelphia,PA,(215) 246-0533,https://www.delfriscos.com/location/del-friscos-double-eagle-steakhouse-philadelphia-pa/,,Very Expensive,4.5,,Opulently outfitted chain restaurant specializing in prime steaks & seafood along with fine wines. | Steak House | Rated 4.5/5 (4083 reviews) | Very expensive / luxury tier,Google Places API (New)
Lacroix Restaurant at The Rittenhouse,"210 W Rittenhouse Square, Philadelphia, PA 19103, USA",Philadelphia,PA,(215) 790-2533,https://www.lacroixrestaurant.com/,info@rittenhousehotel.com,Very Expensive,4.4,,"Stately refuge with a global menu, plus famed chef's table, a tasting menu with kitchen seating. | Restaurant | Rated 4.4/5 (353 reviews) | Very expensive / luxury tier",Google Places API (New)
Alpen Rose,"116 S 13th St, Philadelphia, PA 19107, USA",Philadelphia,PA,(215) 600-0709,https://www.alpenrosephl.com/,sem@goldengatesem.com,Very Expensive,4.6,,Cozy restaurant with a sophisticated ambiance specializing in classic steak dishes. | Steak House | Rated 4.6/5 (840 reviews) | Very expensive / luxury tier,Google Places API (New)
Ocean Prime,"124 S 15th St, Philadelphia, PA 19102, USA",Philadelphia,PA,(215) 563-0163,https://www.ocean-prime.com/locations-menus/philadelphia,,Expensive,4.5,,"Upscale chain known for its sophisticated decor, long wine list & classic steak & seafood menu. | Seafood Restaurant | Rated 4.5/5 (2083 reviews) | Expensive / upscale tier",Google Places API (New)
The Capital Grille,"1338-46 Chestnut St, Philadelphia, PA 19107, USA",Philadelphia,PA,(215) 545-9588,https://www.thecapitalgrille.com/locations/pa/philadelphia/philadelphia/8013?cmpid=br:tcg_ag:ie_ch:loc_ca:TCGGMB_sn:gmb_gt:philadelphia-pa-8013_pl:locurl_rd:1010,,Very Expensive,4.6,,"Outpost of the upscale steakhouse chain offers classic American fare & a clubby, refined setting. | Fine Dining Restaurant | Rated 4.6/5 (2321 reviews) | Very expensive / luxury tier",Google Places API (New)
Restaurant Aleksandar,"126 S 19th St, Philadelphia, PA 19103, USA",Philadelphia,PA,(215) 279-7738,http://www.restaurantaleksandar.com/,eat@restaurantaleksandar.com,Expensive,4.1,,European Restaurant | Rated 4.1/5 (363 reviews) | Expensive / upscale tier,Google Places API (New)
Fork,"306 Market St, Philadelphia, PA 19106, USA",Philadelphia,PA,(215) 625-9425,http://www.forkrestaurant.com/,waretz@hotmail.com,Very Expensive,4.5,,Sophisticated New American cuisine that includes a popular brunch served amid sleek modern decor. | Restaurant | Rated 4.5/5 (1212 reviews) | Very expensive / luxury tier,Google Places API (New)
Zahav,"237 St James Pl, Philadelphia, PA 19106, USA",Philadelphia,PA,(215) 625-8800,http://www.zahavrestaurant.com/,,Expensive,4.6,,Casual restaurant where modern techniques elevate a traditional Israeli menu. | Israeli Restaurant | Rated 4.6/5 (3077 reviews) | Expensive / upscale tier,Google Places API (New)
Vetri Cucina,"1312 Spruce St, Philadelphia, PA 19107, USA",Philadelphia,PA,(215) 732-3478,http://www.vetricucina.com/,vetri@vetricucina.com,Very Expensive,4.8,,Beer or wine can be paired with a gourmet prix fixe dinner in an intimate townhouse setting. | Italian Restaurant | Rated 4.8/5 (849 reviews) | Very expensive / luxury tier,Google Places API (New)
Harp & Crown,"1525 Sansom St, Philadelphia, PA 19102, USA",Philadelphia,PA,(215) 330-2800,https://harpcrown.com/,harpandcrowninfo@schulson.com,Expensive,4.5,,"A beautiful, bi-level space that joins a pair of bars, New American eats & a basement bowling alley. | Gastropub | Rated 4.5/5 (2438 reviews) | Expensive / upscale tier",Google Places API (New)
Buddakan,"325 Chestnut St, Philadelphia, PA 19106, USA",Philadelphia,PA,(215) 574-9440,https://buddakan.com/?utm_source=GoogleBusinessProfile&utm_medium=Website&utm_campaign=MapLabs,buddakan.info@starr-restaurants.com,Expensive,4.6,,Hot spot for upscale Asian fusion dishes in a swanky setting with a giant Buddha & techno tunes. | Restaurant | Rated 4.6/5 (2760 reviews) | Expensive / upscale tier,Google Places API (New)
Vernick Food & Drink,"2031 Walnut St, Philadelphia, PA 19103, USA",Philadelphia,PA,(267) 639-6644,https://www.vernickphilly.com/vernick-food-and-drink,caroline@neighborlyrelations.com,Very Expensive,4.7,,New American eatery in a Rittenhouse brownstone serving upscale large & small plates plus cocktails. | American Restaurant | Rated 4.7/5 (1096 reviews) | Very expensive / luxury tier,Google Places API (New)
Steak 48,"260 S Broad St, Philadelphia, PA 19102, USA",Philadelphia,PA,(215) 552-4848,https://www.steak48.com/steakhouses/philadelphia/?utm_source=google&utm_medium=organic&utm_campaign=gmb,guestservicesphl@steak48.com,Expensive,4.5,,"High-end steakhouse serving prime cuts, seafood & shellfish in an elegant, modern venue. | Steak House | Rated 4.5/5 (1808 reviews) | Expensive / upscale tier",Google Places API (New)
Royal Boucherie,"52 S 2nd St, Philadelphia, PA 19106, USA",Philadelphia,PA,(267) 606-6313,http://www.royalboucherie.com/,,Expensive,4.5,,"Lively French-inspired brasserie with outdoor dining space, plus a bar & a tavern area. | French Restaurant | Rated 4.5/5 (881 reviews) | Expensive / upscale tier",Google Places API (New)
Laser Wolf,"1301 N Howard St, Philadelphia, PA 19122, USA",Philadelphia,PA,(267) 499-4660,http://laserwolfphilly.com/,,Expensive,4.6,,Charcoal-grilled meats & veggie sides are served in this fashionable Israeli restaurant/bar. | Middle Eastern Restaurant | Rated 4.6/5 (1126 reviews) | Expensive / upscale tier,Google Places API (New)
Bistro Romano,"120 Lombard St, Philadelphia, PA 19147, USA",Philadelphia,PA,(215) 925-8880,http://www.bistroromano.com/,,Expensive,4.6,,This intimate Italian eatery with a rustic vibe features a wine cellar & piano bar. | Italian Restaurant | Rated 4.6/5 (1095 reviews) | Expensive / upscale tier,Google Places API (New)
Le Virtù,"1927 Passyunk Ave, Philadelphia, PA 19148, USA",Philadelphia,PA,(215) 271-5626,http://www.levirtu.com/,,Expensive,4.6,,"Cuisine of Italy's Abruzzo region showcased via pasta & salumi, plus warm-weather garden seating. | Italian Restaurant | Rated 4.6/5 (554 reviews) | Expensive / upscale tier",Google Places API (New)
At The Table,"118 W Lancaster Ave, Wayne, PA 19087, USA",Wayne,PA,(610) 964-9700,http://www.atthetablewayne.com/,info@atthetablewayne.com,Expensive,4.6,,Elevated New American BYO offers creatively rendered tasting menus in an unpretentious setting. | Fine Dining Restaurant | Rated 4.6/5 (256 reviews) | Expensive / upscale tier,Google Places API (New)
Osteria,"640 N Broad St, Philadelphia, PA 19130, USA",Philadelphia,PA,(215) 763-0920,https://www.osteriaphilly.com/,osteriacontact@amicihospitality.com,Expensive,4.5,,"Seasonal Italian menu of homemade pastas, thin-crust pizzas & wood-grilled meats in a rustic space. | Italian Restaurant | Rated 4.5/5 (1496 reviews) | Expensive / upscale tier",Google Places API (New)
La Famiglia Ristorante,"8 S Front St, Philadelphia, PA 19106, USA",Philadelphia,PA,(215) 922-2803,https://lafamiglia.com/,,Expensive,4.6,,An elegant room sets the scene for classic Italian dishes at this Old World-style restaurant. | Italian Restaurant | Rated 4.6/5 (436 reviews) | Expensive / upscale tier,Google Places API (New)
Autograph Brasserie,"503 W Lancaster Ave, Wayne, PA 19087, USA",Wayne,PA,(610) 964-2588,https://autographbrasserie.com/,info@autographbrasserie.com,Expensive,4.6,,Vintage vinyl & celeb photos cover the walls at this classy eatery serving a diverse American menu. | American Restaurant | Rated 4.6/5 (1194 reviews) | Expensive / upscale tier,Google Places API (New)
Giuseppe & Sons,"1523 Sansom St, Philadelphia, PA 19102, USA",Philadelphia,PA,(215) 399-9199,https://giuseppesons.com/,giuseppeinfo@schulson.com,Expensive,4.4,,"Moody, dimly-lit Italian restaurant serving red-sauce classics, handmade pasta, seafood & cocktails. | Italian Restaurant | Rated 4.4/5 (1363 reviews) | Expensive / upscale tier",Google Places API (New)
Amada Philadelphia,"217-219 Chestnut St, Philadelphia, PA 19106, USA",Philadelphia,PA,(215) 625-2450,https://philadelphia.amadarestaurant.com/?utm_source=Facebook&utm_medium=Social&utm_campaign=1SEO_SM_FBPage,,Expensive,4.5,,Spanish Restaurant | Rated 4.5/5 (2403 reviews) | Expensive / upscale tier,Google Places API (New)
Panorama - Wine & Bar,"14 N Front St, Philadelphia, PA 19106, USA",Philadelphia,PA,(215) 922-7800,https://www.panoramawinebar.com/,,Expensive,4.4,,Old City staple for Northern Italian cuisine & by-the-glass wine in the Penn’s View Hotel. | Italian Restaurant | Rated 4.4/5 (664 reviews) | Expensive / upscale tier,Google Places API (New)
Estia Restaurant,"1405-07 Locust St, Philadelphia, PA 19102, USA",Philadelphia,PA,(215) 735-7700,http://www.estiarestaurant.com/,,Expensive,4.5,,"This stylish, multiroom Greek eatery specializes in whole fish flown in from the Mediterranean. | Greek Restaurant | Rated 4.5/5 (1875 reviews) | Expensive / upscale tier",Google Places API (New)
Spice Finch,"220 S 17th St, Philadelphia, PA 19103, USA",Philadelphia,PA,(215) 309-2238,http://www.spicefinchphilly.com/,,Expensive,4.4,,"Mediterranean menu with a lively bar, creative cocktails, & elevated mid-century interior details. | Mediterranean Restaurant | Rated 4.4/5 (976 reviews) | Expensive / upscale tier",Google Places API (New)
Saloon Restaurant,"750 S 7th St, Philadelphia, PA 19147, USA",Philadelphia,PA,(215) 627-1811,https://www.saloonrestaurant.net/,,Expensive,4.7,,This Italian kitchen & chophouse serves patrons in a richly appointed setting full of antiques. | Italian Restaurant | Rated 4.7/5 (865 reviews) | Expensive / upscale tier,Google Places API (New)
Assembly Rooftop Lounge,"1840 Benjamin Franklin Pkwy, Philadelphia, PA 19103, USA",Philadelphia,PA,(215) 783-4171,https://www.assemblyrooftop.com/,,Expensive,4.2,,"Elegant hotel bar with classy cocktails, sweeping city views & outdoor seating with fire pits. | Restaurant | Rated 4.2/5 (942 reviews) | Expensive / upscale tier",Google Places API (New)
a.kitchen+bar,"135 S 18th St, Philadelphia, PA 19103, USA",Philadelphia,PA,(215) 825-7030,http://www.akitchenandbar.com/,akitchen@stayaka.com,Expensive,4.5,,This stylish American bistro offers seasonal small plates & craft beers in a white-oak-lined space. | Restaurant | Rated 4.5/5 (770 reviews) | Expensive / upscale tier,Google Places API (New)
Fleming’s Prime Steakhouse & Wine Bar,"555 E Lancaster Ave Ste 10, Radnor, PA 19087, USA",Radnor,PA,(610) 688-9463,https://www.flemingssteakhouse.com/Locations/PA/Radnor?y_source=1_MTU1MDMxODItNzE1LWxvY2F0aW9uLndlYnNpdGU%3D,,Very Expensive,4.5,,High-end steakhouse chain with aged prime beef & classics such as lobster tails. | Steak House | Rated 4.5/5 (1224 reviews) | Very expensive / luxury tier,Google Places API (New)
Eddie V's Prime Seafood,"670 W Dekalb Pike, King of Prussia, PA 19406, USA",King of Prussia,PA,(610) 337-7823,https://www.eddiev.com/locations/pa/king-of-prussia/king-of-prussia/8522?cmpid=br:ev_ag:ie_ch:loc_ca:EVGMB_sn:gmb_gt:king-of-prussia-pa-8522_pl:locurl_rd:1021,,Very Expensive,4.7,,"Elegant fine-dining chain with a seafood & steak menu, plus a cocktail lounge featuring live jazz | Seafood Restaurant | Rated 4.7/5 (2189 reviews) | Very expensive / luxury tier",Google Places API (New)
The Capital Grille,"236 Mall Blvd, King of Prussia, PA 19406, USA",King of Prussia,PA,(610) 265-1415,https://www.thecapitalgrille.com/locations/pa/king-of-prussia/king-of-prussia/8043?cmpid=br:tcg_ag:ie_ch:loc_ca:TCGGMB_sn:gmb_gt:king-of-prussia-pa-8043_pl:locurl_rd:1038,,Very Expensive,4.7,,"Outpost of the upscale steakhouse chain offers classic American fare & a clubby, refined setting. | Fine Dining Restaurant | Rated 4.7/5 (2205 reviews) | Very expensive / luxury tier",Google Places API (New)
Vedge,"1221 Locust St, Philadelphia, PA 19107, USA",Philadelphia,PA,(215) 320-7500,http://www.vedgerestaurant.com/,contact@vedgerestaurant.com,Expensive,4.8,,Restaurant serving inventive vegan & vegetarian small plates in a charming old mansion. | Vegan Restaurant | Rated 4.8/5 (1762 reviews) | Expensive / upscale tier,Google Places API (New)
The Farmer's Daughter Bar & Restaurant,"1401 Morris Rd, Blue Bell, PA 19422, USA",Blue Bell,PA,(215) 616-8300,http://www.farmersdaughterpa.com/,inquiries@hansen-properties.com,Expensive,4.4,,"Modern cafe & lounge with luxe, farm-inspired touches for locally sourced New American cuisine. | American Restaurant | Rated 4.4/5 (926 reviews) | Expensive / upscale tier",Google Places API (New)
Urban Farmer Philadelphia,"1850 Benjamin Franklin Pkwy, Philadelphia, PA 19103, USA",Philadelphia,PA,(215) 963-2788,https://www.urbanfarmersteakhouse.com/,,Expensive,4.3,,"Colorful farm-to-table steakhouse featuring local ingredients, heritage beef & craft spirits. | Steak House | Rated 4.3/5 (1674 reviews) | Expensive / upscale tier",Google Places API (New)
Rittenhouse Grill,"1701 Locust St, Philadelphia, PA 19103, USA",Philadelphia,PA,(215) 772-1701,https://rittenhousegrill.com/,contactus@rittenhousegrill.com,Expensive,4.5,,"Steak & seafood in a swank supper-club setting with black walls, leopard-print carpet & piano music. | Steak House | Rated 4.5/5 (676 reviews) | Expensive / upscale tier",Google Places API (New)
Dante & Luigi's,"762 S 10th St, Philadelphia, PA 19147, USA",Philadelphia,PA,(215) 922-9501,http://www.danteandluigis.com/,,Expensive,4.7,,Old-world Italian cuisine like red-sauce pasta & osso buco served in 2 converted townhouses. | Italian Restaurant | Rated 4.7/5 (1127 reviews) | Expensive / upscale tier,Google Places API (New)
McCormick & Schmick's Seafood & Steaks,"1 S Broad St, Philadelphia, PA 19107, USA",Philadelphia,PA,(215) 568-6888,https://www.mccormickandschmicks.com/location/mccormick-schmicks-seafood-steaks-philadelphia-pa/,,Expensive,4,,Upscale steak & seafood chain known for its clubby environs & happy hour. | Restaurant | Rated 4/5 (2314 reviews) | Expensive / upscale tier,Google Places API (New)
The ChopHouse,"4 Lakeview Dr S, Gibbsboro, NJ 08026, USA",Gibbsboro,NJ,(856) 566-7300,https://www.thechophouse.us/,,Very Expensive,4.5,,"Romantic lakeside restaurant featuring upscale American cuisine, a full bar & a deck with fire pits. | Restaurant | Rated 4.5/5 (1466 reviews) | Very expensive / luxury tier",Google Places API (New)
The Victor Café,"1303 Dickinson St, Philadelphia, PA 19147, USA",Philadelphia,PA,(215) 468-3040,http://victorcafe.com/,,Expensive,4.8,,Classic Italian eats served with a side of opera at spot known for hearty fare & live performances. | Italian Restaurant | Rated 4.8/5 (1891 reviews) | Expensive / upscale tier,Google Places API (New)
Wm. Mulherin’s Sons,"1355 N Front St, Philadelphia, PA 19122, USA",Philadelphia,PA,(215) 291-1355,https://www.wmmulherinssons.com/restaurant?utm_source=google&utm_medium=Local&utm_campaign=Google+My+Business,press@wmmulherinssons.com,Expensive,4.6,,Circa-1900s whiskey distillery-turned-Italian restaurant offering boutique suites with kitchens. | Italian Restaurant | Rated 4.6/5 (1700 reviews) | Expensive / upscale tier,Google Places API (New)
Honey,"42 Shewell Ave, Doylestown, PA 18901, USA",Doylestown,PA,(215) 489-4200,http://www.honeyrestaurant.com/,,Expensive,4.8,,"Creative American small plates may include tea-glazed spare ribs at this intimate, homey bistro. | Restaurant | Rated 4.8/5 (628 reviews) | Expensive / upscale tier",Google Places API (New)
Charlie was a sinner.,"131 S 13th St, Philadelphia, PA 19107, USA",Philadelphia,PA,(267) 758-5372,http://charliewasasinner.com/,inquire@charliewasasinner.com,Expensive,4.5,,"Vegan cafe/bar dishing up creative, plant-based small plates & drinks in sexy, dark environs. | Vegan Restaurant | Rated 4.5/5 (1936 reviews) | Expensive / upscale tier",Google Places API (New)
Perla,"1535 S 11th St, Philadelphia, PA 19147, USA",Philadelphia,PA,(267) 480-0344,http://www.perlaphilly.com/,,Expensive,4.6,,"Petite BYO in a refurbished row house serving creative, contemporary Filipino cuisine. | Filipino Restaurant | Rated 4.6/5 (428 reviews) | Expensive / upscale tier",Google Places API (New)
Adelinas Restaurant & Bar,"8235 Germantown Ave, Philadelphia, PA 19118, USA",Philadelphia,PA,(267) 766-3431,http://www.adelinasitalian.com/,Info@adelinasitalian.com,Expensive,4.3,,Italian Restaurant | Rated 4.3/5 (480 reviews) | Expensive / upscale tier,Google Places API (New)
Rouge,"205 S 18th St, Philadelphia, PA 19103, USA",Philadelphia,PA,(215) 732-6622,http://www.rouge98.com/,events@jmachospitality.com,Expensive,4.2,,"Known for classic burgers, this American eatery offers sidewalk seating for ample people-watching. | American Restaurant | Rated 4.2/5 (830 reviews) | Expensive / upscale tier",Google Places API (New)
Aqimero by Chef Richard Sandoval,"10 Ave Of The Arts, Philadelphia, PA 19102, USA",Philadelphia,PA,(215) 523-8200,https://www.aqimero.com/,hello@aqimero.com,Expensive,4.4,,Chef Richard Sandoval offers grilled cuisine and a huge mezcal selection in a chic hotel lobby of Ritz-Carlton Philadelphia. | Mexican Restaurant | Rated 4.4/5 (1050 reviews) | Expensive / upscale tier,Google Places API (New)
Fogo de Chão Brazilian Steakhouse,"1337 Chestnut St, Philadelphia, PA 19107, USA",Philadelphia,PA,(215) 636-9700,https://fogodechao.com/location/philadelphia/,,Expensive,4.6,,Upscale Brazilian chain for all-you-can-eat meat carved tableside plus an extensive salad bar. | Brazilian Restaurant | Rated 4.6/5 (8433 reviews) | Expensive / upscale tier,Google Places API (New)
General Warren,"9 Old Lancaster Rd, Malvern, PA 19355, USA",Malvern,PA,(610) 296-3637,http://www.generalwarren.com/,info@generalwarren.com,Expensive,4.6,,"Traditional, old-world American eatery with a terrace & fireplace inside a historic boutique hotel. | American Restaurant | Rated 4.6/5 (1009 reviews) | Expensive / upscale tier",Google Places API (New)
Moshulu,"401 S Christopher Columbus Blvd, Philadelphia, PA 19106, USA",Philadelphia,PA,(215) 923-2500,https://www.moshulu.com/,info@moshulu.com,Expensive,4.3,,"Set aboard a historic ship, this floating restaurant offers upscale seafood & steak meals & brunch. | American Restaurant | Rated 4.3/5 (2686 reviews) | Expensive / upscale tier",Google Places API (New)
Riverwinds Restaurant,"1075 Riverwinds Dr, West Deptford, NJ 08086, USA",West Deptford,NJ,(856) 579-7900,http://www.theriverwindsrestaurant.com/,,Expensive,4.4,,American menu heavy on steaks & seafood in a high-capacity venue overlooking the Delaware River. | Restaurant | Rated 4.4/5 (4320 reviews) | Expensive / upscale tier,Google Places API (New)
DePaul's Table Steakhouse,"Corner of Station ave and, 7 E Lancaster Ave, Ardmore, PA 19003, USA",Ardmore,PA,(610) 589-0500,http://depaulstable.com/,specialevents@depaulstable.com,Expensive,4.5,,Steak House | Rated 4.5/5 (581 reviews) | Expensive / upscale tier,Google Places API (New)
Macaroni's,"9315 Old Bustleton Ave, Philadelphia, PA 19115, USA",Philadelphia,PA,(215) 464-3040,https://www.macaronis.net/,,Expensive,4.4,,Prepared-to-order pastas & other Italian-inspired dishes in an intimate dining room setting. | Italian Restaurant | Rated 4.4/5 (1645 reviews) | Expensive / upscale tier,Google Places API (New)
The Capital Grille,"2000 NJ-38, Cherry Hill Township, NJ 08002, USA",Cherry Hill Township,NJ,(856) 665-5252,https://www.thecapitalgrille.com/locations/nj/cherry-hill/cherry-hill/8040?cmpid=br:tcg_ag:ie_ch:loc_ca:TCGGMB_sn:gmb_gt:cherry-hill-nj-8040_pl:locurl_rd:1036,,Very Expensive,4.6,,"Outpost of the upscale steakhouse chain offers classic American fare & a clubby, refined setting. | Fine Dining Restaurant | Rated 4.6/5 (2080 reviews) | Very expensive / luxury tier",Google Places API (New)
Malbec Argentine Steakhouse,"400 S 2nd St, Philadelphia, PA 19147, USA",Philadelphia,PA,(215) 515-3899,http://www.malbecsteakhouse.com/,malbecstk@gmail.com,Expensive,4.5,,"South American steakhouse featuring grilled meats & craft cocktails in a stylish, romantic setting. | Steak House | Rated 4.5/5 (760 reviews) | Expensive / upscale tier",Google Places API (New)
Ruth's Chris Steak House,"1800 Market St, Philadelphia, PA 19103, USA",Philadelphia,PA,(215) 790-1515,https://www.ruthschris.com/locations/pa/philadelphia/philadelphia/7365?cmpid=br:rc_ag:ie_ch:loc_ca:RCGMB_sn:gmb_gt:philadelphia-pa-7365_pl:locurl_rd:1066,,Very Expensive,4.3,,"Outpost of upmarket steakhouse chain known for sizzling, butter-topped beef in an elegant setting | Steak House | Rated 4.3/5 (1878 reviews) | Very expensive / luxury tier",Google Places API (New)
