name,address,city,state,phone,website,email,price_level,rating,signature_dish,unique_qualities,source
Restaurant Facil,"Potsdamer Str. 3, 10785 Berlin, Germany",Berlin,Germany,030 590051234,https://facil.de/de/,welcome@facil.de,Very Expensive,4.8,,"Acclaimed fine-dining spot with large glass windows and minimalist decor, serving a seasonal menu. | Fine Dining Restaurant | Rated 4.8/5 (1260 reviews) | Very expensive / luxury tier",Google Places API (New)
Restaurant Tim Raue,"Rudi-Dutschke-Straße 26, 10969 Berlin-Bezirk Friedrichshain-Kreuzberg, Germany",Berlin,Germany,030 25937930,https://tim-raue.com/,office@tim-raue.com,Very Expensive,4.6,,"Stylish eatery with retro-influenced interiors, banquette seats & aromatic, Asian-inspired cuisine. | Fine Dining Restaurant | Rated 4.6/5 (1519 reviews) | Very expensive / luxury tier",Google Places API (New)
GOLVET,"Potsdamer Str. 58, 10785 Berlin, Germany",Berlin,Germany,030 89064222,https://golvet.de/,info@golvet.de,Very Expensive,4.6,,"Smart, cosmopolitan venture spotlighting refined cuisine with a focus on regional ingredients. | European Restaurant | Rated 4.6/5 (641 reviews) | Very expensive / luxury tier",Google Places API (New)
Hugos,"Budapester Str. 2, 10787 Berlin, Germany",Berlin,Germany,030 26021263,https://www.berlin.intercontinental.com/de/dine/hugos-restaurant/,hugos@ihg.com,Very Expensive,4.7,,"Chic, 14th-floor dining space with panoramic city views & creative cuisine by chef Eberhard Lange. | Fine Dining Restaurant | Rated 4.7/5 (354 reviews) | Very expensive / luxury tier",Google Places API (New)
Bandol sur mer,"Torstraße 167, 10115 Berlin, Germany",Berlin,Germany,030 67302051,http://www.bandolsurmer.de/,mail@bandolsurmer.com,Very Expensive,4.9,,"Industrial-chic haunt with an open kitchen, offering multicourse fine dining menus. | Fine Dining Restaurant | Rated 4.9/5 (356 reviews) | Very expensive / luxury tier",Google Places API (New)
Skykitchen,"Landsberger Allee 106, 10369 Berlin-Bezirk Lichtenberg, Germany",Berlin,Germany,030 4530532620,https://skykitchen.berlin/,info@skykitchen.berlin,Very Expensive,4.7,,Innovative global dishes & sweeping city views from a sleek 12th-floor space with edgy decor. | Fine Dining Restaurant | Rated 4.7/5 (640 reviews) | Very expensive / luxury tier,Google Places API (New)
LOUMI,"Ritterstraße 2, 10969 Berlin, Germany",Berlin,Germany,,https://www.loumi-dining.com/,hello@loumi-berlin.com,Very Expensive,4.8,,Fine Dining Restaurant | Rated 4.8/5 (209 reviews) | Very expensive / luxury tier,Google Places API (New)
Patio,"Kirchstraße, Ecke, Helgoländer Ufer 13 a, 10557 Berlin, Germany",Berlin,Germany,030 40301700,https://www.patio-berlin.de/,,Very Expensive,4.7,,Upscale restaurant featuring local ingredients on a riverside ship with close-up views of the Spree. | Fine Dining Restaurant | Rated 4.7/5 (1051 reviews) | Very expensive / luxury tier,Google Places API (New)
Lorenz Adlon Esszimmer,"Unter den Linden 77, 10117 Berlin, Germany",Berlin,Germany,030 22611960,https://www.kempinski.com/en/hotel-adlon/restaurants-bars/lorenz-adlon-esszimmer?utm_medium=organic&utm_source=google&utm_campaign=KIBER2&utm_content=gmb&source=S308962248,lorenz.adlon@kempinski.com,Very Expensive,4.6,,"Elegant restaurant with creative cuisine, as well as views of the Brandenburg Gate. | Fine Dining Restaurant | Rated 4.6/5 (224 reviews) | Very expensive / luxury tier",Google Places API (New)
NENI Berlin,"Budapester Str. 40, 10787 Berlin-Bezirk Charlottenburg-Wilmersdorf, Germany",Berlin,Germany,030 120221201,https://nenifood.com/restaurants/berlin,beispiel@beispielpostfach.de,Expensive,4.3,,"Creative Mediterranean dishes in a modern, light-filled space with sweeping views of the city & zoo. | Mediterranean Restaurant | Rated 4.3/5 (4777 reviews) | Expensive / upscale tier",Google Places API (New)
Nobelhart & Schmutzig,"Friedrichstraße 218, 10969 Berlin-Bezirk Friedrichshain-Kreuzberg, Germany",Berlin,Germany,030 25940610,https://nobelhartundschmutzig.com/,,Very Expensive,4.3,,"Elevated locale for innovative, high-end 10-course meals made only from local ingredients. | Fine Dining Restaurant | Rated 4.3/5 (1052 reviews) | Very expensive / luxury tier",Google Places API (New)
Cookies Cream,"Behrenstraße 55, 10117 Berlin, Germany",Berlin,Germany,030 680730448,https://cookiescream.com/de/?utm_source=gbm&utm_medium=organic,cream@cookiescream.com,Very Expensive,4.7,,Innovative plant-based dishes like seaweed caviar at a renowned venue accessed via an alleyway. | Fine Dining Restaurant | Rated 4.7/5 (1452 reviews) | Very expensive / luxury tier,Google Places API (New)
Restaurant Dae Mon,"Monbijoupl. 11, 10178 Berlin, Germany",Berlin,Germany,030 26304811,https://dae-mon.com/,mail@dae-mon.com,Very Expensive,4.8,,"Moody dining room with pops of color, offering high-end Asian fusion & a 7-course tasting menu. | Fusion Restaurant | Rated 4.8/5 (810 reviews) | Very expensive / luxury tier",Google Places API (New)
Katz Orange,"Bergstraße 22, 10115 Berlin, Germany",Berlin,Germany,030 983208430,http://www.katzorange.com/,info@katzorange.com,Expensive,4.5,,"Laid-back eatery with exposed brickwork, sofas & an international menu made with seasonal produce. | German Restaurant | Rated 4.5/5 (2984 reviews) | Expensive / upscale tier",Google Places API (New)
Le Faubourg,"Augsburger Str. 41, 10789 Berlin-Bezirk Charlottenburg-Wilmersdorf, Germany",Berlin,Germany,030 8009997700,https://lefaubourg.berlin/,lefaubourg@dorint.com,Expensive,4.5,,"French restaurant serving diverse, seasonal menus for lunch & dinner in a casual-chic setting. | French Restaurant | Rated 4.5/5 (373 reviews) | Expensive / upscale tier",Google Places API (New)
tulus lotrek,"Fichtestraße 24, 10967 Berlin, Germany",Berlin,Germany,030 41956687,https://www.tuluslotrek.de/,mail@tuluslotrek.de,Very Expensive,4.8,,"Inventive, multi-course menus & a huge global wine list in a contemporary space with rustic flair. | Fine Dining Restaurant | Rated 4.8/5 (633 reviews) | Very expensive / luxury tier",Google Places API (New)
CODA,"Friedelstraße 47, 12047 Berlin-Bezirk Neukölln, Germany",Berlin,Germany,030 91496396,https://coda-berlin.com/,your@email.address,Very Expensive,4.6,,"Stylish specialist venue for artfully designed & presented desserts, plus wine pairings & cocktails. | Fine Dining Restaurant | Rated 4.6/5 (757 reviews) | Very expensive / luxury tier",Google Places API (New)
Ganymed Brasserie,"Schiffbauerdamm 5, 10117 Berlin, Germany",Berlin,Germany,030 28599046,https://www.ganymed-brasserie.de/,reservierung@ganymed-brasserie.de,Expensive,4.7,,Traditional eatery in a building from the 1880s with a French menu & seating on a riverside terrace. | French Restaurant | Rated 4.7/5 (1789 reviews) | Expensive / upscale tier,Google Places API (New)
Katerschmaus,"Holzmarktstraße 25, 10243 Berlin-Bezirk Friedrichshain-Kreuzberg, Germany",Berlin,Germany,01522 9413262,http://www.katerschmaus.de/,reservation@katerschmaus.de,Expensive,4.5,,"Stylishly presented grilled meats & fish dishes, plus Spree River views from outside tables. | Restaurant | Rated 4.5/5 (1359 reviews) | Expensive / upscale tier",Google Places API (New)
Pantry,"Friedrichstraße 120, 10117 Berlin, Germany",Berlin,Germany,030 28091113,http://www.pantry-berlin.com/,mail@pantry-berlin.com,Expensive,4.8,,"Innovative cuisine melding European & Asian flavors, plus creative cocktails, in a low-lit space. | Restaurant | Rated 4.8/5 (1120 reviews) | Expensive / upscale tier",Google Places API (New)
Rutz Zollhaus,"Carl-Herz-Ufer 30, 10961 Berlin, Germany",Berlin,Germany,030 233276670,https://rutz-zollhaus.de/,info@rutz-zollhaus.de,Very Expensive,4.6,,"Elevated regional dishes & steaks, plus a long list of wines, in a historic canalside building. | German Restaurant | Rated 4.6/5 (757 reviews) | Very expensive / luxury tier",Google Places API (New)
Bieberbau,"Durlacher Str. 15, 10715 Berlin-Bezirk Charlottenburg-Wilmersdorf, Germany",Berlin,Germany,030 8532390,http://www.bieberbau-berlin.de/,restaurant@bieberbau-berlin.de,Very Expensive,4.5,,"Innovative, seasonal plates highlighting spices & herbs, plus wine pairings, in an 1894 building. | Fine Dining Restaurant | Rated 4.5/5 (662 reviews) | Very expensive / luxury tier",Google Places API (New)
Rutz,"Chausseestraße 8, 10115 Berlin, Germany",Berlin,Germany,030 24628760,http://www.rutz-restaurant.de/,info@rutz-restaurant.de,Very Expensive,4.6,,"Chic dining venue with creative, international dishes prepared by renowned chef Marco Müller. | Fine Dining Restaurant | Rated 4.6/5 (761 reviews) | Very expensive / luxury tier",Google Places API (New)
Restaurant BRIKZ,"Grolmanstraße 53/54, 10623 Berlin-Bezirk Charlottenburg-Wilmersdorf, Germany",Berlin,Germany,030 31803780,https://restaurantbrikz.com/,restaurant@restaurantbrikz.com,Very Expensive,4.7,,Restaurant | Rated 4.7/5 (234 reviews) | Very expensive / luxury tier,Google Places API (New)
Irma la Douce,"Potsdamer Str. 102, 10785 Berlin, Germany",Berlin,Germany,030 23000555,http://irmaladouce.de/,irma@irmaladouce.de,Very Expensive,4.5,,Fine Dining Restaurant | Rated 4.5/5 (383 reviews) | Very expensive / luxury tier,Google Places API (New)
PeterPaul,"Torstraße 99, 10119 Berlin, Germany",Berlin,Germany,030 43773043,http://peterpaul.berlin/,mail@peterpaul.berlin,Expensive,4.7,,"Stylish restaurant offering sharing plates & regional specialties, plus an extensive wine list. | German Restaurant | Rated 4.7/5 (1366 reviews) | Expensive / upscale tier",Google Places API (New)
Jungbluth,"Lepsiusstraße 63, 12163 Berlin-Bezirk Steglitz-Zehlendorf, Germany",Berlin,Germany,030 79789605,http://www.jungbluth-restaurant.de/,info@jungbluth-restaurant.de,Very Expensive,4.7,,"""Surprise"" menus of creative meat, fish & vegetarian dishes with German wines in a chic space. | Fine Dining Restaurant | Rated 4.7/5 (871 reviews) | Very expensive / luxury tier",Google Places API (New)
Restaurant Bricole,"Senefelderstraße 30, 10437 Berlin-Bezirk Pankow, Germany",Berlin,Germany,030 84421362,http://www.bricole.de/,info@bricole.de,Very Expensive,4.8,,"Sophisticated, high-end restaurant featuring innovative 5-course dinners with global influence. | Fine Dining Restaurant | Rated 4.8/5 (446 reviews) | Very expensive / luxury tier",Google Places API (New)
Horváth,"Paul-Lincke-Ufer 44a, 10999 Berlin-Bezirk Friedrichshain-Kreuzberg, Germany",Berlin,Germany,030 61289992,https://www.restaurant-horvath.de/,mail@restaurant-horvath.de,Very Expensive,4.5,,"Elegant restaurant with wood paneling, serving classic Austrian cuisine with modern touches. | Fine Dining Restaurant | Rated 4.5/5 (663 reviews) | Very expensive / luxury tier",Google Places API (New)
Entrecôte,"Schützenstraße 5, 10117 Berlin, Germany",Berlin,Germany,030 20165496,https://www.entrecote.de/,info@entrecote.de,Very Expensive,4.6,,"Modern brasserie with sidewalk tables serving French classics like escargots, foie gras & steak. | Restaurant | Rated 4.6/5 (1734 reviews) | Very expensive / luxury tier",Google Places API (New)
Night Kitchen,"Heckmann Höfe, Oranienburger Str. 32, 10117 Berlin, Germany",Berlin,Germany,030 23575075,https://www.nightkitchenberlin.com/,info@nightkitchenberlin.com,Expensive,4.7,,Lively bohemian eatery offering a personalized selection of Mediterranean sharing plates. | Mediterranean Restaurant | Rated 4.7/5 (2887 reviews) | Expensive / upscale tier,Google Places API (New)
Verōnika Berlin,"Oranienburger Str. 56, 10117 Berlin, Germany",Berlin,Germany,030 400698200,https://www.veronikaberlin.com/,reservations@veronikaberlin.com,Very Expensive,4.5,,Restaurant | Rated 4.5/5 (813 reviews) | Very expensive / luxury tier,Google Places API (New)
Brasserie Colette Tim Raue,"Passauer Str. 5-7, 10789 Berlin-Bezirk Tempelhof-Schöneberg, Germany",Berlin,Germany,030 21992174,https://brasseriecolette.de/berlin,berlin@brasseriecolette.de,Very Expensive,4.6,,Restaurant | Rated 4.6/5 (1528 reviews) | Very expensive / luxury tier,Google Places API (New)
essenza Potsdamer Platz 1,"Kollhoff Tower, Potsdamer Platz 1, 10785 Berlin, Germany",Berlin,Germany,030 25796856,http://www.ristorante-essenza.de/,info@essenza-berlin.de,Expensive,4.6,,"Italian classics, from antipasti to dessert, plus wine, in a stylish, modern locale. | Italian Restaurant | Rated 4.6/5 (800 reviews) | Expensive / upscale tier",Google Places API (New)
Orania.Restaurant & Orania.Bar,"Oranienpl. 17, 10999 Berlin-Bezirk Friedrichshain-Kreuzberg, Germany",Berlin,Germany,030 6953968780,https://orania.berlin/de/restaurant,rs@die-schneiderei-berlin.de,Very Expensive,4.5,,"High-end, international food & cocktails are served in this refined space with live music. | Fine Dining Restaurant | Rated 4.5/5 (695 reviews) | Very expensive / luxury tier",Google Places API (New)
Hallmann und Klee,"Böhmische Str. 13, 12055 Berlin-Bezirk Neukölln, Germany",Berlin,Germany,030 23938186,http://www.hallmann-klee.de/,kontakt@hallmann-klee.de,Very Expensive,4.6,,"Innovative, seasonal dishes in a chic, airy venue best known for its breakfast & brunch offerings. | Fine Dining Restaurant | Rated 4.6/5 (847 reviews) | Very expensive / luxury tier",Google Places API (New)
Rotisserie Weingrün,"Gertraudenstraße 10-12, 10178 Berlin, Germany",Berlin,Germany,030 20621900,https://www.rotisserie-weingruen.de/,info@rotisserie-weingruen.de,Expensive,4.5,,Typical German-style meat dishes served in a stylish dining room with an exposed-brick roof. | German Restaurant | Rated 4.5/5 (1307 reviews) | Expensive / upscale tier,Google Places API (New)
Louis Laurent,"Giesebrechtstraße 16, 10629 Berlin-Bezirk Charlottenburg-Wilmersdorf, Germany",Berlin,Germany,030 22432529,https://www.louis-laurent.de/,info@louis-laurent.de,Expensive,4.6,,Traditional French fare & wine served in a narrow space with banquette seating & vintage posters. | French Restaurant | Rated 4.6/5 (491 reviews) | Expensive / upscale tier,Google Places API (New)
893 Ryōtei Japanese Restaurant,"Kantstraße 135/136, 10625 Berlin, Germany",Berlin,Germany,0176 56754107,https://893ryotei.de/,info@893ryotei.de,Very Expensive,4.6,,Trendy destination with a contemporary vibe doling out sushi & sashimi from an open kitchen. | Japanese Restaurant | Rated 4.6/5 (2320 reviews) | Very expensive / luxury tier,Google Places API (New)
KaDeWe - Die Sechste,"KaDeWe - Kaufhaus des Westens, Tauentzienstraße 21-24, 10789 Berlin, Germany",Berlin,Germany,030 21210,https://www.kadewe.de/restaurants_bars/,,Expensive,4.5,,Restaurant | Rated 4.5/5 (1804 reviews) | Expensive / upscale tier,Google Places API (New)
CARL & SOPHIE Spree Restaurant,"Alt-Moabit 99, 10559 Berlin, Germany",Berlin,Germany,030 39920798,https://carlundsophie.de/,eat@carlundsophie.de,Expensive,4.2,,Modern global fare & cocktails at a trendy hotel restaurant with a terrace overlooking the Spree. | Restaurant | Rated 4.2/5 (661 reviews) | Expensive / upscale tier,Google Places API (New)
Bocca di Bacco,"Friedrichstraße 167-168, 10117 Berlin, Germany",Berlin,Germany,030 20672828,https://www.boccadibacco.de/,info@boccadibacco.de,Expensive,4.2,,Italian restaurant with floor-to-ceiling windows in a 19th-century building with modern interiors. | Italian Restaurant | Rated 4.2/5 (1434 reviews) | Expensive / upscale tier,Google Places API (New)
Lovis Restaurant,"Kantstraße 79, 10627 Berlin, Germany",Berlin,Germany,030 201805160,http://lovisrestaurant.com/,info@lovisrestaurant.com,Very Expensive,4.5,,Restaurant | Rated 4.5/5 (296 reviews) | Very expensive / luxury tier,Google Places API (New)
UUU,"Sprengelstraße 15, 13353 Berlin, Germany",Berlin,Germany,030 22183950,https://uuu-berlin.de/,info@uuu-berlin.de,Very Expensive,4.7,,Fine Dining Restaurant | Rated 4.7/5 (102 reviews) | Very expensive / luxury tier,Google Places API (New)
Oukan,"Hinterhof, Rote Tür, Ackerstraße 144, 10115 Berlin, Germany",Berlin,Germany,030 54774716,https://oukan.de/,contact@oukan.de,Very Expensive,4.6,,Vegan Restaurant | Rated 4.6/5 (469 reviews) | Very expensive / luxury tier,Google Places API (New)
Bonvivant,"Goltzstraße 32, 10781 Berlin-Bezirk Tempelhof-Schöneberg, Germany",Berlin,Germany,0176 61722602,https://bonvivant.berlin/,info@bonvivant.berlin,Very Expensive,4.6,,"Fashionable outpost for inventive vegan & vegetarian plates, plus craft cocktails. | Vegan Restaurant | Rated 4.6/5 (1195 reviews) | Very expensive / luxury tier",Google Places API (New)
Eins44,"Elbestraße 28/29, 12045 Berlin-Bezirk Neukölln, Germany",Berlin,Germany,030 62981212,http://eins44.com/,info@eins44.com,Very Expensive,4.6,,"Creative European fare in a high-ceilinged old distillery with bare boards & tiles, plus a terrace. | Restaurant | Rated 4.6/5 (742 reviews) | Very expensive / luxury tier",Google Places API (New)
India Club Berlin,"Behrenstraße 72, 10117 Berlin, Germany",Berlin,Germany,030 20628610,https://www.india-club-berlin.com/,info@india-club-berlin.com,Very Expensive,4.5,,Stylish restaurant with a sophisticated ambiance serving traditional North Indian cuisine. | Indian Restaurant | Rated 4.5/5 (1128 reviews) | Very expensive / luxury tier,Google Places API (New)
MaMi's Food&Wine,"Oderberger Str. 13, 10435 Berlin, Germany",Berlin,Germany,030 23916567,https://www.mamis-berlin.de/,contact@mamis-berlin.de,Very Expensive,4.8,,Creative international sharing plates are paired with carefully selected wines at this hip eatery. | Restaurant | Rated 4.8/5 (375 reviews) | Very expensive / luxury tier,Google Places API (New)
Spindler,"Paul-Lincke-Ufer 42/43, 10999 Berlin-Bezirk Friedrichshain-Kreuzberg, Germany",Berlin,Germany,030 69598880,http://www.spindler-berlin.com/,eat@spindler-berlin.com,Expensive,4.5,,"Cocktails, brunch & French-inspired, seasonal dinner offered in a stylish spot with a terrace. | French Restaurant | Rated 4.5/5 (1656 reviews) | Expensive / upscale tier",Google Places API (New)
MINE WINE Restaurant,"Meinekestraße 10, 10719 Berlin-Bezirk Charlottenburg-Wilmersdorf, Germany",Berlin,Germany,030 88926363,http://minerestaurant.de/,office@minerestaurant.de,Very Expensive,4.6,,"Acclaimed, stylish restaurant serving upscale Italian cuisine, desserts & wines. | Restaurant | Rated 4.6/5 (965 reviews) | Very expensive / luxury tier",Google Places API (New)
Brechts Steakhaus,"Schiffbauerdamm 7, 10117 Berlin, Germany",Berlin,Germany,030 27572037,https://brechts.de/,reservierung@brechts.de,Expensive,4.6,,"Elegant restaurant with a backlit bar, river views, a riverside terrace & a modern steakhouse menu. | Steak House | Rated 4.6/5 (1436 reviews) | Expensive / upscale tier",Google Places API (New)
Le Petit Royal,"Grolmanstraße 59, 10623 Berlin-Bezirk Charlottenburg-Wilmersdorf, Germany",Berlin,Germany,030 330060750,http://lepetitroyal.de/,office@lepetitroyal.de,Very Expensive,4.5,,French Restaurant | Rated 4.5/5 (316 reviews) | Very expensive / luxury tier,Google Places API (New)
Shiori,"Max-Beer-Str. 13, 10119 Berlin, Germany",Berlin,Germany,030 64467442,http://www.shioriberlin.com/,info@shioriberlin.com,Very Expensive,4.9,,"Polished, intimate counter-serve restaurant offering a seasonal Japanese tasting menu. | Japanese Restaurant | Rated 4.9/5 (490 reviews) | Very expensive / luxury tier",Google Places API (New)
Enoiteca Il Calice,"Walter-Benjamin-Platz 4, 10629 Berlin, Germany",Berlin,Germany,030 3242308,http://www.ilcalice.de/,restaurant@ilcalice.de,Expensive,4.6,,Italian Restaurant | Rated 4.6/5 (560 reviews) | Expensive / upscale tier,Google Places API (New)
Borchardt,"Französische Str. 47, 10117 Berlin, Germany",Berlin,Germany,030 81886262,http://www.borchardt-restaurant.de/,sekretariat@gastart.de,Expensive,4.1,,"Genteel, historic restaurant with a terrace preparing local staples & desserts, plus wine. | German Restaurant | Rated 4.1/5 (4155 reviews) | Expensive / upscale tier",Google Places API (New)
Lucky Leek,"Kollwitzstraße 54, 10405 Berlin, Germany",Berlin,Germany,030 66408710,http://www.lucky-leek.com/,kontakt@lucky-leek.com,Very Expensive,4.7,,"Elevated vegan tasting menus with organic wines in a bright, airy space with a plant-filled terrace. | Vegan Restaurant | Rated 4.7/5 (1127 reviews) | Very expensive / luxury tier",Google Places API (New)
pars Restaurant,"Grolmanstraße 53-54, 10623 Berlin, Germany",Berlin,Germany,030 49919786,https://pars.berlin/,hello@pars.berlin,Very Expensive,4.7,,Restaurant | Rated 4.7/5 (125 reviews) | Very expensive / luxury tier,Google Places API (New)
GRACE Restaurant & Bar,"Kurfürstendamm 25, 10719 Berlin-Bezirk Charlottenburg-Wilmersdorf, Germany",Berlin,Germany,030 884370,http://www.grace-berlin.com/,info@grace-berlin.com,Very Expensive,4.4,,"Creative Asian/European dishes & a tasting menu, plus global wines, in a plush hotel dining room. | Restaurant | Rated 4.4/5 (682 reviews) | Very expensive / luxury tier",Google Places API (New)
Long March Canteen,"Wrangelstraße 20, 10997 Berlin, Germany",Berlin,Germany,0178 8849599,http://www.longmarchcanteen.com/,info@longmarchcanteen.com,Expensive,4.6,,"Creative interpretations of traditional Cantonese dishes in a low-lit, industrial-chic setting. | Chinese Restaurant | Rated 4.6/5 (1437 reviews) | Expensive / upscale tier",Google Places API (New)
BLESS Restaurant,"Hausvogteipl. 10, 10117 Berlin, Germany",Berlin,Germany,030 20619795,https://bless-restaurants.com/,hello@bless-restaurants.com,Expensive,4.8,,Asian Restaurant | Rated 4.8/5 (2272 reviews) | Expensive / upscale tier,Google Places API (New)
Zur Gerichtslaube,"Poststraße 28, 10178 Berlin, Germany",Berlin,Germany,030 2415697,http://www.gerichtslaube.de/,info@gerichtslaube.de,Moderate,4.5,,"Eatery in 13th-century building with beer garden, serving Berlin/Brandenburg fare in vaulted rooms. | German Restaurant | Rated 4.5/5 (5080 reviews)",Google Places API (New)
Sphere Tim Raue,"Alexanderplatz, Panoramastraße 1A, 10178 Berlin, Germany",Berlin,Germany,030 247575875,http://www.tv-turm.de/,,,4.3,,Revolving eatery in a landmark tower offering 360° views & classic German & global dishes. | German Restaurant | Rated 4.3/5 (9656 reviews),Google Places API (New)
CHEZ NASSIB,"Spichernstraße 24, 10777 Berlin, Germany",Berlin,Germany,030 56007395,https://byblosrestaurantberlin.de/,info@byblosrestaurantberlin.de,Expensive,4.9,,"High-end takes on typical Lebanese cooking served in a sophisticated, chandelier-lit dining room. | Lebanese Restaurant | Rated 4.9/5 (3014 reviews) | Expensive / upscale tier",Google Places API (New)
Nante-Eck | Restaurant Berlin Mitte,"Unter den Linden 35, 10117 Berlin, Germany",Berlin,Germany,030 22487257,https://www.nante-eck.de/,info@nante-eck.de,Moderate,4.6,,"Classic Berlin food in a plush, old-world brasserie setting with frosted glass, plus a terrace. | German Restaurant | Rated 4.6/5 (6148 reviews)",Google Places API (New)
Restaurant Maximilians Berlin,"Friedrichstraße 185-190, 10117 Berlin, Germany",Berlin,Germany,030 20450559,https://www.maximilians-berlin.de/,booking@maximilians-berlin.de,Moderate,4.5,,"Bavarian-style bar & restaurant with traditional dark wood paneling, copper piping & outdoor seats. | Bavarian restaurant | Rated 4.5/5 (13414 reviews)",Google Places API (New)
Schnitzelei Mitte,"Chausseestr. 8 Hinterhof erreichbar über: Chausseestr. 8 oder, Novalisstraße 11, 10115 Berlin, Germany",Berlin,Germany,030 32519422,https://schnitzelei.de/mitte/,mitte@schnitzelei.de,Moderate,4.5,,German Restaurant | Rated 4.5/5 (7604 reviews),Google Places API (New)
A Mano,"Strausberger Pl. 2, 10243 Berlin, Germany",Berlin,Germany,030 95598243,http://www.amano-ristorante.de/,info@amano-ristorante.de,Expensive,4.8,,"Refined choice serving Italian staples such as pasta, fish & meat plates, plus a robust wine list. | Italian Restaurant | Rated 4.8/5 (4232 reviews) | Expensive / upscale tier",Google Places API (New)
Dicke Wirtin,"Carmerstraße 9, 10623 Berlin, Germany",Berlin,Germany,030 3124952,https://dicke-wirtin.de/,post@dicke-wirtin.de,Moderate,4.5,,"Cozy pub & restaurant for regional cuisine, with wood paneling, knick-knacks on the walls & terrace. | German Restaurant | Rated 4.5/5 (5977 reviews)",Google Places API (New)
AMRIT - Indisches Restaurant Berlin Mitte,"Oranienburger Str. 45, 10117 Berlin, Germany",Berlin,Germany,030 28884840,https://www.amrit.de/,info@amrit.de,Moderate,4.7,,Indian Restaurant | Rated 4.7/5 (6767 reviews),Google Places API (New)
Boulevard Friedrichstrasse,"Friedrichstraße 106C, 10117 Berlin, Germany",Berlin,Germany,030 2833437,http://www.boulevard.berlin/,mail@boulevard-friedrichstrasse.de,Moderate,4.4,,"Seasonal German cuisine & house-baked bread, dished up in a modern, straightforward room. | German Restaurant | Rated 4.4/5 (1986 reviews)",Google Places API (New)
Restaurant Trattoria Portofino,"Gubener Str. 48, 10243 Berlin-Bezirk Friedrichshain-Kreuzberg, Germany",Berlin,Germany,030 23910610,http://www.portofino-trattoria.de/,info@portofino-trattoria.de,Moderate,4.7,,"Pasta, pizza & robust mains at a lively trattoria with checkered tablecloths & a streetside terrace. | Italian Restaurant | Rated 4.7/5 (3453 reviews)",Google Places API (New)
Zur letzten Instanz,"Waisenstraße 14-16, 10179 Berlin, Germany",Berlin,Germany,030 2425528,https://zurletzteninstanz.com/,post@zurletzteninstanz.de,Expensive,4.2,,"2-floor bar/restaurant, dating from 1621, with wood paneling & tiles, German cuisine & beer garden. | German Restaurant | Rated 4.2/5 (3490 reviews) | Expensive / upscale tier",Google Places API (New)
Upper Burger Grill,"Rankestraße 3, 10789 Berlin-Bezirk Charlottenburg-Wilmersdorf, Germany",Berlin,Germany,030 55221733,https://upperburgergrill.com/,info@upperburgergrill.com,Moderate,4.7,,"Modern stop with industrial-chic decor, dishing up beef burgers, steaks & sides, plus beer. | Hamburger Restaurant | Rated 4.7/5 (7762 reviews)",Google Places API (New)
BLOCK HOUSE Am Alexanderplatz,"Karl-Liebknecht-Str. 7, 10178 Berlin, Germany",Berlin,Germany,030 2423300,https://www.block-house.de/restaurants/berlin/am-alexanderplatz,,Moderate,4.5,,Steak House | Rated 4.5/5 (11267 reviews),Google Places API (New)
Restauration 1840,"Am Zwirngraben 8-10, 10178 Berlin, Germany",Berlin,Germany,030 24727401,https://www.berlin-1840.de/,restaurant@berlin-1840.de,Moderate,4.6,,"Steak, sausages & German classics, plus beer, in a 1920s-themed, wood-paneled space. | German Restaurant | Rated 4.6/5 (3093 reviews)",Google Places API (New)
Gasthaus Meineke,"Meinekestraße 4, 10719 Berlin, Germany",Berlin,Germany,030 85966565,https://www.gasthaus-krombach.de/,,Moderate,4.3,,"Wurst, schnitzel, roast pork & local beer served in a down-home German eatery with outdoor seating. | German Restaurant | Rated 4.3/5 (2789 reviews)",Google Places API (New)
Wilde Matilde Deutsches Restaurant Cafe´ Bar und Variete,"Rathausstraße 23, 10178 Berlin, Germany",Berlin,Germany,030 54083422,http://www.wildematilde.de/,info@wildematilde.de,Expensive,4.2,,"Playful, offbeat spot for traditional cuisine, plus a large cocktail menu & a weekend variety show. | German Restaurant | Rated 4.2/5 (6025 reviews) | Expensive / upscale tier",Google Places API (New)
Döner Restaurant Berlin Mitte,"Wilhelmstraße 45, 10117 Berlin, Germany",Berlin,Germany,0163 0024999,https://terasrestaurant.de/,,Moderate,4.8,,"Busy counter-serve restaurant turning out Turkish classics, plus burgers & vegetarian options. | Turkish Restaurant | Rated 4.8/5 (8440 reviews)",Google Places API (New)
LAWRENCE berlin mitte,"Oranienburger Str. 69, 10117 Berlin, Germany",Berlin,Germany,030 55104430,https://lawrence.berlin/,info@lawrence.berlin,Moderate,4.7,,Relaxed restaurant with a homey vibe offering traditional Middle Eastern dishes & classic cocktails. | Middle Eastern Restaurant | Rated 4.7/5 (1154 reviews),Google Places API (New)
Berliner Kartoffelhaus,"Karl-Liebknecht-Str. 9, 10178 Berlin, Germany",Berlin,Germany,030 24729373,http://www.berliner-kartoffelhaus.de/,info@berliner-kartoffelhaus.de,Moderate,4.1,,"Fried, baked & casseroled potatoes with schnitzel & steak at a rustic tavern with a covered patio. | Restaurant | Rated 4.1/5 (3822 reviews)",Google Places API (New)
YOSOY TAPAS BERLIN,"Rosenthaler Str. 37, 10178 Berlin, Germany",Berlin,Germany,030 28391213,https://www.yosoy.de/,info@yosoy.de,,4.7,,Easygoing establishment serving Spanish tapas & main dishes amid retro-chic surrounds. | Restaurant | Rated 4.7/5 (4488 reviews),Google Places API (New)
Salamat,"Gartenstraße 1, 10115 Berlin, Germany",Berlin,Germany,030 28884994,https://www.salamat-berlin.de/,salamat.berlin@gmail.com,Moderate,4.6,,"Laid-back eatery specializing in Northern Iraqi food & drinks, plus cocktails, beer & wine. | Middle Eastern Restaurant | Rated 4.6/5 (1271 reviews)",Google Places API (New)
Steakhouse & Restaurant Las Malvinas,"Barnimstraße 18, 10249 Berlin, Germany",Berlin,Germany,030 24727004,https://las-malvinas.de/,info@las-malvinas.de,Expensive,4.7,,Steak House | Rated 4.7/5 (5539 reviews) | Expensive / upscale tier,Google Places API (New)
Bundesbüdchen Restaurant Berlin,"Hannoversche Str. 2, 10115 Berlin, Germany",Berlin,Germany,030 34099979,https://bundesbuedchenberlin.de/,kontakt@bub.restaurant,Expensive,4.8,,Restaurant | Rated 4.8/5 (112 reviews) | Expensive / upscale tier,Google Places API (New)
Eden,"Rosenstraße 19, 10178 Berlin, Germany",Berlin,Germany,030 76953284,https://eden-berlin.de/,edenfoodbooking@gmail.com,Moderate,4.6,,Trendy restaurant with a terrace serving traditional Vietnamese dishes in a plant-filled setting. | Vietnamese Restaurant | Rated 4.6/5 (2357 reviews),Google Places API (New)
BBQ Kitchen,"Am Zwirngraben 5, 10178 Berlin, Germany",Berlin,Germany,030 27909816,https://www.bbq-kitchen.de/,info@bbq-kitchen.de,Moderate,4.5,,German & Argentinian cuisine in a laid-back setting with industrial accents & outdoor tables. | Barbecue Restaurant | Rated 4.5/5 (2807 reviews),Google Places API (New)
Indian Village Berlin central,"Dircksenstraße 94, 10178 Berlin, Germany",Berlin,Germany,030 25765414,https://indian-village.berlin/,indian.village.berlin@gmail.com,Moderate,4.8,,"Colorful, informal fixture dispensing classics like curry & naan, plus seafood, duck & lamb dishes. | Indian Restaurant | Rated 4.8/5 (1828 reviews)",Google Places API (New)
Fischer & Lustig,"Poststraße 26, 10178 Berlin, Germany",Berlin,Germany,030 56829990,https://fischerundlustig.de/,info@fischerundlustig.de,Moderate,4.7,,German Restaurant | Rated 4.7/5 (1306 reviews),Google Places API (New)
Schlögl's - Altberliner Gaststätte,"Karl-Liebknecht-Str. 9, 10178 Berlin, Germany",Berlin,Germany,030 2411221,,,Moderate,4.5,,German Restaurant | Rated 4.5/5 (2134 reviews),Google Places API (New)
Saravanaa Bhavan,"Potsdamer Platz 5, 10785 Berlin, Germany",Berlin,Germany,030 55655654,https://www.saravanaabhavan-berlin.de/,,Moderate,4.6,,"Long-running international chain serving up South Indian vegetarian dishes, including dosas. | South Indian Restaurant | Rated 4.6/5 (2694 reviews)",Google Places API (New)
AMRIT,"Ebertstraße 14, 10117 Berlin, Germany",Berlin,Germany,030 22488288,https://amrit.de/indisch-essen-potsdamer-platz/,info@amrit.de,Moderate,4.7,,Indian Restaurant | Rated 4.7/5 (8081 reviews),Google Places API (New)
Mutter Hoppe,"Rathausstraße 21, 10178 Berlin, Germany",Berlin,Germany,030 24720603,http://mutterhoppe.de/,reservierung@mutterhoppe.de,Moderate,4.4,,"Multi-room bar-restaurant with a retro look, home-style German food & live music weekend evenings. | German Restaurant | Rated 4.4/5 (4568 reviews)",Google Places API (New)
Lebensmittel in Mitte,"Rochstraße 2, 10178 Berlin, Germany",Berlin,Germany,030 27596130,,,Expensive,4.1,,Hearty homestyle provisions dished up in an old-school restaurant with outdoor tables. | German Restaurant | Rated 4.1/5 (1434 reviews) | Expensive / upscale tier,Google Places API (New)
Hackethal's,"Pflugstraße 11, 10115 Berlin, Germany",Berlin,Germany,030 28387765,http://www.hackethals.de/,mail@hackethals.de,Moderate,4.7,,"Robust German classics like wurst, sauerkraut & dumplings in a lively pub brewing its own beer. | German Restaurant | Rated 4.7/5 (1550 reviews)",Google Places API (New)
Mihmandar Restaurant Berlin Kreuzberg,"Kottbusser Damm 31, 10967 Berlin, Germany",Berlin,Germany,030 69004477,http://www.mihmandar-berlin.de/,info@mihmandar-berlin.de,Moderate,4.8,,Classic Turkish cuisine served in relaxed quarters with exposed-stone walls & outdoor seating. | Turkish Restaurant | Rated 4.8/5 (1105 reviews),Google Places API (New)
Aapka - Indisches Restaurant,"Memhardstrasse 3, Karl-Liebknecht-Str. 23, 10178 Berlin, Germany",Berlin,Germany,030 85077788,https://www.aapka.de/,,Moderate,4.8,,Indian Restaurant | Rated 4.8/5 (3014 reviews),Google Places API (New)
Meya Meya - ägyptisches Essen,"Meya Meya, Greifswalder Str. 214, 10405 Berlin, Germany",Berlin,Germany,01522 4148859,,,Moderate,4.9,,Restaurant | Rated 4.9/5 (1907 reviews),Google Places API (New)
GRAND BAR - Restaurant | Bar | Lounge | Event-Lokation in Berlin-Mitte,"Oranienburger Str. 33, 10117 Berlin, Germany",Berlin,Germany,030 24020910,https://www.grandbar.de/,info@grandbar.de,Moderate,4.7,,"Steak, pizzas, burgers & pasta, plus drinks, amid ornate dark wood interiors or at terrace tables. | Restaurant | Rated 4.7/5 (4424 reviews)",Google Places API (New)
Restaurant Julchen Hoppe,"Rathausstraße 25, 10178 Berlin, Germany",Berlin,Germany,030 97005787,http://julchenhoppe.de/,julchen.hoppe@t-online.de,Moderate,4.3,,"Pork knuckle, potato dumplings & apple strudel in cozy, old-fashioned rooms or on a winter terrace. | German Restaurant | Rated 4.3/5 (3161 reviews)",Google Places API (New)
Jolly,"Am Kupfergraben 4/4a, 10117 Berlin, Germany",Berlin,Germany,030 20059500,http://www.restaurant-jolly.de/,service@restaurant-jolly.de,Moderate,4.6,,"Elegant restaurant with a relaxed atmosphere, dishing up noodles, curry & dim sum, plus Peking duck. | Chinese Restaurant | Rated 4.6/5 (3088 reviews)",Google Places API (New)
Carambar,"Rathausstraße 1, 10178 Berlin, Germany",Berlin,Germany,0162 7672271,http://www.carambar.de/,info@carambar.de,Moderate,4.6,,"Burgers, nachos & currywurst in a lively venue with a lengthy cocktail menu, a DJ & patio seating. | Restaurant | Rated 4.6/5 (8022 reviews)",Google Places API (New)
Joseph-Roth-Diele,"Potsdamer Str. 75, 10785 Berlin, Germany",Berlin,Germany,030 26369884,http://joseph-roth-diele.de/,info@joseph-roth-diele.de,Moderate,4.4,,"Classic schnitzel, dumplings & potato salad in an ornate, wood-lined venue with piano music. | German Restaurant | Rated 4.4/5 (1577 reviews)",Google Places API (New)
The Dry Gin and Beef Club Berlin GmbH,"Oranienburger Str. 60, 10117 Berlin, Germany",Berlin,Germany,030 45310115,http://www.ginandbeef-club.de/,willkommen.berlin@ginandbeef-club.de,,4.8,,Restaurant | Rated 4.8/5 (581 reviews),Google Places API (New)
Vedis Indisches Restaurant,"Schönhauser Allee 142, 10437 Berlin-Bezirk Pankow, Germany",Berlin,Germany,030 4485172,https://www.vedis.berlin/,info@vedis.berlin,Moderate,4.6,,"Organic tandoori dishes, spicy curries & cocktails in a relaxed space with red, orange & gold hues. | Indian Restaurant | Rated 4.6/5 (2436 reviews)",Google Places API (New)
Aapka - Indian Restaurant Berlin,"Kastanienallee 50, 10119 Berlin, Germany",Berlin,Germany,030 44010494,http://www.aapka.de/,,Moderate,4.6,,Indian Restaurant | Rated 4.6/5 (1867 reviews),Google Places API (New)
Das Georgische Restaurant Supra Berlin,"Am Zwirngraben 6-7, 10178 Berlin, Germany",Berlin,Germany,0176 13815769,https://www.supraberlin.de/,info@supraberlin.de,Expensive,4.6,,Eastern European Restaurant | Rated 4.6/5 (585 reviews) | Expensive / upscale tier,Google Places API (New)
Rice and Shine Berlin,"Torstraße 125, 10119 Berlin, Germany",Berlin,Germany,030 24047111,http://riceandshineberlin.de/,riceandshine.berlin@gmail.com,Moderate,4.7,,Asian Fusion Restaurant | Rated 4.7/5 (629 reviews),Google Places API (New)
Italian Food Berlin,"Kastanienallee 4, 10435 Berlin-Bezirk Pankow, Germany",Berlin,Germany,030 85749452,,,Inexpensive,4.7,,"Unpretentious canteen with outdoor seating, spotlighting an extensive pizza & pasta menu. | Italian Restaurant | Rated 4.7/5 (2167 reviews)",Google Places API (New)
Delhi 6 Restaurant - Berlin,"Friedrichstraße 237, 10969 Berlin-Bezirk Friedrichshain-Kreuzberg, Germany",Berlin,Germany,030 2516775,https://delhi6.de/,info@delhi6.de,Moderate,4.7,,"Delhi street food-inspired Indian dishes at a lively, colorfully decorated venue with a terrace. | Indian Restaurant | Rated 4.7/5 (3241 reviews)",Google Places API (New)
Estelle Dining,"Kopenhagener Str. 12A, 10437 Berlin-Bezirk Pankow, Germany",Berlin,Germany,030 44012036,http://estelle-dining.com/,hello@estelle-dining.com,Expensive,4.5,,Restaurant | Rated 4.5/5 (604 reviews) | Expensive / upscale tier,Google Places API (New)
HOT Restaurant Café - Berlin,"Spandauer Str. 2, 10178 Berlin, Germany",Berlin,Germany,01520 8717307,https://qr.wwwcafe.de/2025/08/12/hot-restaurant-cafe/,,Moderate,4.7,,Restaurant | Rated 4.7/5 (303 reviews),Google Places API (New)
Palm Beach,"Spandauer Str. 4, 10178 Berlin, Germany",Berlin,Germany,030 97004660,http://www.palm-beach-berlin.de/,info@palm-beach-berlin.de,Moderate,4.4,,"Cocktail bar with palm trees, a sandy floor & beach hut decor serving a menu of around 120 drinks. | Western Restaurant | Rated 4.4/5 (1361 reviews)",Google Places API (New)
Spätzle Club,"Seydelstraße 2, 10117 Berlin, Germany",Berlin,Germany,030 20603034,https://www.facebook.com/Sp%C3%A4tzle-Club-110239889052678,,Moderate,4.6,,"Schnitzel, goulash & an array of Swabian spätzle dumplings at a bright, relaxed eatery. | German Restaurant | Rated 4.6/5 (997 reviews)",Google Places API (New)
Remi,"Torstraße 48, 10119 Berlin, Germany",Berlin,Germany,030 27593090,https://remi-berlin.de/,info@remi-berlin.de,Expensive,4.4,,Restaurant | Rated 4.4/5 (573 reviews) | Expensive / upscale tier,Google Places API (New)
Lindenbräu am Potsdamer Platz,"Bellevuestraße 3-5, 10785 Berlin, Germany",Berlin,Germany,030 200068550,https://www.bier-genuss.berlin/lindenbraeu-am-potsdamer-platz/,restaurant@lindenbraeu-berlin.de,Moderate,4.1,,Bavarian restaurant | Rated 4.1/5 (5508 reviews),Google Places API (New)
Pala Berlin - Greek Cafe,"Gaudystraße 1, 10437 Berlin, Germany",Berlin,Germany,,https://www.palaberlin.com/,info@mysite.com,Moderate,4.9,,Cafe | Rated 4.9/5 (834 reviews),Google Places API (New)
Avocado Club,"Dircksenstraße 47, 10178 Berlin, Germany",Berlin,Germany,030 22325570,https://www.avocadoclub-berlin.com/,,Moderate,4.5,,Wholesome café filled with potted plants serving inventive dishes & drinks made from avocados. | Restaurant | Rated 4.5/5 (1551 reviews),Google Places API (New)
Mervan Bistro,"Schillingstraße 1A, 10179 Berlin, Germany",Berlin,Germany,01525 2587325,https://www.mervans-kebab.de/,,Inexpensive,4.9,,Turkish Restaurant | Rated 4.9/5 (3463 reviews),Google Places API (New)
Monet Bistro | Food & Wine,"Grünberger Str. 40, 10245 Berlin, Germany",Berlin,Germany,,https://monet-bistro.de/,reservations@monet-bistro.de,Expensive,4.9,,French Restaurant | Rated 4.9/5 (116 reviews) | Expensive / upscale tier,Google Places API (New)
House of Small Wonder,"Auguststraße 11-13, 10117 Berlin, Germany",Berlin,Germany,,http://www.houseofsmallwonder.de/,info@houseofsmallwonder.de,Moderate,4.4,,"Japanese-inflected brunch & pastries in a stylish, airy setting amid reclaimed wood & house plants. | Restaurant | Rated 4.4/5 (5567 reviews)",Google Places API (New)
Lebenswelten Bistro im Humboldt Forum,"Schloßpl. 1, 10178 Berlin, Germany",Berlin,Germany,030 555705881,https://www.lebenswelten-catering.de/,catering@lebenswelten.de,Moderate,4.3,,Restaurant | Rated 4.3/5 (661 reviews),Google Places API (New)
Best Bistro,"Schlesische Str. 2, 10997 Berlin, Germany",Berlin,Germany,030 69517937,https://www.bestbistro.de/,,Inexpensive,4.3,,Bistro | Rated 4.3/5 (180 reviews),Google Places API (New)
Sorrel,"Pannierstraße 40, 12047 Berlin-Bezirk Neukölln, Germany",Berlin,Germany,030 62608861,https://www.sorrel.berlin/,hello@sorrel.berlin,Expensive,4.6,,"Cozy bistro with a stylish vibe serving coffee & pastries, plus locally sourced seasonal fare. | Restaurant | Rated 4.6/5 (1071 reviews) | Expensive / upscale tier",Google Places API (New)
ALIBABA BISTRO,"Rochstraße 14E, 10178 Berlin, Germany",Berlin,Germany,,https://alibababistro.shop/,,Inexpensive,4.9,,Turkish Restaurant | Rated 4.9/5 (3150 reviews),Google Places API (New)
Gina Bistrot,"Zionskirchstraße 77, 10119 Berlin, Germany",Berlin,Germany,01520 6216957,http://www.ginabistrot.com/,ginabistrot.berlin@gmail.com,Moderate,4.7,,Bistro | Rated 4.7/5 (171 reviews),Google Places API (New)
Restaurant Sunshine,"Columbiadamm 111, 10965 Berlin, Germany",Berlin,Germany,0172 5885535,http://www.restaurant-sunshine.de/,info@restaurant-sunshine.de,Moderate,4.9,,Restaurant | Rated 4.9/5 (78 reviews),Google Places API (New)
AZEM BISTRO,"Rathausstraße 17, 10178 Berlin, Germany",Berlin,Germany,0179 4215886,https://www.azembistro.eu/,,Inexpensive,4.8,,Kebab Shop | Rated 4.8/5 (1621 reviews),Google Places API (New)
Mio Berlin,"Panoramastraße 1a, 10179 Berlin, Germany",Berlin,Germany,0162 7672291,https://mioberlin.de/,restaurant@mioberlin.de,Moderate,4.3,,"Stylish dining space with pink banquettes, chandeliers, a stepped ceiling & modern European fare. | Restaurant | Rated 4.3/5 (4371 reviews)",Google Places API (New)
Father Carpenter,"Münzstraße 21, 10178 Berlin, Germany",Berlin,Germany,,http://www.fathercarpenter.com/,,Moderate,4.4,,"Hip cafe with tables in an elegant courtyard, serving specialty coffees & inventive brunch dishes. | Breakfast Restaurant | Rated 4.4/5 (4545 reviews)",Google Places API (New)
You're Welcome,"Große Hamburger Str. 16, 10115 Berlin, Germany",Berlin,Germany,030 2827657,http://www.you-are-welcome-berlin.de/,kontakt@you-are-welcome-berlin.de,Moderate,4.5,,Quirky cafe dishing up light vegan fare & classic Berlin dishes like currywurst. | Cafe | Rated 4.5/5 (844 reviews),Google Places API (New)
ITA Bistro,"Lettestraße 9, 10437 Berlin, Germany",Berlin,Germany,030 64328158,http://www.ita-berlin.de/,hello@ita-berlin.de,Very Expensive,4.5,,Bistro | Rated 4.5/5 (351 reviews) | Very expensive / luxury tier,Google Places API (New)
Supreme Burger,"Oranienburger Str. 26, 10117 Berlin, Germany",Berlin,Germany,030 27874714,http://www.supremeberlin.de/,Info@supremeberlin.de,Moderate,4.7,,"Elevated burgers, dry-aged steaks & cocktails in a stylish setup that has upholstered seating. | Hamburger Restaurant | Rated 4.7/5 (4178 reviews)",Google Places API (New)
Barist Restaurant & Gelateria,"Am Zwirngraben 13, 10178 Berlin, Germany",Berlin,Germany,030 24722613,http://www.barist.de/,restaurant@barist.de,Moderate,4.6,,"Stately, cavernous brasserie making Italian, French & Austrian cuisine, plus breakfast. | Restaurant | Rated 4.6/5 (1953 reviews)",Google Places API (New)
Restaurant Nolle,"S-bahnbogen, Georgenstraße 203, 10117 Berlin, Germany",Berlin,Germany,030 2082645,http://www.restaurant-nolle.de/,,Moderate,4.3,,"Homestyle dishes at a bistro with an old-world vibe, an arched ceiling & a shady courtyard. | German Restaurant | Rated 4.3/5 (3092 reviews)",Google Places API (New)
Alt-Berliner Wirtshaus,"Wilhelmstraße 77, 10117 Berlin, Germany",Berlin,Germany,030 22488205,http://www.altberliner-wirtshaus.de/,altberliner-wirtshaus@web.de,Moderate,4.3,,German Restaurant | Rated 4.3/5 (4287 reviews),Google Places API (New)
"Biermeisterei by Lemke - Brauerei, BBQ, Grill Restaurant","Karl-Liebknecht-Str. 13, 10178 Berlin, Germany",Berlin,Germany,030 30878989,https://biermeisterei.lemke.berlin/,sales@lemkeberlin.com,Expensive,4.6,,Restaurant | Rated 4.6/5 (1853 reviews) | Expensive / upscale tier,Google Places API (New)
Ephraims,"Spreeufer 1, 10178 Berlin, Germany",Berlin,Germany,030 24725947,https://ephraims.de/,ephraims@ephraims.de,Moderate,4.7,,Long-running spot for classic German dishes in a historic mansion or on a terrace with river views. | Restaurant | Rated 4.7/5 (1405 reviews),Google Places API (New)
Bei Lydia,"Inselstraße 8A, 10179 Berlin, Germany",Berlin,Germany,0176 40230902,https://www.facebook.com/pages/Bei-Lydia/141340066641783,,Inexpensive,4.7,,Bistro | Rated 4.7/5 (254 reviews),Google Places API (New)
Restaurant Keyser Soze - Berlin,"Tucholskystraße 33, 10117 Berlin, Germany",Berlin,Germany,030 28599489,http://www.keyser-soze.de/,reservierung@keyser-soze.de,,4.5,,"Laid-back venue for all-day breakfast, plus schnitzels & salads, as well as afternoon cake & coffee. | Restaurant | Rated 4.5/5 (1178 reviews)",Google Places API (New)
Georgbraeu,"Spreeufer 4, 10178 Berlin, Germany",Berlin,Germany,030 2424244,http://www.georgbraeu.de/,info@georgbraeu.de,,4.2,,"Beer garden & rustic tavern with copper piping, serving house-brewed beers & hearty German cuisine. | Restaurant | Rated 4.2/5 (9170 reviews)",Google Places API (New)
What do you fancy love?,"Knesebeckstraße 68-69, 10623 Berlin-Bezirk Charlottenburg-Wilmersdorf, Germany",Berlin,Germany,,https://www.whatdoyoufancylove.de/,hello@whatdoyoufancylove.de,Moderate,4.6,,"Hip cafe with rustic wood tables serving artisan coffees & juices, as well as cakes & snacks. | Cafe | Rated 4.6/5 (1605 reviews)",Google Places API (New)
Buschbeck's Restaurant,"Trendelenburgstraße 14, 14057 Berlin-Bezirk Charlottenburg-Wilmersdorf, Germany",Berlin,Germany,030 32604166,http://www.buschbecks-berlin.com/,buschbecks@freenet.de,Moderate,4.8,,"Cozy, convivial destination with a daily menu of homestyle dishes, plus outdoor seating & a full bar. | German Restaurant | Rated 4.8/5 (473 reviews)",Google Places API (New)
Mittendrin Restaurant & Café,"Sophienstraße 19, 10178 Berlin, Germany",Berlin,Germany,030 28497740,http://www.mittendrin-in-berlin.de/,mail@mittendrin-in-berlin.de,Moderate,4.3,,"Long-standing, down-to-earth restaurant for on Swabian dishes like spaetzle dumplings. | German Restaurant | Rated 4.3/5 (357 reviews)",Google Places API (New)
Coccodrillo,"Veteranenstraße 9, 10119 Berlin, Germany",Berlin,Germany,,https://www.bigmammagroup.com/italian-restaurants/coccodrillo-berlin?utm_source=google&utm_medium=organic&utm_campaign=mybusiness-website,barbarella@bigmamma.com,Moderate,4.7,,"Roomy trattoria serving mostly vegetarian Italian fare in vibrant, playful surrounds with a terrace. | Italian Restaurant | Rated 4.7/5 (19064 reviews)",Google Places API (New)
Trattoria Rocca pizza,"Metzer Str. 21, 10405 Berlin, Germany",Berlin,Germany,030 84414703,https://www.trattoriarocca.de/,ozgur_sonmez@yahoo.com,Moderate,4.8,,Italian Restaurant | Rated 4.8/5 (659 reviews),Google Places API (New)
Trattoria Da Gianni,"Leonhardtstraße 1, 14057 Berlin-Bezirk Charlottenburg-Wilmersdorf, Germany",Berlin,Germany,030 81013409,http://www.trattoria-da-gianni.de/,info@trattoria-da-gianni.de,Moderate,4.7,,Italian Restaurant | Rated 4.7/5 (507 reviews),Google Places API (New)
Luardi Cucina della mamma,"Meinekestraße 24, 10719 Berlin-Bezirk Charlottenburg-Wilmersdorf, Germany",Berlin,Germany,030 88718468,https://luardi.de/,ristoranteluardi@yahoo.de,Moderate,4.8,,"Home-style pasta dishes, pizza & meats in a bright, contemporary space with a terrace. | Italian Restaurant | Rated 4.8/5 (9327 reviews)",Google Places API (New)
Trattoria Romana,"Unter den Eichen 84, 12205 Berlin, Germany",Berlin,Germany,030 83220741,https://trattoria-romana.eatbu.com/?lang=de,reservationsromana@outlook.de,Moderate,4.5,,Italian Restaurant | Rated 4.5/5 (2049 reviews),Google Places API (New)
Trattoria Peretti,"Karl-Liebknecht-Str. 5, 10178 Berlin, Germany",Berlin,Germany,030 78955779,https://trattoria-peretti.com/,,Moderate,4.1,,"Pizza, salads & homemade pasta in a relaxed venue with al fresco tables in a covered passageway. | Italian Restaurant | Rated 4.1/5 (1363 reviews)",Google Places API (New)
Piazza Rossa,"Rathausstraße 13, 10178 Berlin, Germany",Berlin,Germany,030 6122429,https://piazzarossa.de/,info@piazza-rossa.com,Moderate,4.7,,"Pasta, pizza & homemade gelato in a big space with checked tablecloths & views of the Rotes Rathaus. | Italian Restaurant | Rated 4.7/5 (3010 reviews)",Google Places API (New)
Trattoria Lapone,"Neue Kantstraße 25, 14057 Berlin, Germany",Berlin,Germany,030 81037167,http://www.laponetrattoria.de/,info@laponetrattoria.de,Moderate,4.7,,Restaurant | Rated 4.7/5 (28 reviews),Google Places API (New)
Trattoria Bella Italia,"Radickestraße 46, 12489 Berlin, Germany",Berlin,Germany,030 67804532,http://www.trattoriabellaitalia.de/,support@webador.de,Moderate,4.6,,Italian Restaurant | Rated 4.6/5 (156 reviews),Google Places API (New)
Trattoria La Calabrisella,"Franziusweg 114, 12307 Berlin-Bezirk Tempelhof-Schöneberg, Germany",Berlin,Germany,0172 3873586,https://www.lacalabrisella.de/,mariannafittipaldi8@gmail.com,Moderate,4.4,,Italian Restaurant | Rated 4.4/5 (75 reviews),Google Places API (New)
Trattoria Toscana Clayallee,"Clayallee 146, 14195 Berlin-Bezirk Steglitz-Zehlendorf, Germany",Berlin,Germany,030 84316144,https://t-toscana-berlin.de/,info@trattoria-toscana.berlin,Moderate,4.6,,Italian Restaurant | Rated 4.6/5 (2119 reviews),Google Places API (New)
Vincenzo - Italian Restaurant & Bar am Alexanderplatz Berlin,"Rathausstraße 1, 10178 Berlin, Germany",Berlin,Germany,0163 4983564,https://vincenzoberlin.de/,info@vincenzoberlin.de,Moderate,4.5,,"Breakfast dishes, pizza & pasta, plus cocktails, at a plush venue with red banquette seating. | Italian Restaurant | Rated 4.5/5 (2508 reviews)",Google Places API (New)
Trattoria bar Lambretta,"Revaler Str. 14, 10245 Berlin, Germany",Berlin,Germany,030 55218052,http://trattoria-bar-lambretta.de/,lambretta.berlin@gmail.com,Moderate,4.8,,Italian Restaurant | Rated 4.8/5 (548 reviews),Google Places API (New)
Trattoria Sarda,"Stahlheimer Str. 30, 10439 Berlin, Germany",Berlin,Germany,030 52107265,,,Moderate,4.8,,Italian Restaurant | Rated 4.8/5 (366 reviews),Google Places API (New)
Trattoria Senza,"Hannoversche Str. 1, 10115 Berlin, Germany",Berlin,Germany,030 44038333,https://trattoriasenza.de/,office@trattoriasenza.de,Moderate,4.7,,Restaurant | Rated 4.7/5 (533 reviews),Google Places API (New)
L'Osteria Berlin Memhardstraße,"Memhardstraße 3, 10178 Berlin, Germany",Berlin,Germany,030 28043240,https://losteria.net/de/restaurants/restaurant/berlin-memhardstrasse/,memhardstrasse@losteria.de,Moderate,4.1,,Italian Restaurant | Rated 4.1/5 (4705 reviews),Google Places API (New)
Vino & Basilico,"Tucholskystraße 18/20, 10117 Berlin, Germany",Berlin,Germany,030 27878885,http://www.vinoebasilico.com/,info@vinoebasilico.com,Moderate,4.5,,"Creative interpretations of Italian classics in a convivial, understated place with sidewalk tables. | Italian Restaurant | Rated 4.5/5 (1645 reviews)",Google Places API (New)
Trattoria Toscana,"Sredzkistraße 49, 10435 Berlin-Bezirk Pankow, Germany",Berlin,Germany,030 44323064,https://www.facebook.com/pages/Trattoria-Toscana-Berlin-Prenzlauer-Berg/301452706974027,,Moderate,4.6,,Italian Restaurant | Rated 4.6/5 (870 reviews),Google Places API (New)
Trattoria Toscana,"Schloßstraße 45, 14059 Berlin, Germany",Berlin,Germany,030 34806450,https://www.instagram.com/latrattoriatoscana/,,Moderate,4.6,,Italian Restaurant | Rated 4.6/5 (774 reviews),Google Places API (New)
Sale e Pepe,"Nürnberger Str. 28, 10789 Berlin-Bezirk Charlottenburg-Wilmersdorf, Germany",Berlin,Germany,030 26107390,http://ristorante-salepepe.de/,info@ristorante-salepepe.de,Moderate,4.6,,"Down-to-earth option offering pizza, pasta, calzones, meat dishes & desserts, plus wine. | Italian Restaurant | Rated 4.6/5 (1790 reviews)",Google Places API (New)
Brasserie Hélène,"Tauentzienstraße 21-24, 10789 Berlin, Germany",Berlin,Germany,030 21212101,"https://www.kadewe.de/restaurants_bars/#:~:text=es%20monatliche%20Specials.-,BRASSERIE%20H%C3%89L%C3%88NE,-Savoir%2Dvivre%20in",,Expensive,4.8,,Restaurant | Rated 4.8/5 (390 reviews) | Expensive / upscale tier,Google Places API (New)
La Ciccia,"Anna-Louisa-Karsch-Straße 2, 10178 Berlin, Germany",Berlin,Germany,,https://www.ciccia-berlin.de/,info@ciccia-berlin.de,Moderate,4.1,,"Antipasti, pasta, pizza & grills at a rustic-chic venue with a terrace overlooking the Spree. | Restaurant | Rated 4.1/5 (500 reviews)",Google Places API (New)
Aposto,"Monbijoupl. 12, 10178 Berlin, Germany",Berlin,Germany,030 27595559,http://aposto-berlin.de/,info@aposto-berlin.de,Moderate,4.6,,"Pasta & pizza, plus lunch set menus, at an Italian restaurant with a wine wall & sidewalk tables. | Italian Restaurant | Rated 4.6/5 (1320 reviews)",Google Places API (New)
Dolcini,"Jägerstraße 70, 10117 Berlin, Germany",Berlin,Germany,030 24630456,http://www.dolcini.berlin/,avanti@dolcini.berlin,Moderate,4.7,,"Daily specials at an intimate, lively trattoria-style restaurant specialising in pasta dishes. | Italian Restaurant | Rated 4.7/5 (982 reviews)",Google Places API (New)
Napolita Kurfürstendamm,"Grolmanstraße 39, 10623 Berlin, Germany",Berlin,Germany,030 27878336,https://www.napolita.de/,info@napolita.de,Moderate,4.8,,Italian Restaurant | Rated 4.8/5 (993 reviews),Google Places API (New)
De Rome Restaurant,"Behrenstraße 37, 10117 Berlin, Germany",Berlin,Germany,030 4606091212,https://www.hotelderomeberlin.com/en/dining.html,restaurants.berlin@hotelderomeberlin.com,,4.4,,Italian Restaurant | Rated 4.4/5 (250 reviews),Google Places API (New)
Vaporetto Restaurant,"Schiffbauer Damm, Albrechtstraße 12, 10117 Berlin, Germany",Berlin,Germany,030 27594623,http://www.vaporetto-berlin.com/,info@vaporetto-berlin.com,Moderate,4.4,,"Antipasti, pasta & pizzas, plus classic mains, at a traditional trattoria with tables by the river. | Italian Restaurant | Rated 4.4/5 (1246 reviews)",Google Places API (New)
Trattoria Pizzeria San Nicola,"Nikolaiviertel, Spreeufer 3, 10178 Berlin, Germany",Berlin,Germany,030 24172580,https://trattoria-sannicola.metro.rest/,sannicola.trattoria@gmail.com,Moderate,3.9,,Italian Restaurant | Rated 3.9/5 (1008 reviews),Google Places API (New)
Ristorante Mjalt,"Sredzkistraße 23, 10435 Berlin-Bezirk Pankow, Germany",Berlin,Germany,030 44044743,https://www.mjalt.de/,info@mjalt.de,Moderate,4.8,,Italian Restaurant | Rated 4.8/5 (374 reviews),Google Places API (New)
Lamazère Brasserie,"Stuttgarter Pl. 18, 10627 Berlin-Bezirk Charlottenburg-Wilmersdorf, Germany",Berlin,Germany,030 31800712,http://www.lamazere.de/,brasserie@lamazere.de,Expensive,4.7,,"Elevated, seasonal French cuisine & wine served in a warmly decorated destination. | French Restaurant | Rated 4.7/5 (717 reviews) | Expensive / upscale tier",Google Places API (New)
Gaffel Haus Berlin - Das Kölsche Konsulat in der Hauptstadt,"Direkt neben dem Maritim proArte Hotel, Dorotheenstraße 65, 10117 Berlin, Germany",Berlin,Germany,030 31011693,http://www.gaffel-haus-berlin.de/,berlin@gaffel-haus.de,Moderate,4.5,,"Schnitzel, currywurst & beer in a large brewery with wood-paneled interiors & a terrace. | German Restaurant | Rated 4.5/5 (2566 reviews)",Google Places API (New)
Upper Grill & Bar,"Oranienburger Str. 4, 10178 Berlin, Germany",Berlin,Germany,030 92273593,https://uppergrill.bar/,info@uppergrill.bar,Expensive,4.8,,Restaurant | Rated 4.8/5 (4562 reviews) | Expensive / upscale tier,Google Places API (New)
Weihenstephaner Berlin,"Neue Promenade 5, 10178 Berlin, Germany",Berlin,Germany,030 84710760,https://www.weihenstephaner-berlin.de/,info@weihenstephaner-berlin.de,Moderate,4,,"Modern, Bavarian-style tavern with heavy wooden tables, Austro-German cuisine & courtyard seating. | Gastropub | Rated 4/5 (2879 reviews)",Google Places API (New)
Augustiner am Gendarmenmarkt,"Charlottenstraße 55, 10117 Berlin, Germany",Berlin,Germany,030 20454020,https://augustiner-braeu-berlin.de/,,Moderate,4,,"Bavarian-style beer hall, with a dark wood-paneled ceiling & walls, serving South German cuisine. | German Restaurant | Rated 4/5 (11322 reviews)",Google Places API (New)
Zum Schusterjungen,"Danziger Str. 9, 10435 Berlin-Bezirk Pankow, Germany",Berlin,Germany,030 4427654,http://www.zumschusterjungen.com/,info@zumschusterjungen.com,Moderate,4.5,,"Homestyle German classics like pork knuckle & schnitzel, plus beer, in an old-fashioned venue. | German Restaurant | Rated 4.5/5 (2793 reviews)",Google Places API (New)
"Das Lemke - Biergarten, Brauerei, deutsche Küche","S-Bahnbogen 143, Dircksenstraße, 10178 Berlin, Germany",Berlin,Germany,030 24728727,https://hm.lemke.berlin/,sales@lemkeberlin.com,Moderate,4.4,,"Brewery bar & restaurant with on-site copper brewing vessels, German food & seasonal beer garden. | German Restaurant | Rated 4.4/5 (4512 reviews)",Google Places API (New)
HeimWerk Hackescher Markt,"Neue Promenade 6, 10178 Berlin, Germany",Berlin,Germany,030 318765000,https://www.heimwerk-restaurant.de/standorte/berlin-hackescher-markt/,info@gastundwirt.com,Moderate,4.6,,German Restaurant | Rated 4.6/5 (1430 reviews),Google Places API (New)
Kin Za Georgian Restaurant Cafe Bar Lunch Coktails Karaoke Event Magic,"Oranienburger Str. 17, 10178 Berlin, Germany",Berlin,Germany,0163 5120124,https://www.instagram.com/kinza.berlin/,,Moderate,4.8,,"Homemade Georgian staples including khachapuri, kebab & khinkali are served at this modest eatery. | Eastern European Restaurant | Rated 4.8/5 (16006 reviews)",Google Places API (New)
Baret,"Schloßpl., 10178 Berlin, Germany",Berlin,Germany,0176 72894500,,,Moderate,4.3,,European Restaurant | Rated 4.3/5 (1406 reviews),Google Places API (New)
Zum Nußbaum,"Am Nußbaum 3, 10178 Berlin, Germany",Berlin,Germany,030 2423095,,,Moderate,4.3,,"Bar with a long history, rebuilt after WWII, offering local dishes, table service & outdoor seating. | Restaurant | Rated 4.3/5 (2141 reviews)",Google Places API (New)
Burgermeister Alexanderplatz,"Dircksenstraße 113, 10178 Berlin, Germany",Berlin,Germany,030 67826820,http://www.burgermeister.com/,contact@burgermeister.com,Moderate,4.4,,"Casual counter-serve destination for fast-food-style burgers & fries, with outdoor tables. | Hamburger Restaurant | Rated 4.4/5 (2622 reviews)",Google Places API (New)
Ni's Restaurant,"Kleine Präsidentenstraße 3, 10178 Berlin, Germany",Berlin,Germany,030 69001518,https://www.instagram.com/nisrestaurant/,,Moderate,4.4,,Chinese Restaurant | Rated 4.4/5 (2361 reviews),Google Places API (New)
berlincurrys,"Karl-Liebknecht-Str. 13, 10178 Berlin, Germany",Berlin,Germany,030 28043313,https://www.berlincurrys.de/,office@berlincurrys.de,Inexpensive,4.6,,"Brewpub with shiny copper vessels & outside seating, serving German cuisine & self-brewed beers. | Snack Bar | Rated 4.6/5 (1228 reviews)",Google Places API (New)
Moon Exquisite,"Spreeufer 2, 10178 Berlin, Germany",Berlin,Germany,030 30882156,https://www.moonexquisite-berlin.com/,Info@moonexquisite-berlin.com,Expensive,4.6,,Innovative Southeast Asian-fusion kitchen with a European influence. | Asian Fusion Restaurant | Rated 4.6/5 (1092 reviews) | Expensive / upscale tier,Google Places API (New)
Mogg,"Kalle Neükolln, Karl-Marx-Straße 101, 12043 Berlin, Germany",Berlin,Germany,0176 64961344,http://www.moggmogg.com/,catering@moggmogg.com,Moderate,4.5,,"Pastrami sandwiches, shakshuka & New York-style cheesecake in a red-brick building from 1927. | Restaurant | Rated 4.5/5 (1567 reviews)",Google Places API (New)
Max und Moritz,"Oranienstraße 162, 10969 Berlin-Bezirk Friedrichshain-Kreuzberg, Germany",Berlin,Germany,030 69515911,http://maxundmoritzberlin.de/,info@maxundmoritzberlin.de,Moderate,4.4,,"Relaxed, old-timey bar & restaurant, established in 1902, with a local German menu & a ballroom. | German Restaurant | Rated 4.4/5 (2981 reviews)",Google Places API (New)
Madami - Mom's Viet Kitchen,"Rosa-Luxemburg-Straße 3, 10178 Berlin, Germany",Berlin,Germany,030 65779266,http://www.madami-restaurant.de/,mama@madami-restaurant.de,Moderate,4.4,,Vietnamese Restaurant | Rated 4.4/5 (4055 reviews),Google Places API (New)
Zum Paddenwirt,"Nikolaikirchpl. 6, 10178 Berlin, Germany",Berlin,Germany,030 28444689,http://www.paddenwirt.de/,info@paddenwirt.de,Moderate,4.3,,"Robust, homestyle meals served in a wood-paneled dining room or a large beer garden. | German Restaurant | Rated 4.3/5 (1751 reviews)",Google Places API (New)
Café Oliv,"Münzstraße 8, 10178 Berlin, Germany",Berlin,Germany,030 89206540,,,Moderate,4.7,,"Espresso, pastries & hip, bistro-style dishes in an arty contemporary cafe with an industrial feel. | Cafe | Rated 4.7/5 (1126 reviews)",Google Places API (New)
Buya Ramen Factory,"Reichenberger Str. 36 Backyard, 10999 Berlin, Germany",Berlin,Germany,030 64461073,https://opentable.de/,,Moderate,4.7,,"Spacious venue for Japanese soups with homemade noodles & vegan options, plus sake & small plates. | Ramen Restaurant | Rated 4.7/5 (2658 reviews)",Google Places API (New)
Eataly Inn,"Alexanderpl. 8, 10178 Berlin, Germany",Berlin,Germany,0176 84678220,http://eat-aly-inn.de/,,Moderate,4.8,,Italian Restaurant | Rated 4.8/5 (1059 reviews),Google Places API (New)
"Pelmennaia - ""Пельменная""","Alte Jakobstraße 77, 10179 Berlin, Germany",Berlin,Germany,0491 7655662673,https://pelmennaia.com/,pelmeneria@gmail.com,Moderate,4.6,,Cafe | Rated 4.6/5 (732 reviews),Google Places API (New)
ERDINGER am Gendarmenmarkt,"Jägerstraße 56, 10117 Berlin, Germany",Berlin,Germany,030 208799800,http://www.erdingerberlin.de/,info@erdingerberlin.de,Moderate,4.3,,Bavarian restaurant | Rated 4.3/5 (2034 reviews),Google Places API (New)
Restaurant Hackescher Hof,"Rosenthaler Str. 40-41, 10178 Berlin, Germany",Berlin,Germany,030 2835293,https://www.hackescher-hof.de/,post@hackescher-hof.de,Expensive,4.7,,Restaurant | Rated 4.7/5 (273 reviews) | Expensive / upscale tier,Google Places API (New)
Restaurant Berlinchen,"Bayreuther Str. 44, 10787 Berlin, Germany",Berlin,Germany,030 21996177,https://www.restaurant-berlinchen.be/,,Moderate,4.4,,Draft beers & meaty traditional dishes in a cozy tavern with vintage brewery signs & retro decor. | German Restaurant | Rated 4.4/5 (1209 reviews),Google Places API (New)
Alois Moser,"Anna-Louisa-Karsch-Straße 2, 10178 Berlin, Germany",Berlin,Germany,,https://www.alois-moser.de/,info@alois-moser.de,Moderate,4.3,,"Breakfast, traditional German dishes & beer at an elegant venue with views of Berlin Cathedral. | Restaurant | Rated 4.3/5 (901 reviews)",Google Places API (New)
"YADA YADA ""breakfast club""","Köpenicker Str. 93, 10179 Berlin, Germany",Berlin,Germany,01515 1889696,http://www.yada-yada.de/,,Moderate,4.8,,"Breakfast, sandwiches, salads, baked goods & smoothies are served all day in hip coffeehouse digs. | Cafe | Rated 4.8/5 (1656 reviews)",Google Places API (New)
La Maison Berlin,"Paul-Lincke-Ufer 17, 10999 Berlin, Germany",Berlin,Germany,030 61656186,https://lamaison.berlin/,shop@lamaison.berlin,Moderate,4.5,,"Sandwiches, quiche, soup & pastries, plus smoothies, coffee & tea, in a casual cafe with a terrace. | Cafe | Rated 4.5/5 (2866 reviews)",Google Places API (New)
Cafe Latrio-Berlin monbijouplatz 4,"Monbijoupl. 4, 10178 Berlin, Germany",Berlin,Germany,030 63969072,https://cafelatrioberlin.shop/,contact@grubbio.com,Moderate,4.7,,Cafe | Rated 4.7/5 (3019 reviews),Google Places API (New)
Flamingo Fresh Food Bar,"Neustädtische Kirchstraße 8, 10117 Berlin, Germany",Berlin,Germany,030 83218865,http://www.flamingo-freshfood.de/,info@flamingo-freshfood.de,Moderate,4.7,,"Breezy, light wood-accented & whitewashed space for soups, salads, sandwiches & light pasta dishes. | Bistro | Rated 4.7/5 (1432 reviews)",Google Places API (New)
EINSTEIN Unter den Linden,"Unter den Linden 42, 10117 Berlin, Germany",Berlin,Germany,030 2043632,https://einstein-udl.com/,OFFICE@EINSTEIN-UDL.COM,Moderate,4.1,,"Stylish cafe-restaurant with historic feel, framed photos, dark wood, plus booth & sidewalk seating. | Austrian Restaurant | Rated 4.1/5 (7089 reviews)",Google Places API (New)
Cafe Kiva Han,"Max-Beer-Str. 25, 10119 Berlin, Germany",Berlin,Germany,,https://www.instagram.com/cafekiva.han/,,Moderate,4.8,,Breakfast Restaurant | Rated 4.8/5 (813 reviews),Google Places API (New)
ALEX Berlin am Alex,"Panoramastraße 1A, 10178 Berlin, Germany",Berlin,Germany,030 2404763,https://www.dein-alex.de/berlin-am-alex,hallo@dein-alex.de,Moderate,4,,Restaurant | Rated 4/5 (5380 reviews),Google Places API (New)
Spreegold Mitte,"Rosa-Luxemburg-Straße 2, 10178 Berlin, Germany",Berlin,Germany,030 37587980,http://www.spreegold.com/,,Moderate,4.2,,Cafe | Rated 4.2/5 (3046 reviews),Google Places API (New)
Café Fleury,"Weinbergsweg 20, 10119 Berlin, Germany",Berlin,Germany,030 44034144,https://cafe-fleury.eatbu.com/,fleury@berlin.de,Moderate,4.4,,"Laid-back venue with a terrace whipping up brunch staples, light bites & sweets, plus coffee & wine. | Cafe | Rated 4.4/5 (1411 reviews)",Google Places API (New)
cafe neundrei,"Monbijoupl. 2, 10178 Berlin, Germany",Berlin,Germany,,http://www.neundrei.com/,cafe@neundrei.com,Inexpensive,4.6,,"Vegan cakes, smoothies & breakfast bowls, at a cafe with a window counter & sofas in the basement. | Cafe | Rated 4.6/5 (1901 reviews)",Google Places API (New)
Nafora Café,"Voltairestraße 11, 10179 Berlin, Germany",Berlin,Germany,,https://www.naforacafe.com/,naforacafe@icloud.com,Inexpensive,4.7,,Cafe | Rated 4.7/5 (554 reviews),Google Places API (New)
Café Schroeder,"Schröderstraße 15, 10115 Berlin, Germany",Berlin,Germany,,,,Moderate,4.5,,Cafe | Rated 4.5/5 (343 reviews),Google Places API (New)
Coffee and Cookies - Berlin,"Stresemannstraße 107, 10963 Berlin-Bezirk Friedrichshain-Kreuzberg, Germany",Berlin,Germany,030 49080780,https://instagram.com/coffeeundcookies?igshid=OGQ5ZDc2ODk2ZA==,,Inexpensive,4.5,,Cafe | Rated 4.5/5 (827 reviews),Google Places API (New)
Café Kalwil Berlin,"Motzstraße 30, 10777 Berlin, Germany",Berlin,Germany,030 23638818,http://www.cafekalwilberlin.de/,felipe.visser@cafekalwilberlin.de,Moderate,4.4,,Cafe | Rated 4.4/5 (1497 reviews),Google Places API (New)
Distrikt coffee,"Bergstraße 68, 10115 Berlin, Germany",Berlin,Germany,,http://distriktcoffee.de/,info@distriktcoffee.de,Moderate,4.4,,"Trendy, industrial-chic cafe serving coffee, breakfast plates & smoothies in a plant-filled space. | Cafe | Rated 4.4/5 (2677 reviews)",Google Places API (New)
2D Cafe Always Together,"Große Hamburger Str. 24, 10115 Berlin, Germany",Berlin,Germany,,https://cafealwaystogether.de/,info@cafealwaystogether.de,Inexpensive,4.6,,Cafe | Rated 4.6/5 (1301 reviews),Google Places API (New)
Bonanza Coffee Roasters,"Adalbertstraße 70, 10999 Berlin-Bezirk Friedrichshain-Kreuzberg, Germany",Berlin,Germany,,http://www.bonanzacoffee.de/,webshop@bonanzacoffee.de,,4.3,,Coffee roastery | Rated 4.3/5 (2522 reviews),Google Places API (New)
rocket + basil,"Lützowstraße 22, 10785 Berlin, Germany",Berlin,Germany,0178 3235089,http://www.rocketandbasil.com/,hello@rocketandbasil.com,Moderate,4.6,,"Persian-inspired brunch dishes, salads & sandwiches in a fashionable, family-owned coffee shop. | Cafe | Rated 4.6/5 (834 reviews)",Google Places API (New)
Isla,"Hermannstraße 37, 12049 Berlin-Bezirk Neukölln, Germany",Berlin,Germany,,https://www.facebook.com/Islacoffeeberlin,,Moderate,4.5,,"Clean, modern space for coffee, brunch & toasted sandwiches, with vegan options & a leafy terrace. | Coffee Shop | Rated 4.5/5 (973 reviews)",Google Places API (New)
Café Wintergarten (Restaurant & Café),"Potsdamer Str. 96 10785, 10785 Berlin, Germany",Berlin,Germany,030 58843486,https://wintergarten-berlin.de/gastronomie/#cafe,gastronomie@wintergarten-berlin.de,Moderate,4.3,,Restaurant | Rated 4.3/5 (41 reviews),Google Places API (New)
Café Anna Blume,"Kollwitzstraße 83, 10435 Berlin-Bezirk Pankow, Germany",Berlin,Germany,030 44048749,http://www.cafe-anna-blume.de/,info@cafe-anna-blume.de,Moderate,4.2,,"Cafe-restaurant, connected to florist, with marble-topped tables, homemade cakes & terrace seating. | Cafe | Rated 4.2/5 (4145 reviews)",Google Places API (New)
Café am Engelbecken,"Michaelkirchpl. 25, 10179 Berlin, Germany",Berlin,Germany,030 69596793,https://cafe-am-engelbecken.de/,info@cafe-am-engelbecken.de,Moderate,4.1,,"Cocktails, light fare & breakfast served in an unassuming space with a waterfront terrace. | Cafe | Rated 4.1/5 (1741 reviews)",Google Places API (New)
Zimt & Zucker Kaffeehaus,"Potsdamer Str. 103, 10785 Berlin, Germany",Berlin,Germany,030 28604277,https://zimtundzucker.com/,,Moderate,4.3,,Cafe | Rated 4.3/5 (1906 reviews),Google Places API (New)
Zeit für Brot,"Alte Schönhauser Str. 4, 10119 Berlin, Germany",Berlin,Germany,030 28046780,https://zeitfuerbrot.com/,berlin@zeitfuerbrot.com,Inexpensive,4.6,,Bakery | Rated 4.6/5 (5920 reviews),Google Places API (New)
Café Cinema,"Rosenthaler Str. 39, 10178 Berlin, Germany",Berlin,Germany,,https://www.cafecinema.net/,,Inexpensive,4.3,,"Coffee & beer in a cozy, bohemian hangout with stage lights & a graffiti-lined courtyard. | Cafe | Rated 4.3/5 (2331 reviews)",Google Places API (New)
Five Elephant Mitte,"Alte Schönhauser Str. 14, 10119 Berlin, Germany",Berlin,Germany,,http://www.fiveelephant.com/,answers@fiveelephant.com,Inexpensive,4.3,,Cafe | Rated 4.3/5 (1806 reviews),Google Places API (New)
Wonder Waffel Berlin,"Adalbertstraße 88, 10997 Berlin-Bezirk Friedrichshain-Kreuzberg, Germany",Berlin,Germany,0178 2424279,https://www.wonderwaffel.de/,,,4.6,,"Cafe-restaurant, with exposed brickwork & armchairs, serving fruit- & candy-topped shakes & waffles. | Ice Cream Shop | Rated 4.6/5 (2747 reviews)",Google Places API (New)
"Wine & Coffee House (Café, Bar & Spirituosengeschäft)","Karl-Liebknecht-Str. 7, 10178 Berlin, Germany",Berlin,Germany,030 2423775,http://www.wine-and-coffeehouse.de/,,Moderate,4.6,,Perennial hangout offering traditional food in comfortable quarters with sidewalk seats. | Cafe | Rated 4.6/5 (1254 reviews),Google Places API (New)
Grand Cafe - Saint Germain,"Savignypl. 13, 10623 Berlin, Germany",Berlin,Germany,030 31991099,http://grandcafe-saintgermain.de/,reservations@grandcafe-saintgermain.de,,4.5,,French Restaurant | Rated 4.5/5 (655 reviews),Google Places API (New)
tigertörtchen Café - Berlin Cupcakes,"Spandauer Str. 25, 10178 Berlin, Germany",Berlin,Germany,030 67969051,https://www.tigertoertchen.de/,info@tigertoertchen.de,Inexpensive,4.7,,Cafe | Rated 4.7/5 (1081 reviews),Google Places API (New)
Cancún,"Rathausstraße 5-13, 10178 Berlin, Germany",Berlin,Germany,030 84712785,http://www.cancun-restaurant.de/,info@cancun-restaurant.de,Moderate,4.4,,Latin American Restaurant | Rated 4.4/5 (4467 reviews),Google Places API (New)
Potemkin Cafe Restaurant Berlin,"Viktoria-Luise-Platz 5, 10777 Berlin, Germany",Berlin,Germany,030 21968181,https://www.restaurant-potemkin.berlin/,info@restaurant-potemkin.berlin,Moderate,4.5,,Brunch Restaurant | Rated 4.5/5 (799 reviews),Google Places API (New)
Steakhouse ASADOR,"Wilhelmstraße 22, 10963 Berlin-Bezirk Friedrichshain-Kreuzberg, Germany",Berlin,Germany,030 25931818,http://www.restaurant-asador.de/,reservierung@restaurant-asador.de,Expensive,4.5,,"Rustic Argentine-style steakhouse with banquette seating, a pillared central bar & a terrace. | Steak House | Rated 4.5/5 (4631 reviews) | Expensive / upscale tier",Google Places API (New)
Beef Grill Club by Hasir,"Leipziger Pl. 12, 10117 Berlin, Germany",Berlin,Germany,030 20644390,http://www.beefgrillclubbyhasir.de/,info@emsalgastro.de,,4.6,,Steak House | Rated 4.6/5 (1404 reviews),Google Places API (New)
BLOCK HOUSE Friedrichstraße,"Friedrichstraße 100, 10117 Berlin, Germany",Berlin,Germany,030 20074377,https://www.block-house.de/restaurants/berlin/friedrichstrasse,,Moderate,4.5,,Steak House | Rated 4.5/5 (5716 reviews),Google Places API (New)
Beef Grill Club am Adenauer Platz,"Am Adenauer Platz, Kurfürstendamm 72, 10629 Berlin-Bezirk Charlottenburg-Wilmersdorf, Germany",Berlin,Germany,030 32766494,http://www.beefgrillclubbyhasir.de/,,,4.7,,Steak House | Rated 4.7/5 (1073 reviews),Google Places API (New)
BLOCK HOUSE Theodor-Heuss-Platz,"Theodor-Heuss-Platz 12, 14052 Berlin-Bezirk Charlottenburg-Wilmersdorf, Germany",Berlin,Germany,030 3017091,https://www.block-house.de/restaurants/berlin/theodor-heuss-platz,,Expensive,4.4,,Steak House | Rated 4.4/5 (3832 reviews) | Expensive / upscale tier,Google Places API (New)
BLOCK HOUSE Bikini Am Zoo Palast,"Budapester Str. 42-50, 10787 Berlin, Germany",Berlin,Germany,030 26558500,https://www.block-house.de/restaurants/berlin/am-zoo-palast,,Moderate,4.4,,Steak House | Rated 4.4/5 (3810 reviews),Google Places API (New)
The Brooklyn,"Köpenicker Str. 92, 10179 Berlin, Germany",Berlin,Germany,030 20215820,http://www.thebrooklyn.de/,ap@thebrooklyn.de,,4.8,,"Classy American steakhouse with beef sourced from the U.S., plus a cozy dining room & outdoor seats. | Steak House | Rated 4.8/5 (524 reviews)",Google Places API (New)
Dede Chicago Steakhouse,"Wittenbergpl. 3, 10789 Berlin-Bezirk Tempelhof-Schöneberg, Germany",Berlin,Germany,030 23624227,https://chicagosteakhouse.de/,,Expensive,4.6,,Steak House | Rated 4.6/5 (715 reviews) | Expensive / upscale tier,Google Places API (New)
MAREDO Beef & Beer Potsdamer Platz,"Potsdamer Platz 1, 10785 Berlin, Germany",Berlin,Germany,030 23302393,https://www.maredo.com/steakhaeuser/berlin-potsdamer-platz/,,Expensive,4.5,,Steak House | Rated 4.5/5 (4657 reviews) | Expensive / upscale tier,Google Places API (New)
BLOCK HOUSE Karl-Marx-Allee,"Karl-Marx-Allee 91, 10243 Berlin-Bezirk Friedrichshain-Kreuzberg, Germany",Berlin,Germany,030 4224773,https://www.block-house.de/restaurants/berlin/karl-marx-allee,,Moderate,4.3,,Steak House | Rated 4.3/5 (3440 reviews),Google Places API (New)
ASADO Steakhaus,"Scharnweberstraße 67, 13405 Berlin-Bezirk Reinickendorf, Germany",Berlin,Germany,030 4138313,http://www.asado-steakhaus.de/,,Moderate,4.6,,Steak House | Rated 4.6/5 (1919 reviews),Google Places API (New)
Restaurant El Dorado,"Kurfürstendamm 203, 10719 Berlin-Bezirk Charlottenburg-Wilmersdorf, Germany",Berlin,Germany,030 88926582,http://www.eldorado-steakhaus.de/,mail@eldorado-steakhaus.de,Expensive,4.5,,"Tapas, Argentinian steaks & a global wine list at a spacious locale with tile accents & a terrace. | Steak House | Rated 4.5/5 (1403 reviews) | Expensive / upscale tier",Google Places API (New)
THE MEAT,"Damaschkestraße 17, 10711 Berlin, Germany",Berlin,Germany,030 57795799,https://themeat.de/,meet@themeat.de,Very Expensive,4.8,,Warm eatery offering upmarket barbecue dishes in a wood-paneled dining room with a bar. | Steak House | Rated 4.8/5 (1633 reviews) | Very expensive / luxury tier,Google Places API (New)
Doreedos,"Kurt-Schumacher-Damm 2-6, 13405 Berlin-Bezirk Reinickendorf, Germany",Berlin,Germany,030 40998601,https://steakhaus-doreedos.de/,info@steakhaus-doreedos.de,Moderate,4.6,,Steak House | Rated 4.6/5 (3152 reviews),Google Places API (New)
The Meat Company,"Friedrichstraße 63, 10117 Berlin, Germany",Berlin,Germany,,https://www.themeatcompany.de/,info@themeatcompany.de,Moderate,4.7,,Restaurant | Rated 4.7/5 (847 reviews),Google Places API (New)
Midtown Grill,"Ebertstraße 3, 10117 Berlin, Germany",Berlin,Germany,030 220005411,https://www.midtown-grill.de/,hr.berlin@marriott.com,Very Expensive,4.2,,"Modern, airy steakhouse restaurant with lounge music & banquettes, also serving seafood & cocktails. | Steak House | Rated 4.2/5 (1344 reviews) | Very expensive / luxury tier",Google Places API (New)
Becerro,"Eichborndamm 297, 13437 Berlin-Bezirk Reinickendorf, Germany",Berlin,Germany,030 41190099,https://becerro.de/,,Moderate,4.7,,Steak House | Rated 4.7/5 (1606 reviews),Google Places API (New)
BLOCK HOUSE Am Adenauerplatz,"Kurfürstendamm 161a, 10709 Berlin-Bezirk Charlottenburg-Wilmersdorf, Germany",Berlin,Germany,030 8919355,https://www.block-house.de/restaurants/berlin/am-adenauerplatz,,Expensive,4.4,,Steak House | Rated 4.4/5 (2921 reviews) | Expensive / upscale tier,Google Places API (New)
MAREDO Beef & Beer Gendarmenmarkt,"Quartier 205 Am Gendarmenmarkt, Charlottenstraße 57, 10117 Berlin, Germany",Berlin,Germany,030 20143627,https://visit.maredo.com/berlin/,admin@theimpactagency.de,Moderate,4.4,,Steak House | Rated 4.4/5 (2188 reviews),Google Places API (New)
Steakhaus Gaucho,"Müllerstraße 83B, 13349 Berlin, Germany",Berlin,Germany,030 4517604,https://www.facebook.com/pages/Steakhaus-Gaucho/196995930339719,,Moderate,4.6,,Steak House | Rated 4.6/5 (929 reviews),Google Places API (New)
Steakhouse Hazienda,"Mariendorfer Damm 144, 12107 Berlin, Germany",Berlin,Germany,030 76723880,https://steakhousehazienda.eatbu.com/,hazienda-steakhouse@mail.de,Moderate,4.3,,Steak House | Rated 4.3/5 (2296 reviews),Google Places API (New)
JW Steakhouse,"Stauffenbergstraße 26, 10785 Berlin, Germany",Berlin,Germany,030 20650,https://www.marriott.com/en-us/hotels/berjw-jw-marriott-hotel-berlin/dining/?scid=feed67b0-9a2f-4de1-8df6-114544116108,,Very Expensive,4.5,,Steak House | Rated 4.5/5 (444 reviews) | Very expensive / luxury tier,Google Places API (New)
Steakhouse Giovanni,"Alt-Friedrichsfelde 87, 10315 Berlin-Bezirk Lichtenberg, Germany",Berlin,Germany,030 40756719,https://www.steakhouse-giovanni.de/,info@steakhouse-giovanni.de,Moderate,4.8,,Steak House | Rated 4.8/5 (876 reviews),Google Places API (New)
Tony Roma's Berlin,"auf dem Uber-Platz vor der Uber-Arena, 10243 Berlin, Germany",Berlin,Germany,030 25295830,https://www.tonyromas.de/,info@tonyromas.de,Expensive,4.5,,"Long-running, family-friendly steakhouse chain known for its ribs, onion loaf & Romarita drinks. | American Restaurant | Rated 4.5/5 (5150 reviews) | Expensive / upscale tier",Google Places API (New)
The Grand,"Hirtenstraße 4, 10178 Berlin, Germany",Berlin,Germany,030 319881860,http://www.the-grand-berlin.com/,office@24-7event.com,,4.5,,A menu of elevated German-French dishes & wine in a polished eatery that has a seasonal terrace. | Event Venue | Rated 4.5/5 (916 reviews),Google Places API (New)
Mendoza Steakhaus,"Spandauer Damm 157, 14050 Berlin-Bezirk Charlottenburg-Wilmersdorf, Germany",Berlin,Germany,030 3051515,http://www.mendoza-berlin.de/,sd@mendoza-berlin.de,Moderate,4.7,,Argentinian Restaurant | Rated 4.7/5 (1174 reviews),Google Places API (New)
George Libanesisches Restaurant,"Ludwigkirchstraße 10 a, 10719 Berlin, Germany",Berlin,Germany,030 88921030,https://www.george-restaurant.com/,eben@eyebytes.com,,4.7,,Lebanese Restaurant | Rated 4.7/5 (553 reviews),Google Places API (New)
ASADO Steakhaus,"Potsdamer Ch 8, 14163 Berlin-Bezirk Steglitz-Zehlendorf, Germany",Berlin,Germany,030 8015318,http://asado-berlin.de/,bd_01@live.com,Moderate,4.4,,Steak House | Rated 4.4/5 (1204 reviews),Google Places API (New)
Steakhaus & Pizzeria Angus,"Kreuzbergstraße 11, 10965 Berlin-Bezirk Friedrichshain-Kreuzberg, Germany",Berlin,Germany,030 7862742,https://www.steakhausangus-berlin.de/,,,4.1,,Steak House | Rated 4.1/5 (1500 reviews),Google Places API (New)
El Dorando,"Alt-Reinickendorf 62, 13407 Berlin-Bezirk Reinickendorf, Germany",Berlin,Germany,030 49879738,http://www.eldorando-steakhaus.de/,,Moderate,4.6,,Steak House | Rated 4.6/5 (524 reviews),Google Places API (New)
Grill Royal,"Friedrichstraße 105b, 10117 Berlin, Germany",Berlin,Germany,030 28879288,http://grillroyal.com/,office@grillroyal.com,Very Expensive,4.3,,"Elegant grill restaurant, overlooking the river, with an international menu but known for steaks. | Bar & Grill | Rated 4.3/5 (3098 reviews) | Very expensive / luxury tier",Google Places API (New)
Boltes Berliner Steakhaus,"Propststraße 1, 10178 Berlin, Germany",Berlin,Germany,030 20215050,http://www.boltes-steakhaus.de/,info@boltes-steakhaus.de,Moderate,4.2,,Restaurant | Rated 4.2/5 (1273 reviews),Google Places API (New)
Cordoba,"Danckelmannstraße 1, 14059 Berlin-Bezirk Charlottenburg-Wilmersdorf, Germany",Berlin,Germany,030 33007028,http://www.cordobarestaurant.de/,ajdari171@gmail.com,Moderate,4.6,,Steak House | Rated 4.6/5 (600 reviews),Google Places API (New)
Steakhaus Barbecue Berlin.,"Britzer Damm 209, 12347 Berlin, Germany",Berlin,Germany,030 62609090,https://www.steakhausbarbecue.de/?utm_source=google_business_profile&utm_medium=button&utm_tracking_link_id=3b7823e5-8730-4d77-a98f-7092cee9c2a3,suleimannbbq@gmail.com,Moderate,4.2,,Steak House | Rated 4.2/5 (946 reviews),Google Places API (New)
Beef Grill Club,"Französische Str. 30, 10117 Berlin, Germany",Berlin,Germany,030 2014370860,http://www.beefgrillclub-hasir.de/,,Very Expensive,4.2,,Steak House | Rated 4.2/5 (330 reviews) | Very expensive / luxury tier,Google Places API (New)
Doreedos,"Lepsiusstraße 45, 12163 Berlin-Bezirk Steglitz-Zehlendorf, Germany",Berlin,Germany,030 89782250,http://www.doreedos-steakhaus.de/,info@doreedos-steakhaus.de,Moderate,4.7,,Restaurant | Rated 4.7/5 (711 reviews),Google Places API (New)
Buffalo Grill,"Wilmersdorfer Str. 92-93, 10629 Berlin-Bezirk Charlottenburg-Wilmersdorf, Germany",Berlin,Germany,030 45086790,http://www.grill-restaurant-buffalo.de/,info@grill-restaurant-buffalo.de,Moderate,4.1,,Steak House | Rated 4.1/5 (1289 reviews),Google Places API (New)
Villa Rodizio,"Milastraße 2, 10437 Berlin-Bezirk Pankow, Germany",Berlin,Germany,030 44046900,http://www.villa-rodizio.de/,reservierung@villa-rodizio.de,Expensive,4.4,,"High-ceilinged, art nouveau venue combining churrascaria, Mexican cantina & Argentine steakhouse. | Brazilian Restaurant | Rated 4.4/5 (6420 reviews) | Expensive / upscale tier",Google Places API (New)
Ranchero Steakhouse Mexikanisches & Argentinisches Restaurant,"Holzhauser Str. 59, 13509 Berlin, Germany",Berlin,Germany,030 43732995,,,Moderate,4.5,,Mexican Restaurant | Rated 4.5/5 (403 reviews),Google Places API (New)
Fleischerei,"Schönhauser Allee 8, 10119 Berlin-Bezirk Pankow, Germany",Berlin,Germany,030 50182117,http://www.fleischerei-berlin.com/,info@fleischerei-berlin.com,Expensive,4.7,,"Meat dishes with a creative global twist, plus Austrian wines, in a shabby-chic former butcher shop. | Restaurant | Rated 4.7/5 (854 reviews) | Expensive / upscale tier",Google Places API (New)
La Buvette - GRILL FRANÇAIS,"Danziger Str. 17, 10435 Berlin, Germany",Berlin,Germany,030 94405363,https://steakhouse.labuvette.berlin/,grill@labuvette.berlin,Expensive,4.6,,"Mussels, beef tartare & entrecôte steak, plus French wines, at a cozy, understated brasserie. | French Restaurant | Rated 4.6/5 (399 reviews) | Expensive / upscale tier",Google Places API (New)
LION Burger & Steak,"Warschauer Str. 82, 10243 Berlin, Germany",Berlin,Germany,030 29047619,https://www.lionburger.de/,lionburgerberlin@gmail.com,Moderate,4.7,,"Creative burgers cooked on a lava stone grill, plus fries & homemade lemonade, in a US-style diner. | American Restaurant | Rated 4.7/5 (1540 reviews)",Google Places API (New)
"BEEF 63 HOUSE Best Döner Berlin – Schnell, Lecker, Frisch!","Oranienburger Str. 8, 10178 Berlin, Germany",Berlin,Germany,,https://beef63house.de/,,Moderate,4.6,,Turkish Restaurant | Rated 4.6/5 (1040 reviews),Google Places API (New)
The Bird,"Am Falkpl. 5, 10437 Berlin-Bezirk Pankow, Germany",Berlin,Germany,030 20455600,http://www.thebirdinberlin.com/,thebirdreservations@gmail.com,Moderate,4.2,,"New York-style steakhouse & bar offering fresh sauces & home-style burgers, plus fun themed events. | American Restaurant | Rated 4.2/5 (5543 reviews)",Google Places API (New)
Casa Beef,"Tauentzienstraße 21-24, 10789 Berlin-Bezirk Tempelhof-Schöneberg, Germany",Berlin,Germany,030 23360245,https://www.casabeef.com/,commerce@fiftyfiftyholding.de,,4,,Steak House | Rated 4/5 (283 reviews),Google Places API (New)
Cortador Steakhaus,"Tegeler Weg 10, 10589 Berlin, Germany",Berlin,Germany,030 34094244,https://steakhaus-cortador.de/,,Moderate,4.2,,Steak House | Rated 4.2/5 (286 reviews),Google Places API (New)
Stampedo,"Friedrich-Engels-Straße 44, 13156 Berlin-Bezirk Pankow, Germany",Berlin,Germany,030 47755658,https://stampedo.de/,mark@bamboorocketapps.com,Moderate,4.5,,Steak House | Rated 4.5/5 (769 reviews),Google Places API (New)
El Toro,"Britzer Damm 63, 12347 Berlin-Bezirk Neukölln, Germany",Berlin,Germany,030 6079363,,,Moderate,4.1,,Steak House | Rated 4.1/5 (1108 reviews),Google Places API (New)
To The Bone,"Torstraße 96, 10119 Berlin, Germany",Berlin,Germany,030 40753440,https://tothebone.berlin/,booking@ttbone.de,,4.4,,Restaurant | Rated 4.4/5 (881 reviews),Google Places API (New)
Der Fischladen,"Schönhauser Allee 128, 10437 Berlin-Bezirk Pankow, Germany",Berlin,Germany,030 40005612,http://www.derfischladen.com/,info@derfischladen.com,Moderate,4.7,,"Fish & chips, oysters, herring & other seafood in a retro-chic dining room or no-frills takeout. | Restaurant | Rated 4.7/5 (1604 reviews)",Google Places API (New)
Fischfabrik Berlin,"Danziger Str. 24, 10435 Berlin-Bezirk Pankow, Germany",Berlin,Germany,030 64314581,https://fischfabrik.eatbu.com/,Casaalsol@aol.com,Moderate,4.7,,"Fish & chips, salmon burgers & other informal seafood bites in a chill, nautical-themed space. | Seafood Restaurant | Rated 4.7/5 (936 reviews)",Google Places API (New)
La Sepia,"Marburger Str. 2, 10789 Berlin, Germany",Berlin,Germany,030 2135585,https://www.lasepia-berlin.de/,reservation@lasepia-berlin.de,Moderate,4.8,,"Classic Mediterranean paella, shellfish & tapas served in a sleek, warehouse-style space. | Mediterranean Restaurant | Rated 4.8/5 (1282 reviews)",Google Places API (New)
Ocean Fisch Restaurant,"Sonnenallee 48, 12045 Berlin-Bezirk Neukölln, Germany",Berlin,Germany,0163 6703709,https://www.ocean-fisch-restaurant.de/,info@ocean-fisch-restaurant.de,Moderate,4.7,,Seafood Restaurant | Rated 4.7/5 (1570 reviews),Google Places API (New)
Atlantik Fischrestaurant,"Martin-Luther-Str. 134, 10825 Berlin-Bezirk Tempelhof-Schöneberg, Germany",Berlin,Germany,0176 32894617,http://www.atlantik-fischrestaurant.com/,info@atlantik-fischrestaurant.com,Moderate,4.5,,"Turkish-inflected seafood platters & grilled fish, plus Mediterranean wines, at an unassuming venue. | Seafood Restaurant | Rated 4.5/5 (767 reviews)",Google Places API (New)
TAKA Fish House,"Adalbertstraße 97, 10999 Berlin-Bezirk Friedrichshain-Kreuzberg, Germany",Berlin,Germany,030 26349486,http://www.takafishhouse.com/,handeaydemr@gmail.com,Moderate,4.6,,Seafood Restaurant | Rated 4.6/5 (674 reviews),Google Places API (New)
Taka Fish House,"Kottbusser Damm 35, 10967 Berlin, Germany",Berlin,Germany,030 24644214,https://www.taka-fishhouse.de/,handeaydemr@gmail.com,Moderate,4.8,,Seafood Restaurant | Rated 4.8/5 (106 reviews),Google Places API (New)
FunkyFisch,"Kantstraße 135-136, 10625 Berlin-Bezirk Charlottenburg-Wilmersdorf, Germany",Berlin,Germany,0163 9382215,http://funky-fisch.de/,info@funky-fisch.de,Expensive,4.5,,"Contemporary restaurant with artsy decor offering refined, internationally inspired seafood dishes. | Seafood Restaurant | Rated 4.5/5 (1353 reviews) | Expensive / upscale tier",Google Places API (New)
Let's Go Sylt Berlin,"Kurfürstendamm 212, 10719 Berlin, Germany",Berlin,Germany,030 88682800,https://letsgosylt.de/,%20info@letsgosylt.de,Expensive,4.1,,Seafood Restaurant | Rated 4.1/5 (1320 reviews) | Expensive / upscale tier,Google Places API (New)
Fischtheke Berlin,"Flughafenstraße 35, 12053 Berlin-Bezirk Neukölln, Germany",Berlin,Germany,030 55218782,,,Moderate,4.6,,Seafood Restaurant | Rated 4.6/5 (744 reviews),Google Places API (New)
Delphin Fisch & Steak,"Putlitzstraße 1, 10551 Berlin, Germany",Berlin,Germany,030 20097780,https://delphin-berlin.de/,info@delphin-berlin.de,Moderate,4.4,,Restaurant | Rated 4.4/5 (1217 reviews),Google Places API (New)
Atlantik Fischrestaurant Ayhan‘nin yeri,"Potsdamer Str. 166, 10783 Berlin-Bezirk Tempelhof-Schöneberg, Germany",Berlin,Germany,030 20051494,http://www.atlantikfischladen.de/,atlantikfischrestaurant@gmx.de,Moderate,4.3,,Seafood Restaurant | Rated 4.3/5 (811 reviews),Google Places API (New)
Fisch chipsy,"Leipziger Pl. 12, 10117 Berlin, Germany",Berlin,Germany,,,,Moderate,5,,Seafood Restaurant | Rated 5/5 (66 reviews),Google Places API (New)
Samake Fish & Seafood,"Badstraße 21, 13357 Berlin, Germany",Berlin,Germany,,http://samake.de/,samake-berlin@gmx.de,Moderate,4.7,,Restaurant | Rated 4.7/5 (604 reviews),Google Places API (New)
Fischkutter,"Tauentzienstraße 21-24, 10789 Berlin, Germany",Berlin,Germany,030 21212578,"https://www.kadewe.de/restaurants_bars/#:~:text=SPEISEKARTE-,FISCHKUTTER,-Erstmals%20umwehen%20einen",,Expensive,4.6,,Seafood Restaurant | Rated 4.6/5 (580 reviews) | Expensive / upscale tier,Google Places API (New)
BABALIQ Fish&Wine,"Bayreuther Str. 9, 10789 Berlin-Bezirk Tempelhof-Schöneberg, Germany",Berlin,Germany,030 23629216,https://www.babaliq.de/,,Expensive,4.9,,Restaurant | Rated 4.9/5 (177 reviews) | Expensive / upscale tier,Google Places API (New)
Ergün's Fischbude,"Rudower Str. 27-29, 12351 Berlin, Germany",Berlin,Germany,030 3975737,https://fischbude.metro.rest/,minemelek33@gmx.de,Moderate,4.7,,"Simple, laid-back tavern for Turkish & Mediterranean dishes with a focus on fish & seafood. | Restaurant | Rated 4.7/5 (966 reviews)",Google Places API (New)
Fischladen,"Arminiusmarkthalle, Arminiusstraße 2-4, 10551 Berlin, Germany",Berlin,Germany,0175 2441000,http://markthalleberlin.com/,info@markthalleberlin.com,Moderate,4.8,,Restaurant | Rated 4.8/5 (256 reviews),Google Places API (New)
Nordsee,"Spandauer Str. 4, 10178 Berlin, Germany",Berlin,Germany,030 2426881,https://www.nordsee.com/de/,nordsee@nordsee.com,Moderate,3.5,,Seafood Restaurant | Rated 3.5/5 (2887 reviews),Google Places API (New)
Delphin,"Scharnweberstraße 160, 13405 Berlin, Germany",Berlin,Germany,030 49878364,,,Moderate,4.2,,Seafood Restaurant | Rated 4.2/5 (1593 reviews),Google Places API (New)
Restaurant Austernbank,"Behrenstraße 42, 10117 Berlin, Germany",Berlin,Germany,030 767752724,http://www.austernbank-berlin.de/,,,4.3,,"Upscale seafood plates presented in a grand, sophisticated dining space with a chic bar. | Restaurant | Rated 4.3/5 (382 reviews)",Google Places API (New)
Buffet Restaurant Royal Garden Berlin,"Osdorfer Str. 26, 12207 Berlin-Bezirk Steglitz-Zehlendorf, Germany",Berlin,Germany,030 81852332,http://www.royal-china.de/,,Moderate,4.4,,"Stately venue with terra-cotta figures & sculptures, for all-you-can-eat Mongolian & Chinese buffet. | Chinese Restaurant | Rated 4.4/5 (5840 reviews)",Google Places API (New)
MUSCHELBAR,"Dunckerstraße 10, 10437 Berlin, Germany",Berlin,Germany,030 63412066,http://muschelbar.com/,,Moderate,4.8,,Seafood Restaurant | Rated 4.8/5 (585 reviews),Google Places API (New)
Austernbar,"Tauentzienstraße 21-24, 10789 Berlin, Germany",Berlin,Germany,030 21212806,https://www.kadewe.de/restaurants_bars/,,Expensive,4.8,,Oyster Bar Restaurant | Rated 4.8/5 (1132 reviews) | Expensive / upscale tier,Google Places API (New)
La Esperanza Restaurant Tapas Bar,"Chausseestraße 131 B, 10115 Berlin, Germany",Berlin,Germany,030 2807759,https://www.laesperanza.de/,info@laesperanza.de,Moderate,4.8,,Spanish Restaurant | Rated 4.8/5 (1216 reviews),Google Places API (New)
1. Berliner Fischmarkt GmbH,"Rothenbachstraße 48-50, 13089 Berlin-Bezirk Pankow, Germany",Berlin,Germany,030 47035848,http://www.berliner-fischmarkt.de/,lachs-butt@t-online.de,,4.3,,Food Store | Rated 4.3/5 (1168 reviews),Google Places API (New)
Sakura Restaurant,"Kurfürstenstraße 126, 10785 Berlin-Bezirk Tempelhof-Schöneberg, Germany",Berlin,Germany,030 23630939,http://sakura4restaurant.wixsite.com/sakura-restaurant,,Moderate,4.1,,"Modern Asian restaurant with an all-you-can-eat buffet featuring sushi, dim sum & noodle dishes. | Japanese Restaurant | Rated 4.1/5 (2599 reviews)",Google Places API (New)
La Victoria,"Markthalle Pfefferberg, Schönhauser Allee 176c, 10119 Berlin, Germany",Berlin,Germany,,http://www.lavictoria.berlin/,,Moderate,4.8,,Peruvian Restaurant | Rated 4.8/5 (102 reviews),Google Places API (New)
Fischparadies,"Hauptstraße 149A, 10827 Berlin-Bezirk Tempelhof-Schöneberg, Germany",Berlin,Germany,030 41760223,,,,4.3,,Food Store | Rated 4.3/5 (421 reviews),Google Places API (New)
VOLK,"Brunnenstraße 182, 10119 Berlin, Germany",Berlin,Germany,0173 6863883,http://volkmitte.de/,info@volkmitte.de,,4.7,,French Restaurant | Rated 4.7/5 (455 reviews),Google Places API (New)
Bedda's Sicilia,"Legiendamm 2, 10179 Berlin, Germany",Berlin,Germany,030 55479424,http://beddassicilia.de/,beddassicilia@gmail.com,Moderate,4.9,,Italian Restaurant | Rated 4.9/5 (760 reviews),Google Places API (New)
Van Loon Restaurant Boat and Shipping Company,"Carl-Herz-Ufer 5, 10961 Berlin, Germany",Berlin,Germany,030 6926293,https://vanloon.de/,info@vanloon.de,,4.7,,"Smoked fish & fried seafood, served on a boat-top deck with panoramic views over the canal. | Event Venue | Rated 4.7/5 (2383 reviews)",Google Places API (New)
MARINEHAUS Restaurant,"Märkisches Ufer 48-50, 10179 Berlin, Germany",Berlin,Germany,0175 9147380,https://www.marinehaus.de/,ahoi@marinehaus.de,Moderate,4.5,,"Pickled herring, fried fish & schnitzel at a rustic, maritime-themed tavern facing the Spree River. | Restaurant | Rated 4.5/5 (1054 reviews)",Google Places API (New)
Ja! Niko Ja!,"Budapester Str. 13, 10787 Berlin, Germany",Berlin,Germany,030 83228850,http://www.janikoja.com/,info@janikoja.com,Moderate,4.7,,Greek Restaurant | Rated 4.7/5 (1793 reviews),Google Places API (New)
Antonello's Cevicheria & StreetFood,"Nostitzstraße 22, 10961 Berlin-Bezirk Friedrichshain-Kreuzberg, Germany",Berlin,Germany,030 81492544,http://cevicheriastreetfood.de/,antonellos@cevicheriastreetfood.de,Moderate,4.5,,"Snug venue serving Italian & South American fare including ceviche, pasta & seafood, plus cocktails. | Italian Restaurant | Rated 4.5/5 (709 reviews)",Google Places API (New)
Taverne Platia,"Hauptstraße 27, 10827 Berlin, Germany",Berlin,Germany,030 66508851,https://taverne-platia.de/,info@taverne-platia.de,Expensive,4.7,,"Classic Greek fare & drinks lie in store at this warm, brick-lined restaurant with rustic styling. | Greek Restaurant | Rated 4.7/5 (1246 reviews) | Expensive / upscale tier",Google Places API (New)
NORDSEE Berlin Alexa,"ALEXA, Grunerstraße 20, 10179 Berlin, Germany",Berlin,Germany,030 25762081,https://www.nordsee.com/de/,nordsee@nordsee.com,Moderate,3.4,,Restaurant | Rated 3.4/5 (368 reviews),Google Places API (New)
China-Restaurant Phönix Buffet,"Greifswalder Str. 90, 10409 Berlin, Germany",Berlin,Germany,030 46793187,http://www.phönix-buffet.de/,,Moderate,4.3,,Chinese Restaurant | Rated 4.3/5 (2143 reviews),Google Places API (New)
Mundo Tapas - Checkpoint Charlie,"am Checkpoint Charlie, Zimmerstraße 19, 10969 Berlin, Germany",Berlin,Germany,030 25294284,https://checkpoint-charlie.tapas-mundo.com/,info@mundo.berlin,Moderate,4.7,,"Tapas, fajitas, steaks, burgers & pasta in a buzzy eatery with regular live Latin American music. | Spanish Restaurant | Rated 4.7/5 (1691 reviews)",Google Places API (New)
Fish&Chips,"Friedrichstraße 141, 10117 Berlin, Germany",Berlin,Germany,030 20673199,http://www.fishundchips.de/,,Moderate,3.4,,Seafood Restaurant | Rated 3.4/5 (202 reviews),Google Places API (New)
King King,"Rosa-Luxemburg-Straße 17, 10178 Berlin, Germany",Berlin,Germany,030 20089999,https://www.kingkingberlin.de/,larcencielresto@hotmail.fr,Moderate,4.4,,"Laid-back restaurant serving up sushi & sashimi, plus curries & stir fries, in an unfussy space. | Restaurant | Rated 4.4/5 (1875 reviews)",Google Places API (New)
La tia Rica,"Knesebeckstraße 92, 10623 Berlin-Bezirk Charlottenburg-Wilmersdorf, Germany",Berlin,Germany,030 31518693,http://www.latiarica.de/,info@latiarica.de,Expensive,4.7,,"Pisco sour cocktails, Chilean empanadas & garlic shrimp in a cozy ambience with terrace seating. | Chilean Restaurant | Rated 4.7/5 (946 reviews) | Expensive / upscale tier",Google Places API (New)
Rocoto - Peruvian Cuisine & Pisco Bar,"Winterfeldtstraße 17, 10781 Berlin-Bezirk Tempelhof-Schöneberg, Germany",Berlin,Germany,030 25320502,http://www.rocotoberlin.de/,info@rocotoberlin.de,Expensive,4.8,,Laid-back restaurant with exposed-brick walls offering traditional Peruvian cuisine & cocktails. | Peruvian Restaurant | Rated 4.8/5 (1099 reviews) | Expensive / upscale tier,Google Places API (New)
NORDSEE Berlin Wilmersdorfer Arcaden,"Wilmersdorfer Str. 46, 10627 Berlin, Germany",Berlin,Germany,030 31801470,https://www.nordsee.com/de/,nordsee@nordsee.com,Moderate,3.9,,Restaurant | Rated 3.9/5 (533 reviews),Google Places API (New)
Hauptstadtrestaurant Gendarmerie,"Behrenstraße 42, 10117 Berlin, Germany",Berlin,Germany,030 76775270,https://www.gendarmerie-berlin.de/,,,4.3,,"Artfully presented French brasserie cuisine, in a stylish space decorated with large-format art. | Restaurant | Rated 4.3/5 (2070 reviews)",Google Places API (New)
Fischerei Löcknitz - Hafenräucherei Treptow,"Puschkinallee 16, 12435 Berlin, Germany",Berlin,Germany,03362 821100,https://www.fischerei-am-kaniswall.de/hafen,info@fischerei-am-kaniswall.de,Inexpensive,4.5,,Seafood Restaurant | Rated 4.5/5 (160 reviews),Google Places API (New)
Les Deux,"Maffeistraße 3A, 80333 München-Schäfflerhof, Germany",München,Germany,089 710407373,https://lesdeux-muc.de/,info@lesdeux-muc.de,Very Expensive,4.6,,"Elegant setting for modern French food & an extensive wine list, plus a futuristic brasserie area. | Fine Dining Restaurant | Rated 4.6/5 (843 reviews) | Very expensive / luxury tier",Google Places API (New)
Pescheria,"Pettenkoferstraße 1, 80336 München-Ludwigsvorstadt-Isarvorstadt, Germany",München,Germany,089 24214027,http://www.pescheria.de/,dpo-google@google.com,Expensive,4.8,,"Rustic-chic setting for Mediterranean seafood dishes & carefully chosen wines, plus a terrace. | Restaurant | Rated 4.8/5 (1640 reviews) | Expensive / upscale tier",Google Places API (New)
Restaurant Käfer-Schänke,"Prinzregentenstraße 73/1. Etage, 81675 München, Germany",München,Germany,089 4168247,https://www.feinkost-kaefer.de/pages/kaefer-schaenke,coopers.bmw-welt@feinkost-kaefer.de,Very Expensive,4.6,,"Special-occasion dining with a pan-European menu, lounge bar & smart dining rooms with artworks. | Fine Dining Restaurant | Rated 4.6/5 (1377 reviews) | Very expensive / luxury tier",Google Places API (New)
Tantris,"Johann-Fichte-Straße 7, 80805 München, Germany",München,Germany,089 3619590,https://www.tantris.de/,,Very Expensive,4.7,,"Upscale, architect-designed restaurant with international dishes served in abundant stylish space. | Fine Dining Restaurant | Rated 4.7/5 (1251 reviews) | Very expensive / luxury tier",Google Places API (New)
Le Stollberg,"Stollbergstraße 2, 80539 München-Altstadt-Lehel, Germany",München,Germany,089 24243450,https://lestollberg.de/,Mail@lestollberg.de,Very Expensive,4.8,,"Creative French-inspired cuisine focused on offal & seasonal dishes, with upscale decor & terrace. | French Restaurant | Rated 4.8/5 (393 reviews) | Very expensive / luxury tier",Google Places API (New)
Tohru*** - Fine Dining,"Burgstraße 5, 80331 München, Germany",München,Germany,089 21529172,https://www.schreiberei-muc.de/tohru,kontakt@schreiberei-muc.de,Very Expensive,4.9,,Fine Dining Restaurant | Rated 4.9/5 (273 reviews) | Very expensive / luxury tier,Google Places API (New)
Atelier im Bayerischen Hof,"Promenadepl. 2-6, 80333 München-Altstadt-Lehel, Germany",München,Germany,089 2120743,https://www.bayerischerhof.de/de/erleben-geniessen/restaurants-bars/restaurants/atelier.html,,Very Expensive,4.8,,"Hotel restaurant with an industrial-chic vibe, serving polished French cuisine with Asian accents. | Fine Dining Restaurant | Rated 4.8/5 (311 reviews) | Very expensive / luxury tier",Google Places API (New)
Brothers Restaurant,"Kurfürstenstraße 31, 80801 München, Germany",München,Germany,089 45461930,https://www.brothers-munich.com/,markus@brothers-munich.com,Very Expensive,4.9,,Fine Dining Restaurant | Rated 4.9/5 (191 reviews) | Very expensive / luxury tier,Google Places API (New)
RESTAURANT TANTRIS DNA,"Johann-Fichte-Straße 7, 80805 München, Germany",München,Germany,089 3619590,https://tantris.de/restaurant-tantris-dna/,,Very Expensive,4.7,,Fine Dining Restaurant | Rated 4.7/5 (147 reviews) | Very expensive / luxury tier,Google Places API (New)
Restaurant Freisinger Hof,"Oberföhringer Str. 189, 81925 München, Germany",München,Germany,089 189082400,https://www.freisinger-hof.de/de/restaurant/,office@freisinger-hof.de,Expensive,4.8,,Restaurant | Rated 4.8/5 (1302 reviews) | Expensive / upscale tier,Google Places API (New)
Acquarello,"Mühlbaurstraße 36, 81677 München-Bogenhausen, Germany",München,Germany,089 4704848,http://acquarello.de/,massi.gamba@acquarello.com,Very Expensive,4.8,,"Brightly colored space with wall murals, offering gourmet Italian à la carte dishes & tasting menu. | Restaurant | Rated 4.8/5 (275 reviews) | Very expensive / luxury tier",Google Places API (New)
Restaurant Pfistermühle,"Pfisterstraße 4, 80331 München-Altstadt-Lehel, Germany",München,Germany,089 23703865,https://www.pfistermuehle.de/,servus@pfistermuehle.de,Very Expensive,4.5,,"Classic dining room in the vaults of an old 16th-century mill, serving high-end Bavarian cuisine. | Restaurant | Rated 4.5/5 (916 reviews) | Very expensive / luxury tier",Google Places API (New)
Restaurant Showroom,"Lilienstraße 6, 81669 München-Au-Haidhausen, Germany",München,Germany,089 44429082,http://www.showroom-restaurant.de/,info@showroom-restaurant.de,Very Expensive,4.6,,"Acclaimed small restaurant with a smart, light interior & inventive Modern European custom menus. | Fine Dining Restaurant | Rated 4.6/5 (379 reviews) | Very expensive / luxury tier",Google Places API (New)
Steakhaus La Bohème Schwabing,"Leopoldstraße 180, 80804 München-Schwabing-West, Germany",München,Germany,089 23762323,https://www.boheme-schwabing.de/,info@boheme-schwabing.de,Very Expensive,4.6,,French-style Chateaubriand beef platters & flambéed steaks at an elegantly designed urban bistro. | French Restaurant | Rated 4.6/5 (2538 reviews) | Very expensive / luxury tier,Google Places API (New)
Landersdorfer & Innerhofer,"Hackenstraße 6-8, 80331 München-Altstadt-Lehel, Germany",München,Germany,089 26018637,http://www.landersdorferundinnerhofer.de/,info@landersdorferundinnerhofer.de,Very Expensive,4.8,,"Refined option with outdoor seating & seasonal, multi-course menus that change daily. | Restaurant | Rated 4.8/5 (313 reviews) | Very expensive / luxury tier",Google Places API (New)
Restaurant Zauberberg München,"Hedwigstraße 14, 80636 München, Germany",München,Germany,089 18999178,http://www.restaurant-zauberberg.de/,info@restaurant-zauberberg.de,Very Expensive,4.8,,"Menus inspired by seasonal ingredients, plus matching wines, in a sleek, contemporary space. | European Restaurant | Rated 4.8/5 (396 reviews) | Very expensive / luxury tier",Google Places API (New)
Werneckhof Sigi Schelling,"Werneckstraße 11, 80802 München-Schwabing-Freimann, Germany",München,Germany,089 244189190,https://werneckhof-schelling.de/,info@werneckhof-schelling.de,Very Expensive,4.8,,Fine Dining Restaurant | Rated 4.8/5 (193 reviews) | Very expensive / luxury tier,Google Places API (New)
Le Petit Chef - München,"Rosenheimer Str. 15, 81667 München, Germany",München,Germany,089 44249500,https://lepetitchef.com/munich/,hallo@restaurant-mona.de,Very Expensive,4.6,,Restaurant | Rated 4.6/5 (280 reviews) | Very expensive / luxury tier,Google Places API (New)
Restaurant JAN - Jan Hartwig,"Luisenstraße 27, 80333 München-Maxvorstadt, Germany",München,Germany,089 23708658,https://jan-hartwig.com/,anfrage@jan-hartwig.com,Very Expensive,4.8,,Fine Dining Restaurant | Rated 4.8/5 (333 reviews) | Very expensive / luxury tier,Google Places API (New)
Restaurant Sparkling Bistro,"Amalienpassage, Amalienstraße 89, 80799 München, Germany",München,Germany,089 46138267,http://www.sparklingbistro.de/,info@sparklingbistro.de,Very Expensive,4.6,,"Stylish, minimalist space with a terrace, serving refined set course meals with seasonal produce. | Fine Dining Restaurant | Rated 4.6/5 (290 reviews) | Very expensive / luxury tier",Google Places API (New)
THE CLOUD by Käfer,"Am Olympiapark 1, 80809 München-Milbertshofen-Am Hart, Germany",München,Germany,089 358991815,https://thecloud.restaurant/,finedining@feinkost-kaefer.deUmsatzsteuer,Very Expensive,4.8,,High-end tasting menus presented in a sophisticated dining room with a fireplace & views of BMWs. | Fine Dining Restaurant | Rated 4.8/5 (374 reviews) | Very expensive / luxury tier,Google Places API (New)
Restaurant Atelier Gourmet,"Atelier gourmet, Rablstraße 37, 81669 München-Au-Haidhausen, Germany",München,Germany,089 487220,http://www.ateliergourmet.de/,efabrizio@gmail.com,Very Expensive,4.7,,"Inventive modern French & Mediterranean dishes, multi-course menus, paired wines & champagne. | French Restaurant | Rated 4.7/5 (431 reviews) | Very expensive / luxury tier",Google Places API (New)
Restaurant Nymphenburger Hof,"Nymphenburger Str. 24, 80335 München-Maxvorstadt, Germany",München,Germany,089 1233830,https://www.nymphenburgerhof.de/,,Very Expensive,4.8,,Refined modern German cuisine with tasting menus at a bright formal venue with garden tables. | Restaurant | Rated 4.8/5 (330 reviews) | Very expensive / luxury tier,Google Places API (New)
Beetle,"Schumannstraße 9, 81675 München, Germany",München,Germany,0176 14168023,https://www.feinkost-kaefer.de/pages/beetle,coopers.bmw-welt@feinkost-kaefer.de,Very Expensive,4.5,,Restaurant | Rated 4.5/5 (401 reviews) | Very expensive / luxury tier,Google Places API (New)
Makassar,"Geyerstraße 52, 80469 München-Ludwigsvorstadt-Isarvorstadt, Germany",München,Germany,089 776959,https://www.makassar.de/,,Expensive,4.7,,Colonial French dishes like fish stew & steamed artichokes served in an upmarket restaurant. | French Restaurant | Rated 4.7/5 (374 reviews) | Expensive / upscale tier,Google Places API (New)
le Plaisant,"Regerpl. 3, 81541 München-Au-Haidhausen, Germany",München,Germany,089 44449940,https://www.restaurant-leplaisant.eu/,kontakt@restaurant-leplaisant.eu,Very Expensive,4.9,,"High-concept, French-inspired plates offered in a simple eatery with sidewalk seating. | French Restaurant | Rated 4.9/5 (265 reviews) | Very expensive / luxury tier",Google Places API (New)
Restaurant Alois - Dallmayr Fine Dining,"Dienerstraße 14–15, 80331 München-Altstadt-Lehel, Germany",München,Germany,089 2135100,https://www.dallmayr.com/de/delikatessenhaus/restaurant/,,Very Expensive,4.6,,Fine Dining Restaurant | Rated 4.6/5 (303 reviews) | Very expensive / luxury tier,Google Places API (New)
Restaurant Gabelspiel,"Zehentbauernstraße 20, 81539 München-Obergiesing-Fasangarten, Germany",München,Germany,089 12253940,http://restaurant-gabelspiel.de/,info@restaurant-gabelspiel.de,Very Expensive,4.7,,French Restaurant | Rated 4.7/5 (343 reviews) | Very expensive / luxury tier,Google Places API (New)
Mountain Hub Social Dining,"Terminalstraße Mitte 20, 85356 München, Germany",München,Germany,089 97824500,https://mountainhub.de/social-dining/,mountain.hub@hilton.com,Expensive,4.3,,Restaurant | Rated 4.3/5 (410 reviews) | Expensive / upscale tier,Google Places API (New)
Restaurant & Weinhandel Broeding,"Schulstraße 9, 80634 München-Neuhausen-Nymphenburg, Germany",München,Germany,089 164238,http://www.broeding.de/,info@broeding.de,Very Expensive,4.7,,Changing daily menus of refined European fare & Austrian wine in an intimate setup with a courtyard. | German Restaurant | Rated 4.7/5 (502 reviews) | Very expensive / luxury tier,Google Places API (New)
Aimy - Southeast Asian Cuisine,"Brienner Str. 10, 80333 München, Germany",München,Germany,089 45212755,https://aimy-restaurant.de/,booking@aimy-restaurant.de,Very Expensive,4.5,,Creative takes on Southeast Asian cuisine presented in an urbane restaurant with a terrace. | Restaurant | Rated 4.5/5 (813 reviews) | Very expensive / luxury tier,Google Places API (New)
El Gaucho,"Frauenstraße 7-9, 80469 München-Altstadt-Lehel, Germany",München,Germany,089 24224104,https://www.elgaucho.at/muenchen/,steak@elgaucho-muenchen.de,Very Expensive,4.4,,"Cozy steakhouse with down-to-earth, creative dishes, regional ingredients & dry-aged prime cuts. | Steak House | Rated 4.4/5 (2999 reviews) | Very expensive / luxury tier",Google Places API (New)
Ristorante Risotto,"Hirschgartenallee 38, 80639 München-Neuhausen-Nymphenburg, Germany",München,Germany,089 17095709,http://www.ristorante-risotto.de/,info@ristorante-risotto.de,Expensive,4.8,,Italian specialties & wine served in a polished eatery that has a leafy terrace. | Italian Restaurant | Rated 4.8/5 (1745 reviews) | Expensive / upscale tier,Google Places API (New)
Marais Soir,"Schwanthalerstraße 131, 80339 München, Germany",München,Germany,089 62838662,http://www.marais-soir.de/,office@marais-soir.de,Very Expensive,4.6,,High-concept French cuisine & fine wines presented in an unpretentious environment. | French Restaurant | Rated 4.6/5 (430 reviews) | Very expensive / luxury tier,Google Places API (New)
Vinothek Munich,"Schützenstr 11, 80335 München-Ludwigsvorstadt-Isarvorstadt, Germany",München,Germany,089 551377140,https://www.geisel-privathotels.de/vinothek,vinothek@excelsior-hotel.de,Very Expensive,4.6,,"Restaurant & wine cellar serving Italian & Bavarian cuisine in a traditional, decorative interior. | Wine Bar | Rated 4.6/5 (912 reviews) | Very expensive / luxury tier",Google Places API (New)
The LOUIS Grillroom,"Viktualienmarkt 6, 80331 München-Altstadt-Lehel, Germany",München,Germany,089 4111908111,https://www.thelouisgrillroom.com/?utm_source=google&utm_medium=organic&utm_campaign=business-profil,contact@louis-hotel.com,Very Expensive,4.4,,"Modern dining options with an emphasis on high-quality meat & fine wines, in the Louis Hotel. | Restaurant | Rated 4.4/5 (365 reviews) | Very expensive / luxury tier",Google Places API (New)
Brenner,"Maximilianstraße 15, 80539 München-Altstadt-Lehel, Germany",München,Germany,089 4522880,https://www.brennergrill.de/,info@brennergrill.de,Expensive,4.2,,"Italian cuisine in an impressively pillared chamber with modern decor, serving all day, plus bar. | Mediterranean Restaurant | Rated 4.2/5 (6034 reviews) | Expensive / upscale tier",Google Places API (New)
Das Obers,"Gerner Str. 48, 80638 München-Neuhausen-Nymphenburg, Germany",München,Germany,089 92744428,http://dasobers.de/,,Very Expensive,4.8,,Restaurant | Rated 4.8/5 (130 reviews) | Very expensive / luxury tier,Google Places API (New)
Little London / Bar & Grill,"Tal 31, 80331 München-Altstadt-Lehel, Germany",München,Germany,089 122239470,https://www.little-london.de/,du@beispiel.de,Very Expensive,4.7,,"Refined, British-inspired steakhouse & bar offering cocktails & an extensive wine list. | Steak House | Rated 4.7/5 (3161 reviews) | Very expensive / luxury tier",Google Places API (New)
Pageou,"Kardinal-Faulhaber-Straße 10, 80333 München-Altstadt-Lehel, Germany",München,Germany,089 24231310,http://www.pageou.de/,info@pageou.de,Very Expensive,4.6,,"High-end, globally inspired dining in a relaxed, airy dining room or in a leafy courtyard. | Restaurant | Rated 4.6/5 (664 reviews) | Very expensive / luxury tier",Google Places API (New)
DinnerHopping,"Tal 1, 80331 München-Altstadt-Lehel, Germany",München,Germany,08122 4799310,https://www.dinnerhopping.eu/,,Very Expensive,4.8,,"Bavarian, Italian, or burger menus, plus sightseeing & entertainment, on a vintage US school bus. | Restaurant | Rated 4.8/5 (167 reviews) | Very expensive / luxury tier",Google Places API (New)
Limoni Ristorante,"Amalienstraße 38, 80799 München, Germany",München,Germany,089 28806029,http://www.limoni-ristorante.com/,info@limoni-ristorante.com,Expensive,4.8,,Sophisticated spot for lobster-filled tortellini & shrimp risotto paired with choice Italian wines. | Italian Restaurant | Rated 4.8/5 (628 reviews) | Expensive / upscale tier,Google Places API (New)
Restaurant Huber,"Newtonstraße 13, 81679 München-Bogenhausen, Germany",München,Germany,089 985152,http://www.huber-restaurant.de/,info@huber-restaurant.de,Very Expensive,4.8,,Tasting menus with wine pairings at a chic fine dining establishment by renowned chef Michael Huber. | Restaurant | Rated 4.8/5 (96 reviews) | Very expensive / luxury tier,Google Places API (New)
MUN,"Innere Wiener Straße 18, 81667 München-Au-Haidhausen, Germany",München,Germany,089 62809520,https://munrestaurant.de/,mail@munrestaurant.de,Very Expensive,4.6,,"Esteemed restaurant focused on sushi & seafood tasting menus, plus sake, in a sleek space. | Asian Fusion Restaurant | Rated 4.6/5 (549 reviews) | Very expensive / luxury tier",Google Places API (New)
Der Dantler,"Werinherstraße 15, 81541 München-Obergiesing-Fasangarten, Germany",München,Germany,089 39292689,http://www.derdantler.de/,info@derdantler.de,Very Expensive,4.8,,"Stylish setup for creative European fare with Asian influences, plus a wine list & set menus. | Restaurant | Rated 4.8/5 (425 reviews) | Very expensive / luxury tier",Google Places API (New)
Neo-Brasserie Hoiz,"Karlstraße 10, 80333 München-Maxvorstadt, Germany",München,Germany,089 62825202,http://www.hoiz.restaurant/,info@hoiz.restaurant,Expensive,4.6,,"Romantic option with chandeliers & outdoor seats presenting imaginative mains & desserts, plus wine. | Restaurant | Rated 4.6/5 (748 reviews) | Expensive / upscale tier",Google Places API (New)
NENI München,"Bahnhofpl. 1, 80335 München-Ludwigsvorstadt-Isarvorstadt, Germany",München,Germany,089 904001561,https://nenifood.com/restaurants/munich,beispiel@beispielpostfach.de,Expensive,4.3,,"Restaurant offering cosmopolitan Israeli, Romanian & Spanish cuisine with local influences. | Restaurant | Rated 4.3/5 (2277 reviews) | Expensive / upscale tier",Google Places API (New)
Colette,"Klenzestraße 72, 80469 München, Germany",München,Germany,089 23002555,https://brasseriecolette.de/muenchen,muenchen@brasseriecolette.de,Very Expensive,4.6,,Restaurant | Rated 4.6/5 (1171 reviews) | Very expensive / luxury tier,Google Places API (New)
Acetaia,"Nymphenburger Str. 215, 80639 München-Neuhausen-Nymphenburg, Germany",München,Germany,089 13929077,http://www.restaurant-acetaia.de/,info@acetaia.de,Very Expensive,4.7,,"Artfully presented Italian cuisine at a refined, art nouveau-inspired spot with a leafy courtyard. | Italian Restaurant | Rated 4.7/5 (376 reviews) | Very expensive / luxury tier",Google Places API (New)
Salzkruste Restaurant & Bar,"Georgenstraße 45, 80799 München, Germany",München,Germany,089 24290953,http://www.salzkruste.de/,kontakt@salzkruste.de,Expensive,4.7,,"Creative, globally inflected Mediterranean cuisine at a stylish locale with sidewalk tables. | Restaurant | Rated 4.7/5 (426 reviews) | Expensive / upscale tier",Google Places API (New)
Zum Goldenen Kalb,"Utzschneiderstraße 1, 80469 München-Altstadt-Lehel, Germany",München,Germany,089 23542290,http://www.zumgoldenenkalb.de/,,Very Expensive,4.7,,"New York-style steakhouse, with long tables, bare-brick walls, modern-retro furniture & bar | Steak House | Rated 4.7/5 (1048 reviews) | Very expensive / luxury tier",Google Places API (New)
Le Refuge,"Neureutherstraße 8, 80799 München, Germany",München,Germany,089 20061110,http://www.le-refuge.de/,,Expensive,4.6,,"Bouillabaisse & other Provençal classics, plus pan-Mediterranean dishes, in a light-filled space. | French Restaurant | Rated 4.6/5 (590 reviews) | Expensive / upscale tier",Google Places API (New)
Restaurant The Spice Bazaar,"Marstallpl. 3, 80539 München-Altstadt-Lehel, Germany",München,Germany,089 25547777,https://www.thespicebazaar.de/,welcome@thespicebazaar.de,Expensive,4.5,,"Sleek, glass-fronted site for Middle Eastern meze, ceviches & Mediterranean-inspired meat & fish. | Restaurant | Rated 4.5/5 (1784 reviews) | Expensive / upscale tier",Google Places API (New)
Matsuhisa Munich,"Neuturmstraße 1, 80331 München, Germany",München,Germany,089 290981875,https://www.mandarinoriental.com/en/munich/altstadt/dine/matsuhisa-munich?src=loc.yext.momuc.ggl,momay-reservations@mohg.com,Very Expensive,4.2,,"Sushi & creative seafood dishes with Peruvian twists in an elegant, contemporary hotel dining room. | Japanese Restaurant | Rated 4.2/5 (518 reviews) | Very expensive / luxury tier",Google Places API (New)
Guido Al Duomo,"Frauenplatz 12, 80331 München-Altstadt-Lehel, Germany",München,Germany,089 24231690,https://www.guidoalduomo-muc.de/,,Expensive,4.6,,"Elevated Italian dishes in a sleek, streamlined interior or at al fresco tables on a quiet square. | Italian Restaurant | Rated 4.6/5 (851 reviews) | Expensive / upscale tier",Google Places API (New)
YUM thai kitchen & bar,"Utzschneiderstraße 6, 80469 München-Altstadt-Lehel, Germany",München,Germany,089 23230660,http://www.yum-thai.de/,restaurant@yum-thai.de,Expensive,4.8,,"Thai restaurant with sophisticated traditional decor, offering classic dishes plus a cocktail menu. | Thai Restaurant | Rated 4.8/5 (1533 reviews) | Expensive / upscale tier",Google Places API (New)
Champor,"Warthestraße 5, 81927 München-Bogenhausen, Germany",München,Germany,089 99317764,http://www.champor.de/,,Expensive,4.6,,"Malaysian curries, stir-fries & noodle dishes served at garden tables or in a cozy dining room. | Malaysian Restaurant | Rated 4.6/5 (787 reviews) | Expensive / upscale tier",Google Places API (New)
Il Gattopardo - Cucina e Vini,"Nordendstraße 58, 80801 München-Schwabing-West, Germany",München,Germany,089 24290450,http://www.il-gattopardo.de/,,Expensive,4.8,,"Classic Italian fare, like homemade pasta, in a family-run venue with an open kitchen & a patio. | Italian Restaurant | Rated 4.8/5 (446 reviews) | Expensive / upscale tier",Google Places API (New)
ABACCO'S STEAKHOUSE München,"Oberanger 31-33, 80331 München, Germany",München,Germany,089 24212444,http://www.abaccos-steakhouse.de/muenchen,muenchen@abaccos-steakhouse.de,Expensive,4.4,,Steak House | Rated 4.4/5 (3937 reviews) | Expensive / upscale tier,Google Places API (New)
Dinner in the Dark,"Schloß Nymphenburg 30, 80638 München-Neuhausen-Nymphenburg, Germany",München,Germany,089 12020890,,,Expensive,3.9,,Restaurant | Rated 3.9/5 (49 reviews) | Expensive / upscale tier,Google Places API (New)
Münchner Stubn,"Bayerstraße 35, 80335 München, Germany",München,Germany,089 551113330,http://www.muenchner-stubn.de/,servus@muenchner-stubn.de,Moderate,4.7,,"Schnitzel, burgers, beer & Bavarian classics in a stylish pub with multiple wood-clad rooms. | German Restaurant | Rated 4.7/5 (5892 reviews)",Google Places API (New)
Augustiner Klosterwirt,"Augustinerstraße 1, 80331 München-Altstadt-Lehel, Germany",München,Germany,089 55054466,http://augustiner-klosterwirt.de/,willkommen@augustiner-klosterwirt.de,Moderate,4.5,,Traditional food & Augustiner kegs in old-school Bavarian environs with seating on 2 floors. | Bavarian restaurant | Rated 4.5/5 (14427 reviews),Google Places API (New)
Andy's Krablergarten,"Thalkirchner Str. 2, 80337 München-Ludwigsvorstadt-Isarvorstadt, Germany",München,Germany,089 26019148,http://www.andyskrablergarten.de/,info@andyskrablergarten.de,Moderate,4.5,,"Relaxed restaurant & beer garden serving hearty Bavarian sides, grills & schnitzels. | German Restaurant | Rated 4.5/5 (7786 reviews)",Google Places API (New)
Zum Alten Markt,"Dreifaltigkeitspl. 3, 80331 München-Altstadt-Lehel, Germany",München,Germany,089 299995,http://www.zumaltenmarkt.de/,servus@zumaltenmarkt.com,Expensive,4.7,,Refined Bavarian food & Spaten beer served in a cozy 18th-century dining room with attached garden. | German Restaurant | Rated 4.7/5 (1318 reviews) | Expensive / upscale tier,Google Places API (New)
Steinheil 16,"Steinheilstraße 16, 80333 München-Maxvorstadt, Germany",München,Germany,089 527488,https://www.steinheil16.de/,steinheil16@t-online.de,Moderate,4.6,,"Casual restaurant specializing in schnitzel plates & fried sides, plus beer, wine & cocktails. | German Restaurant | Rated 4.6/5 (6307 reviews)",Google Places API (New)
Augustiner-Keller,"Arnulfstraße 52, 80335 München-Maxvorstadt, Germany",München,Germany,089 594393,http://www.augustinerkeller.de/,buero@augustinerkeller.de,Moderate,4.4,,"Landmark restaurant known for its large beer garden & hall, serving Bavarian & international dishes. | German Restaurant | Rated 4.4/5 (39760 reviews)",Google Places API (New)
Görreshof Wirtshaus,"Görresstraße 38, 80798 München-Maxvorstadt, Germany",München,Germany,089 20209550,https://www.goerreshof.de/,info@goerreshof.de,Moderate,4.5,,"Cozy, rustic tavern with a beer garden, serving traditional Bavarian-style cuisine. | Bavarian restaurant | Rated 4.5/5 (3728 reviews)",Google Places API (New)
Zum Dürnbräu,"Dürnbräugasse 2, 80331 München-Altstadt-Lehel, Germany",München,Germany,089 222195,http://www.zumduernbraeu.de/,info@zumduernbraeu.de,Moderate,4.5,,"Bavarian restaurant & beer hall of the Medieval brewery, with wood-panelled walls & classic dishes. | Bavarian restaurant | Rated 4.5/5 (4431 reviews)",Google Places API (New)
Ayinger am Platzl,"Platzl 1A, 80331 München-Altstadt-Lehel, Germany",München,Germany,089 23703666,https://www.ayinger-am-platzl.de/,servus@ayinger-am-platzl.de,Moderate,4.4,,"Ayinger Brewery's old-school Bavarian stop with typical dishes & beers, plus traditional dress. | German Restaurant | Rated 4.4/5 (3886 reviews)",Google Places API (New)
Der Spöckmeier - Wirtshaus am Marienplatz,"Rosenstraße 9, 80331 München, Germany",München,Germany,089 588082800,https://der-spoeckmeier.de/,bewerbung@stiftl.de,Moderate,4.5,,German Restaurant | Rated 4.5/5 (813 reviews),Google Places API (New)
Servus Heidi,"Landsberger Str. 73, 80339 München-Schwanthalerhöhe, Germany",München,Germany,0170 5635552,http://servus-heidi.com/,reservations@servus-heidi.com,Moderate,4.5,,Classic fare with locally sourced ingredients served in a woodsy restaurant that has a beer garden. | Bavarian restaurant | Rated 4.5/5 (1839 reviews),Google Places API (New)
Wirtshaus Rechthaler Hof,"Arnulfstraße 10, 80335 München-Maxvorstadt, Germany",München,Germany,089 557750,http://www.rechthaler-hof.de/,info@rechthaler-hof.de,Moderate,4.6,,"Old-world, multi-room restaurant with wood accents, specializing in homestyle German dining. | German Restaurant | Rated 4.6/5 (2039 reviews)",Google Places API (New)
Wirtshaus in der Au,"Lilienstraße 51, 81669 München, Germany",München,Germany,089 4481400,https://wirtshausinderau.de/,info@wirtshausinderau.de,Moderate,4.5,,"Bavarian restaurant, tavern & beer garden established in 1901, known for its dumplings & jazz music. | Bavarian restaurant | Rated 4.5/5 (5973 reviews)",Google Places API (New)
Schwarzreiter Tagesbar & Restaurant,"Maximilianstraße 17, 80539 München-Altstadt-Lehel, Germany",München,Germany,089 21252125,https://www.schwarzreiter-muenchen.de/,,,4.5,,"Posh venue with a set menu featuring reimagined local fare & desserts, plus wine & unique cocktails. | Restaurant | Rated 4.5/5 (879 reviews)",Google Places API (New)
Zum Brünnstein,"Elsässer Str. 36, 81667 München-Au-Haidhausen, Germany",München,Germany,089 4482429,https://www.zum-bruennstein.de/,,Moderate,4.5,,"Old-school, Bavarian-style restaurant with hearty, traditional fare & beer, plus outdoor seating. | Bavarian restaurant | Rated 4.5/5 (3214 reviews)",Google Places API (New)
Augustiner am Platzl,"Orlandostraße 5, 80331 München, Germany",München,Germany,089 37017170,https://augustiner-am-platzl.de/,willkommen@augustiner-am-platzl.de,,4.3,,"Bavarian classics like pork knuckle served with regional beers in a rustic, wood-paneled tavern. | German Restaurant | Rated 4.3/5 (6557 reviews)",Google Places API (New)
Viktualienmarkt Beergarden,"Viktualienmarkt 9, 80331 München, Germany",München,Germany,089 29165993,https://www.viktualienmarkt-muenchen.de/biergarten/,kontakt@mux.de,Moderate,4.4,,Large beer garden serving beer from alternating breweries & classic Bavarian self-service dishes. | Beer Garden | Rated 4.4/5 (6235 reviews),Google Places API (New)
Spatenhaus at the opera,"Residenzstraße 12, 80333 München-Altstadt-Lehel, Germany",München,Germany,089 2907060,https://www.kuffler.de/de/spatenhaus,spatenhaus@kuffler.de,Expensive,4.3,,"Rustic restaurant for Bavarian dishes & own-brewed beer, plus a more formal dining room upstairs. | German Restaurant | Rated 4.3/5 (6075 reviews) | Expensive / upscale tier",Google Places API (New)
MOTORWORLD Inn Restaurant München,"Am Ausbesserungswerk 8, 80939 München-Schwabing-Freimann, Germany",München,Germany,089 954598120,https://muenchen.motorworld-inn.de/,muenchen@motorworld-inn.de,Moderate,4.6,,Restaurant | Rated 4.6/5 (1414 reviews),Google Places API (New)
Secret Garden,"Heiliggeiststraße 2 A, 80331 München, Germany",München,Germany,089 45665628,https://secretgarden-muenchen.com/,info@secretgarden-muenchen.com,Moderate,4.7,,"Trendy vegan restaurant dishing up maki, nigiri & tempura rolls, plus soups, curries & stir fries. | Vegan Restaurant | Rated 4.7/5 (2403 reviews)",Google Places API (New)
Cafe Glockenspiel GmbH,"Marienplatz 28, 80331 München-Altstadt-Lehel, Germany",München,Germany,089 264256,http://www.cafe-glockenspiel.de/,welcome@cafe-glockenspiel.de,Moderate,4.6,,"Café, restaurant & bar with views over Marienplatz, serving brunch, cakes & European hot dishes. | Cafe | Rated 4.6/5 (2668 reviews)",Google Places API (New)
Restaurant Laurin Südtirol,"Heiliggeiststraße 6, 80331 München-Altstadt-Lehel, Germany",München,Germany,089 21994870,http://www.restaurant-laurin.de/,kontakt@restaurant-laurin.de,Moderate,4.5,,"Schnitzel, spätzle & other Alpine staples are served at this relaxed option with a beer garden. | Restaurant | Rated 4.5/5 (1321 reviews)",Google Places API (New)
Wildmosers Restaurant-Cafe am Marienplatz - München,"Marienplatz 22, 80331 München-Altstadt-Lehel, Germany",München,Germany,089 23886696,https://wildmosers.de/,info@cafeammarienplatz.de,Moderate,4.8,,"Café-restaurant with a terrace, said to be the birthplace of Munich's speciality Weisswurst sausage. | German Restaurant | Rated 4.8/5 (3814 reviews)",Google Places API (New)
Zum Franziskaner,"Residenzstraße 9, 80333 München-Altstadt-Lehel, Germany",München,Germany,089 2318120,https://www.zum-franziskaner.de/,,Moderate,4.4,,"Family-run Bavarian restaurant specializing in local sausages, with formal & rustic dining rooms. | Bavarian restaurant | Rated 4.4/5 (6834 reviews)",Google Places API (New)
Haxnbauer,"Tal 38, 80331 München, Germany",München,Germany,089 224248,https://www.kuffler.de/de/haxnbauer,info@haxnbauer.com,Moderate,4.4,,"Robust German classics like pork knuckle & sausages, plus beer, in a historic setting. | German Restaurant | Rated 4.4/5 (7870 reviews)",Google Places API (New)
Munich Soup Kitchen,"Viktualienmarkt 3, 80331 München-Altstadt-Lehel, Germany",München,Germany,089 2609599,http://www.muenchner-suppenkueche.de/,vertrieb@muenchner-suppenkueche.de,Inexpensive,4.6,,Soup Restaurant | Rated 4.6/5 (1225 reviews),Google Places API (New)
Madam Chutney,"Frauenstraße 11, 80469 München, Germany",München,Germany,0176 61948731,http://www.madamchutney.com/,,Moderate,4.6,,Locally owned restaurant serving traditional Indian street eats & dishes in a laid-back atmosphere. | Indian Restaurant | Rated 4.6/5 (4129 reviews),Google Places API (New)
Mariannenhof,"Mariannenstraße 1, 80538 München-Altstadt-Lehel, Germany",München,Germany,089 25544672,http://www.mariannenhof-bar.de/,info@mariannenhof-bar.de,Moderate,4.4,,"Schnitzel, steaks & burgers, plus cocktails & Bavarian beer, at a lively, wood-paneled tavern. | Restaurant | Rated 4.4/5 (1439 reviews)",Google Places API (New)
ZWICKL - Gastlichkeit am Viktualienmarkt,"Dreifaltigkeitspl. 2, 80331 München-Altstadt-Lehel, Germany",München,Germany,089 46228833,http://www.zwickl-muenchen.de/,info@zwickl-muenchen.de,Moderate,4.5,,"Schnitzel, dumplings, traditional Bavarian meat balls & Munich beers at a buzzing rustic tavern. | Bavarian restaurant | Rated 4.5/5 (1331 reviews)",Google Places API (New)
Eataly Munich,"Blumenstraße 4, 80331 München, Germany",München,Germany,,https://www.eataly.net/de_de,yourmail@eataly.it,Moderate,3.8,,Italian Restaurant | Rated 3.8/5 (5371 reviews),Google Places API (New)
Tattenbach Wirtshaus & Stüberl,"Tattenbachstraße 6, 80538 München-Altstadt-Lehel, Germany",München,Germany,089 225268,http://www.tattenbach.de/,info@tattenbach.de,Moderate,4.6,,"Classic Bavarian cuisine, plus a daily menu of seasonal dishes, in a vaulted & frescoed dining hall. | Restaurant | Rated 4.6/5 (2143 reviews)",Google Places API (New)
Hackerhaus,"Sendlinger Str. 14, 80331 München, Germany",München,Germany,,http://www.hackerhaus.de/,,Moderate,4.4,,"Traditional Bavarian restaurant of the historic brewery, with wood-pannelled decor & classic dishes. | Brewpub | Rated 4.4/5 (4524 reviews)",Google Places API (New)
Trattoria Da Fausto,"Helmtrudenstraße 1, 80805 München-Schwabing-Freimann, Germany",München,Germany,089 32705553,http://www.da-fausto.de/,info@da-fausto.de,Moderate,4.3,,"Italian cuisine, including a signature tiramisu, amid frescoed walls, climbing plants & chandeliers. | Italian Restaurant | Rated 4.3/5 (1329 reviews)",Google Places API (New)
Moonlight Restaurant,"Kapuzinerstraße 39, 80469 München, Germany",München,Germany,089 35003990,https://moonlight-restaurant.de/,moonlight.muenchen@gmail.com,Expensive,4.8,,Asian Restaurant | Rated 4.8/5 (402 reviews) | Expensive / upscale tier,Google Places API (New)
Gasthaus Isarthor,"Kanalstraße 2, 80538 München-Altstadt-Lehel, Germany",München,Germany,089 227753,http://www.gasthaus-isarthor.de/,kontakt@gasthaus-isarthor.de,Moderate,4.3,,Traditional inn serving hearty Bavarian dishes & Augustiner beer in a dark wood-panelled interior. | Restaurant | Rated 4.3/5 (2175 reviews),Google Places API (New)
INDIAN LOVE STORY RESTAURANT AND STREET FOOD,"Tal 28, 80331 München, Germany",München,Germany,089 51578430,https://indianlovestory.de/,indianlovestory24@gmail.com,Moderate,4.8,,Indian Restaurant | Rated 4.8/5 (1146 reviews),Google Places API (New)
Bindaas,"Rumfordstraße 5, 80469 München-Altstadt-Lehel, Germany",München,Germany,089 82030032,http://www.bindaas.de/,info@bindaas.de,Moderate,4.6,,"Curries, biryanis & other Indian dishes presented in a colorful dining room with traditional decor. | Indian Restaurant | Rated 4.6/5 (3881 reviews)",Google Places API (New)
Anne‘s,"Hotterstraße 16, 80331 München, Germany",München,Germany,0176 66281651,,,Moderate,4.7,,Turkish specialties & vegan options served in a down-to-earth venue that has a terrace. | Halal Restaurant | Rated 4.7/5 (2068 reviews),Google Places API (New)
Restaurant Deutsche Eiche,"Reichenbachstraße 13, 80469 München-Ludwigsvorstadt-Isarvorstadt, Germany",München,Germany,089 23116661,https://www.deutsche-eiche.de/restaurant/,info@deutsche-eiche.de,Moderate,4.5,,Restaurant | Rated 4.5/5 (621 reviews),Google Places API (New)
Andechser am Dom,"Frauenplatz 7, 80331 München-Altstadt-Lehel, Germany",München,Germany,089 24292920,https://www.andechser-am-dom.de/,info@andechser-am-dom.de,Moderate,4.2,,Spacious operation with a traditional vibe offering classic cuisine & a lively terrace. | Bavarian restaurant | Rated 4.2/5 (4431 reviews),Google Places API (New)
Emmi's Kitchen,"Buttermelcherstraße 11-15, 80469 München-Ludwigsvorstadt-Isarvorstadt, Germany",München,Germany,089 55261878,https://www.emmis.kitchen/,mail@emmis.kitchen,Moderate,4.5,,"Bright space with a garden, serving vegan sausages & burgers, plus pancakes & granola for breakfast. | Vegan Restaurant | Rated 4.5/5 (1711 reviews)",Google Places API (New)
Nuernberger Bratwurst Gloeckl am Dom,"Frauenplatz 9, 80331 München-Altstadt-Lehel, Germany",München,Germany,089 2919450,http://www.bratwurst-gloeckl.de/,info@bratwurst-gloeckl.de,Moderate,4.3,,"Bavarian restaurant & tavern with dark wooden decor & a terrace, known for its traditional sausages. | Bavarian restaurant | Rated 4.3/5 (5309 reviews)",Google Places API (New)
JOY OF MADHU München,"Holzstraße 19, 80469 München-Ludwigsvorstadt-Isarvorstadt, Germany",München,Germany,089 27371760,https://joyofmadhu.de/joy-of-madhu-muenchen/,muenchen@joyofmadhu.de,Moderate,4.9,,"Easygoing counter-serve place dishing up vegan & vegetarian breads, bowls & stews. | Vegetarian Restaurant | Rated 4.9/5 (350 reviews)",Google Places API (New)
Haxengrill,"Haxengrill im Scholastikahaus, Sparkassenstraße 6, 80331 München, Germany",München,Germany,089 244146580,https://haxengrill.com/,willkommen@haxengrill.com,Moderate,4.3,,Restaurant | Rated 4.3/5 (2750 reviews),Google Places API (New)
Augustiner Drei Mühlen,"Reifenstuelstraße 1, 80469 München-Ludwigsvorstadt-Isarvorstadt, Germany",München,Germany,089 46135737,http://www.3muehlen.de/,willkommen@3muehlen.de,Moderate,4.6,,Separate lunch & dinner menus are made up of Bavarian dishes at this traditional tavern venue. | Bavarian restaurant | Rated 4.6/5 (2806 reviews),Google Places API (New)
HANS IM GLÜCK - MÜNCHEN Tal,"Tal 10, 80331 München, Germany",München,Germany,089 20001204,https://hansimglueck-burgergrill.de/burger-restaurant/muenchen-tal/?utm_source=google&utm_medium=yext&utm_campaign=40,tal@hansimglueck.de,Moderate,4.3,,Hamburger Restaurant | Rated 4.3/5 (6386 reviews),Google Places API (New)
Restaurant Rila,"Kaulbachstraße 33, 80539 München-Maxvorstadt, Germany",München,Germany,089 92329251,http://www.restaurantrila.de/,info@restaurantrila.de,Moderate,4.7,,"Classic Bulgarian steaks, stews & skewers rustled up in a contemporary space with a cozy ambience. | Restaurant | Rated 4.7/5 (883 reviews)",Google Places API (New)
Schiller Bavarian Beerhouse,"Schillerstraße 23, 80336 München-Ludwigsvorstadt-Isarvorstadt, Germany",München,Germany,089 890584820,http://www.schiller-braeu.de/,servus@schiller-braeu.de,Moderate,4.5,,"Easygoing destination with outdoor seating & a warm vibe, plus homestyle food & craft beer. | Restaurant | Rated 4.5/5 (2564 reviews)",Google Places API (New)
Tikka N Talk Haidhausen,"Franziskanerstraße 16, 81669 München-Au-Haidhausen, Germany",München,Germany,089 23241964,https://www.tikka-n-talk.de/,,Moderate,4.9,,Indian Restaurant | Rated 4.9/5 (649 reviews),Google Places API (New)
Katzentempel Munich,"Türkenstraße 29, 80799 München, Germany",München,Germany,089 20061249,https://katzentempel.de/,info@katzentempel.de,Moderate,4.2,,"Relaxed restaurant offering vegan dishes, including breakfast & sandwiches, plus resident cats. | Vegan Restaurant | Rated 4.2/5 (3541 reviews)",Google Places API (New)
Kennedy's Bar and Restaurant,"Sendlinger-Tor-Platz 11, 80336 München-Altstadt-Lehel, Germany",München,Germany,089 59988460,https://www.kennedysmunich.de/,info@kennedysmunich.com,Moderate,4.4,,"Irish pub with global pub grub-style dishes, live music nights & a screen for live sports events. | Irish Pub | Rated 4.4/5 (8322 reviews)",Google Places API (New)
Tegernseer Tal - Bräuhaus,"Tal 8, 80331 München, Germany",München,Germany,089 222626,http://www.tegernseer-tal8.com/,reservierung@tegernseer-tal8.com,Moderate,4.4,,"Schnitzel, wurst, dumplings & leberkäse meatloaf, with Bavarian beer, at a lively, rustic tavern. | Bavarian restaurant | Rated 4.4/5 (4553 reviews)",Google Places API (New)
DO & CO Bistro,"Filserbräugasse 1, 80333 München-Altstadt-Lehel, Germany",München,Germany,089 693137820,https://www.docohotel.com/munich/de/restaurants/do-co-bistro/,restaurants.munich@doco.com,Expensive,4.4,,"Sophisticated venue serving regional & international dishes in an airy, industrial-chic space. | Restaurant | Rated 4.4/5 (481 reviews) | Expensive / upscale tier",Google Places API (New)
ONE Nation Munich,"Lenbachpl. 7a, 80333 München, Germany",München,Germany,01515 6779466,https://one-nation.xyz/,info@one-nation.one,Moderate,4.7,,"Health-conscious bowls, wraps & smoothies offered in a relaxed restaurant with a leafy terrace. | Restaurant | Rated 4.7/5 (2219 reviews)",Google Places API (New)
Tam Bistro,"Rumfordstraße 7, 80469 München, Germany",München,Germany,089 54884257,,,Moderate,4.6,,Vietnamese Restaurant | Rated 4.6/5 (185 reviews),Google Places API (New)
Daintree Pinsa Bar,"Luisenstraße 4, 80333 München, Germany",München,Germany,089 53868617,http://pinsa-bar.daintree.de/,,Moderate,4.5,,Restaurant | Rated 4.5/5 (1508 reviews),Google Places API (New)
Weisses Bräuhaus im Tal,"Tal 7, 80331 München, Germany",München,Germany,089 2901380,https://www.schneider-brauhaus.de/de,brauhaus.tal@schneider-weisse.de,Moderate,4.4,,"Restaurant belonging to the well-known wheat-beer brewery, with an extensive menu of classic dishes. | Restaurant | Rated 4.4/5 (16336 reviews)",Google Places API (New)
ELSA Restaurant,"Bräuhausstraße 8, 80331 München-Altstadt-Lehel, Germany",München,Germany,089 59998867,https://restaurant-elsa.de/,servus@restaurant-elsa.de,Expensive,4.9,,Restaurant | Rated 4.9/5 (118 reviews) | Expensive / upscale tier,Google Places API (New)
Bar Centrale,"Ledererstraße 23, 80331 München-Altstadt-Lehel, Germany",München,Germany,089 223762,https://www.bar-centrale.com/,info@bar-centrale.com,Moderate,4.5,,"Italian espresso bar & lounge area, offering brunch & pasta dishes plus evening snacks & cocktails. | Italian Restaurant | Rated 4.5/5 (2540 reviews)",Google Places API (New)
Maelu confectionery & café,"Theatinerstraße 32, 80333 München-Altstadt-Lehel, Germany",München,Germany,089 24292597,http://www.maelu.de/,,,4.5,,"Minimalist cafe for classic, colorful French & German patisserie & chocolate, with outdoor seating. | Pastry Shop | Rated 4.5/5 (2803 reviews)",Google Places API (New)
Café Fräulein,"Frauenstraße 11, 80469 München-Altstadt-Lehel, Germany",München,Germany,089 20320710,http://www.cafe-fraeulein.de/,,Moderate,4.8,,"Cinnamon rolls, cakes & coffee served in a quaint cafe with floral decor, plus sidewalk dining. | Cafe | Rated 4.8/5 (909 reviews)",Google Places API (New)
BAR TATAR in der Schreiberei,"Dienerstraße 20, 80331 München, Germany",München,Germany,089 21529173,https://schreiberei-muc.de/,,,4.5,,Restaurant | Rated 4.5/5 (531 reviews),Google Places API (New)
HeimWerk Tal,"Tal 15, 80331 München, Germany",München,Germany,089 896797600,https://www.heimwerk-restaurant.de/standorte/muenchen-tal/,info@gastundwirt.com,Moderate,4.5,,Restaurant | Rated 4.5/5 (2827 reviews),Google Places API (New)
Trattoria Le Terrazze | Italienisches Restaurant Neuhausen,"Paschstraße 46, 80637 München-Neuhausen-Nymphenburg, Germany",München,Germany,089 154336,https://leterrazze.de/,info@leterrazze.de,Moderate,4.6,,Italian Restaurant | Rated 4.6/5 (633 reviews),Google Places API (New)
Patolli Kaffeebar,"Sendlinger Str. 62, 80331 München-Altstadt-Lehel, Germany",München,Germany,089 89058312,http://www.patolli.net/,info@patolli.net,Inexpensive,4.5,,"Stylish, modern coffee bar popular for lunchtime sandwiches & specials, plus evening cocktails. | Cafe | Rated 4.5/5 (1269 reviews)",Google Places API (New)
NOSTOS TAVERNA,"Schleißheimer Str. 303, 80809 München-Milbertshofen-Am Hart, Germany",München,Germany,089 35062170,https://nostos-taverna.de/,,Moderate,4.8,,"Laid-back eatery offering Greek pita sandwiches, kebabs, salads & mains such as moussaka. | Greek Restaurant | Rated 4.8/5 (1177 reviews)",Google Places API (New)
City Lounge Munich,"Sonnenstraße 5, 80331 München-Altstadt-Lehel, Germany",München,Germany,089 51514870,http://citylounge-munich.de/?utm_source=google_business_profile&utm_medium=button&utm_tracking_link_id=4277e765-657a-4736-affc-69c45bebb489,martinigmbh220@gmail.com,Moderate,4.5,,"Pizza & pasta, plus Bavarian specialties like schnitzel & beer, at a lively, stylish bar/restaurant. | Italian Restaurant | Rated 4.5/5 (1819 reviews)",Google Places API (New)
Déjà bu? Gärtnerplatz,"Buttermelcherstraße 2A, 80469 München-Ludwigsvorstadt-Isarvorstadt, Germany",München,Germany,0174 7048807,http://www.deja-bu.de/,info@deja-bu.de,Moderate,4.7,,Bistro | Rated 4.7/5 (557 reviews),Google Places API (New)
Schinken-Peter,"Perlacher Str. 53, 81539 München, Germany",München,Germany,089 6973590,http://schinkenpeter.de/,bewerbung@schinkenpeter.de,Moderate,4.6,,"Traditional, woodsy Bavarian eatery featuring a cozy cabin feel & a tranquil beer garden. | Restaurant | Rated 4.6/5 (4315 reviews)",Google Places API (New)
L'Osteria München Künstlerhaus,"Lenbachpl. 8, 80333 München, Germany",München,Germany,089 99019810,https://losteria.net/de/restaurants/restaurant/muenchen-kuenstlerhaus/,kuenstlerhaus@losteria.de,Moderate,4,,Italian Restaurant | Rated 4/5 (10563 reviews),Google Places API (New)
Giorgia Trattoria,"Weißenburger Str. 2, 81667 München, Germany",München,Germany,,https://www.bigmammagroup.com/de/italienische-restaurants/giorgia-trattoria-munchen?utm_source=google&utm_medium=organic&utm_campaign=mybusiness-website,privatisationuk@bigmamma.com,Moderate,4.7,,Relaxed Italian restaurant with colorful decor serving up classics like pizza & pasta. | Italian Restaurant | Rated 4.7/5 (15732 reviews),Google Places API (New)
Trattoria Pizzeria Lago di Garda since 1972,"Baaderstraße 2 Baaderstraße ecke Rumfordstraße, beim, Isartorpl., 80469 München, Germany",München,Germany,089 299144,https://www.lago1972.de/,trattoria@lago1972.de,,4.7,,"Creative antipasti, pizza & pasta offered in a cozy, relaxed trattoria with sidewalk tables. | Italian Restaurant | Rated 4.7/5 (548 reviews)",Google Places API (New)
MIA Trattoria e Bar,"Schwanthalerstraße 12, 80336 München, Germany",München,Germany,089 28858983,https://lamiatrattoria.de/,ciao@lamiatrattoria.de,Moderate,4.5,,Restaurant | Rated 4.5/5 (644 reviews),Google Places API (New)
Osteria der Katzlmacher,"Bräuhausstraße 6, 80331 München-Altstadt-Lehel, Germany",München,Germany,089 333360,http://www.der-katzlmacher.com/,derkatzlmacher@friul.de,,4.7,,"Gourmet Italian restaurant with a daily changing menu, extensive wine list & smart, rustic decor. | Italian Restaurant | Rated 4.7/5 (410 reviews)",Google Places API (New)
Tavernetta,"Hildegardstraße 9, 80539 München-Altstadt-Lehel, Germany",München,Germany,089 24293040,https://www.ristorantetavernetta.com/,info@ristorantetavernetta.com,Moderate,4.8,,"Upmarket Italian restaurant serving thin-crust pizza, handmade pasta & reimagined mains, plus wine. | Italian Restaurant | Rated 4.8/5 (607 reviews)",Google Places API (New)
Trattoria Seitz GmbH,"Seitzstraße 12, 80538 München-Altstadt-Lehel, Germany",München,Germany,089 23232649,http://www.trattoria-seitz.eu/,,Expensive,4.4,,Italian Restaurant | Rated 4.4/5 (360 reviews) | Expensive / upscale tier,Google Places API (New)
Trattoria al Pacino,"Einsteinstraße 143, 81675 München, Germany",München,Germany,089 45350945,https://www.trattoria-alpacino.de/,info@trattoria-alpacino.de,Moderate,4.6,,Italian Restaurant | Rated 4.6/5 (284 reviews),Google Places API (New)
TRATTORIA SANTA MARIA,"Falkenstraße 38, 81541 München, Germany",München,Germany,089 37412340,https://www.santa-maria.info/,,Moderate,4.5,,"Minimalist restaurant offering homemade pizza & pasta plates, plus fish & meat dishes. | Italian Restaurant | Rated 4.5/5 (1117 reviews)",Google Places API (New)
Brasserie Cuvilliés,"Kardinal-Faulhaber-Straße 1, 80333 München, Germany",München,Germany,089 8000198710,https://www.rosewoodhotels.com/en/munich/dining,%20munich.brasseriecuvillies@rosewoodhotels.com,,4.5,,Restaurant | Rated 4.5/5 (154 reviews),Google Places API (New)
Marinella Trattoria,"Kirchenstraße 79, 81675 München-Au-Haidhausen, Germany",München,Germany,089 41109871,http://www.marinella-trattoria-pizzeria.de/,,Moderate,4.7,,"Laid-back Italian eatery offering wood-fired pizza & pasta in a rustic, wood-accented space. | Italian Restaurant | Rated 4.7/5 (623 reviews)",Google Places API (New)
Casa Italia,"Westenriederstraße 10, 80331 München-Altstadt-Lehel, Germany",München,Germany,089 24205196,https://casaitalia-feinkost.com/,ocaltagirone@gmail.com,Moderate,4.7,,Italian Restaurant | Rated 4.7/5 (386 reviews),Google Places API (New)
GIGI TRATTORIA,"Rumfordstraße 34, 80469 München, Germany",München,Germany,089 356477235,https://www.gigi.restaurant/,gigi@thebellezzagroup.com,Expensive,4.3,,"Cosmopolitan Italian place with sumptuous, vintage-chic decor & a menu of pasta, pizza & meats. | Italian Restaurant | Rated 4.3/5 (3801 reviews) | Expensive / upscale tier",Google Places API (New)
Ca'D'oro,"Bayerstraße 31, 80335 München-Ludwigsvorstadt-Isarvorstadt, Germany",München,Germany,089 594600,https://www.cadoro.de/,office@cadoro.de,Moderate,4.5,,"Elegantly plated pasta, pizza & grilled meats in a modern restaurant with bright interiors. | Italian Restaurant | Rated 4.5/5 (3032 reviews)",Google Places API (New)
Trattoria Bellini,"Nymphenburger Str. 120, 80636 München, Germany",München,Germany,089 12789888,http://trattoria-bellini.de/,info@trattoria-bellini.de,Moderate,4.7,,"Pasta, meaty mains & a long wine list in a cozy setting with outdoor tables in a garden. | Italian Restaurant | Rated 4.7/5 (1292 reviews)",Google Places API (New)
Trattoria Lia,"Verdistraße 137, 81247 München-Pasing-Obermenzing, Germany",München,Germany,089 8119997,https://trattorialia.de/,,Expensive,4.9,,Italian Restaurant | Rated 4.9/5 (84 reviews) | Expensive / upscale tier,Google Places API (New)
Pizzarei,"Sporerstraße 2, 80333 München-Altstadt-Lehel, Germany",München,Germany,089 25544100,https://pizzarei.de/,hallo@pizzarei.de,Moderate,4.7,,Restaurant | Rated 4.7/5 (2187 reviews),Google Places API (New)
Trattoria Pizzeria Il Buco,"Theo-Prosel-Weg 5, 80797 München-Schwabing-West, Germany",München,Germany,089 74038702,https://ilbuco.de/,bewerbung@xyz.de,Moderate,4.7,,"Pizza, pasta & risottos, plus meat & seafood mains, in an informal space with classic decor. | Italian Restaurant | Rated 4.7/5 (639 reviews)",Google Places API (New)
60 seconds to napoli München,"Sendlinger Str. 12, 80331 München, Germany",München,Germany,089 23707762,https://60secondstonapoli.de/,dpo-google@google.com,Moderate,4.6,,Restaurant | Rated 4.6/5 (11747 reviews),Google Places API (New)
Hermanns Restaurant & Bar München,"Karl-Scharnagl-Ring 6-8, 80539 München, Germany",München,Germany,089 44469265,https://bar-hermanns.de/,info@bar-hermanns.de,Expensive,4.9,,Restaurant | Rated 4.9/5 (136 reviews) | Expensive / upscale tier,Google Places API (New)
Ristorante VI VADI Cucina Italiana,"Marsstraße 6, 80335 München-Maxvorstadt, Germany",München,Germany,089 54506767,https://www.vivadi.de/vi-vadi,vivadi@vivadi.de,Moderate,4.6,,"Restaurant serving up pizzas & pasta, plus meat & fish mains, with a long list of Italian wines. | Italian Restaurant | Rated 4.6/5 (804 reviews)",Google Places API (New)
Wirtshaus Zum Straubinger,"Blumenstraße 5, 80331 München-Altstadt-Lehel, Germany",München,Germany,089 23238323,http://www.zumstraubinger.de/,info@zumstraubinger.de,,4.4,,"Traditional Bavarian tavern & beer garden with cozily stylish wooden decor, serving regional dishes. | German Restaurant | Rated 4.4/5 (3791 reviews)",Google Places API (New)
Rosi coffee & bar,"Rosenheimer Str. 2, 81669 München-Au-Haidhausen, Germany",München,Germany,089 44999739,https://www.rosi-muenchen.de/,rosi-werkstatt@hotmail.com,Moderate,4.6,,"Laid-back eatery serving an extensive menu of homestyle meals, schnitzels & pizzas, plus cocktails. | Restaurant | Rated 4.6/5 (2787 reviews)",Google Places API (New)
Max Trenta,"Maximilianstraße 30, 80539 München, Germany",München,Germany,089 24204779,https://www.maxtrenta.de/,info@maxtrenta.de,Moderate,4.8,,"Intimate bistro offering classic Italian entrees, seasonal specials & wine, plus courtyard tables. | Italian Restaurant | Rated 4.8/5 (177 reviews)",Google Places API (New)
Masi Wine Bar Munich,"Maximilianstraße 40, 80539 München, Germany",München,Germany,089 23032565,http://www.masi.it/en/masi-wine-experience/visit-our-sites/masi-wine-bar-restaurant-munich-germany/,investorclub@masi.it,Moderate,4.7,,Italian Restaurant | Rated 4.7/5 (343 reviews),Google Places API (New)
Fun Cool'o,"Heiliggeiststraße 1, 80331 München, Germany",München,Germany,,https://funcoolo.eu/,,Moderate,4.8,,Sandwich Shop | Rated 4.8/5 (556 reviews),Google Places API (New)
Osteria Veneta,"Utzschneiderstraße 4, 80469 München-Altstadt-Lehel, Germany",München,Germany,089 26022093,,,Expensive,4.4,,This local restaurant decorated with wine boxes & painted murals serves an Italian menu. | Italian Restaurant | Rated 4.4/5 (173 reviews) | Expensive / upscale tier,Google Places API (New)
Hofbräuhaus München,"Platzl 9, 80331 München, Germany",München,Germany,089 290136100,https://www.hofbraeuhaus.de/,willkommen@hofbraeuhaus.de,Moderate,4.3,,"3-floor beer hall dating back to the 16th century, with a Bavarian restaurant, shows & upbeat vibe. | Bavarian restaurant | Rated 4.3/5 (109069 reviews)",Google Places API (New)
Augustiner Bräustuben,"Landsberger Str. 19, 80339 München, Germany",München,Germany,089 507047,http://www.braeustuben.de/,buero@braeustuben.de,Moderate,4.3,,"Bavarian restaurant of the venerable brewery, with wood-panelling, classic dishes & draught beer. | German Restaurant | Rated 4.3/5 (17694 reviews)",Google Places API (New)
Liebighof,"Liebigstraße 14, 80538 München-Altstadt-Lehel, Germany",München,Germany,089 295405,http://www.liebighof.de/,kontakt@liebighof.de,Moderate,4.7,,Bavarian restaurant | Rated 4.7/5 (1624 reviews),Google Places API (New)
Zur Festwiese,"Schwanthalerstraße 85, 80336 München, Germany",München,Germany,089 51403636,http://www.zurfestwiese.de/,info@zurfestwiese.de,Moderate,4.6,,"Old-fashioned restaurant with sidewalk tables offering hearty meat dishes, strudel & beer. | German Restaurant | Rated 4.6/5 (1647 reviews)",Google Places API (New)
Wirtshaus Maximilian,"Westermühlstraße 32, 80469 München-Ludwigsvorstadt-Isarvorstadt, Germany",München,Germany,089 74040854,https://www.wirtshaus-maximilian.de/,info@wirtshaus-maximilian.de,Moderate,4.3,,Bavarian restaurant | Rated 4.3/5 (913 reviews),Google Places API (New)
The Lonely Broccoli & Terrasse,"Leopoldstraße 170, 80804 München, Germany",München,Germany,089 9042194200,https://www.thelonelybroccoli.com/deutsch?utm_source=googlebusinessprofile&utm_medium=organic&utm_campaign=website,meet@thelonelybroccoli.com,,4.4,,"Trendy restaurant with a terrace specializing in grilled meats, burgers & creative desserts. | Restaurant | Rated 4.4/5 (552 reviews)",Google Places API (New)
Bratwurstherzl,"Dreifaltigkeitspl. 1, 80331 München-Altstadt-Lehel, Germany",München,Germany,089 295113,http://www.bratwurstherzl.de/,mail@bratwurstherzl.de,Moderate,3.9,,"Bavarian-Franconian restaurant in 17th-century brick vault, with rich, hearty fare & beer garden. | Bavarian restaurant | Rated 3.9/5 (2161 reviews)",Google Places API (New)
Ruff’s Burger,"Rindermarkt 6, 80331 München, Germany",München,Germany,089 24408928,https://www.ruffsburger.de/standort/imbiss-muenchen-marienplatz-rindermarkt/?utm_source=Google&utm_medium=Uberall,info@ruffsburger.de,Moderate,4.5,,Hamburger Restaurant | Rated 4.5/5 (2993 reviews),Google Places API (New)
Restaurant Pils Corner,"Dachauer Str. 288, 80992 München-Moosach, Germany",München,Germany,089 1407034,http://www.pils-corner.de/,,Moderate,4.8,,"Steak, calamari & robust Balkan grill plates at a relaxed bar/restaurant with a street terrace. | Mediterranean Restaurant | Rated 4.8/5 (1029 reviews)",Google Places API (New)
Wirtshaus Augustiner Kurgarten,"De-la-Paz-Straße 10, 80639 München-Neuhausen-Nymphenburg, Germany",München,Germany,089 5527339222,http://augustiner-kurgarten.com/,,Moderate,4.6,,Multi-room Bavarian restaurant with classic decor & attached beer garden serving Augustiner beer. | Restaurant | Rated 4.6/5 (1111 reviews),Google Places API (New)
Hand aufs Herz,"Dreimühlenstraße 25, 80469 München, Germany",München,Germany,089 94474115,https://www.handaufsherz-restaurant.de/,info@handaufsherz-restaurant.de,Moderate,4.8,,Bavarian restaurant | Rated 4.8/5 (336 reviews),Google Places API (New)
Wirtshaus Eder,"Gollierstraße 83, 80339 München-Schwanthalerhöhe, Germany",München,Germany,089 85634355,https://www.ederwirt.de/,kontakt@ederwirt.de,Moderate,4.7,,Typical fare & craft beer in a relaxed institution with a terrace & an old-school vibe. | Bavarian restaurant | Rated 4.7/5 (1158 reviews),Google Places API (New)
Schnitzery München,"Tal 42, 80331 München, Germany",München,Germany,,https://www.instagram.com/schnitzery.muenchen,,Moderate,4.7,,Fast Food Restaurant | Rated 4.7/5 (733 reviews),Google Places API (New)
California Bean,"Dachauer Str. 12, 80335 München-Maxvorstadt, Germany",München,Germany,089 55264422,https://www.california-bean.de/,hello@california-bean.de,Moderate,4.7,,"Easygoing restaurant serving American-style breakfast, plus burgers & gluten-free dishes. | Brunch Restaurant | Rated 4.7/5 (3068 reviews)",Google Places API (New)
Café Joon,"Theresienstraße 114, 80333 München, Germany",München,Germany,089 41550941,http://cafejoon.de/,info@cafejoon.de,Moderate,4.5,,"Cozy, rustic-chic place for brunch classics like pancakes & avocado toast, plus cheesecake. | Cafe | Rated 4.5/5 (1125 reviews)",Google Places API (New)
Cotidiano Gärtnerplatz,"Gärtnerpl. 6, 80469 München-Ludwigsvorstadt-Isarvorstadt, Germany",München,Germany,089 24205282,https://www.cotidiano.de/muenchen-gaertnerplatz,gaertnerplatz@cotidiano.de,Moderate,4.3,,Restaurant | Rated 4.3/5 (4121 reviews),Google Places API (New)
Café Blá,"Lilienstraße 34, 81669 München-Au-Haidhausen, Germany",München,Germany,,https://cafebla.de/?utm_source=google_business&utm_medium=organic,shop@cafebla.de,Inexpensive,4.6,,"Easygoing hangout brewing specialty roasted coffee, plus breakfast staples, cakes & craft beer. | Coffee Shop | Rated 4.6/5 (1553 reviews)",Google Places API (New)
Schmalznudel - Cafe Frischhut,"Prälat-Zistl-Straße 8, 80331 München-Altstadt-Lehel, Germany",München,Germany,089 26023156,https://schmalznudelcafefrischhut.shop/,placejoys.com@gmail.com,Inexpensive,4.5,,Bavarian-style donuts & pastries rustled up in a laid-back space with warm-wood decor & a courtyard. | Cafe | Rated 4.5/5 (3298 reviews),Google Places API (New)
Cafe Lotti,"Schleißheimer Str. 13, 80333 München-Maxvorstadt, Germany",München,Germany,089 61519197,https://www.cafe-lotti.cafe/,online@yuehwa.com,Moderate,4.3,,Cute pastel-colored space serving cakes & savory platters made with locally sourced ingredients. | Cafe | Rated 4.3/5 (1294 reviews),Google Places API (New)
Hard Rock Cafe,"Platzl 1, 80331 München-Altstadt-Lehel, Germany",München,Germany,089 2429490,https://cafe.hardrock.com/munich/,munich.events@hardrock.com,Moderate,4.3,,Rock ’n’ roll-themed chain with a high-energy vibe serving burgers & American classics. | American Restaurant | Rated 4.3/5 (13356 reviews),Google Places API (New)
Café Vista,"im Museum Fünf Kontinente, Maximilianstraße 42, 80538 München, Germany",München,Germany,089 97861999,https://www.cafe-vista-m5k.de/,team@cafe-vista-m5k.de,Moderate,5,,Cafe | Rated 5/5 (20 reviews),Google Places API (New)
Rischart Café am Marienplatz,"Marienplatz 18, 80331 München-Altstadt-Lehel, Germany",München,Germany,089 2317003320,http://www.rischart.de/,info@rischart.de,Moderate,3.2,,Cafe | Rated 3.2/5 (3918 reviews),Google Places API (New)
Caffè Da Me,"Kohlstraße 11, 80469 München-Ludwigsvorstadt-Isarvorstadt, Germany",München,Germany,089 90182828,,,Moderate,4.6,,"Intimate Italian hangout with a warm vibe serving classic brews, plus panini, pastries & cake. | Cafe | Rated 4.6/5 (708 reviews)",Google Places API (New)
Trachtenvogl,"Reichenbachstraße 47, 80469 München-Ludwigsvorstadt-Isarvorstadt, Germany",München,Germany,089 2015160,http://www.trachtenvogl.de/,info@trachtenvogl.de,Moderate,4.4,,"Warm, vintage-style cafe/bar featuring comfort food dishes & a breakfast menu, plus daily specials. | Cafe | Rated 4.4/5 (1938 reviews)",Google Places API (New)
Café Jasmin,"Steinheilstraße 20, 80333 München, Germany",München,Germany,,http://www.cafe-jasmin.com/,info@cafe-jasmin.com,Moderate,4.6,,"Comfortably furnished spot with an international menu of meals, cakes & cocktails, plus live music. | Cafe | Rated 4.6/5 (1793 reviews)",Google Places API (New)
Kaffeerösterei Viktualienmarkt,"Viktualienmarkt, 80331 München, Germany",München,Germany,089 2609086,https://www.kaffee-muenchen.de/,job@kaffee-muenchen.de,,4.8,,Coffee roastery | Rated 4.8/5 (954 reviews),Google Places API (New)
Cafe Vintage,"Frauenstraße 15, 80469 München, Germany",München,Germany,01573 6797158,https://cafevintagemuenchen.de/,info@cafevintagemuenchen.de,Inexpensive,4.5,,Restaurant | Rated 4.5/5 (164 reviews),Google Places API (New)
Café Josefina,"Augustenstraße 113, 80798 München-Maxvorstadt, Germany",München,Germany,089 60034722,https://cafe-josefina.de/,murat.dagli@hotmail.de,Moderate,4.4,,"Breakfast plates, coffees & juices, plus vegan lunch dishes & sandwiches, with organic ingredients. | Cafe | Rated 4.4/5 (1841 reviews)",Google Places API (New)
Café Faber,"Zeppelinstraße 5, 81541 München, Germany",München,Germany,,https://www.instagram.com/cafefaber_,,Moderate,4.5,,Cafe | Rated 4.5/5 (458 reviews),Google Places API (New)
Dinatale Cafe,"Veterinärstraße 4, 80539 München-Maxvorstadt, Germany",München,Germany,089 32499966,https://dinatale-cafe.de/,info@dinatale.de,Inexpensive,4.7,,Cafe | Rated 4.7/5 (764 reviews),Google Places API (New)
Restaurant Central Café,"Arnulfstraße 4, 80335 München-Maxvorstadt, Germany",München,Germany,089 55115715,https://www.central-restaurant.de/,central@ehw.de,Moderate,4.3,,Restaurant | Rated 4.3/5 (254 reviews),Google Places API (New)
Vits Kaffee GmbH & Co.KG,"Rumfordstraße 49, 80469 München-Altstadt-Lehel, Germany",München,Germany,089 23709821,https://vits.coffee/,,Inexpensive,4.4,,"Retro-style destination for single-origin coffee, house-roasted beans & brewing equipment. | Cafe | Rated 4.4/5 (1019 reviews)",Google Places API (New)
Mackbear Coffee Co.,"Leopoldstraße 44, 80802 München, Germany",München,Germany,,,,Inexpensive,4.5,,Cafe | Rated 4.5/5 (329 reviews),Google Places API (New)
Café Luitpold,"Brienner Str. 11, 80333 München-Altstadt-Lehel, Germany",München,Germany,089 2428750,http://www.cafe-luitpold.de/,%20info@cafe-luitpold.de,Moderate,3.8,,"Modern coffeehouse in a grand 19th-century building, specializing in cakes & gourmet chocolates. | Cafe | Rated 3.8/5 (4753 reviews)",Google Places API (New)
sweet spot kaffee – specialty coffee,"Heiliggeiststraße 1, 80331 München, Germany",München,Germany,,http://sweetspotkaffee.de/,hallo@sweetspotkaffee.de,Inexpensive,4.8,,"Snug coffee shop offering espressos, lattes & flat whites, plus sweet treats & roasted beans. | Coffee Shop | Rated 4.8/5 (1599 reviews)",Google Places API (New)
Chocolaterie Beluga - Viktualienmarkt 6,"Viktualienmarkt 6, 80331 München-Altstadt-Lehel, Germany",München,Germany,089 23231577,https://www.chocolateriebeluga.de/,info@chocolateriebeluga.de,Inexpensive,4.7,,"Chocolate shop & cafe in a food market, selling alcohol-fueled hot chocolate, pralines & truffles. | Cafe | Rated 4.7/5 (679 reviews)",Google Places API (New)
Mr. Pancake,"Gabelsbergerstraße 34, 80333 München-Maxvorstadt, Germany",München,Germany,0160 2062222,https://mrpancakenews.wordpress.com/,,Moderate,4.3,,Breakfasts & American-style pancakes in a relaxed venue with exposed bricks & sidewalk tables. | Restaurant | Rated 4.3/5 (2510 reviews),Google Places API (New)
Mary's Coffee Club Maxvorstadt,"Türkenstraße 86A, 80799 München, Germany",München,Germany,089 54029717,http://www.maryscoffeeclub.com/,hello@maryscoffeeclub.de,Moderate,4.5,,"Stylish option for coffee & all-day, health-conscious cafe fare such as avocado toast & eggs. | Cafe | Rated 4.5/5 (1072 reviews)",Google Places API (New)
H Fünf... essbar,"City Quartier der FÜNF HÖFE, Theatinerstraße 15, 80333 München, Germany",München,Germany,089 24211425,https://www.hfuenf.de/,,Moderate,4.6,,Restaurant | Rated 4.6/5 (275 reviews),Google Places API (New)
Story Café München,"Augustenstraße 29, 80333 München, Germany",München,Germany,089 23029262,https://www.story-cafe-muenchen.de/,info@story-cafe-muenchen.de,Inexpensive,3.9,,Cafe | Rated 3.9/5 (247 reviews),Google Places API (New)
Talstation,"Hochbrückenstraße 3, 80331 München, Germany",München,Germany,089 200021280,http://www.alperie-talstation.de/,servus@alperie-talstation.de,Expensive,4.9,,Restaurant | Rated 4.9/5 (218 reviews) | Expensive / upscale tier,Google Places API (New)
THE BARN Café Tal München,"Tal 15, 80331 München, Germany",München,Germany,030 44046292,https://thebarn.de/,webshop@thebarn.de,Inexpensive,4.3,,Cafe | Rated 4.3/5 (195 reviews),Google Places API (New)
IVY Tagesbar,"Neuhauser Str. 18/2.OG, 80331 München-Altstadt-Lehel, Germany",München,Germany,089 693135790,https://ivytagesbar.de/,,Moderate,4.3,,Cafe | Rated 4.3/5 (182 reviews),Google Places API (New)
The Victorian House,"Frauenstraße 14, 80469 München-Altstadt-Lehel, Germany",München,Germany,089 25546947,https://www.victorianhouse.de/,info@victorianhouse.de,Moderate,4.1,,"Eatery with traditional English furnishings, offering afternoon tea & international dishes. | Breakfast Restaurant | Rated 4.1/5 (1949 reviews)",Google Places API (New)
Block House,"Leopoldstraße 32, 80802 München-Schwabing-Freimann, Germany",München,Germany,089 331718,https://www.block-house.de/restaurants/muenchen/leopoldstrasse/,,Expensive,4.4,,Steak House | Rated 4.4/5 (4542 reviews) | Expensive / upscale tier,Google Places API (New)
Beef Room 61,"Arcisstraße 61, 80801 München-Schwabing-West, Germany",München,Germany,089 32199101,https://beefroom61.de/,info@beefroom61.de,,4.7,,"Stylish, contemporary steakhouse with velvet seating serving prime chops alongside wine & cocktails. | Steak House | Rated 4.7/5 (951 reviews)",Google Places API (New)
Churrascaria,"Theresienhöhe 5, 80339 München, Germany",München,Germany,089 58977513,http://churrascaria-muenchen.de/,info@churrascaria-muenchen.de,Expensive,4.3,,Steak House | Rated 4.3/5 (1502 reviews) | Expensive / upscale tier,Google Places API (New)
Feuer & Flamme Steakhouse Burgermanufaktur,"Anton-Böck-Straße 32, 81249 München-Aubing-Lochhausen-Langwied, Germany",München,Germany,089 85607582,http://www.restaurant-feuerundflamme.de/,info@restaurant-feuerundflamme.de,Moderate,4.7,,Steak House | Rated 4.7/5 (1323 reviews),Google Places API (New)
BLOCK HOUSE Elisenhof,"Prielmayerstraße 1, 80335 München-Maxvorstadt, Germany",München,Germany,089 54324310,https://www.block-house.de/restaurants/muenchen/elisenhof,,Moderate,4.2,,Steak House | Rated 4.2/5 (3510 reviews),Google Places API (New)
The ASH München,"Leopoldstraße 9, 80802 München, Germany",München,Germany,089 244175141,https://www.the-ash.com/restaurants/muenchen,73d1aca8ad1f1f08c60be10ed61d3550c243dae565eeb4b40edbab0aebd45ef8natalie.becker@the-ash.com,Expensive,4.3,,Restaurant | Rated 4.3/5 (813 reviews) | Expensive / upscale tier,Google Places API (New)
"SANJI'S Steak, Grill & Bar","Kellerstraße 32, 81667 München, Germany",München,Germany,089 37505678,https://www.sanjiskitchen.de/,info@sanjiskitchen.de,,4.8,,Steak House | Rated 4.8/5 (794 reviews),Google Places API (New)
Grill im Künstlerhaus,"Lenbachpl. 8, 80333 München-Altstadt-Lehel, Germany",München,Germany,089 45205950,https://www.grill-munich.de/,info@grill-munich.de,,4.5,,"Upscale restaurant with modern decor, courtyard views & a terrace, serving meat, fish & seafood. | Barbecue Restaurant | Rated 4.5/5 (1299 reviews)",Google Places API (New)
Theresa Grill Restaurant,"Theresienstraße 29, 80333 München-Maxvorstadt, Germany",München,Germany,089 28803301,https://www.theresa-restaurant.com/,mail@theresa-restaurant.com,,4.3,,"Modern European cuisine, plus breakfast dishes & a bar, all served in an airy, design-led interior. | Restaurant | Rated 4.3/5 (1137 reviews)",Google Places API (New)
T-Bone Steakhouse,"Johann-Karg-Straße 3, 85540 Haar-Salmdorf, Germany",Haar,Germany,089 42079463,http://www.tbone-steakhouse.de/,info@mas-hotel.com,,4.6,,"Rustic-chic destination with a relaxed atmosphere spotlighting grilled dishes, plus wine & beer. | Restaurant | Rated 4.6/5 (1141 reviews)",Google Places API (New)
Rusticana,"Grillparzerstraße 5, 81675 München-Au-Haidhausen, Germany",München,Germany,089 4703887,https://www.steaks-spareribs-rusticana-muenchen.de/,steaks@rusticana.de,Moderate,4.4,,Long-running grill restaurant serving steaks & barbecued spare ribs in a rustic wood-panelled space. | Restaurant | Rated 4.4/5 (2606 reviews),Google Places API (New)
BLOCK HOUSE München Rindermarkt,"Rindermarkt 5, 80331 München, Germany",München,Germany,089 51503630,https://www.block-house.de/restaurants/muenchen/rindermarkt/,,Moderate,4.2,,Restaurant | Rated 4.2/5 (675 reviews),Google Places API (New)
Poseidon am Viktualienmarkt,"Westenriederstraße 13, 80331 München-Altstadt-Lehel, Germany",München,Germany,089 299296,https://www.poseidon-munchen.de/,kontakt@fisch-poseidon.de,Expensive,4.5,,"Oysters, seafood pasta & fish stew, plus European wines, at a compact venue with an open kitchen. | Seafood Restaurant | Rated 4.5/5 (529 reviews) | Expensive / upscale tier",Google Places API (New)
Hai Seafood Izakaya Munich,"Kellerstraße 29, 81667 München, Germany",München,Germany,089 32787345,https://www.hai-seafood.de/,info@hai-seafood.de,Moderate,4.7,,Restaurant | Rated 4.7/5 (522 reviews),Google Places API (New)
Atlantik Fisch München,"Zenettistraße 12, 80337 München-Ludwigsvorstadt-Isarvorstadt, Germany",München,Germany,089 74790610,https://www.atlantik-muenchen.de/,atlantik@atlantik-muenchen.de,Very Expensive,4.8,,Restaurant | Rated 4.8/5 (363 reviews) | Very expensive / luxury tier,Google Places API (New)
Fisch Witte,"Viktualienmarkt 9, 80331 München, Germany",München,Germany,089 222640,http://www.fisch-witte.com/,info@fisch-witte.de,Expensive,4.4,,"Fishmonger & bistro serving a range of fish & seafood dishes, including regional specialities. | Bistro | Rated 4.4/5 (1623 reviews) | Expensive / upscale tier",Google Places API (New)
Nordsee,"Viktualienmarkt, 80331 München, Germany",München,Germany,089 221186,https://www.nordsee.com/de/,nordsee@nordsee.com,Moderate,3.9,,Restaurant | Rated 3.9/5 (1809 reviews),Google Places API (New)
Restaurant Skyline Fine Dining,"Norderelbstraße 6a, 20457 Hamburg, Germany",Hamburg,Germany,040 23836930,https://restaurant-skyline.de/,,Expensive,4.9,,Restaurant | Rated 4.9/5 (524 reviews) | Expensive / upscale tier,Google Places API (New)
Bless Restaurant Hamburg,"Eppendorfer Weg 186, 20253 Hamburg-Eimsbüttel, Germany",Hamburg,Germany,040 42918080,http://bless-restaurants.com/hamburg,hamburg@bless-restaurants.com,Expensive,4.8,,Restaurant | Rated 4.8/5 (1537 reviews) | Expensive / upscale tier,Google Places API (New)
HAERLIN,"Neuer Jungfernstieg 9-14, 20354 Hamburg, Germany",Hamburg,Germany,,https://hvj.de/en/restaurant-haerlin.html,hamburg@fairmont.com,Very Expensive,4.8,,"Sophisticated plates of seasonally inspired cuisine, plus wine, offered in refined pastel surrounds. | Fine Dining Restaurant | Rated 4.8/5 (304 reviews) | Very expensive / luxury tier",Google Places API (New)
HERITAGE Hamburg,"An d. Alster 52, 20099 Hamburg, Germany",Hamburg,Germany,040 21001090,https://heritage-restaurants.com/hamburg/,info@heritage-hamburg.com,Very Expensive,4.5,,Restaurant | Rated 4.5/5 (855 reviews) | Very expensive / luxury tier,Google Places API (New)
The Table,"Shanghaiallee 15, 20457 Hamburg, Germany",Hamburg,Germany,040 22867422,https://thetable-hamburg.de/,,Very Expensive,4.8,,Elevated global cuisine around a single table snaking around a stylish room with an open kitchen. | Fine Dining Restaurant | Rated 4.8/5 (464 reviews) | Very expensive / luxury tier,Google Places API (New)
Landhaus Scherrer,"Elbchaussee 130, 22763 Hamburg-Altona, Germany",Hamburg,Germany,01579 2352009,http://www.landhausscherrer.de/,kontakt@landhausscherrer.de,Very Expensive,4.7,,"Refined North German seafood & meat dishes, plus a duck specialty, at an elegant, venerable locale. | Fine Dining Restaurant | Rated 4.7/5 (533 reviews) | Very expensive / luxury tier",Google Places API (New)
Lakeside,"Fontenay 10, 20354 Hamburg-Eimsbüttel, Germany",Hamburg,Germany,040 6056605740,https://www.thefontenay.com/restaurants-bar/lakeside-restaurant/,lakeside@thefontenay.com,Very Expensive,4.8,,Fine Dining Restaurant | Rated 4.8/5 (130 reviews) | Very expensive / luxury tier,Google Places API (New)
philipps Restaurant,"Turnerstraße 9, 20357 Hamburg, Germany",Hamburg,Germany,040 63735108,http://www.philipps-restaurant.de/,moinmoin@philipps-restaurant.de,Very Expensive,4.8,,"Modern space with a rustic-chic vibe for an international menu of pasta, schnitzels & steak tartare. | Restaurant | Rated 4.8/5 (1004 reviews) | Very expensive / luxury tier",Google Places API (New)
Heimatjuwel | Restaurant in Hamburg,"Stellinger Weg 47, 20255 Hamburg-Eimsbüttel, Germany",Hamburg,Germany,040 42106989,https://www.heimatjuwel.de/,info@heimatjuwel.de,Very Expensive,4.7,,"Unique, artfully plated bistro dishes are served in a cozy, stylish setting at this buzzy locale. | Fine Dining Restaurant | Rated 4.7/5 (377 reviews) | Very expensive / luxury tier",Google Places API (New)
Atlantic Restaurant,"An d. Alster 73, 20099 Hamburg, Germany",Hamburg,Germany,040 2888860,https://brhhh.com/atlantic-hamburg/atlantic-restaurant/,atlantic-hamburg@brhhh.com,Very Expensive,4.6,,Fine Dining Restaurant | Rated 4.6/5 (68 reviews) | Very expensive / luxury tier,Google Places API (New)
Wallter's Bistro & Kontor,"Alter Wall 12, 20457 Hamburg, Germany",Hamburg,Germany,040 38037831,https://www.wallters.de/,hamburg@wallters.de,Expensive,4.6,,Restaurant | Rated 4.6/5 (511 reviews) | Expensive / upscale tier,Google Places API (New)
Fischereihafen Restaurant,"Große Elbstraße 143, 22767 Hamburg-Altona, Germany",Hamburg,Germany,040 381816,http://www.fischereihafenrestaurant.de/,reservierung@fischereihafenrestaurant.de,Expensive,4.7,,"Lively, long-running place for oysters, caviar & grilled seafood, with views of the harbor. | Seafood Restaurant | Rated 4.7/5 (3851 reviews) | Expensive / upscale tier",Google Places API (New)
estancia steaks,"Große Reichenstraße 27, 20457 Hamburg, Germany",Hamburg,Germany,040 30384280,http://www.estancia-steaks.de/,e@estancia-steaks.com,Very Expensive,4.8,,"Individually plated cuts of premium beef, offered with sides & gin in a modern space with a patio. | Steak House | Rated 4.8/5 (2284 reviews) | Very expensive / luxury tier",Google Places API (New)
Restaurant Brook,"b. den Mühren 91, 20457 Hamburg, Germany",Hamburg,Germany,040 37503128,http://www.restaurant-brook.de/,Lschablinski@web.de,Expensive,4.5,,"Elegant canalside venue for creative European dining with global twists, plus wines & set menus. | Restaurant | Rated 4.5/5 (792 reviews) | Expensive / upscale tier",Google Places API (New)
chez l'ami TORTUE,"Stadthausbrücke 10, 20355 Hamburg-Stadthof, Germany",Hamburg,Germany,040 33441400,https://tortue.de/de/restaurant/chez-lami,info@tortue.de,Very Expensive,4.8,,Restaurant | Rated 4.8/5 (50 reviews) | Very expensive / luxury tier,Google Places API (New)
Restaurant Zeik,"Sierichstraße 112, 22299 Hamburg, Germany",Hamburg,Germany,040 46653531,https://www.zeik.de/,info@zeik.de,Very Expensive,4.8,,Elevated regional tasting menus with seasonal ingredients & optional wine pairings plus a terrace. | Fine Dining Restaurant | Rated 4.8/5 (435 reviews) | Very expensive / luxury tier,Google Places API (New)
Restaurant Jellyfish by Stefan Fäth,"Weidenallee 12, 20357 Hamburg-Eimsbüttel, Germany",Hamburg,Germany,040 4105414,http://www.jellyfish-restaurant.de/,info@jellyfish-restaurant.de,Very Expensive,4.7,,"Inventive seafood dishes, plus bistro & tasting menus, in a modern dining room with a rustic feel. | Fine Dining Restaurant | Rated 4.7/5 (860 reviews) | Very expensive / luxury tier",Google Places API (New)
NENI Hamburg,"Osakaallee 12, 20457 Hamburg, Germany",Hamburg,Germany,040 555575442,https://nenifood.com/restaurants/hamburg,beispiel@beispielpostfach.de,Expensive,4.5,,"Upmarket Middle Eastern classics, served in an airy, industrial-chic space with kelim rugs. | Restaurant | Rated 4.5/5 (3136 reviews) | Expensive / upscale tier",Google Places API (New)
Tim's Restaurant,"Große Elbstraße 27, 22767 Hamburg-Altona, Germany",Hamburg,Germany,040 31171007,http://www.tims-restaurant.de/,restaurant@tims-restaurant.de,Expensive,4.5,,Restaurant | Rated 4.5/5 (477 reviews) | Expensive / upscale tier,Google Places API (New)
THE DINING RooM,"Rödingsmarkt 2, 20459 Hamburg, Germany",Hamburg,Germany,0163 7013444,http://www.thediningroom.de/,,Very Expensive,4.3,,"Upscale eatery in the Fraser Suites Hotel, spotlighting creative global dishes & wine. | Restaurant | Rated 4.3/5 (456 reviews) | Very expensive / luxury tier",Google Places API (New)
100/200 Kitchen,"Brandshofer Deich 68, 20539 Hamburg, Germany",Hamburg,Germany,040 30925191,http://www.100200.kitchen/,mail@100200.kitchen,Very Expensive,4.6,,A changing seasonal menu with elegant plate presentations & wine in a funky warehouse setting. | Fine Dining Restaurant | Rated 4.6/5 (397 reviews) | Very expensive / luxury tier,Google Places API (New)
Petit Amour *,"Spritzenpl. 11, 22765 Hamburg-Altona, Germany",Hamburg,Germany,040 30746556,http://petitamour-hh.com/,mail@petitamour-hh.com,Very Expensive,4.9,,Urbane choice with understated decor & a terrace specializing in imaginative French cuisine. | Fine Dining Restaurant | Rated 4.9/5 (153 reviews) | Very expensive / luxury tier,Google Places API (New)
NIKKEI NINE,"Neuer Jungfernstieg 9 14, 20354 Hamburg, Germany",Hamburg,Germany,,https://nikkei-nine.de/de/?utm_source=google+Maps&utm_medium=seo+maps&utm_campaign=seo+maps,nikkei.nine@fairmont.com,Very Expensive,4.6,,Restaurant | Rated 4.6/5 (1044 reviews) | Very expensive / luxury tier,Google Places API (New)
Grill Royal Hamburg,"Ballindamm 17, 20095 Hamburg, Germany",Hamburg,Germany,040 22899777,http://www.grillroyal-hamburg.com/,office@grillroyal-hamburg.de,Very Expensive,4.7,,Steak House | Rated 4.7/5 (386 reviews) | Very expensive / luxury tier,Google Places API (New)
Jacobs Restaurant,"Elbchaussee 401, 22609 Hamburg-Altona, Germany",Hamburg,Germany,040 82255406,http://www.hotel-jacob.de/,jacob@hotel-jacob.de,Very Expensive,4.6,,Fine Dining Restaurant | Rated 4.6/5 (226 reviews) | Very expensive / luxury tier,Google Places API (New)
heimat Restaurant,"Überseeallee 5, 20457 Hamburg, Germany",Hamburg,Germany,040 257777840,http://www.heimatrestaurant.com/,hamburg@heimatrestaurant.com,Expensive,4.5,,"Stylish hotel restaurant serving seasonal German, Swiss & Austrian food & wine. | German Restaurant | Rated 4.5/5 (1531 reviews) | Expensive / upscale tier",Google Places API (New)
THE LISBETH,"Deichstraße 32, 20459 Hamburg, Germany",Hamburg,Germany,040 36096767,https://www.restaurant-lisbeth.de/,andre@cplisbeth.de,Very Expensive,4.7,,"Industrial-chic eatery with a sidewalk terrace featuring fish rolls, pasta & other seafood dishes. | Fine Dining Restaurant | Rated 4.7/5 (206 reviews) | Very expensive / luxury tier",Google Places API (New)
am kai | restaurant. seafood. drinks. elbblick,"Große Elbstraße 145c, 22767 Hamburg, Germany",Hamburg,Germany,040 38037730,https://amkai.hamburg/,info@amkai.hamburg,Very Expensive,4.6,,"Sophisticated restaurant with a terrace offering Mediterranean & Asian-inspired seafood dishes, plus harbor views. | Restaurant | Rated 4.6/5 (1141 reviews) | Very expensive / luxury tier",Google Places API (New)
coast by east Hamburg,"Großer Grasbrook 14, 20457 Hamburg, Germany",Hamburg,Germany,040 30993230,http://www.coast-hamburg.de/,restaurant@coast-hamburg.de,Very Expensive,4.5,,Upscale spot offering sushi & Asian cuisine in an airy venue with a terrace & city views. | Sushi Restaurant | Rated 4.5/5 (2720 reviews) | Very expensive / luxury tier,Google Places API (New)
hæbel,"Paul-Roosen-Straße 31, 22767 Hamburg-Altona, Germany",Hamburg,Germany,01578 6864585,http://www.haebel.hamburg/,office@haebel.hamburg,Very Expensive,4.7,,Fine Dining Restaurant | Rated 4.7/5 (497 reviews) | Very expensive / luxury tier,Google Places API (New)
MAQUIS,"Thedestraße 2, 22767 Hamburg, Germany",Hamburg,Germany,040 55619992,http://www.maquis.hamburg/,info@maquis.hamburg,Very Expensive,4.9,,Vegetarian Restaurant | Rated 4.9/5 (250 reviews) | Very expensive / luxury tier,Google Places API (New)
GRETA OTO Hamburg,"Bugenhagenstraße 8, 20095 Hamburg, Germany",Hamburg,Germany,040 987634120,https://gretaoto-restaurants.com/hamburg/,info@gretaoto-hamburg.com,Very Expensive,4.4,,Restaurant | Rated 4.4/5 (99 reviews) | Very expensive / luxury tier,Google Places API (New)
arc restaurant,"Eppendorfer Weg 58, 20259 Hamburg, Germany",Hamburg,Germany,,http://arcrestaurant.de/,info@arcrestaurant.de,Very Expensive,4.9,,Restaurant | Rated 4.9/5 (89 reviews) | Very expensive / luxury tier,Google Places API (New)
Bootshaus Grill & Bar - Hafencity,"Am Kaiserkai 19, 20457 Hamburg, Germany",Hamburg,Germany,040 33473744,http://bootshaus-hafencity.de/,reservierung@bootshaus-hafencity.de,Very Expensive,4.7,,Chic restaurant spotlighting steak & seafood in a warm space that has patio seating & harbor views. | Restaurant | Rated 4.7/5 (1081 reviews) | Very expensive / luxury tier,Google Places API (New)
Criss Studio Polish-Jamaican,"Moorkamp 6, 20357 Hamburg, Germany",Hamburg,Germany,0176 22943903,https://www.criss.studio/de,contact@criss.studio,Very Expensive,4.8,,Fine Dining Restaurant | Rated 4.8/5 (88 reviews) | Very expensive / luxury tier,Google Places API (New)
Zur Flottbeker Schmiede,"Baron-Voght-Straße 79, 22609 Hamburg-Altona, Germany",Hamburg,Germany,040 20918236,http://www.zurflottbekerschmiede.de/,,Expensive,4.8,,Restaurant | Rated 4.8/5 (448 reviews) | Expensive / upscale tier,Google Places API (New)
HYGGE Brasserie & Bar,"Baron-Voght-Straße 179, 22607 Hamburg-Altona, Germany",Hamburg,Germany,040 82274160,http://hygge-hamburg.de/,m.zeiser@landhaus-flottbek.de,Very Expensive,4.7,,"Set in a restored farmhouse, this famed eatery offers seasonal, regional cuisine in a modern space. | Restaurant | Rated 4.7/5 (1105 reviews) | Very expensive / luxury tier",Google Places API (New)
Ceviche Bar Restaurant Hamburg,"Löwenstraße 12, 20251 Hamburg-Nord, Germany",Hamburg,Germany,040 28541033,https://www.ceviche-bar-hamburg.de/,%20info@ceviche-bar-hamburg.de,Very Expensive,4.8,,Peruvian Restaurant | Rated 4.8/5 (451 reviews) | Very expensive / luxury tier,Google Places API (New)
Garrison Steakhouse,"Max-Brauer-Allee 54, 22765 Hamburg, Germany",Hamburg,Germany,040 24875057,https://garrison-hamburg.de/,info@garrison-hamburg.de,Expensive,4.7,,"Sleek, industrial establishment with a bar offering choice steaks, burgers & fish dishes. | Restaurant | Rated 4.7/5 (1832 reviews) | Expensive / upscale tier",Google Places API (New)
Liberté Hamburg,"Große Elbstraße 9a Anleger, 22767 Hamburg-Altona, Germany",Hamburg,Germany,,https://liberte.hamburg/,hallo@liberte.hamburg,Expensive,4.6,,Restaurant | Rated 4.6/5 (494 reviews) | Expensive / upscale tier,Google Places API (New)
das weisse haus,"Neumühlen 50, 22763 Hamburg-Altona, Germany",Hamburg,Germany,040 3909016,http://www.das-weisse-haus.de/,,Very Expensive,4.4,,Restaurant | Rated 4.4/5 (402 reviews) | Very expensive / luxury tier,Google Places API (New)
Restaurant Cox,"Lange Reihe 68, Greifswalder Str. 43, 20099 Hamburg, Germany",Hamburg,Germany,040 249422,http://www.restaurant-cox.de/,info@restaurant-cox.de,Expensive,4.5,,"Longstanding, rustic-chic tavern offering game dishes like wild boar & an extensive wine selection. | Restaurant | Rated 4.5/5 (656 reviews) | Expensive / upscale tier",Google Places API (New)
Fardi Syrian Restaurant,"Hofweg 72, 22085 Hamburg, Germany",Hamburg,Germany,040 36027440,http://fardi-hamburg.de/,info@fardi-hamburg.de,Expensive,4.7,,"Refined Syrian cuisine with global influences, paired with Middle Eastern wines, in sleek surrounds. | Restaurant | Rated 4.7/5 (687 reviews) | Expensive / upscale tier",Google Places API (New)
Frau Möller,"Lange Reihe 96, 20099 Hamburg, Germany",Hamburg,Germany,040 25328817,https://fraumoeller.com/,info@fraumoeller.com,Moderate,4.5,,"Traditional pub serving breakfast, burgers & global beers, plus fried potato dishes & casseroles. | German Restaurant | Rated 4.5/5 (9581 reviews)",Google Places API (New)
Schifferbörse Restaurant,"Kirchenallee 46, 20099 Hamburg, Germany",Hamburg,Germany,040 245240,http://www.schifferboerse-hamburg.de/,info@schifferboerse-hamburg.de,Moderate,4.5,,"North German fish & meat dishes in an ornate, wood-paneled hall filled with maritime artifacts. | German Restaurant | Rated 4.5/5 (5484 reviews)",Google Places API (New)
Das Dorf,"Lange Reihe 39, 20099 Hamburg, Germany",Hamburg,Germany,02324 8679978,https://restaurant-dorf.de/,info@restaurant-dorf.de,Expensive,4.7,,"Informal eatery serving local staples including schnitzel, meat plates & desserts, plus draft beer. | German Restaurant | Rated 4.7/5 (2108 reviews) | Expensive / upscale tier",Google Places API (New)
Grill and Green,"Herrengraben 72, 20459 Hamburg, Germany",Hamburg,Germany,040 64833739,http://www.grill-and-green.com/,Info@grill-and-green.com,Moderate,4.9,,Restaurant | Rated 4.9/5 (2235 reviews),Google Places API (New)
Brücke 10,"St. Pauli-Landungsbrücken 10, 20359 Hamburg, Germany",Hamburg,Germany,040 33399339,http://www.bruecke10.com/,info@bruecke10.com,Inexpensive,4.5,,Laid-back restaurant serving seafood sandwiches & beers on a landing stage by the harbor. | Restaurant | Rated 4.5/5 (10599 reviews),Google Places API (New)
Erdapfel Hamburg (Altstadt),"Burchardstraße 10, 20095 Hamburg, Germany",Hamburg,Germany,040 52167305,https://www.erdapfel-hamburg.de/,,Moderate,4.8,,Laid-back restaurant whipping up stuffed baked potatoes with a variety of veggie toppings. | Vegetarian Restaurant | Rated 4.8/5 (1751 reviews),Google Places API (New)
SPEISEKONTOR Hamburg - KÖRRI,"Springeltwiete 2, 20095 Hamburg, Germany",Hamburg,Germany,040 76755100,https://www.speisekontor.hamburg/de,,Moderate,4.5,,"Fish & chips, currywurst & burgers at a contemporary stop known for its lavish Sunday brunch buffet. | Restaurant | Rated 4.5/5 (2503 reviews)",Google Places API (New)
Madame Mai Hamburg,"Stahltwiete 19a, 22761 Hamburg, Germany",Hamburg,Germany,040 32591294,http://www.madamemai-hamburg.de/,info@madamemai-hamburg.de,Moderate,4.7,,"Colorful, stylish restaurant & bar with inventive Asian-inspired bites, including vegan options. | Fusion Restaurant | Rated 4.7/5 (1487 reviews)",Google Places API (New)
Köz Urfa,"Paul-Nevermann-Platz 2, 22765 Hamburg-Altona, Germany",Hamburg,Germany,040 30035826,http://www.kozurfa.de/,,Moderate,4.7,,"Bustling, traditional Turkish restaurant spread over 2 characterful dining rooms. | Turkish Restaurant | Rated 4.7/5 (5763 reviews)",Google Places API (New)
UNDERDOCKS,"Neuer Kamp 13, 20359 Hamburg, Germany",Hamburg,Germany,040 35708621,http://underdocks.de/,jobs@underdocks.de,Moderate,4.7,,"Convivial locale with outdoor seating serving creative seafood rolls, sandwiches & tacos. | Restaurant | Rated 4.7/5 (3251 reviews)",Google Places API (New)
OT Restaurant Hamburg,"Ottenser Hauptstraße 32, 22765 Hamburg, Germany",Hamburg,Germany,040 66931702,https://ot-restaurant.com/,hallo@ot-restaurant.com,Moderate,4.7,,Thai Restaurant | Rated 4.7/5 (978 reviews),Google Places API (New)
Deichgraf Restaurant,"Deichstraße 23, 20459 Hamburg, Germany",Hamburg,Germany,040 364208,https://www.deichgraf-hamburg.de/,info@deichgraf-hamburg.de,Moderate,4.6,,Salted meat labskaus & other northern specialities in a posh dining room or on a sidewalk terrace. | Restaurant | Rated 4.6/5 (816 reviews),Google Places API (New)
Alt Helgoländer Fischerstube,"Fischmarkt 4 a-c, 22767 Hamburg-Altona, Germany",Hamburg,Germany,040 3194696,http://www.althelgolaenderfischerstube.de/,restaurant@althelgolaenderfischerstube.de,,4.7,,Local seafood specialties like crayfish soup in a wood-paneled setting with nautical decor. | Seafood Restaurant | Rated 4.7/5 (3162 reviews),Google Places API (New)
Nomi Japanese Restaurant,"Zeughausmarkt 21, 20459 Hamburg, Germany",Hamburg,Germany,040 45028999,http://nomi-hamburg.de/,hello@nomi-hamburg.de,Moderate,4.8,,Casual outlet presenting Japanese plates & featuring dark wood interiors & colorful furnishings. | Restaurant | Rated 4.8/5 (591 reviews),Google Places API (New)
[m]eatery restaurant & botanist bar Hamburg,"Drehbahn 49, 20354 Hamburg, Germany",Hamburg,Germany,040 30999595,https://www.meatery.de/restaurants-bar/meatery-hamburg/,hamburg@meatery.de,,4.7,,Steak House | Rated 4.7/5 (2327 reviews),Google Places API (New)
Strandperle,"Övelgönne 60, 22605 Hamburg, Germany",Hamburg,Germany,,https://www.strandperle-hamburg.de/,info@company.com,Moderate,4.4,,"Laid-back beachfront restaurant serving breakfast, snacks & burgers, plus coffee, beer & wine. | Restaurant | Rated 4.4/5 (6567 reviews)",Google Places API (New)
Lily Hamburg,"Bahrenfelder Str. 212, 22765 Hamburg-Altona, Germany",Hamburg,Germany,040 30603060,http://www.lily-hamburg.de/,info@lily-hamburg.de,Moderate,4.8,,Stylish bistro with outdoor seating turning out salads & pasta with vegan & gluten-free options. | Vegetarian Restaurant | Rated 4.8/5 (517 reviews),Google Places API (New)
ELMA Speisekneipe,"Harkortstraße 81, 22765 Hamburg, Germany",Hamburg,Germany,040 30709451,https://elma-speisekneipe.de/,info@elma-speisekneipe.com,Expensive,4.7,,Restaurant | Rated 4.7/5 (743 reviews) | Expensive / upscale tier,Google Places API (New)
Hanoi Deli Rathaus,"Schauenburgerstraße 49, 20095 Hamburg, Germany",Hamburg,Germany,040 60001910,https://www.hanoideli-rathaus.de/,,Moderate,4.7,,Modern restaurant presenting Vietnamese cuisine & sushi in a laid-back atmosphere. | Vietnamese Restaurant | Rated 4.7/5 (2693 reviews),Google Places API (New)
NINE,"Bahrenfelder Str. 322, 22765 Hamburg, Germany",Hamburg,Germany,040 537996250,http://www.hausofhyrox.com/,experiences@hyrox.com,,4.4,,Fusion Restaurant | Rated 4.4/5 (451 reviews),Google Places API (New)
Opitz - German Restaurant,"Mundsburger Damm 17, 22087 Hamburg-Nord, Germany",Hamburg,Germany,040 2290222,https://www.speisewirtschaft-opitz.de/,info@speisewirtschaft-opitz.de,Moderate,4.6,,"Herring preparations & classic northern German dishes, in a tavern-like room with old-world decor. | German Restaurant | Rated 4.6/5 (1604 reviews)",Google Places API (New)
Mahajivan,"Hein-Hoyer-Straße 10, 20359 Hamburg, Germany",Hamburg,Germany,040 31182226,https://www.maharaja-hamburg.de/mahajivan/index2.php,,Moderate,4.7,,Indian Restaurant | Rated 4.7/5 (909 reviews),Google Places API (New)
Hoppe’s Restaurant,"Övelgönne 6, 22605 Hamburg-Altona, Germany",Hamburg,Germany,040 8800445,http://www.hoppes.hamburg/,info@hoppes.hamburg,Moderate,4.4,,"Classic fare & cocktails offered in a spacious, long-running locale with a terrace & marina views. | German Restaurant | Rated 4.4/5 (1480 reviews)",Google Places API (New)
JIN GUI Hamburg,"Stadthausbrücke 10, 20355 Hamburg, Germany",Hamburg,Germany,040 334414024,https://tortue.de/de/restaurant/sushi-hamburg-dim-sum-asiatisches-restaurant,info@tortue.de,,4.5,,Pan-Asian kitchen with a full bar in a stylish setting around an interior hotel courtyard. | Asian Restaurant | Rated 4.5/5 (648 reviews),Google Places API (New)
Maharaja,"Detlev-Bremer-Straße 41, 20359 Hamburg, Germany",Hamburg,Germany,040 3174928,http://www.maharaja-hamburg.de/,,Moderate,4.4,,"Kebabs & biryani, plus meat curries & vegetarian options, in a colorful venue with a terrace. | Indian Restaurant | Rated 4.4/5 (2634 reviews)",Google Places API (New)
Klippkroog,"Große Bergstraße 255, 22767 Hamburg-Altona, Germany",Hamburg,Germany,040 57244368,http://www.klippkroog.de/,moin@klippkroog.de,Moderate,4.7,,"Brunch plates & coffee, plus salads & vegan lunch options, in a convivial cafe with outdoor tables. | Cafe | Rated 4.7/5 (1090 reviews)",Google Places API (New)
Restaurant Mangold,"im Gastwerk Hotel, Beim Alten Gaswerk 3/EG, 22761 Hamburg-Altona, Germany",Hamburg,Germany,040 89062468,https://www.gastwerk.com/hotel-hamburg/restaurant-bar/restaurant-mangold/,info@gastwerk-hotel.de,Expensive,4.6,,Restaurant | Rated 4.6/5 (307 reviews) | Expensive / upscale tier,Google Places API (New)
Restaurant Freudenhaus St. Pauli,"Hein-Hoyer-Straße 7-9, 20359 Hamburg, Germany",Hamburg,Germany,040 314642,http://www.stpauli-freudenhaus.de/,,Expensive,4.6,,"Robust northern German meat & fish dishes in a cozy, elaborately decorated bar/restaurant. | German Restaurant | Rated 4.6/5 (1675 reviews) | Expensive / upscale tier",Google Places API (New)
Hatsukoi Hamburg - japanese grill & sushi,"Paul-Nevermann-Platz 1, 22765 Hamburg, Germany",Hamburg,Germany,040 41429807,https://www.instagram.com/hatsukoi_hh?igsh=MWFnZmNrZDdkeHlsYg==,,Moderate,4.7,,Japanese Restaurant | Rated 4.7/5 (249 reviews),Google Places API (New)
Le Golden Igel,"Neustädter Str. 49, 20355 Hamburg, Germany",Hamburg,Germany,040 30706336,https://legoldenigel.de/,info@legoldenigel.de,Expensive,4.9,,"Relaxed restaurant serving Spanish tapas in a chic, cozy space with wood floors & eclectic decor. | Tapas Restaurant | Rated 4.9/5 (1005 reviews) | Expensive / upscale tier",Google Places API (New)
Pasta Autentica by Jill,"Börsenbrücke 5/7, 20457 Hamburg, Germany",Hamburg,Germany,040 43275156,http://www.jillspasta.de/,info@jillspasta.de,Moderate,4.4,,Restaurant | Rated 4.4/5 (529 reviews),Google Places API (New)
Restaurant L´Orient,"Bahrenfelder Str. 172, 22765 Hamburg-Altona, Germany",Hamburg,Germany,040 60785747,http://www.restaurant-lorient.de/,info@restaurant-lorient.de,Moderate,4.8,,Lebanese Restaurant | Rated 4.8/5 (1669 reviews),Google Places API (New)
Atelier F,"Große Bleichen 31, 20354 Hamburg, Germany",Hamburg,Germany,040 35015215,http://www.atelierf.eu/,hello@atelierf.eu,Moderate,4.3,,"A blend of French & American dishes in a stylish venue with waterside lounges, a grill & a terrace. | Restaurant | Rated 4.3/5 (1892 reviews)",Google Places API (New)
Quintessenz,"Rödingsmarkt 2, 20459 Hamburg, Germany",Hamburg,Germany,040 3808636400,https://restaurant-quintessenz.de/,,Expensive,4.7,,Restaurant | Rated 4.7/5 (75 reviews) | Expensive / upscale tier,Google Places API (New)
105 - buten un binnen | Restaurant Hamburg,"Große Brunnenstraße 105, 22763 Hamburg-Altona, Germany",Hamburg,Germany,0176 49350004,https://www.105-restaurant.de/,reservierung105@gmail.com,Expensive,4.9,,Restaurant | Rated 4.9/5 (80 reviews) | Expensive / upscale tier,Google Places API (New)
HALF THE SKY,"Platz d. Arbeiterinnen 1, 22765 Hamburg-Altona, Germany",Hamburg,Germany,040 21072288,https://www.halfthesky.de/,info@halfthesky.de,Expensive,4.6,,Chinese Restaurant | Rated 4.6/5 (624 reviews) | Expensive / upscale tier,Google Places API (New)
Mahadosa,"Hein-Hoyer-Straße 60, 20359 Hamburg, Germany",Hamburg,Germany,040 50692006,https://www.maharaja-hamburg.de/mahadosa/index2.php,,Moderate,4.4,,"Relaxed restaurant with exposed-brick walls & a South Indian menu, plus sidewalk seating. | Restaurant | Rated 4.4/5 (1104 reviews)",Google Places API (New)
Kimchi Guys Ottensen,"Bahrenfelder Str. 182, 22765 Hamburg, Germany",Hamburg,Germany,040 73434044,https://kimchiguys.de/,buha@kimchiguys.de,Moderate,4.8,,Korean Restaurant | Rated 4.8/5 (660 reviews),Google Places API (New)
Elsa's Restaurant & Bar,"Bahrenfelder Steindamm 99, 22761 Hamburg-Altona, Germany",Hamburg,Germany,040 8903692,http://www.elsas-restaurantundbar.com/,Elsas-bistro@gwhmail.de,Moderate,4.6,,Compact venue with sidewalk tables featuring a buffet & a menu of Eritrean dishes & vegan options. | Restaurant | Rated 4.6/5 (1026 reviews),Google Places API (New)
brasserie TORTUE,"Stadthausbrücke 10, 20355 Hamburg, Germany",Hamburg,Germany,040 334414023,https://tortue.de/de/restaurant/fruhstuck-hamburg-franzosisches-restaurant-brasserie,info@tortue.de,,4.4,,"Breakfast, classic French dishes & wine at a sleek, contemporary hotel venue with street tables. | Restaurant | Rated 4.4/5 (515 reviews)",Google Places API (New)
Restaurant HENRIKS,"Tesdorpfstraße 8, 20148 Hamburg-Eimsbüttel, Germany",Hamburg,Germany,040 288084280,http://www.henriks.cc/,info@henriks.cc,,4.3,,"Steaks, seafood & cocktails in an elegant, modern venue run by renowned chef Claas-Henrik Anklam. | Restaurant | Rated 4.3/5 (761 reviews)",Google Places API (New)
District45 Restaurant,"Bellealliancestraße 45, 20259 Hamburg, Germany",Hamburg,Germany,040 88915007,https://district45restaurant.de/,district45.restaurant@gmail.com,Moderate,4.7,,Restaurant | Rated 4.7/5 (185 reviews),Google Places API (New)
"Schweinske Restaurant in Hamburg Ottensen / Altona - Schnitzel, Burger &","Ottenser Hauptstraße, Altonaer Bahnhof 1, 22765 Hamburg, Germany",Hamburg,Germany,040 31182285,https://schweinske.de/standorte/ottensen,info@schweinske-altona.de,Moderate,4.4,,Restaurant | Rated 4.4/5 (2598 reviews),Google Places API (New)
Restaurant L´Orient,"Osterstraße 146, 20255 Hamburg-Eimsbüttel, Germany",Hamburg,Germany,040 43281651,http://www.restaurant-lorient.de/,info@restaurant-lorient.de,Moderate,4.7,,Lebanese Restaurant | Rated 4.7/5 (1719 reviews),Google Places API (New)
Marshall Street Coffee,"Schopenstehl 30, 20095 Hamburg, Germany",Hamburg,Germany,,http://www.marshall-street.de/,info@marshall-street.de,Moderate,4.7,,"Airy, Australian-style cafe offering artisanal coffee & creative breakfast plates in a casual space. | Cafe | Rated 4.7/5 (1688 reviews)",Google Places API (New)
Sabai Dee Mai Restaurant,"Überseeboulevard 7, 20457 Hamburg, Germany",Hamburg,Germany,01515 9035908,https://www.sabaideemai-hamburg.de/,info@sabaideemai-hamburg.de,Moderate,4.5,,Thai Restaurant | Rated 4.5/5 (612 reviews),Google Places API (New)
Noory Restaurant,"Jarrestraße 17, 22303 Hamburg, Germany",Hamburg,Germany,040 89066986,http://www.nooryrestaurant.de/,info@nooryrestaurant.de,Moderate,4.7,,Japanese Restaurant | Rated 4.7/5 (329 reviews),Google Places API (New)
Edmondo,"Hohe Bleichen 17, 20354 Hamburg, Germany",Hamburg,Germany,,https://www.bigmammagroup.com/de/italienische-restaurants/edmondo-hamburg?utm_source=google&utm_medium=organic&utm_campaign=mybusiness-website,privatisationuk@bigmamma.com,Expensive,4.8,,Italian Restaurant | Rated 4.8/5 (11658 reviews) | Expensive / upscale tier,Google Places API (New)
Maison Mai Hamburg,"Bohnenstraße 2, 20457 Hamburg, Germany",Hamburg,Germany,040 43276552,https://www.maisonmai-hamburg.de/,info@maisonmai-hamburg.de,Moderate,4.8,,Asian Fusion Restaurant | Rated 4.8/5 (1944 reviews),Google Places API (New)
Pamola Bistro,"Slomanhaus, Steinhöft 11, 20459 Hamburg, Germany",Hamburg,Germany,01520 8472322,https://www.pamola-hamburg.de/,,Moderate,4.9,,Restaurant | Rated 4.9/5 (314 reviews),Google Places API (New)
Le Plat du Jour,"Dornbusch 4, 20095 Hamburg, Germany",Hamburg,Germany,040 321414,https://www.le-plat-du-jour.de/,restaurant@le-plat-du-jour.de,Expensive,4.5,,Traditional brasserie dishes & French wines at a classic dining room with a covered terrace. | French Restaurant | Rated 4.5/5 (1076 reviews) | Expensive / upscale tier,Google Places API (New)
60 Seconds to napoli | Hamburg,"Großer Burstah 1-3, 20457 Hamburg, Germany",Hamburg,Germany,,https://60secondstonapoli.de/,dpo-google@google.com,Moderate,4.5,,Restaurant | Rated 4.5/5 (17919 reviews),Google Places API (New)
Petit Bonheur,"Hütten 85-86, 20355 Hamburg, Germany",Hamburg,Germany,040 33441526,https://www.petitbonheur-restaurant.de/,e.uysal@petitbonheur-restaurant.de,,4.8,,"Romantic restaurant with red walls & eclectic artwork, serving classic French dishes & wines. | French Restaurant | Rated 4.8/5 (625 reviews)",Google Places API (New)
bona'me,"Burchardstraße 17, 20095 Hamburg, Germany",Hamburg,Germany,040 32870170,https://bona-me.de/,,Moderate,4.2,,Middle Eastern Restaurant | Rated 4.2/5 (6113 reviews),Google Places API (New)
NOM vietnamese fusion food,"Zeughausmarkt 17, 20459 Hamburg, Germany",Hamburg,Germany,040 50097120,http://nom-restaurant.de/,info@nom-restaurant.de,Moderate,4.7,,"Relaxed eatery fixing up Vietnamese staples such as pho, meat dishes & noodles, plus craft drinks. | Vietnamese Restaurant | Rated 4.7/5 (2588 reviews)",Google Places API (New)
Han Restaurant Hamburg,"Seewartenstraße 10, 20459 Hamburg, Germany",Hamburg,Germany,040 3110839966,https://hanrestaurant.de/,info@hanrestaurant.de,Moderate,4.9,,Restaurant | Rated 4.9/5 (156 reviews),Google Places API (New)
Sugarfree Hamburg,"Mohlenhofstraße 4, 20095 Hamburg, Germany",Hamburg,Germany,040 60797825,http://www.sugarfreehamburg.de/,info@sugarfreehamburg.de,Moderate,4.8,,"Modern, streamlined cafe emphasizing keto & low-carb takes on breakfast, burgers, noodles & dessert. | Restaurant | Rated 4.8/5 (1071 reviews)",Google Places API (New)
das BISTRO,"Alsterdorfer Str. 37, 22299 Hamburg-Nord, Germany",Hamburg,Germany,040 20201060,https://www.dasbistrowinterhude.de/,,Moderate,4.5,,Bistro | Rated 4.5/5 (453 reviews),Google Places API (New)
Old Commercial Room,"Engl. Planke 10, 20459 Hamburg, Germany",Hamburg,Germany,040 366319,https://www.oldcommercialroom.de/,info@oldcommercialroom.de,Moderate,4.7,,"Regional specialties like smoked eel & pickled herring in a colorful, centuries-old restaurant. | German Restaurant | Rated 4.7/5 (2372 reviews)",Google Places API (New)
Legler’s – Modern Bistro,"Hohenesch 55, 22765 Hamburg, Germany",Hamburg,Germany,040 75693846,https://leglers.de/,info@leglers.de,Expensive,4.9,,Restaurant | Rated 4.9/5 (137 reviews) | Expensive / upscale tier,Google Places API (New)
Anleger 1870,"Hartwicusstraße 7, 22087 Hamburg, Germany",Hamburg,Germany,040 41346991,https://anleger1870.com/,info@anleger1870.com,Expensive,4.7,,"Polished restaurant with a riverside terrace, offering contemporary Italian plates & a full bar. | Restaurant | Rated 4.7/5 (2512 reviews) | Expensive / upscale tier",Google Places API (New)
Neumann's Bistro & Weinbar,"Lange Reihe 101, 20099 Hamburg, Germany",Hamburg,Germany,040 60862209,https://neumanns-bistro.de/,grindelhof@neumanns-bistro.de,Expensive,4.4,,Bistro | Rated 4.4/5 (1187 reviews) | Expensive / upscale tier,Google Places API (New)
Laufauf,"Kattrepel 2, 20095 Hamburg, Germany",Hamburg,Germany,040 326626,https://www.laufauf.de/,info@laufauf.de,Moderate,4.6,,"Robust fish & meat dishes from northern Germany, served in a cozy, wood-paneled space. | German Restaurant | Rated 4.6/5 (2153 reviews)",Google Places API (New)
Krameramtsstuben,"Krayenkamp 10, 20459 Hamburg, Germany",Hamburg,Germany,040 365800,http://www.krameramtsstuben.de/,reservation@krameramtsstuben.de,Moderate,4.6,,"Eel soup, fried corned beef & other Hamburg specialities in a rustic house on a centuries-old lane. | Restaurant | Rated 4.6/5 (2429 reviews)",Google Places API (New)
Tagliere e Vino,"Große Bäckerstraße 4, 20095 Hamburg, Germany",Hamburg,Germany,,http://www.tagliereevino.de/,ciao@tagliereevino.de,Moderate,4.6,,"Warm eatery offering pasta, paninis & classic Italian plates in a down-to-earth dining room. | Italian Restaurant | Rated 4.6/5 (2599 reviews)",Google Places API (New)
Wloka‘s,"Ballindamm 40, 20095 Hamburg, Germany",Hamburg,Germany,,https://www.europa-passage.de/gastronomie/wlokas-hausmannskost/?location=p491-33,mp.datenschutz@ece.com,Inexpensive,4.8,,German Restaurant | Rated 4.8/5 (280 reviews),Google Places API (New)
Café Johanna-Hamburg,"Venusberg 26, 20459 Hamburg, Germany",Hamburg,Germany,040 38645278,https://www.cafejohanna.de/,info@cafejohanna.de,Moderate,4.5,,"Breakfast, sandwiches, salads & cakes, plus coffee, at a chill, bare-bones cafe in an old kiosk. | Cafe | Rated 4.5/5 (1233 reviews)",Google Places API (New)
BLOCKBRÄU,"Bei den St. Pauli-Landungsbrücken 3, 20359 Hamburg, Germany",Hamburg,Germany,040 44405000,http://www.block-braeu.de/,reservierung@block-braeu.de,Moderate,4.2,,"Sleek brewery & terrace for classic fish plates, seafood & beers with views of the port. | Restaurant | Rated 4.2/5 (9383 reviews)",Google Places API (New)
BUDDELS Gasthaus & Weinbar - Hamburg,"Deichstraße 37, 20459 Hamburg, Germany",Hamburg,Germany,040 31171222,https://www.buddels.de/,info@buddels.de,Expensive,4.7,,"Country-chic hub serving seasonal eats using locally sourced ingredients, plus wine & vegan options. | Restaurant | Rated 4.7/5 (749 reviews) | Expensive / upscale tier",Google Places API (New)
Restaurant Port,"Seewartenstraße 9, 20459 Hamburg, Germany",Hamburg,Germany,040 3111370400,https://www.hotel-hafen-hamburg.de/de/restaurants-und-bars/restaurant-port/,port@hotel-hamburg.de,Expensive,4.4,,North German cuisine & BBQ dishes in a stylish room with a shaded terrace & St. Pauli Piers views. | German Restaurant | Rated 4.4/5 (544 reviews) | Expensive / upscale tier,Google Places API (New)
Das Feuerschiff LV 13,"City Sporthafen, Vorsetzen, 20459 Hamburg, Germany",Hamburg,Germany,040 362553,http://www.das-feuerschiff.de/,lv13@das-feuerschiff.de,,4.6,,"Seasonal fish, grilled meats & vegetarian dishes, plus live music, aboard an updated red lightship. | European Restaurant | Rated 4.6/5 (3754 reviews)",Google Places API (New)
Thämer's,"Großneumarkt 10, 20459 Hamburg, Germany",Hamburg,Germany,040 345077,http://www.thaemers.de/,kontakt@thaemers.de,Moderate,4.4,,"Schnitzel, flammkuchen & robust north German specialties at a homey, long-standing tavern. | Restaurant | Rated 4.4/5 (1995 reviews)",Google Places API (New)
Mélange,"Neuer Wall 31, 20354 Hamburg, Germany",Hamburg,Germany,040 37503434,http://www.melange-neuerwall.de/impressum/,info@melange-neuerwall.de,Moderate,4,,Breakfast & European dishes at a bistro-style setup with a shady canalside terrace. | Restaurant | Rated 4/5 (1699 reviews),Google Places API (New)
The Klub Kitchen Hamburg,"Großer Burstah 29, 20457 Hamburg, Germany",Hamburg,Germany,040 34859042,https://www.theklubkitchen.com/,info@theklubkitchen.com,Moderate,4.5,,Restaurant | Rated 4.5/5 (175 reviews),Google Places API (New)
NAGEL Restaurant and Pub,"Kirchenallee 57, 20099 Hamburg, Germany",Hamburg,Germany,040 247121,http://restaurant-kneipe-hamburg.de/,,Moderate,4.3,,A hearty traditional menu is matched by an extensive drink selection at this classic pub. | German Restaurant | Rated 4.3/5 (3862 reviews),Google Places API (New)
petite TORTUE,"Neuer Wall 88, 20354 Hamburg, Germany",Hamburg,Germany,040 33441400,https://tortue.de/de/bars/petite-tortue-tagesbar-neuer-wall,info@tortue.de,Moderate,4.7,,Bar | Rated 4.7/5 (106 reviews),Google Places API (New)
Peter Pane,"Bleichenbrücke 9-11, 20354 Hamburg, Germany",Hamburg,Germany,040 63607344,https://peterpane.de/standorte/hamburg/innenstadt/,,Moderate,4.4,,Hamburger Restaurant | Rated 4.4/5 (3957 reviews),Google Places API (New)
Nord Coast Coffee Roastery,"Deichstraße 9, 20459 Hamburg, Germany",Hamburg,Germany,040 36093499,http://www.nordcoast-coffee.de/,ahoi@nordcoast-coffee.de,Moderate,4.5,,Cafe | Rated 4.5/5 (3571 reviews),Google Places API (New)
Pizzeria LUCACELLI / Farina di Nonna,"Ballindamm, Europa Passage 40, 20095 Hamburg, Germany",Hamburg,Germany,040 70299890,http://www.lucacelli.de/,,Moderate,4.7,,Stone-oven-fired pizza & other Italian bites in an upbeat setting with views of the Binnenalster. | Italian Restaurant | Rated 4.7/5 (1546 reviews),Google Places API (New)
Erste Liebe Bar,"Michaelisbrücke 3, 20459 Hamburg, Germany",Hamburg,Germany,,http://ersteliebebar.com/,gmbh@ersteliebebar.com,Moderate,4.6,,"Stylish coffee shop for cakes, sandwiches & breakfast snacks, plus outdoor tables facing a square. | Cafe | Rated 4.6/5 (836 reviews)",Google Places API (New)
Liman Fisch-Restaurant,"Mühlenkamp 16, 22303 Hamburg-Nord, Germany",Hamburg,Germany,040 37085653,http://www.liman-fisch.com/,info@liman-fisch.com,Expensive,4.8,,"Seafood dishes, cocktails & lunch specials spotlighted in a casual setup with outdoor seating. | Seafood Restaurant | Rated 4.8/5 (1423 reviews) | Expensive / upscale tier",Google Places API (New)
Trattoria Bella Italia,"Brandstwiete 58, 20457 Hamburg, Germany",Hamburg,Germany,040 37083040,https://trattoria-bellaitalia.de/,,Moderate,4.5,,"Cozy, straightforward setting for pizzas & classic Italian grills, plus desserts like tiramisu. | Italian Restaurant | Rated 4.5/5 (1376 reviews)",Google Places API (New)
Trattoria Enzo DUe,"Großneumarkt 2, 20459 Hamburg, Germany",Hamburg,Germany,040 35715140,https://trattoria-enzo-due.de/,mersa@trattoria-enzo-due.de,Moderate,4.7,,Italian Restaurant | Rated 4.7/5 (569 reviews),Google Places API (New)
Trattoria500,"Paul-Roosen-Straße 19, 22767 Hamburg, Germany",Hamburg,Germany,0172 4542096,https://trattoria500.metro.rest/,trattoria500@hotmail.com,Moderate,4.7,,"Snug, old-school eatery dishing up traditional Italian meals for lunch & dinner. | Italian Restaurant | Rated 4.7/5 (677 reviews)",Google Places API (New)
La Trattoria Italiana,"Erdkampsweg 33, 22335 Hamburg-Nord, Germany",Hamburg,Germany,040 38640461,https://la-trattoria-italiana-hamburg.eatbu.com/,latrattoria.italiana.hamburg@gmail.com,Moderate,4.4,,Italian Restaurant | Rated 4.4/5 (908 reviews),Google Places API (New)
Trattoria da Mario,"Thadenstraße 1, 22767 Hamburg, Germany",Hamburg,Germany,040 4398422,http://www.trattoria-da-mario-hamburg.de/,kontakt@trattoria-da-mario-hamburg.de,Moderate,4.3,,Italian Restaurant | Rated 4.3/5 (647 reviews),Google Places API (New)
Trattoria Italiana,"Ritterstraße 16, 22089 Hamburg, Germany",Hamburg,Germany,040 27148350,https://www.trattoriaitaliana.de/,reservierung@trattoriaitaliana.de,Moderate,4.5,,"Lively restaurant for pizza, pasta & Italian main dishes, with occasional songs from the staff. | Italian Restaurant | Rated 4.5/5 (1253 reviews)",Google Places API (New)
DE MARCO - VINERIA E CULINARIA,"Rathausstraße 12, 20095 Hamburg, Germany",Hamburg,Germany,040 37612761,https://www.demarco-vineria.com/,info@demarco-vineria.com,Expensive,4.7,,Restaurant | Rated 4.7/5 (141 reviews) | Expensive / upscale tier,Google Places API (New)
mama trattoria Hamburg Rathaus,"Schauenburgerstraße 44, 20095 Hamburg, Germany",Hamburg,Germany,040 36099993,https://www.mama.eu/hamburg-rathaus,hh-city@mama.eu,Moderate,4.2,,Italian Restaurant | Rated 4.2/5 (1982 reviews),Google Places API (New)
Trattoria da Enzo,"Wexstraße 34, 20355 Hamburg, Germany",Hamburg,Germany,040 35713366,http://www.trattoria-enzo.de/,mail@trattoria-enzo.de,Expensive,4.3,,"Daily-changing menus of classic Italian pastas & mains in a snug, casual space below street level. | Italian Restaurant | Rated 4.3/5 (789 reviews) | Expensive / upscale tier",Google Places API (New)
La Locanda Hamburg,"Wexstraße 29, 20355 Hamburg, Germany",Hamburg,Germany,040 33441786,https://lalocanda-hamburg.de/,info@lalocanda-hamburg.de,Moderate,4.6,,"Pasta, pizza & meat dishes presented in classic quarters with red-&-white checkered tablecloths. | Italian Restaurant | Rated 4.6/5 (1179 reviews)",Google Places API (New)
Trattoria Mondello,"Kramer-Kray-Weg 1, 22399 Hamburg-Wandsbek, Germany",Hamburg,Germany,040 69794537,http://www.trattoriamondello.de/,mail@trattoriamondello.de,Moderate,4.8,,Italian Restaurant | Rated 4.8/5 (412 reviews),Google Places API (New)
piccoli pasti,"Großer Burstah 53, 20457 Hamburg, Germany",Hamburg,Germany,040 37503303,https://piccolipasti.shop/,piccolipasti.shop@gmail.com,Moderate,4.7,,Restaurant | Rated 4.7/5 (2546 reviews),Google Places API (New)
Ristorante Dolcetto,"Große Bäckerstraße 2, 20095 Hamburg, Germany",Hamburg,Germany,040 378220,http://www.dolcetto-hamburg.de/,info@dolcetto-hamburg.de,Moderate,4.6,,Italian Restaurant | Rated 4.6/5 (407 reviews),Google Places API (New)
Gasthaus Heimathafen,"Baumwall 5-7, 20459 Hamburg, Germany",Hamburg,Germany,040 37503730,http://www.gasthaus-heimathafen.de/,ahoi@gasthaus-heimathafen.de,Moderate,4.4,,"Grilled fish, robust burgers & craft ales are on offer at this cozy, harborside inn. | German Restaurant | Rated 4.4/5 (8298 reviews)",Google Places API (New)
I Vigneri Osteria Enoteca,"Große Bäckerstraße 13, 20095 Hamburg, Germany",Hamburg,Germany,040 38670850,http://www.ivigneri.de/,info@ivigneri.de,Expensive,4.5,,"Airy, elegant venue offering regional specialties from across Italy & an extensive wine list. | Italian Restaurant | Rated 4.5/5 (1025 reviews) | Expensive / upscale tier",Google Places API (New)
L'Osteria Hamburg Bleichenbrücke,"Bleichenbrücke 9-11, 20354 Hamburg, Germany",Hamburg,Germany,040 35017943,https://losteria.net/de/restaurants/restaurant/hamburg-bleichenbruecke/,hamburg.bleichenbruecke@losteria.de,Moderate,4.2,,Italian Restaurant | Rated 4.2/5 (2217 reviews),Google Places API (New)
Vecchio Amore | Italienisches Restaurant,"Auf dem Sande 4, 20457 Hamburg, Germany",Hamburg,Germany,032 212619397,https://vecchioamore.restaurant/,vecchioamore@alte-liebe.de,Moderate,4.4,,Italian Restaurant | Rated 4.4/5 (392 reviews),Google Places API (New)
Trattoria Brunello,"Stormarnpl. 8, 22393 Hamburg-Wandsbek, Germany",Hamburg,Germany,040 61187753,http://www.trattoria-brunello.de/,info@trattoria-brunello.de,Moderate,4.2,,Italian Restaurant | Rated 4.2/5 (794 reviews),Google Places API (New)
Via Toselli | Hamburg,"Ditmar-Koel-Straße 28, 20459 Hamburg, Germany",Hamburg,Germany,040 74042544,http://via-toselli.de/,info@via-toselli.de,Moderate,4.4,,"Classic & creative pizzas, plus antipasti, pasta & Italian wine in a stylish, understated trattoria. | Italian Restaurant | Rated 4.4/5 (2226 reviews)",Google Places API (New)
Trattoria Campo da Franco,"Ludolfstraße 43, 20249 Hamburg-Nord, Germany",Hamburg,Germany,040 38642968,https://buswal.com/booking/service/53,info@buswal.com,Moderate,4.3,,Italian Restaurant | Rated 4.3/5 (487 reviews),Google Places API (New)
Mama trattoria Hamburg Hafencity,"Am Sandtorkai 50, 20457 Hamburg, Germany",Hamburg,Germany,040 32086777,https://www.mama.eu/hamburg-hafencity,hafencity@mama.eu,Moderate,4.2,,Italian Restaurant | Rated 4.2/5 (2244 reviews),Google Places API (New)
Capriccio,"Thielbek 12, 20355 Hamburg, Germany",Hamburg,Germany,040 18079219,,,Moderate,4.6,,"High-end pasta dishes & seafood plates in a sophisticated, glass-walled space with a terrace. | Italian Restaurant | Rated 4.6/5 (875 reviews)",Google Places API (New)
Restaurant Porticello,"Kajen 12, 20459 Hamburg, Germany",Hamburg,Germany,040 30066273,http://www.ristorante-porticello.de/,info@ristorante-porticello.de,Moderate,4.6,,"Contemporary Italian restaurant with high ceilings serving seafood, pizza & pasta, plus wine. | Italian Restaurant | Rated 4.6/5 (936 reviews)",Google Places API (New)
Trattoria Calabria,"Gärtnerstraße 76, 20253 Hamburg-Eimsbüttel, Germany",Hamburg,Germany,040 69081378,https://trattoria-calabria.eatbu.com/,Matteorossinuhi@hotmail.com,Moderate,4.6,,Italian Restaurant | Rated 4.6/5 (356 reviews),Google Places API (New)
Tavola Calda da Feri,"Kleine Johannisstraße 15, 20457 Hamburg, Germany",Hamburg,Germany,040 76754248,https://tavolacalda-hh.de/,tavolahh@gmail.com,Moderate,4.6,,Italian Restaurant | Rated 4.6/5 (756 reviews),Google Places API (New)
Pizzeria Arione,"Deichstraße 17, 20459 Hamburg, Germany",Hamburg,Germany,040 86696984,https://arione.de/,reservierungen@arione.de,Moderate,4.8,,Italian Restaurant | Rated 4.8/5 (761 reviews),Google Places API (New)
La Tavola Calda (Stadthöfe),"Große Bleichen 35, 20354 Hamburg, Germany",Hamburg,Germany,040 63607370,https://stadthoefe.de/gastronomie-hotellerie/la-tavola-calda/,ensemblemanagement@otto-wulff.de,Moderate,4.6,,Italian Restaurant | Rated 4.6/5 (291 reviews),Google Places API (New)
Restaurant Casa di Roma,"Lange Reihe 76, 20099 Hamburg, Germany",Hamburg,Germany,040 2803043,https://casadiroma.de/,casadiroma@gmx.de,,4.6,,"Creatively presented antipasti, pasta & mains, plus a robust wine list, at a stylish trattoria. | Italian Restaurant | Rated 4.6/5 (1719 reviews)",Google Places API (New)
Brauhaus Joh. Albrecht Hamburg,"Adolphsbrücke 7, 20457 Hamburg, Germany",Hamburg,Germany,040 367740,https://www.brauhaus-joh-albrecht.de/hamburg/index.php,hamburg@brauhaus-joh-albrecht.de,Moderate,4.2,,Restaurant | Rated 4.2/5 (1083 reviews),Google Places API (New)
STADTHAUS Restaurant & Bar,"Heiligengeistbrücke 4, 20459 Hamburg, Germany",Hamburg,Germany,040 36806122,https://hrewards.com/de/steigenberger-hotel-hamburg/restaurant-bar/stadthaus,meetings@hamburg.steigenberger.de,Expensive,4.6,,Restaurant | Rated 4.6/5 (96 reviews) | Expensive / upscale tier,Google Places API (New)
Spaccaforno,"Börsenbrücke 4, 20457 Hamburg, Germany",Hamburg,Germany,040 38904207,http://www.spaccaforno.de/,erdkampsweg@spaccaforno.de,Moderate,4.6,,"Warm restaurant serving up traditional handmade Neopolitan pizza, plus breads, sandwiches & salads. | Pizza Restaurant | Rated 4.6/5 (1030 reviews)",Google Places API (New)
Restaurant Rialto,"Michaelisbrücke 3, 20459 Hamburg, Germany",Hamburg,Germany,040 30766093,https://restaurantrialto.de/,info@restaurantrialto.de,Expensive,4.4,,"Creative, globally inflected German meat & fish dishes at a stylish venue overlooking a canal. | Restaurant | Rated 4.4/5 (907 reviews) | Expensive / upscale tier",Google Places API (New)
Pfeffersack,"Adolphspl. 1, 20457 Hamburg, Germany",Hamburg,Germany,040 36138378,https://pfeffersack.restaurant/,vecchioamore@alte-liebe.de,Moderate,4.5,,Restaurant | Rated 4.5/5 (60 reviews),Google Places API (New)
Casse Croute,"ABC-Straße 44-46, 20354 Hamburg, Germany",Hamburg,Germany,040 343373,http://www.casse-croute.de/,info@casse-croute.de,Expensive,4.4,,"Seasonal north German cuisine with a French flair, plus a long wine list, in an elegant space. | Restaurant | Rated 4.4/5 (409 reviews) | Expensive / upscale tier",Google Places API (New)
BLOCK HOUSE Jungfernstieg,"Jungfernstieg 1, 20095 Hamburg, Germany",Hamburg,Germany,040 30382215,https://www.block-house.de/restaurants/hamburg/jungfernstieg,,Moderate,4.4,,Steak House | Rated 4.4/5 (6263 reviews),Google Places API (New)
Kartoffelkeller Hamburg,"Deichstraße 21, 20459 Hamburg, Germany",Hamburg,Germany,0160 3433272,https://kartoffelkeller-hamburg.de/,moin@kartoffelkeller.hamburg,Moderate,4.2,,"Potato-based dishes, from soups & salads to jacket potatoes, in a casual setup with sidewalk tables. | Restaurant | Rated 4.2/5 (3267 reviews)",Google Places API (New)
Burgerlich,"Speersort 1, 20095 Hamburg, Germany",Hamburg,Germany,040 35715632,https://www.burgerlich.com/,info@burgerlich.com,Moderate,4.4,,Hamburger Restaurant | Rated 4.4/5 (6985 reviews),Google Places API (New)
Greentable Vegan Restaurant Rathaus,"Schauenburgerstraße 55, 20095 Hamburg, Germany",Hamburg,Germany,040 36099266,https://www.greentable-restaurant.de/,greentable.hamburg@gmail.com,Moderate,4.7,,Vegan Restaurant | Rated 4.7/5 (995 reviews),Google Places API (New)
HANS IM GLÜCK - HAMBURG Altes Rathaus,"Börsenbrücke 10, Trostbrücke 4-6, 20457 Hamburg, Germany",Hamburg,Germany,040 52472592,https://hansimglueck-burgergrill.de/burger-restaurant/hamburg-altes-rathaus/?utm_source=google&utm_medium=yext&utm_campaign=43,altesrathaus@hansimglueck.de,Moderate,4.4,,Hamburger Restaurant | Rated 4.4/5 (3502 reviews),Google Places API (New)
Fasan Stube,"Bohnenstraße 4, 20457 Hamburg, Germany",Hamburg,Germany,040 30377034,https://www.fasan-stube.de/,info@fasan-stube.de,Moderate,4.8,,German Restaurant | Rated 4.8/5 (238 reviews),Google Places API (New)
Fisch & Co.,"Deichstraße 41, 20459 Hamburg, Germany",Hamburg,Germany,0176 42789901,http://fischundco.de/,,Moderate,4.6,,"Compact, nautical-themed bistro serving generous homestyle fish dishes in an informal ambiance. | Seafood Restaurant | Rated 4.6/5 (2258 reviews)",Google Places API (New)
Hobenköök Restaurant & Markthalle,"Stockmeyerstraße 43, 20457 Hamburg, Germany",Hamburg,Germany,040 22865538,https://hobenkoeoek.de/,info@hobenkoeoek.de,Expensive,4.5,,"Cool restaurant & market venue set in a former warehouse, with a focus on local producers. | Restaurant | Rated 4.5/5 (2674 reviews) | Expensive / upscale tier",Google Places API (New)
Yemen Restaurant,"Steindamm 71, 20099 Hamburg, Germany",Hamburg,Germany,040 71001404,https://www.yemen-restaurant.de/,,Moderate,4.7,,Chill restaurant dishing up burgers & hot dogs with halal ingredients & vegan options. | Restaurant | Rated 4.7/5 (2842 reviews),Google Places API (New)
Daniel Wischer,"Große Johannisstraße 3, 20457 Hamburg, Germany",Hamburg,Germany,040 36091988,http://www.danielwischer.de/,info@danielwischer.de,Moderate,4.5,,Seafood Restaurant | Rated 4.5/5 (5290 reviews),Google Places API (New)
TamTam,"Große Bleichen 30/36, 20354 Hamburg, Germany",Hamburg,Germany,,https://tamtam.hamburg/,info@tamtam.hamburg,Moderate,4.3,,Restaurant | Rated 4.3/5 (348 reviews),Google Places API (New)
"Table Dot ""Urban Canteen""","Willy-Brandt-Straße 59, 20457 Hamburg, Germany",Hamburg,Germany,0173 1522225,http://www.table-dot.com/,,Moderate,4.7,,Restaurant | Rated 4.7/5 (126 reviews),Google Places API (New)
råbowls,"Große Johannisstraße 19, 20457 Hamburg, Germany",Hamburg,Germany,040 87973526,http://rabowls.com/,till@rabowls.com,Moderate,4.7,,"Easygoing operation offering health-conscious salad bowls, as well as fruit & vegetable drinks. | Scandinavian Restaurant | Rated 4.7/5 (1407 reviews)",Google Places API (New)
O-Ren Ishii,"Kleine Reichenstraße 18, 20457 Hamburg, Germany",Hamburg,Germany,01514 0030003,http://www.o-ren-ishii.com/,restaurant@o-ren-ishii.com,Moderate,4.6,,"A changing menu of street food-inspired Vietnamese rolls, salads & curries in a simple setting. | Vietnamese Restaurant | Rated 4.6/5 (981 reviews)",Google Places API (New)
BILLY THE BUTCHER - 4.OG Alsterhaus,"Eingang: Expressfahrstuhl zum 4. OG, Poststraße 8, 20354 Hamburg, Germany",Hamburg,Germany,040 34993788,https://billythebutcher.de/,alsterhaus@billythebutcher.de,Moderate,4.6,,Hamburger Restaurant | Rated 4.6/5 (589 reviews),Google Places API (New)
Panaelme,"Restaurant Panaelme, Steckelhörn 12, 20457 Hamburg, Germany",Hamburg,Germany,040 20917030,http://www.panaelme.com/,panalme@gmail.com,Moderate,4.9,,Warm restaurant offering Italian & German fare for weekday lunch & dinner on Friday & Saturday. | Restaurant | Rated 4.9/5 (282 reviews),Google Places API (New)
Ariana Restaurant - Afghanische Spezialitäten,"Rosenstraße 25, 20095 Hamburg, Germany",Hamburg,Germany,040 40185995,,,Moderate,4.7,,Afghan restaurant | Rated 4.7/5 (884 reviews),Google Places API (New)
Edelcurry,"Große Bleichen 68, 20354 Hamburg, Germany",Hamburg,Germany,040 35716262,http://www.edelcurry.de/,info@edelcurry.de,Moderate,4.7,,"Currywurst & bratwurst, including vegan versions, with fries & sauces in a cool, bright setting. | Fast Food Restaurant | Rated 4.7/5 (1388 reviews)",Google Places API (New)
Little Tiana,"Brandstwiete 36, 20457 Hamburg, Germany",Hamburg,Germany,040 60855538,http://www.littletiana.de/,info@littletiana.de,Moderate,4.8,,Brunch Restaurant | Rated 4.8/5 (1037 reviews),Google Places API (New)
With heart and sugar,"Lübecker Str. 29, 22087 Hamburg-Nord, Germany",Hamburg,Germany,0176 34645501,http://www.cafe-mitherzundzucker.de/,info@cafe-mitherzundzucker.de,Moderate,4.7,,Coffee Shop | Rated 4.7/5 (2864 reviews),Google Places API (New)
eleven 11:11 eleven | komponistenviertel,"Beethovenstraße 13, 22083 Hamburg, Germany",Hamburg,Germany,040 86628315,https://eleven11-11eleven.de/,hi@eleven11-11eleven.de,Moderate,4.6,,Brunch Restaurant | Rated 4.6/5 (863 reviews),Google Places API (New)
Café Paris,"Rathausstraße 4, 20095 Hamburg, Germany",Hamburg,Germany,040 32527777,http://www.cafeparis.net/,info@cafeparis.net,Moderate,4.2,,"Upscale, French-themed cafe popular for its art nouveau decor & robust breakfast menu. | Cafe | Rated 4.2/5 (5535 reviews)",Google Places API (New)
"Bistro Ivy – vegetarisch, veganes Frühstück & Mittagessen","Hopfensack 8, 20457 Hamburg, Germany",Hamburg,Germany,040 61199954,https://ivy-hamburg.de/,info@ivy-hamburg.de,Moderate,4.6,,Bright dining room with outdoor tables whipping up vegetarian & vegan plates like salad & chili. | Breakfast Restaurant | Rated 4.6/5 (1194 reviews),Google Places API (New)
Roncalli Grand Café,"Mönckebergstraße 7, 20095 Hamburg, Germany",Hamburg,Germany,040 30034943,https://grand-cafe-roncalli.hamburg/,kontakt@roncalli-grand-cafe.de,Moderate,4.4,,"Relaxed eatery with an offbeat circus theme, serving breakfast, lunch, homemade cakes & pastries. | Cafe | Rated 4.4/5 (3073 reviews)",Google Places API (New)
Hard Rock Cafe Hamburg,"Bei den St. Pauli-Landungsbrücken 5, 20359 Hamburg, Germany",Hamburg,Germany,040 30068480,https://cafe.hardrock.com/hamburg/de/,sales@hardrockcafe-hh.com,Moderate,4.2,,Rock ’n’ roll-themed chain with a high-energy vibe serving burgers & American classics. | American Restaurant | Rated 4.2/5 (22324 reviews),Google Places API (New)
Mili’s Cafe,"Neustädter Neuer Weg 20, 20459 Hamburg, Germany",Hamburg,Germany,040 71622282,,,Moderate,4.8,,Cafe | Rated 4.8/5 (757 reviews),Google Places API (New)
The Morgenmuffel,"Eppendorfer Landstraße 144, 20251 Hamburg-Nord, Germany",Hamburg,Germany,040 79090501,https://themorgenmuffel.com/,zirkus@themorgenmuffel.de,Moderate,4.4,,Breakfast Restaurant | Rated 4.4/5 (907 reviews),Google Places API (New)
café brooks,"Hasselbrookstraße 37, 22089 Hamburg-Wandsbek, Germany",Hamburg,Germany,01573 3723613,http://www.cafebrooks.de/,hallo@cafebrooks.de,Moderate,4.6,,"Breakfast menus & vegan brunch options in a casual, whitewashed craft coffeehouse. | Cafe | Rated 4.6/5 (878 reviews)",Google Places API (New)
Alsterperle,"Eduard-Rhein-Ufer 1, 22087 Hamburg-Nord, Germany",Hamburg,Germany,040 22748273,http://www.alsterperle.com/,info@zimmer34.de,Moderate,4.5,,Leafy lakeside beer garden (seasonal) offering traditional food & drinks in a casual ambiance. | Cafe | Rated 4.5/5 (2655 reviews),Google Places API (New)
Moraba,"Susannenstraße 6, 20357 Hamburg, Germany",Hamburg,Germany,040 45038497,https://www.morabaschanze.com/,,Moderate,4.5,,"Breakfast, sandwiches, salads & cocktails at a simple cafe/bar with a handful of tables. | Restaurant | Rated 4.5/5 (1070 reviews)",Google Places API (New)
Speicherstadt Coffee Roastery,"Kehrwieder 5, 20457 Hamburg, Germany",Hamburg,Germany,040 537998500,https://www.speicherstadt-kaffee.de/,info@speicherstadt-kaffee.de,Moderate,4.5,,Coffee Shop | Rated 4.5/5 (9571 reviews),Google Places API (New)
Café Gnosa,"Lange Reihe 93, 20099 Hamburg, Germany",Hamburg,Germany,040 243034,https://instagram.com/cafe_gnosa?igshid=YmMyMTA2M2Y=,,Moderate,4.4,,"Breakfast & light meals, plus cakes & coffees, in a warm dining room or at sidewalk tables. | Cafe | Rated 4.4/5 (1747 reviews)",Google Places API (New)
Watergate Café Bar Restaurant,"St. Pauli-Landungsbrücken 8, 20359 Hamburg, Germany",Hamburg,Germany,040 31761003,http://www.watergate-hamburg.de/,watergate@hamburg.de,Moderate,4.4,,"Elbe River views aboard a moored ship serving robust fish dishes & burgers, plus cocktails & beers. | Restaurant | Rated 4.4/5 (2128 reviews)",Google Places API (New)
Small and Imperial,"Am Kaiserkai 26, 20457 Hamburg, Germany",Hamburg,Germany,040 36122480,http://www.k-u-k-kaffeehaus.de/,reservierung@k-u-k-kaffeehaus.de,Moderate,4.6,,"Compact, stylish venue with a terrace by the water, for Austrian-style coffee, cakes & light dishes. | Cafe | Rated 4.6/5 (1115 reviews)",Google Places API (New)
Thiemanns Regionales & Feines,"Kaiser-Wilhelm-Straße 9, 20355 Hamburg, Germany",Hamburg,Germany,040 46001977,http://thiemanns-hamburg.de/,info@thiemanns-hamburg.de,Moderate,4.9,,Cafe | Rated 4.9/5 (89 reviews),Google Places API (New)
Gretchens Villa,"Marktstraße 142, 20357 Hamburg, Germany",Hamburg,Germany,040 76972434,https://www.gretchens-villa.de/,info@gretchens-villa.de,Moderate,4.5,,"Cozy cafe with turquoise wallpaper, serving morning dishes like eggs & granola, plus light lunches. | Cafe | Rated 4.5/5 (1111 reviews)",Google Places API (New)
Café Glück und Selig-Hamburg,"Heußweg 97, 20255 Hamburg-Eimsbüttel, Germany",Hamburg,Germany,040 38037773,http://www.glueck-und-selig.com/,cafe@glueck-und-selig.de,Moderate,4.7,,"Bright, airy venue serving breakfast & brunch, coffee & cakes, plus a short lunch menu. | Cafe | Rated 4.7/5 (877 reviews)",Google Places API (New)
Café Leonar,"Grindelhof 59, 20146 Hamburg-Eimsbüttel, Germany",Hamburg,Germany,040 27881012,http://www.cafeleonar.de/,service@cafeleonar.de,Moderate,4.4,,"Chic, cozy venue with patterned wall tiles, for breakfast, plus Levantine meze dishes & shakshukas. | Restaurant | Rated 4.4/5 (848 reviews)",Google Places API (New)
Bake&Soda,"Versmannstraße 16, 20457 Hamburg, Germany",Hamburg,Germany,,https://instagram.com/bakeandsoda.hamburg?igshid=YmMyMTA2M2Y=,,Moderate,4.6,,Cafe | Rated 4.6/5 (330 reviews),Google Places API (New)
Alte Liebe - Restaurant / Café / Brunch,"Koreastraße 1, 20457 Hamburg, Germany",Hamburg,Germany,040 45060626,https://alte-liebe.restaurant/,info@alte-liebe.de,Moderate,4.4,,"Familiar homemade meals offered in a relaxed, upbeat venue with a terrace on the canal. | Restaurant | Rated 4.4/5 (372 reviews)",Google Places API (New)
Café MAY,"Hein-Hoyer-Straße 14, 20359 Hamburg, Germany",Hamburg,Germany,040 33398838,https://cafemaystpauli.eatbu.com/,cafemaypauli@gmail.com,Moderate,4.3,,Cafe | Rated 4.3/5 (3318 reviews),Google Places API (New)
Karlsons Skandinavische Köstlichkeiten - Hamburg Neustadt,"Alter Steinweg 10, 20459 Hamburg, Germany",Hamburg,Germany,040 52598233,https://www.karlsons.de/,mail@karlsons.de,Moderate,4.5,,Scandinavian Restaurant | Rated 4.5/5 (1097 reviews),Google Places API (New)
Kaffeemuseum Burg,"St. Annenufer 2, 20457 Hamburg, Germany",Hamburg,Germany,040 55204258,https://www.kaffeemuseum-burg.de/,info@kaffeemuseum-burg.de,Inexpensive,4.7,,Food Store | Rated 4.7/5 (3306 reviews),Google Places API (New)
Café Ponton,"Poststraße 9B, 20354 Hamburg, Germany",Hamburg,Germany,040 35710861,https://www.facebook.com/pages/category/Breakfast---Brunch-Restaurant/Ponton-115881931804450/,,Moderate,4,,"International cooking, cakes & coffees are offered in this relaxed venue with a canalside terrace. | Restaurant | Rated 4/5 (699 reviews)",Google Places API (New)
HEFERL Patisserie & Backstube,"Alter Steinweg 11, 20459 Hamburg, Germany",Hamburg,Germany,,https://www.heferl.de/,backstube@heferl.de,,4.9,,Pastry Shop | Rated 4.9/5 (212 reviews),Google Places API (New)
Der Kiezbäcker,"Silbersackstraße 8, 20359 Hamburg-Altona, Germany",Hamburg,Germany,040 3194455,http://www.kiezbaecker.de/,kiezbaecker@email.de,Inexpensive,4.7,,"Sandwiches, robust German bread & lavish cakes, plus breakfast, at a simple bakery/cafe. | Bakery | Rated 4.7/5 (2033 reviews)",Google Places API (New)
Nasch,"Caffamacherreihe 49, 20355 Hamburg, Germany",Hamburg,Germany,040 35581185,http://www.cafenasch.de/,kollektiv@cafenasch.de,Moderate,4.7,,"Quirky, rustic-chic eatery offering plant-based sandwiches & salads, plus coffee & tea. | Cafe | Rated 4.7/5 (845 reviews)",Google Places API (New)
Restaurant Cafe Strauss,"Wiesenstraße 46, 20255 Hamburg-Eimsbüttel, Germany",Hamburg,Germany,040 493131,http://www.cafe-strauss.de/,mein@cafe-strauss.de,Moderate,4.5,,Ostrich meat features in dishes from burgers to pasta in a modern eatery with a tree-shaded garden. | Restaurant | Rated 4.5/5 (686 reviews),Google Places API (New)
Westwind Café Restaurant,"Spadenteich 1, 20099 Hamburg, Germany",Hamburg,Germany,040 41924344,https://westwind.eatbu.com/,westwindcafe@me.com,Moderate,4.2,,Restaurant | Rated 4.2/5 (959 reviews),Google Places API (New)
Café Koppel,"Koppel 66, Lange Reihe 75, 20099 Hamburg, Germany",Hamburg,Germany,040 249235,https://cafekoppel.de/speisekarte/,vegetarisch@cafekoppel.de,Moderate,4.4,,"Vegetarian breakfasts & light fare, plus vegan dishes, in a split-level space with a garden terrace. | Vegetarian Restaurant | Rated 4.4/5 (821 reviews)",Google Places API (New)
Amber Café,"Schaarsteinwegsbrücke 2, 20459 Hamburg, Germany",Hamburg,Germany,040 65911777,https://speisekartenweb.de/restaurants/hamburg/amber-caf%C3%A9-192144?utm_source=google_profile&utm_medium=google_profile&utm_campaign=admin,,Moderate,4.2,,"Traditional pastries like Franzbrötchen, plus soups & sandwiches, in a richly decorated coffeehouse. | Bistro | Rated 4.2/5 (985 reviews)",Google Places API (New)
eleven 11:11 eleven | eppendorf,"Tarpenbekstraße 51, 20251 Hamburg, Germany",Hamburg,Germany,040 23868633,http://eleven11-11eleven.de/,hi@eleven11-11eleven.de,Moderate,4.6,,Breakfast Restaurant | Rated 4.6/5 (208 reviews),Google Places API (New)
Steakhouse Hamburg MASH,"Große Elbstraße 148, 22767 Hamburg-Altona, Germany",Hamburg,Germany,040 809008111,https://steakhouse-mash.de/,,,4.9,,Steak House | Rated 4.9/5 (3997 reviews),Google Places API (New)
Big Bull Steak House,"Großneumarkt 24, 20459 Hamburg, Germany",Hamburg,Germany,040 54803900,https://big-bull.de/,support@cleantalk.org,Moderate,4.7,,"Relaxed hub with a warm ambiance & outdoor seating specializing in steak & burgers, plus cocktails. | Steak House | Rated 4.7/5 (1131 reviews)",Google Places API (New)
Jotin‘s STEAKHOUSE St.Georg,"Spadenteich 6-7, 20099 Hamburg, Germany",Hamburg,Germany,040 30853070,https://www.jotins-steakhouse.de/,Wentorf@Jotins-Steakhouse.de,Expensive,4.7,,"Argentinian steaks from a lava stone grill, plus burgers & fish, at a modern restaurant. | Steak House | Rated 4.7/5 (1947 reviews) | Expensive / upscale tier",Google Places API (New)
THEO'S,"Rothenbaumchaussee 10, 20148 Hamburg-Eimsbüttel, Germany",Hamburg,Germany,040 41412855,http://www.theos-hamburg.de/,info@theos-hamburg.de,Very Expensive,4.6,,"New York-style steakhouse with a cool vibe, featuring dry-aged beef, oysters & classic cocktails. | Steak House | Rated 4.6/5 (1150 reviews) | Very expensive / luxury tier",Google Places API (New)
Block House,"Kirchenallee 49-51, 20099 Hamburg, Germany",Hamburg,Germany,040 243350,https://www.block-house.de/restaurants/hamburg/kirchenallee,,Moderate,4.5,,Steak House | Rated 4.5/5 (5928 reviews),Google Places API (New)
BLOCK HOUSE Deutschlandhaus,"Drehbahn 1, 20354 Hamburg, Germany",Hamburg,Germany,040 346005,https://www.block-house.de/restaurants/hamburg/deutschlandhaus/,,Moderate,4.5,,Steak House | Rated 4.5/5 (567 reviews),Google Places API (New)
Bouillon,"Rathausmarkt 17-18, 20095 Hamburg, Germany",Hamburg,Germany,040 29999993,https://restaurantbouillon.de/,hamburg@restaurantbouillon.de,Moderate,4.2,,Restaurant | Rated 4.2/5 (382 reviews),Google Places API (New)
Arizona Steak-House,"Barmbeker Str. 150, 22299 Hamburg-Nord, Germany",Hamburg,Germany,040 484866,http://www.steak-house-arizona.de/,,Moderate,4.1,,"Charcoal-grilled Argentinian steaks & South American specialties in a rustic, tavern-style space. | Steak House | Rated 4.1/5 (4629 reviews)",Google Places API (New)
Scotty’s Steakhouse / Friedensallee 14,"Friedensallee 14-16, 22765 Hamburg, Germany",Hamburg,Germany,040 397004,http://www.scottys-ottensen.de/,scottys-steakbar@web.de,Moderate,4.7,,Steak House | Rated 4.7/5 (944 reviews),Google Places API (New)
Cabana Steak House Restaurant - Beste Steakhouse Hamburg,"Friedrich-Ebert-Damm 28, 22049 Hamburg-Wandsbek, Germany",Hamburg,Germany,040 49024996,https://www.cabana-steak-house.de/,info@cabana-steak-house.de,Moderate,4.4,,Steak House | Rated 4.4/5 (979 reviews),Google Places API (New)
Steakhouse Landungsbrücken,"Bei den St. Pauli-Landungsbrücken 7, 20359 Hamburg, Germany",Hamburg,Germany,040 31182283,http://www.steakundfish.de/,info@steakundfish.de,Moderate,3.4,,"Laid-back waterside destination with a terrace, specializing in typical meat & fish dishes. | Steak House | Rated 3.4/5 (2832 reviews)",Google Places API (New)
Flavours Steakhouse Restaurant - Hamburg,"Leuschnerstraße 72, 21031 Hamburg-Bergedorf, Germany",Hamburg,Germany,040 38633711,https://flavours-hamburg.de/,info@flavours-hamburg.de,Moderate,4.6,,Steak House | Rated 4.6/5 (981 reviews),Google Places API (New)
Panthera Rodizio,"Ditmar-Koel-Straße 3, 20459 Hamburg, Germany",Hamburg,Germany,040 3786370,http://www.panthera-rodizio.de/,verwaltung@panthera-rodizio.de,Expensive,4.6,,Brazilian Restaurant | Rated 4.6/5 (11577 reviews) | Expensive / upscale tier,Google Places API (New)
Schlachterbörse,"Kampstraße 42, 20357 Hamburg-Altona, Germany",Hamburg,Germany,040 436543,http://www.schlachterboerse.de/,,Very Expensive,4.6,,"Long-running, wood-lined locale specializing in aged steak cooked in a variety of ways. | Steak House | Rated 4.6/5 (1737 reviews) | Very expensive / luxury tier",Google Places API (New)
Rodizio Steakhouse,"Hans-Albers-Platz 5-6, 20359 Hamburg, Germany",Hamburg,Germany,040 53904833,http://steakhousealthamburg.eatbu.com/,,Moderate,3.9,,Casual grillhouse serving up Argentinian steaks & baked potatoes in a wood-beamed dining room. | Steak House | Rated 3.9/5 (1211 reviews),Google Places API (New)
BLOCK HOUSE Wandsbek,"Schloßstraße 48, 22041 Hamburg-Wandsbek, Germany",Hamburg,Germany,040 684638,https://www.block-house.de/restaurants/hamburg/wandsbek,,Moderate,4.3,,Steak House | Rated 4.3/5 (3644 reviews),Google Places API (New)
BEISSER Steak & Grill - Bistro - 4.OG Alsterhaus,"Jungfernstieg 16-20, 20354 Hamburg, Germany",Hamburg,Germany,040 34993788,http://www.beisser.de/,shop@beisser.de,Expensive,4.8,,Steak House | Rated 4.8/5 (105 reviews) | Expensive / upscale tier,Google Places API (New)
Butcher’s Steakhouse,"Milchstraße 19, 20148 Hamburg, Germany",Hamburg,Germany,040 446082,http://www.butchers-steakhouse.de/,,Very Expensive,4.4,,Steak House | Rated 4.4/5 (401 reviews) | Very expensive / luxury tier,Google Places API (New)
Jok's Steakhouse,"Frohmestraße 11, 22457 Hamburg-Eimsbüttel, Germany",Hamburg,Germany,040 5594459,http://www.joks-hamburg.de/,kontakt@joks-hamburg.de,Moderate,4.3,,Steak House | Rated 4.3/5 (1798 reviews),Google Places API (New)
"BEISSER´S ""Entre nous"" - Eppendorf","Eppendorfer Baum 4, 20249 Hamburg-Eimsbüttel, Germany",Hamburg,Germany,040 479785,http://www.beisserentrenous.de/,entrenous@beisser.de,Very Expensive,4.8,,Steak House | Rated 4.8/5 (120 reviews) | Very expensive / luxury tier,Google Places API (New)
Steak & Fish House Reeperbahn,"Reeperbahn 42, 20359 Hamburg, Germany",Hamburg,Germany,040 31790050,https://steakundfish.de/,info@steakundfish.de,Moderate,3.3,,"Hefty steaks, seafood & desserts are dished up in this unpretentious establishment. | Steak House | Rated 3.3/5 (2066 reviews)",Google Places API (New)
HELO Restaurant,"Colonnaden 104, 20354 Hamburg, Germany",Hamburg,Germany,040 43098788,http://www.helorestaurant.de/,helorestaurant@gmail.com,Moderate,4.5,,"Brazilian steaks, seafood stews with coconut milk & desserts in an elegant space with a terrace. | Brazilian Restaurant | Rated 4.5/5 (1336 reviews)",Google Places API (New)
DELTA Bistro,"Lagerstraße 11, 20357 Hamburg, Germany",Hamburg,Germany,040 4316136,https://www.delta-hamburg.de/bistro/speisekarte/,info@delta-hamburg.de,Very Expensive,4.7,,"White-tablecloth spot with a steak-heavy menu, plus a lengthy wine list & desserts. | Steak House | Rated 4.7/5 (1283 reviews) | Very expensive / luxury tier",Google Places API (New)
BLOCK HOUSE Othmarschen,"Waitzstraße 1, 22607 Hamburg-Altona, Germany",Hamburg,Germany,040 8907273,https://www.block-house.de/restaurants/hamburg/othmarschen,,Expensive,4.4,,Steak House | Rated 4.4/5 (2590 reviews) | Expensive / upscale tier,Google Places API (New)
Ahoi Steffen Henssler Hamburg,"Spitalerstraße 12, 20095 Hamburg, Germany",Hamburg,Germany,040 64660560,https://www.ahoisteffenhenssler.de/location/hamburg/,hamburg@ahoisteffenhenssler.de,Moderate,4.4,,"Fish ’n’ chips, burgers & sushi bowls at a cool, warehouse-style space with a giant whale mural. | Restaurant | Rated 4.4/5 (9081 reviews)",Google Places API (New)
Milo Sushi & Steak Club,"Mittelweg 146, 20148 Hamburg, Germany",Hamburg,Germany,040 44191825,https://www.milosushisteakclub.de/,info@milosushiclub.de,Expensive,4.5,,Restaurant | Rated 4.5/5 (312 reviews) | Expensive / upscale tier,Google Places API (New)
BLOCK HOUSE Winterhude,"Dorotheenstraße 57, 22301 Hamburg-Nord, Germany",Hamburg,Germany,040 277846,https://www.block-house.de/restaurants/hamburg/winterhude,,Moderate,4.4,,Steak House | Rated 4.4/5 (1022 reviews),Google Places API (New)
BLOCK HOUSE Barmbek,"Fuhlsbüttler Str. 165, 22307 Hamburg-Nord, Germany",Hamburg,Germany,040 6911345,https://www.block-house.de/restaurants/hamburg/barmbek,,Moderate,4.3,,Steak House | Rated 4.3/5 (1547 reviews),Google Places API (New)
BLOCK HOUSE Eppendorf,"Hoheluftchaussee 2, 20253 Hamburg-Nord, Germany",Hamburg,Germany,040 459022,https://www.block-house.de/restaurants/hamburg/eppendorf,,Moderate,4.3,,Steak House | Rated 4.3/5 (1991 reviews),Google Places API (New)
Rio Grande,"Lokstedter Steindamm 7, 22529 Hamburg, Germany",Hamburg,Germany,040 5533669,http://lokstedt.rio-grande.net/,,Moderate,4.3,,Steak House | Rated 4.3/5 (837 reviews),Google Places API (New)
Bootshaus Alster GmbH,"Ballindamm 14A, 20095 Hamburg, Germany",Hamburg,Germany,0162 5141414,http://www.bootshaus-alster.de/,info@bootshaus-alster.de,,4.8,,"Steaks, seafood & sushi in a chic converted boat & boathouse with a terrace & water views. | Restaurant | Rated 4.8/5 (418 reviews)",Google Places API (New)
Rindock’s Rahlstedt | HOTEL - Hamburg,"Schweriner Str. 23, 22143 Hamburg, Germany",Hamburg,Germany,040 67586133,https://rindocks.de/,info@rindocks.de,,4.4,,Steak House | Rated 4.4/5 (1021 reviews),Google Places API (New)
BLOCK HOUSE Bergedorf,"Sachsentor 2, 21029 Hamburg-Bergedorf, Germany",Hamburg,Germany,040 7217171,https://www.block-house.de/restaurants/hamburg/bergedorf,,Moderate,4.3,,Steak House | Rated 4.3/5 (2810 reviews),Google Places API (New)
Bullerei,"Lagerstraße 34b, 20357 Hamburg-Altona, Germany",Hamburg,Germany,040 33442110,https://bullerei.com/,info@bullerei.com,,4.5,,"Steaks with sauces, fries & salads, plus beers & cocktails, in a buzzing industrial-chic setting. | Restaurant | Rated 4.5/5 (10507 reviews)",Google Places API (New)
Elrado-House,"Ulzburger Str. 64, 22850 Norderstedt, Germany",Norderstedt,Germany,040 5252054,http://www.elrado-house.de/,,Moderate,4.5,,Steak House | Rated 4.5/5 (1984 reviews),Google Places API (New)
BLOCK HOUSE Pöseldorf,"Mittelweg 122, 20148 Hamburg-Eimsbüttel, Germany",Hamburg,Germany,040 443130,https://www.block-house.de/restaurants/hamburg/poeseldorf,,Moderate,4.4,,Steak House | Rated 4.4/5 (983 reviews),Google Places API (New)
SURF´ N TURF KITCHEN,"Dorotheenstraße 54, 22301 Hamburg, Germany",Hamburg,Germany,040 63608072,https://surf-n-turf-kitchen.de/,info@surf-n-turf-kitchen.de,Expensive,4.8,,Mediterranean Restaurant | Rated 4.8/5 (378 reviews) | Expensive / upscale tier,Google Places API (New)
CLAAS Restaurant,"Am Lohsepark 8, 20457 Hamburg, Germany",Hamburg,Germany,040 63299144,https://www.claas-restaurant.cc/,info@claas-restaurant.cc,Very Expensive,4.2,,Restaurant | Rated 4.2/5 (268 reviews) | Very expensive / luxury tier,Google Places API (New)
Lades Holzkohlegrill Restaurant Hamburg,"Steindamm 70, 20099 Hamburg, Germany",Hamburg,Germany,040 28055973,http://www.lades-restaurant.de/,info@lades-restaurant.de,Moderate,4.4,,"Burgers, grills & salads, plus a Turkish buffet, in a stylish, modern environment. | Turkish Restaurant | Rated 4.4/5 (2771 reviews)",Google Places API (New)
GRILL,"Neuer Jungfernstieg 9 14, 20354 Hamburg, Germany",Hamburg,Germany,,https://hvj.de/en/grill.html,hamburg@fairmont.com,Very Expensive,4.5,,"Elegant 1926 venue with a white-tablecloth dining room, plus classic meals like grilled meat & fish. | Restaurant | Rated 4.5/5 (431 reviews) | Very expensive / luxury tier",Google Places API (New)
Block House,"Groten Hoff 12, 22359 Hamburg-Wandsbek, Germany",Hamburg,Germany,040 6037025,https://www.block-house.de/restaurants/hamburg/volksdorf,,Moderate,4.4,,Steak House | Rated 4.4/5 (1529 reviews),Google Places API (New)
Scotty‘s Elbmühle,"Osdorfer Landstraße 162A, 22549 Hamburg, Germany",Hamburg,Germany,040 801304,https://www.scottys-elbmühle.de/,,Moderate,4.9,,Restaurant | Rated 4.9/5 (89 reviews),Google Places API (New)
Hidden Kitchen Hamburg,"Friedrichstraße 1, 20359 Hamburg, Germany",Hamburg,Germany,040 30927512,http://www.hidden-kitchen-hamburg.de/,info@hidden-kitchen-hamburg.de,Moderate,4.8,,"Elevated comfort food with many vegan & vegetarian options served in a modern, art-filled setting. | Restaurant | Rated 4.8/5 (698 reviews)",Google Places API (New)
Restaurant Fischerhaus by Beyoglu,"St. Pauli Fischmarkt 14, 20359 Hamburg, Germany",Hamburg,Germany,040 314053,https://www.restaurant-fischerhaus.de/,info@restaurant-fischerhaus.de,Expensive,4.7,,Seafood Restaurant | Rated 4.7/5 (2087 reviews) | Expensive / upscale tier,Google Places API (New)
Saray Köz,"Kreuzweg 12, 20099 Hamburg, Germany",Hamburg,Germany,040 28408867,http://www.saray-koez.de/,info@saray-koez.de,Moderate,4.6,,"Lively, cozy Turkish grill known for generous buffet breakfasts, beyti kebabs & pizzas. | Turkish Restaurant | Rated 4.6/5 (4384 reviews)",Google Places API (New)
clouds Heaven’s Bar & Kitchen,"Reeperbahn 1, 20359 Hamburg, Germany",Hamburg,Germany,040 30993280,https://www.clouds-hamburg.de/startseite,restaurant@clouds-hamburg.de,,4.4,,"Delicate starters, steaks & cocktails at an elegant rooftop bar & terrace with sweeping city views. | Restaurant | Rated 4.4/5 (3885 reviews)",Google Places API (New)
Luigi's,"Ditmar-Koel-Straße 21, 20459 Hamburg, Germany",Hamburg,Germany,040 41281718,https://luigis-restaurant.de/,info@luigis-restaurants.de,Moderate,4.3,,"Relaxed pizzeria with a wood oven, homemade pasta dishes & colorful Italian-themed murals. | Italian Restaurant | Rated 4.3/5 (11653 reviews)",Google Places API (New)
Hummer Pedersen,"Große Elbstraße 152, 22767 Hamburg, Germany",Hamburg,Germany,040 522993926,http://www.hummer-hamburg.com/,info@hummer-pedersen.de,Expensive,4.6,,"Oysters, lobster dishes & fish platters served in a roomy, modern space with an open kitchen. | Seafood Restaurant | Rated 4.6/5 (1866 reviews) | Expensive / upscale tier",Google Places API (New)
Fisch Pauli,"Marktstraße 21a, 20357 Hamburg, Germany",Hamburg,Germany,040 36946696,https://bookings.last.app/7da7c5fd-68eb-4950-9c6a-3d1f9480733c/booking,,Moderate,4.9,,Restaurant | Rated 4.9/5 (2186 reviews),Google Places API (New)
Karo Fisch,"Feldstraße 32, 20357 Hamburg, Germany",Hamburg,Germany,040 60008768,https://karofisch.website/,,Moderate,4.6,,"Mediterranean seafood delicacies are offered in this compact, unpretentious eatery with a terrace. | Restaurant | Rated 4.6/5 (4302 reviews)",Google Places API (New)
Rive Fish & Faible,"Van-der-Smissen-Straße 1, 22767 Hamburg-Altona, Germany",Hamburg,Germany,040 3805919,http://www.rive.de/,info@rive.de,Expensive,4.6,,"Oysters, calamari, scampi & grilled fish in a maritime-themed, retro-chic space with harbor views. | Restaurant | Rated 4.6/5 (1575 reviews) | Expensive / upscale tier",Google Places API (New)
Yin Seafood Restaurant,"Große Elbstraße 133/135, 22767 Hamburg-Altona, Germany",Hamburg,Germany,040 38109993,https://www.yinseafood-restaurant.com/,yinseafood.hamburg@gmail.com,Expensive,4.6,,"Upmarket locale offering Cantonese-style dishes highlighting fish, crabs, oysters & other seafood. | Restaurant | Rated 4.6/5 (1187 reviews) | Expensive / upscale tier",Google Places API (New)
Atlantik Fisch & BistrOceaN,"Große Elbstraße 139, 22767 Hamburg, Germany",Hamburg,Germany,040 391123,http://www.atlantik-fisch-versand.de/,mail@atlantik-fisch.de,,4.6,,Wholesaler | Rated 4.6/5 (1501 reviews),Google Places API (New)
FISCHclub Blankenese,"Strandweg 30a, 22587 Hamburg-Altona, Germany",Hamburg,Germany,040 869962,https://www.restaurant-fischclub.de/,grafik1@g64-medienwelten.de,Expensive,4.7,,Seafood Restaurant | Rated 4.7/5 (894 reviews) | Expensive / upscale tier,Google Places API (New)
Hummerstand im Hanseviertel,"Große Bleichen 36, 20354 Hamburg, Germany",Hamburg,Germany,040 80601355,https://edeka-struve.de/hummerstand-im-hanseviertel,hummerstand@edeka-struve.de,Moderate,4.5,,Seafood Restaurant | Rated 4.5/5 (511 reviews),Google Places API (New)
Olá Lisboa,"Ditmar-Koel-Straße 18, 20459 Hamburg, Germany",Hamburg,Germany,040 33396250,http://ola-lisboa.de/,info@ola-lisboa.de,Moderate,4.7,,"Traditional Portuguese seafood, pasta & meat dishes in an airy space with outdoor seating. | Portuguese Restaurant | Rated 4.7/5 (6412 reviews)",Google Places API (New)
Veddeler Fischgaststätte,"Tunnelstraße 70, 20539 Hamburg, Germany",Hamburg,Germany,040 786389,http://www.veddeler-fischgaststaette.de/,info@veddeler-fischgaststaette.de,Moderate,4.7,,"Fried fish with potato salad or fries, plus local beer, at a decades-old, ’50s-retro tavern. | Restaurant | Rated 4.7/5 (4480 reviews)",Google Places API (New)
Oh! Fisch im Mercado Altona,"Ottenser Hauptstraße 10, 22765 Hamburg, Germany",Hamburg,Germany,015566 136120,https://www.mercado.hamburg/geschaefte/oh-fisch/,ms@genusscampus.de,Moderate,4.8,,Restaurant | Rated 4.8/5 (53 reviews),Google Places API (New)
Eventlocation | Catch of the Day,"Kaispeicher B, Koreastraße 1, 20457 Hamburg, Germany",Hamburg,Germany,040 45060626,https://catchofthedayhamburg.de/,info@alte-liebe.de,,4.4,,"Lobster, fried fish & seafood grills at an industrial-style restaurant with a harborside terrace. | Caterer | Rated 4.4/5 (435 reviews)",Google Places API (New)
Fischimbiss Schabi,"Schulterblatt 60, 20357 Hamburg-Altona, Germany",Hamburg,Germany,040 43290940,,,Moderate,4.5,,Snack Bar | Rated 4.5/5 (1518 reviews),Google Places API (New)
XO Seafoodbar,"Paul-Roosen-Straße 22, 22767 Hamburg, Germany",Hamburg,Germany,01517 2423046,http://www.thisisxo.de/,BECAUSE@THISISXO.DE,Very Expensive,4.5,,"Casual restaurant presenting seafood specialties, wines & cocktails in an informal setting. | Seafood Restaurant | Rated 4.5/5 (999 reviews) | Very expensive / luxury tier",Google Places API (New)
Zum Alten Lotsenhaus,"Övelgönne 13, 22605 Hamburg-Altona, Germany",Hamburg,Germany,040 8800196,http://www.zum-alten-lotsenhaus.de/,info@zum-alten-Lotsenhaus.de,Expensive,4.5,,"Refined North German & global fish & seafood, in a 1700s building overlooking Hamburg harbor. | Seafood Restaurant | Rated 4.5/5 (1427 reviews) | Expensive / upscale tier",Google Places API (New)
Dübelsbrücker Kajüt,"Elbchaussee 303, 22605 Hamburg-Altona, Germany",Hamburg,Germany,040 828787,https://duebelsbruecker-kajuet.de/,info@duebelsbruecker-kajuet.de,Moderate,4.5,,Quaint floating restaurant with nautical decor serving traditional seafood dishes & pub fare. | Seafood Restaurant | Rated 4.5/5 (1399 reviews),Google Places API (New)
Die kleine Fischerstube,"Tibarg 27, 22459 Hamburg-Eimsbüttel, Germany",Hamburg,Germany,040 58954720,http://fischerstube-niendorf.de/,,Moderate,4.6,,Restaurant | Rated 4.6/5 (567 reviews),Google Places API (New)
Sandal Fisch Grill Haus,"Bramfelder Ch 273, 22177 Hamburg, Germany",Hamburg,Germany,040 53545424,http://sandal-fischhaus.de/,Sandal-Fisch@gmx.de,Moderate,4.7,,Restaurant | Rated 4.7/5 (356 reviews),Google Places API (New)
Caramba Especial,"Rambachstraße 4, 20459 Hamburg, Germany",Hamburg,Germany,040 70383999,https://www.carambaespecial.com/,info@carambaespecial.com,Very Expensive,4.5,,"Multi-course set meals with seafood, meat & gourmet sauces in a lively, brick-walled dining room. | Portuguese Restaurant | Rated 4.5/5 (2687 reviews) | Very expensive / luxury tier",Google Places API (New)
Lütt & Lecker,"Große Elbstraße 12, 22767 Hamburg-Altona, Germany",Hamburg,Germany,,https://luettundlecker.de/,luettundlecker@gmail.com,Inexpensive,4.7,,Restaurant | Rated 4.7/5 (738 reviews),Google Places API (New)
Hagenah Frische GmbH,"Schnackenburgallee 8, 22525 Hamburg, Germany",Hamburg,Germany,040 8229733,https://hagenah-fisch.de/,,,4.5,,Food Store | Rated 4.5/5 (1322 reviews),Google Places API (New)
Gasthaus Zur Post,"Estedeich 88, 21129 Hamburg-Harburg, Germany",Hamburg,Germany,040 7459409,https://gasthaus-zur-post-cranz.de/,info@gasthaus-zur-post-cranz.de,Expensive,4.7,,"Historic seafood restaurant dating from 1725, plus modern apartments with river views & free Wi-Fi. | German Restaurant | Rated 4.7/5 (1479 reviews) | Expensive / upscale tier",Google Places API (New)
Restaurant Henssler,"Große Elbstraße 160, 22767 Hamburg, Germany",Hamburg,Germany,040 38699000,http://www.hensslerhenssler.de/,info@restauranthenssler.de,Expensive,4.4,,Innovative set menus featuring sushi & sashimi plates in a sleek space with street-side seating. | Restaurant | Rated 4.4/5 (3872 reviews) | Expensive / upscale tier,Google Places API (New)
Fischbeisl Volkmar Preis,"Große Elbstraße 131, 22767 Hamburg-Altona, Germany",Hamburg,Germany,040 3907275,http://fischrestaurantfischbeisl.com/,Volkmar.Preis@LandhausDill.com,Moderate,4,,"Grilled fish from the Wadden Sea at a lively, modern bistro with a terrace near the harbor. | Restaurant | Rated 4/5 (2329 reviews)",Google Places API (New)
Brücke 10 im Strandhaus,"Övelgönner Hohlweg 12, 22605 Hamburg-Altona, Germany",Hamburg,Germany,040 85352351,http://www.bruecke10-im-strandhaus.de/,%20info@bruecke10-im-strandhaus.de,Moderate,4.3,,Restaurant | Rated 4.3/5 (1397 reviews),Google Places API (New)
Finkenwerder Elbblick,"Focksweg 42, 21129 Hamburg, Germany",Hamburg,Germany,040 7425191,http://www.finkenwerder-elbblick.de/,restaurant@finkenwerder-elbblick.de,Expensive,4.4,,Refined northern German seafood & fish at an elegant venue with a terrace for Elbe River views. | Restaurant | Rated 4.4/5 (763 reviews) | Expensive / upscale tier,Google Places API (New)
Ponton op'n Bulln,"Strandweg 30 A, 22587 Hamburg, Germany",Hamburg,Germany,040 86645127,http://pontonopnbulln.de/,info@pontonopnbulln.de,Moderate,4.2,,Restaurant | Rated 4.2/5 (1022 reviews),Google Places API (New)
Caviar House & Prunier Seafood Bar & Shop,"Jungfernstieg 16, 20354 Hamburg, Germany",Hamburg,Germany,040 32509399,,,,4.4,,Deli | Rated 4.4/5 (51 reviews),Google Places API (New)
Yachtblick Hamburg,"Neßpriel 12, 21129 Hamburg, Germany",Hamburg,Germany,040 28800790,http://www.yachtblick-hamburg.de/,event@yachtblick-hamburg.de,Moderate,4.7,,Restaurant | Rated 4.7/5 (428 reviews),Google Places API (New)
Casa Caramba - Amigo Armando,"Rambachstraße 7, 20459 Hamburg, Germany",Hamburg,Germany,01578 1503815,https://www.casa-armando.de/,,Very Expensive,4.7,,Set menus of Portuguese & Spanish-inspired seafood & meat dishes in a compact space with a terrace. | Portuguese Restaurant | Rated 4.7/5 (1121 reviews) | Very expensive / luxury tier,Google Places API (New)
The Brown,"Waitzstraße 3, 22607 Hamburg, Germany",Hamburg,Germany,040 74201333,https://thebrownkitchen.de/,info@thebrownkitchen.de,Expensive,5,,Restaurant | Rated 5/5 (36 reviews) | Expensive / upscale tier,Google Places API (New)
Ginkoi Hamburg,"Bahrenfelder Str. 67, 22765 Hamburg, Germany",Hamburg,Germany,040 88175475,http://www.ginkoi-hamburg.de/,info@ginkoi-hamburg.de,Moderate,4.6,,Fusion Restaurant | Rated 4.6/5 (576 reviews),Google Places API (New)
GLOBUS Restaurant Hamburg-Lurup,"Grandkuhlenweg 11, 22549 Hamburg, Germany",Hamburg,Germany,040 833810,https://www.globus.de/hamburg-lurup/unser-restaurant.php,partyservice-sbwntr@globus.de,Inexpensive,4.7,,Restaurant | Rated 4.7/5 (50 reviews),Google Places API (New)
Kaiserperle Museumshafen / DES Bergedorf,"Neumühlen/Övelgönne - Finkenwerder, 22763 Hamburg, Germany",Hamburg,Germany,040 397383,https://kaiserperle.eu/museumshafen/,events@kaiserperle.eu,Moderate,4.7,,Restaurant | Rated 4.7/5 (130 reviews),Google Places API (New)
Flying Market,"Eulenstraße 38, 22765 Hamburg-Altona, Germany",Hamburg,Germany,040 84600904,https://www.flyingmarket-hamburg.de/,,Moderate,4.3,,"Pho soups, spring rolls & spicy Vietnamese curries at a relaxed, colorfully decorated eatery. | Vietnamese Restaurant | Rated 4.3/5 (700 reviews)",Google Places API (New)
Dill sin Döns Restaurant,"Elbuferweg 95, 22609 Hamburg, Germany",Hamburg,Germany,040 828500,https://dill-sin-doens.eatbu.com/,info@dillsindoens.de,Moderate,4.3,,Restaurant | Rated 4.3/5 (765 reviews),Google Places API (New)
Nuggi's Elbkate,"Fähranleger Neumühlen/Övelgönne, 22763 Hamburg, Germany",Hamburg,Germany,,"https://www.ndr.de/fernsehen/sendungen/nordtour/Fischbroetchen-Test-an-der-Hamburger-Hafenkante,nordtour19362.html",,Inexpensive,4.4,,Snack Bar | Rated 4.4/5 (498 reviews),Google Places API (New)
Wong Delicious Asia GmbH,"Langenhorner Chaussee 131, 22415 Hamburg-Nord, Germany",Hamburg,Germany,040 5317260,https://wong-restaurant.de/,info@wong-restaurant.de,Moderate,4.6,,Chinese Restaurant | Rated 4.6/5 (1148 reviews),Google Places API (New)
Main Tower Restaurant & Lounge,"Neue Mainzer Str. 52-58, 60311 Frankfurt am Main-Innenstadt I, Germany",Frankfurt am Main,Germany,,http://www.maintower-restaurant.de/,maintower.restaurant@compass-group.de,Very Expensive,4.6,,City views & international dishes in a glass-fronted lounge on the 53rd floor of an iconic tower. | Fine Dining Restaurant | Rated 4.6/5 (1155 reviews) | Very expensive / luxury tier,Google Places API (New)
Relais & Châteaux Restaurant Lafleur,"Palmengartenstraße 11, 60325 Frankfurt am Main, Germany",Frankfurt am Main,Germany,069 90029100,http://www.restaurant-lafleur.de/,kontakt@bippesbrandao.de,Very Expensive,4.7,,"Elegant space for upscale contemporary cuisine with Mediterranean influences, plus a vegan menu. | Fine Dining Restaurant | Rated 4.7/5 (504 reviews) | Very expensive / luxury tier",Google Places API (New)
The Nest,"Neue Mainzer Str. 77, 60311 Frankfurt am Main, Germany",Frankfurt am Main,Germany,0163 7390108,https://thenestfrankfurt.de/,events@thenestfrankfurt.de,Expensive,4.5,,Restaurant | Rated 4.5/5 (163 reviews) | Expensive / upscale tier,Google Places API (New)
Lohninger,"Schweizer Str. 1, 60594 Frankfurt am Main-Frankfurt-Süd, Germany",Frankfurt am Main,Germany,069 247557860,https://lohninger.de/,reservierung@lohninger.de,Very Expensive,4.3,,Contemporary takes on schnitzel & goulash served with Austrian wines in a refined dining room. | Fine Dining Restaurant | Rated 4.3/5 (1107 reviews) | Very expensive / luxury tier,Google Places API (New)
L'Arôme - Fine Cuisine Frankfurt am Main,"Neue Mainzer Str. 20, 60311 Frankfurt am Main, Germany",Frankfurt am Main,Germany,069 30079501,https://larome-frankfurt.de/,info@larome-frankfurt.de,Very Expensive,4.7,,Restaurant | Rated 4.7/5 (82 reviews) | Very expensive / luxury tier,Google Places API (New)
SOMMERFELD Restaurant,"Weserstraße 4, 60329 Frankfurt am Main-Innenstadt I, Germany",Frankfurt am Main,Germany,069 56998080,http://www.sommerfeld-frankfurt.de/,restaurant@sommerfeld-frankfurt.de,Very Expensive,4.8,,"Cool, sophisticated locale showcasing artful, high-concept German dishes & an extensive wine list. | Fine Dining Restaurant | Rated 4.8/5 (222 reviews) | Very expensive / luxury tier",Google Places API (New)
The Ivory Club,"Taunusanlage 15, 60325 Frankfurt am Main, Germany",Frankfurt am Main,Germany,069 77067767,https://www.mook-group.de/ivoryclub/,info@mook-group.de,Very Expensive,4.4,,Indian Restaurant | Rated 4.4/5 (1307 reviews) | Very expensive / luxury tier,Google Places API (New)
Cresco,"Berliner Str. 55, 60311 Frankfurt am Main, Germany",Frankfurt am Main,Germany,069 92881655,https://cresco-frankfurt.de/,info@cresco-frankfurt.de,Very Expensive,4.6,,Fusion Restaurant | Rated 4.6/5 (419 reviews) | Very expensive / luxury tier,Google Places API (New)
Villa Merton,"Am Leonhardsbrunn 12, 60487 Frankfurt am Main-Innenstadt II, Germany",Frankfurt am Main,Germany,069 703033,http://www.restaurant-villa-merton.de/,info@restaurant-villa-merton.de,Very Expensive,4.7,,Classy eatery in a 1927 house belonging to the Union International Club serving elevated provisions. | Fine Dining Restaurant | Rated 4.7/5 (446 reviews) | Very expensive / luxury tier,Google Places API (New)
SEVEN SWANS,"Mainkai 4, 60311 Frankfurt am Main, Germany",Frankfurt am Main,Germany,,https://www.sevenswans.de/,service@sevenswans.de,Very Expensive,4.5,,"Tasting menus featuring adventurous vegan dishes with wine pairings, at a cool & minimalist venue. | Vegan Restaurant | Rated 4.5/5 (715 reviews) | Very expensive / luxury tier",Google Places API (New)
Restaurant Goldmund in the Literaturhaus,"Schöne Aussicht 2, 60311 Frankfurt am Main-Innenstadt I, Germany",Frankfurt am Main,Germany,069 21085985,https://www.gold-mund.de/,info@gold-mund.de,Very Expensive,4.7,,"Elegant venue serving high-end, French-inspired dishes using locally sourced ingredients. | Restaurant | Rated 4.7/5 (287 reviews) | Very expensive / luxury tier",Google Places API (New)
frankfurter botschaft,"Westhafenpl. 6-8, 60327 Frankfurt am Main, Germany",Frankfurt am Main,Germany,069 583035664,http://www.frankfurterbotschaft.de/,willkommen@frankfurterbotschaft.de,Very Expensive,4.5,,"Upscale German dishes in a posh dining room & riverside terrace, plus a neighboring beach bar. | Restaurant | Rated 4.5/5 (606 reviews) | Very expensive / luxury tier",Google Places API (New)
Restaurant Sorriso,"Oppenheimer Landstraße 49, 60596 Frankfurt am Main, Germany",Frankfurt am Main,Germany,069 66408861,http://restaurantsorriso.de/,post@restaurantsorriso.com,Very Expensive,4.6,,"Tasting menus of creative, artfully plated dishes, plus wine pairings, in a white-tablecloth space. | Fine Dining Restaurant | Rated 4.6/5 (302 reviews) | Very expensive / luxury tier",Google Places API (New)
Mon Amie Maxi,"Bockenheimer Landstraße 31, 60325 Frankfurt am Main-Innenstadt II, Germany",Frankfurt am Main,Germany,069 71402121,http://www.mook-group.de/,info@mook-group.de,Very Expensive,4.5,,French offerings & seafood in an upscale operation featuring opulent styling & outdoor seating. | Restaurant | Rated 4.5/5 (1176 reviews) | Very expensive / luxury tier,Google Places API (New)
Franziska Restaurant,"Hainer Weg 72, 60599 Frankfurt am Main-Frankfurt-Süd, Germany",Frankfurt am Main,Germany,069 66377640,https://www.mook-group.de/,info@mook-group.de,Very Expensive,4.4,,German Restaurant | Rated 4.4/5 (1644 reviews) | Very expensive / luxury tier,Google Places API (New)
Masa Japanese Cuisine,"Hanauer Landstraße 131, 60314 Frankfurt am Main-Bornheim/Ostend, Germany",Frankfurt am Main,Germany,069 60666247,https://masa-frankfurt.de/,info@masa-frankfurt.de,Very Expensive,4.9,,Fine Dining Restaurant | Rated 4.9/5 (223 reviews) | Very expensive / luxury tier,Google Places API (New)
Restaurant Alte Kanzlei Inh. Luigi Riitano,"Niedenau 50, 60325 Frankfurt am Main, Germany",Frankfurt am Main,Germany,069 721424,http://www.altekanzlei.eu/,altekanzlei@web.de,Expensive,4.5,,Upscale establishment with a wood-paneled interior serving traditional Italian cuisine. | Italian Restaurant | Rated 4.5/5 (466 reviews) | Expensive / upscale tier,Google Places API (New)
Erno's Bistro,"Kontakt, Liebigstraße 15, 60323 Frankfurt am Main-Innenstadt II, Germany",Frankfurt am Main,Germany,069 721997,http://www.ernosbistro.de/,info@ernosbistro.de,Very Expensive,4.7,,"Refined French dishes, tasting menus & wine pairings in a formal, wood-paneled dining room. | Fine Dining Restaurant | Rated 4.7/5 (214 reviews) | Very expensive / luxury tier",Google Places API (New)
MainNizza,"Untermainkai 17, 60329 Frankfurt am Main, Germany",Frankfurt am Main,Germany,069 26952922,http://mainnizza.de/,reservierungen@mainnizza.de,Expensive,4.2,,Classic dishes & wine served in a polished riverside eatery with a terrace & a balcony. | German Restaurant | Rated 4.2/5 (3568 reviews) | Expensive / upscale tier,Google Places API (New)
Carmelo Greco,"Ziegelhüttenweg 1-3, 60598 Frankfurt am Main-Frankfurt-Süd, Germany",Frankfurt am Main,Germany,069 60608967,http://www.carmelo-greco.de/,ristorantecarmelogreco@outlook.com,Very Expensive,4.4,,"Reinvented seasonal classics, a tasting menu & Italian wines in a chic contemporary dining room. | Fine Dining Restaurant | Rated 4.4/5 (379 reviews) | Very expensive / luxury tier",Google Places API (New)
Kabuki,"Kaiserstraße 42, 60329 Frankfurt am Main-Innenstadt I, Germany",Frankfurt am Main,Germany,069 234353,http://www.kabuki-restaurant.com/,info@kabuki-restaurant.com,Very Expensive,4.7,,"Diners watch chefs cook meat & fish, plus signature rice burgers, at this modern teppanyaki grill. | Japanese Restaurant | Rated 4.7/5 (1358 reviews) | Very expensive / luxury tier",Google Places API (New)
Restaurant Opéra,"Opernpl. 1, 60313 Frankfurt am Main-Innenstadt I, Germany",Frankfurt am Main,Germany,069 58804330,https://www.kuffler.de/de/restaurant-opera,opera@kuffler.de,Expensive,4.4,,Restaurant | Rated 4.4/5 (619 reviews) | Expensive / upscale tier,Google Places API (New)
Bidlabu,"Kleine Bockenheimer Str. 14, 60313 Frankfurt am Main, Germany",Frankfurt am Main,Germany,069 95648784,https://bidlabu.de/,info@bidlabu.de,Very Expensive,4.7,,"Tasting menus of artfully styled dishes, with wine pairings, in a sleek, minimal space. | Restaurant | Rated 4.7/5 (695 reviews) | Very expensive / luxury tier",Google Places API (New)
Höchster Genuss Schmiede,"Melchiorstraße 20, 65929 Frankfurt am Main West, Germany",Frankfurt am Main,Germany,069 36408450,http://hoechstergenussschmiede.de/,info@hgs-hoechst.de,Expensive,4.6,,Restaurant | Rated 4.6/5 (332 reviews) | Expensive / upscale tier,Google Places API (New)
THE ROOF Frankfurt,"Georg-Baumgarten-Straße 1, 60549 Frankfurt am Main, Germany",Frankfurt am Main,Germany,069 695237196,https://www.bmine.de/de/hotel-frankfurt/the-roof,the-roof.fra01@bmine.de,Expensive,4.2,,Restaurant | Rated 4.2/5 (370 reviews) | Expensive / upscale tier,Google Places API (New)
ABACCO'S STEAKHOUSE Frankfurt,"Rotfeder-Ring 16, 60327 Frankfurt am Main, Germany",Frankfurt am Main,Germany,069 256287700,https://www.abaccos-steakhouse.de/frankfurt.html,frankfurt@abaccos-steakhouse.de,Expensive,4.6,,Steak House | Rated 4.6/5 (4256 reviews) | Expensive / upscale tier,Google Places API (New)
Jasper's,"Schifferstraße 8A, 60594 Frankfurt am Main, Germany",Frankfurt am Main,Germany,069 614117,http://www.jaspers-restaurant.de/,service@jaspers-restaurant.de,Expensive,4.7,,"Fish & seafood dishes, plus grilled meats & a long list of wines by the glass, in a refined space. | French Restaurant | Rated 4.7/5 (293 reviews) | Expensive / upscale tier",Google Places API (New)
Meyer’s Restaurant,"Große Bockenheimer Str. 54, 60313 Frankfurt am Main-Innenstadt I, Germany",Frankfurt am Main,Germany,069 91397070,http://www.meyer-frankfurt.de/restaurants/meyers-restaurant/,info@meyer-frankfurt.de,Expensive,4.6,,"Changing menus with refined global food & international wines in an elegant, minimalist space. | Restaurant | Rated 4.6/5 (395 reviews) | Expensive / upscale tier",Google Places API (New)
Zenzakan,"Taunusanlage 15, 60325 Frankfurt am Main, Germany",Frankfurt am Main,Germany,069 97086908,http://www.mook-group.de/zenzakan,info@mook-group.de,Very Expensive,4.2,,Asian Restaurant | Rated 4.2/5 (1971 reviews) | Very expensive / luxury tier,Google Places API (New)
Papa Enj.,"Opernpl. 12, 60313 Frankfurt am Main-Innenstadt I, Germany",Frankfurt am Main,Germany,069 26010235,http://www.papaenj.de/,info@papaenj.de,Expensive,4.3,,Restaurant | Rated 4.3/5 (561 reviews) | Expensive / upscale tier,Google Places API (New)
OSCAR`S - Brasserie Moderne,"Steigenberger Frankfurter Hof, Am Kaiserplatz, 60311 Frankfurt am Main, Germany",Frankfurt am Main,Germany,069 215118,https://hrewards.com/de/steigenberger-icon-frankfurter-hof/restaurant-bar/oscars,gastronomiedirektion@frankfurter-hof.steigenberger.de,Very Expensive,4.2,,"Polished outfit with outdoor seating offering grilled meat, seafood & other comfort food classics. | Restaurant | Rated 4.2/5 (560 reviews) | Very expensive / luxury tier",Google Places API (New)
Restaurant Classico,"Westendstraße 75, 60325 Frankfurt am Main-Innenstadt I, Germany",Frankfurt am Main,Germany,069 752200,https://www.classico-frankfurt.de/,reservation@classico-frankfurt.de,Expensive,4.8,,"Stylishly plated antipasti, pasta & mains, plus Italian wines, at a classic, candlelit trattoria. | Mediterranean Restaurant | Rated 4.8/5 (288 reviews) | Expensive / upscale tier",Google Places API (New)
Maindiner,"Hainer Weg 29, 60599 Frankfurt am Main, Germany",Frankfurt am Main,Germany,069 66058025,https://www.main-diner.de/,reservierung@main-diner.de,Very Expensive,4.7,,"Traditional steaks & wine offered in an intimate, candle-lit restaurant with a refined atmosphere. | Steak House | Rated 4.7/5 (1057 reviews) | Very expensive / luxury tier",Google Places API (New)
Le Petit Royal Frankfurt,"Neckarstraße 13, 60329 Frankfurt am Main-Innenstadt I, Germany",Frankfurt am Main,Germany,069 75666251,https://www.lepetitroyal-frankfurt.de/,office@lepetitroyal-frankfurt.de,Very Expensive,4.4,,French Restaurant | Rated 4.4/5 (235 reviews) | Very expensive / luxury tier,Google Places API (New)
Knoblauch,"Staufenstraße 39, 60323 Frankfurt am Main-Innenstadt II, Germany",Frankfurt am Main,Germany,069 722828,https://restaurantknoblauchfrankfurt.de/,info@restaurantknoblauchfrankfurt.de,Expensive,4.6,,French Restaurant | Rated 4.6/5 (194 reviews) | Expensive / upscale tier,Google Places API (New)
Eliá Restaurant,"Frankenallee 111, 60326 Frankfurt am Main-Innenstadt I, Germany",Frankfurt am Main,Germany,069 97319661,https://www.elia-frankfurt.com/,RESTAURANT@ELIA-FRANKFURT.DE,Expensive,4.7,,Reinterpreted Greek dishes & a robust wine list at a modern venue with a chic Mediterranean vibe. | Greek Restaurant | Rated 4.7/5 (1231 reviews) | Expensive / upscale tier,Google Places API (New)
CAGLA Frankfurt japanese Sushi cuisine,"Wallstraße 22, 60594 Frankfurt am Main-Frankfurt-Süd, Germany",Frankfurt am Main,Germany,0160 98227444,https://cagla-frankfurt.de/,cagla.frankfurt@gmail.com,Very Expensive,4.9,,"Upscale, multi-course traditional Japanese fine dining served in a sophisticated space. | Japanese Restaurant | Rated 4.9/5 (447 reviews) | Very expensive / luxury tier",Google Places API (New)
L'ava Restaurant & More,"Eugen-Kaiser-Str. 21, 63450 Hanau, Germany",Hanau,Germany,06181 3049930,http://www.lava-hanau.de/,info@lava-hanau.de,Expensive,4.8,,Restaurant | Rated 4.8/5 (3511 reviews) | Expensive / upscale tier,Google Places API (New)
The ASH Frankfurt,"Mainzer Landstraße 1, 60325 Frankfurt am Main-Innenstadt I, Germany",Frankfurt am Main,Germany,069 153293292,https://www.the-ash.com/restaurants/frankfurt,53d81a0738162be9231d4244a8bad56d76e19514e369cc5ccb98b5430698bd66frankfurt@the-ash.com,Expensive,4.1,,Restaurant | Rated 4.1/5 (2244 reviews) | Expensive / upscale tier,Google Places API (New)
Bellpepper Restaurant & Terrasse,"Templerstraße 6, 55116 Mainz, Germany",Mainz,Germany,06131 7311537,https://www.bellpepper.de/?utm_source=googlebusinessprofile&utm_medium=organic&utm_campaign=website,mainz.regency@hyatt.com,Expensive,4.4,,"Elegant space with upholstered seating & a water-view terrace, serving upscale, regional cuisine. | Restaurant | Rated 4.4/5 (661 reviews) | Expensive / upscale tier",Google Places API (New)
Bastian's Restaurant,"Erbsengasse 16, 61169 Friedberg (Hessen)-Dorheim, Germany",Friedberg (Hessen),Germany,06031 6726551,http://bastians-restaurant.de/,info@bastians-restaurant.de,Very Expensive,4.9,,Restaurant | Rated 4.9/5 (257 reviews) | Very expensive / luxury tier,Google Places API (New)
AMOROSO an der Alten Oper,"Opernpl. 8, 60313 Frankfurt am Main, Germany",Frankfurt am Main,Germany,069 21935577,http://www.amoroso-frankfurt.de/,info@amoroso-frankfurt.de,Expensive,4.7,,"Classic Italian dishes served in an elegant setting, featuring a terrace with views of the plaza. | Restaurant | Rated 4.7/5 (595 reviews) | Expensive / upscale tier",Google Places API (New)
The Sakai,"Hedderichstraße 69, 60596 Frankfurt am Main, Germany",Frankfurt am Main,Germany,069 89990330,http://www.the-sakai.com/,contact@the-sakai.com,Very Expensive,4.7,,"Rustic-chic restaurant offering a sophisticated sushi omakase menu, plus wine & sake. | Japanese Restaurant | Rated 4.7/5 (521 reviews) | Very expensive / luxury tier",Google Places API (New)
Die Leiter,"Kaiserhofstraße 11, 60313 Frankfurt am Main-Innenstadt I, Germany",Frankfurt am Main,Germany,069 292121,http://www.dieleiter.de/,info@dieleiter.de,Expensive,4.4,,"Urbane choice with outdoor seating offering high-end Italian food, plus schnitzels & French dishes. | Restaurant | Rated 4.4/5 (262 reviews) | Expensive / upscale tier",Google Places API (New)
Ristorante Gallo Nero,"Kaiserhofstraße 7, 60313 Frankfurt am Main-Innenstadt I, Germany",Frankfurt am Main,Germany,069 284840,http://www.ristorante-gallo-nero.de/,info@ristorante-gallo-nero.de,Expensive,4.3,,Traditional Italian dishes & a varied wine list at a classy restaurant with terrace tables. | Italian Restaurant | Rated 4.3/5 (587 reviews) | Expensive / upscale tier,Google Places API (New)
Rama V - thailändisches Restaurant | Thai food Frankfurt,"Vilbeler Straße 32, 60313 Frankfurt am Main, Germany",Frankfurt am Main,Germany,069 21996488,http://ramav.de/,info@ramav.de,Expensive,4.7,,Thai Restaurant | Rated 4.7/5 (1003 reviews) | Expensive / upscale tier,Google Places API (New)
Alte Schmiede Restaurant Seit 2011,"Restaurant Alte Schmiede, Marktpl. 14, 63500 Seligenstadt, Germany",Seligenstadt,Germany,06182 8410665,https://alte-schmiede-seligenstadt.de/,info@alte-schmiede-seligenstadt.de,Expensive,4.8,,Restaurant | Rated 4.8/5 (1367 reviews) | Expensive / upscale tier,Google Places API (New)
Flavors,"Hugo-Eckener-Ring 15, 60549 Frankfurt am Main, Germany",Frankfurt am Main,Germany,069 69771246,https://www.frankfurtairport-restaurants-bars.com/flavors,marketing@frankfurt-airporthotels.com,Expensive,4.1,,Restaurant | Rated 4.1/5 (208 reviews) | Expensive / upscale tier,Google Places API (New)
Brasserie du Sud,"Oppenheimer Landstraße 31, 60596 Frankfurt am Main-Frankfurt-Süd, Germany",Frankfurt am Main,Germany,069 615999,http://brasserie-du-sud.de/,reservierung@brasserie-du-sud.de,Expensive,4.7,,Restaurant | Rated 4.7/5 (405 reviews) | Expensive / upscale tier,Google Places API (New)
M-Steakhouse,"Feuerbachstraße 11A, 60325 Frankfurt am Main-Innenstadt II, Germany",Frankfurt am Main,Germany,069 71034050,http://www.mook-group.de/,info@mook-group.de,Very Expensive,4.3,,Steak House | Rated 4.3/5 (986 reviews) | Very expensive / luxury tier,Google Places API (New)
OJO Frankfurt,"Hochstraße 27, 60313 Frankfurt am Main, Germany",Frankfurt am Main,Germany,069 92020510,http://www.ojofrankfurt.de/,RESTAURANT@OJOFRANKFURT.DE,Very Expensive,4.6,,Argentinian Restaurant | Rated 4.6/5 (721 reviews) | Very expensive / luxury tier,Google Places API (New)
Fleischeslust Frankfurt GmbH,"Schweizer Str. 77, 60594 Frankfurt am Main, Germany",Frankfurt am Main,Germany,069 20024838,https://www.fleischeslust-frankfurt.de/,info@fleischeslust-frankfurt.de,Very Expensive,4.5,,Steak House | Rated 4.5/5 (868 reviews) | Very expensive / luxury tier,Google Places API (New)
Dorade am Main,"Carl-von-Noorden-Platz 5, 60596 Frankfurt am Main-Frankfurt-Süd, Germany",Frankfurt am Main,Germany,069 63198383,http://restaurant-dorade.de/,essen@dorade.net,Expensive,4.6,,"Creative Mediterranean cooking with an emphasis on seafood in an airy, sophisticated setting. | Mediterranean Restaurant | Rated 4.6/5 (595 reviews) | Expensive / upscale tier",Google Places API (New)
Allgaiers Restaurant,"Feuerbachstraße 5, 60325 Frankfurt am Main, Germany",Frankfurt am Main,Germany,069 98956611,http://www.allgaiers.eu/,frankfurt@allgaiers.eu,Expensive,4.7,,Restaurant | Rated 4.7/5 (171 reviews) | Expensive / upscale tier,Google Places API (New)
Apfelweinwirtschaft Atschel,"Wallstraße 7, 60594 Frankfurt am Main-Frankfurt-Süd, Germany",Frankfurt am Main,Germany,069 619201,http://www.atschel.de/,,Moderate,4.6,,"Traditional 1800s apple wine bar, serving German standards in a wood-paneled room or in the garden. | German Restaurant | Rated 4.6/5 (4001 reviews)",Google Places API (New)
Kish Restaurant,"Leipziger Str. 16A, 60487 Frankfurt am Main, Germany",Frankfurt am Main,Germany,069 77039888,https://www.kish-restaurant.de/,,Moderate,4.9,,"Persian-style kebabs, grilled meats & rice served in a cozy space with colorful paintings & carpets. | Persian Restaurant | Rated 4.9/5 (11073 reviews)",Google Places API (New)
Restaurant Paulaner am Dom,"Domplatz 6, 60311 Frankfurt am Main-Innenstadt I, Germany",Frankfurt am Main,Germany,069 20976890,https://paulaner-am-dom.de/,info@paulaner-am-dom.de,Moderate,4.3,,"Airy tavern for big servings of traditional Bavarian meat & potato dishes, plus steins of beer. | German Restaurant | Rated 4.3/5 (6520 reviews)",Google Places API (New)
Frankfurter Wirtshaus,"Mainkai 35, 60311 Frankfurt am Main, Germany",Frankfurt am Main,Germany,069 29728660,http://frankfurterwirtshaus.de/,info@frankfurterwirtshaus.de,Moderate,4.3,,Restaurant | Rated 4.3/5 (1474 reviews),Google Places API (New)
Zu den 12 Aposteln,"Rosenbergerstraße 1, 60313 Frankfurt am Main-Innenstadt I, Germany",Frankfurt am Main,Germany,069 288668,https://speisekartenweb.de/restaurants/frankfurt+am+main/zu-den-12-aposteln-174897?utm_source=google_profile&utm_medium=google_profile&utm_campaign=admin,info@12aposteln-ffm.de,Moderate,4.4,,"Meaty regional German specialties & house brews at a lively, rustic beer hall & tavern. | German Restaurant | Rated 4.4/5 (1157 reviews)",Google Places API (New)
Medici,"Weißadlergasse 2, 60311 Frankfurt am Main-Innenstadt I, Germany",Frankfurt am Main,Germany,069 21990794,http://www.restaurantmedici.de/,info@restaurantmedici.de,,4.6,,Fine dining restaurant with a terrace serving contemporary European cuisine & wine. | Restaurant | Rated 4.6/5 (1724 reviews),Google Places API (New)
Im Herzen Afrikas,"Gutleutstraße 13, 60329 Frankfurt am Main-Innenstadt I, Germany",Frankfurt am Main,Germany,069 24246080,https://www.imherzenafrikas-frankfurt.de/,reservierung@imherzenafrikas-frankfurt.de,Moderate,4.7,,Restaurant | Rated 4.7/5 (3679 reviews),Google Places API (New)
Römer Pils Brunnen,"Töngesgasse 19, 60311 Frankfurt am Main-Innenstadt I, Germany",Frankfurt am Main,Germany,069 287712,http://roemerpilsbrunnen.de/,,Moderate,4.4,,"Steaks, schnitzel, desserts & beer served in a humble, tavern-style restaurant with sidewalk tables. | German Restaurant | Rated 4.4/5 (3752 reviews)",Google Places API (New)
Der Fette Bulle,"Kaiserstraße 73, 60329 Frankfurt am Main-Innenstadt I, Germany",Frankfurt am Main,Germany,069 90757004,http://derfettebulle.de/,,Moderate,4.6,,"Buzzy, industrial-chic restaurant dishing up hefty burgers on cutting boards, plus beer & fries. | Restaurant | Rated 4.6/5 (7508 reviews)",Google Places API (New)
Salzkammer,"Weißadlergasse 15, 60311 Frankfurt am Main-Innenstadt I, Germany",Frankfurt am Main,Germany,069 92882885,http://www.salzkammerffm.de/,,Moderate,4.4,,"Classic Austrian dishes like Viennese schnitzel & pancakes in a cozy, wood-paneled space. | Austrian Restaurant | Rated 4.4/5 (2613 reviews)",Google Places API (New)
What's Beef,"Seckbächer G. 5, 60311 Frankfurt am Main-Innenstadt I, Germany",Frankfurt am Main,Germany,069 98956170,https://whatsbeef.de/frankfurt,info@whatsbeef.de,Moderate,4.5,,Hamburger Restaurant | Rated 4.5/5 (5855 reviews),Google Places API (New)
Zarathustra,"Jahnstraße 1, 60318 Frankfurt am Main-Innenstadt III, Germany",Frankfurt am Main,Germany,069 20024976,https://zarathustra-restaurant.de/,,Moderate,4.9,,Traditional Persian fare & cocktails offered in contemporary digs with colorful art & plush seating. | Persian Restaurant | Rated 4.9/5 (3157 reviews),Google Places API (New)
Cucina delle Grazie,"Haus am Dom, Domplatz 3, 60311 Frankfurt am Main, Germany",Frankfurt am Main,Germany,069 8008718520,http://www.cucina-delle-grazie.de/,info@cucina-delle-grazie.de,Moderate,4.6,,"Minimalist restaurant with sidewalk tables, offering carefully plated, Italian-inspired dishes. | Italian Restaurant | Rated 4.6/5 (659 reviews)",Google Places API (New)
Restaurant MyFrankfurt,"Liebfrauenberg 37, 60313 Frankfurt am Main, Germany",Frankfurt am Main,Germany,069 92883123,https://www.restaurantmyfrankfurt.de/,reservierung@restaurantmyfrankfurt.de,Moderate,4.5,,Restaurant | Rated 4.5/5 (1033 reviews),Google Places API (New)
Jesse James,"Hanauer Landstraße 83, 60314 Frankfurt am Main-Bornheim/Ostend, Germany",Frankfurt am Main,Germany,069 49085098,http://www.jessejames.eu/,info@jessejames.eu,Moderate,4.4,,"Chic, minimalist restaurant with a patio, offering brunch, plus pasta, burgers & cocktails. | Restaurant | Rated 4.4/5 (2053 reviews)",Google Places API (New)
Via Monte Napoleone Restaurant,"Bockenheimer Landstraße 55, 60325 Frankfurt am Main-Innenstadt II, Germany",Frankfurt am Main,Germany,069 27275561,http://www.via-montenapoleone.de/,reservation@via-montenapoleone.de,,4.8,,Italian Restaurant | Rated 4.8/5 (748 reviews),Google Places API (New)
Mutter Ernst,"Rahmhofstraße 2-4, 60313 Frankfurt am Main, Germany",Frankfurt am Main,Germany,069 15341610,https://www.mutter-ernst-ffm.de/,sull682437@aol.comInhaber,Moderate,4.4,,Restaurant | Rated 4.4/5 (1398 reviews),Google Places API (New)
Trattoria i Siciliani Ristorante Italiano,"Walter-Kolb-Straße 17, 60594 Frankfurt am Main, Germany",Frankfurt am Main,Germany,069 61993321,http://www.trattoriaisiciliani.de/,info@isiciliani.de,Moderate,4.9,,Long-standing trattoria serving pasta & grilled meats alongside wines imported from Sicily. | Italian Restaurant | Rated 4.9/5 (2761 reviews),Google Places API (New)
MyPita,"Kleine Rittergasse 43, 60594 Frankfurt am Main, Germany",Frankfurt am Main,Germany,069 60607081,https://www.mypita.de/,Info@mypita-frankfurt.de,Moderate,4.8,,Restaurant | Rated 4.8/5 (1146 reviews),Google Places API (New)
Schwarzer Stern,"Römerberg 6, 60311 Frankfurt am Main-Innenstadt I, Germany",Frankfurt am Main,Germany,069 291979,http://schwarzerstern.com/,info@schwarzerstern.de,Moderate,4.3,,Schnitzel & Hesse-region beers on a terrace with views across the square to the medieval town hall. | German Restaurant | Rated 4.3/5 (1512 reviews),Google Places API (New)
Wirtshaus am Hühnermarkt,"Markt 18, 60311 Frankfurt am Main, Germany",Frankfurt am Main,Germany,069 299030,http://www.amhuehnermarkt.com/,wirtshaus@amhuehnermarkt.com,,4.7,,German restaurant serving Hessian cuisine & beer in a classic space with seating on the square. | Restaurant | Rated 4.7/5 (866 reviews),Google Places API (New)
Longobardis,"Oskar-von-Miller-Straße 10, 60314 Frankfurt am Main, Germany",Frankfurt am Main,Germany,0173 5233321,https://longobardis-restaurant.eatbu.com/,Ristorantino.longobardis@gmail.com,Moderate,4.8,,Italian Restaurant | Rated 4.8/5 (1642 reviews),Google Places API (New)
Apfelwein Dax,"Willemerstraße 11, 60594 Frankfurt am Main, Germany",Frankfurt am Main,Germany,069 616437,http://www.apfelwein-dax.de/,gude@apfelwein-dax.de,Moderate,4.6,,"Robust Hessian dishes like schnitzel, steak & a herby green sauce, plus cider, in a publike space. | German Restaurant | Rated 4.6/5 (2805 reviews)",Google Places API (New)
MARGARETE,"Braubachstraße 18 - 22, 60311 Frankfurt am Main, Germany",Frankfurt am Main,Germany,069 21999903,http://margarete.de/,info@margarete.de,Expensive,4.2,,Restaurant | Rated 4.2/5 (1344 reviews) | Expensive / upscale tier,Google Places API (New)
Doy Doy Restaurant,"Zeil 25, 60313 Frankfurt am Main-Innenstadt I, Germany",Frankfurt am Main,Germany,069 20976868,http://doydoy-frankfurt.com/,info@doydoy-frankfurt.com,Moderate,4.7,,"Modern Turkish restaurant with a large terrace, serving grilled meats, pide flatbreads & falafel. | Turkish Restaurant | Rated 4.7/5 (2886 reviews)",Google Places API (New)
Dining Raum,"Fahrgasse 15, 60311 Frankfurt am Main, Germany",Frankfurt am Main,Germany,,https://www.diningraum.com/,info@diningraum.com,Moderate,4.6,,Breakfast Restaurant | Rated 4.6/5 (1029 reviews),Google Places API (New)
"Hudson Yards Lounge, Bar & Dining","Hochstraße 4, 60313 Frankfurt am Main, Germany",Frankfurt am Main,Germany,069 133802450,https://www.hudsonyards-frankfurt.com/,,Expensive,4.6,,Restaurant | Rated 4.6/5 (116 reviews) | Expensive / upscale tier,Google Places API (New)
Ebbelwoi Unser,"Abtsgäßchen 8, 60594 Frankfurt am Main-Frankfurt-Süd, Germany",Frankfurt am Main,Germany,01520 4302659,http://www.ebbelwoi-unser.de/,ebbelwoi-unser@web.de,Moderate,4.5,,"Traditional Frankfurt apple wine with wurst, dumplings & sauerkraut in a relaxed, rustic tavern. | German Restaurant | Rated 4.5/5 (3170 reviews)",Google Places API (New)
eatDOORI Indian Restaurant,"Kaiserstraße 55, 60329 Frankfurt am Main, Germany",Frankfurt am Main,Germany,069 236951,https://eatdoori.com/indisches-restaurant/eatdoori-ffm-kaiserstrasee/,ffm.bahnhofsviertel@eatdoori.com,Moderate,4.5,,Restaurant | Rated 4.5/5 (3175 reviews),Google Places API (New)
Paulaner in the Squaire,"The Squaire, 60549 Frankfurt am Main, Germany",Frankfurt am Main,Germany,069 75662599,https://paulaner-thesquaire.de/,info@paulaner-thesquaire.de,Moderate,4.1,,"Pork knuckles, schnitzel & dumplings, accompanied by Bavarian beer, at a lively, rustic tavern. | German Restaurant | Rated 4.1/5 (1085 reviews)",Google Places API (New)
Gasthaus Zum Eisernen Steg,"Schaumainkai 1, 60594 Frankfurt am Main, Germany",Frankfurt am Main,Germany,069 76061800,http://www.zes-ffm.de/,info@zes-ffm.de,Moderate,4.3,,Restaurant | Rated 4.3/5 (1100 reviews),Google Places API (New)
Kiwis – Restaurant • Bar • Events,"Schillerstraße 10, 60313 Frankfurt am Main-Innenstadt I, Germany",Frankfurt am Main,Germany,069 21009879,https://www.kiwis-frankfurt.de/,info@kiwis-frankfurt.de,Moderate,4.8,,"Chill hangout dishing up local & global bites including burgers & finger foods, plus cool cocktails. | Restaurant | Rated 4.8/5 (3652 reviews)",Google Places API (New)
NORDSEE Frankfurt Fisch Franke,"Domstraße 9-11, 60311 Frankfurt am Main, Germany",Frankfurt am Main,Germany,069 296261,https://www.fischfranke.de/,info@fischfranke.de,Moderate,4.5,,Seafood dishes & fish with a classic green sauce in a stalwart venue with al fresco tables. | Restaurant | Rated 4.5/5 (1704 reviews),Google Places API (New)
Harput Restaurant Frankfurt,"Kornmarkt 11, 60311 Frankfurt am Main, Germany",Frankfurt am Main,Germany,069 78806752,https://harputfrankfurt.de/,info@harputfrankfurt.de,Moderate,4.8,,Turkish Restaurant | Rated 4.8/5 (1458 reviews),Google Places API (New)
Sonamu,"Berger Str. 184, 60385 Frankfurt am Main-Innenstadt III, Germany",Frankfurt am Main,Germany,069 90437250,http://www.sonamu-frankfurt.de/,info@sonamu-frankfurt.de,Moderate,4.5,,Stylishly designed wooden dining room for classic Korean dishes with seasoned rice & grilled meat. | Korean Restaurant | Rated 4.5/5 (2083 reviews),Google Places API (New)
Zum Standesämtchen,"Römerberg 16, 60311 Frankfurt am Main-Innenstadt I, Germany",Frankfurt am Main,Germany,069 282999,http://www.zum-standesaemtchen.de/,info@zum-standesaemtchen.de,Moderate,3.8,,"Schnitzel, pork knuckle & local staples in a half-timbered building, with a terrace on the square. | German Restaurant | Rated 3.8/5 (1523 reviews)",Google Places API (New)
Kyoto Restaurant,"Kleiner Hirschgraben 10, 60311 Frankfurt am Main, Germany",Frankfurt am Main,Germany,069 90758619,http://www.kyoto-restaurant-frankfurt.de/,kontakt@kyoto-restaurant-frankfurt.de,Moderate,4.7,,Restaurant | Rated 4.7/5 (580 reviews),Google Places API (New)
Haus Wertheym,"Fahrtor 1, 60311 Frankfurt am Main-Innenstadt I, Germany",Frankfurt am Main,Germany,069 281432,http://www.haus-wertheym.de/,info@haus-wertheym.de,Moderate,4.3,,German Restaurant | Rated 4.3/5 (987 reviews),Google Places API (New)
L'Osteria Frankfurt Junghofstrasse,"Junghofstraße 14-16, 60311 Frankfurt am Main, Germany",Frankfurt am Main,Germany,069 75087692,https://losteria.net/de/restaurants/restaurant/frankfurt-junghofstrasse/,frankfurt.junghofstrasse@losteria.de,Moderate,4.5,,Italian Restaurant | Rated 4.5/5 (3127 reviews),Google Places API (New)
Adolf Wagner,"Schweizer Str. 71, 60594 Frankfurt am Main, Germany",Frankfurt am Main,Germany,069 612565,http://www.apfelwein-wagner.com/,info@apfelwein-wagner.com,Moderate,4.1,,"Simple tavern with sidewalk tables serving hearty German fare, plus local wines, beer & cider. | German Restaurant | Rated 4.1/5 (9576 reviews)",Google Places API (New)
Conrad's - Deutsches Restaurant,"Große Eschenheimer Str. 3, 60313 Frankfurt am Main-Innenstadt I, Germany",Frankfurt am Main,Germany,069 285338,http://www.conrads-restaurant.de/,service@conrads-restaurant.de,Moderate,4.2,,"Old-timey dining room, open since 1956, featuring homestyle German meals & beer, plus a terrace. | Restaurant | Rated 4.2/5 (810 reviews)",Google Places API (New)
Walden Frankfurt,"Kleiner Hirschgraben 7, 60311 Frankfurt am Main, Germany",Frankfurt am Main,Germany,069 92882700,http://www.walden-frankfurt.com/,office@walden-frankfurt.com,Moderate,4.4,,"Breakfasts, lunch dishes like flammkuchen & cakes, in bright, stylish cafe or on a large terrace. | Restaurant | Rated 4.4/5 (1293 reviews)",Google Places API (New)
Curry Club,"Vilbeler Straße 27, 60313 Frankfurt am Main, Germany",Frankfurt am Main,Germany,069 90025840,https://curryclubfrankfurt.de/,cc@curryclubfrankfurt.de,Moderate,4.8,,Indian Restaurant | Rated 4.8/5 (1061 reviews),Google Places API (New)
HANS IM GLÜCK - FRANKFURT am Main Braubachstraße,"Braubachstraße 1, 60311 Frankfurt am Main, Germany",Frankfurt am Main,Germany,069 271470560,https://hansimglueck-burgergrill.de/burger-restaurant/frankfurt-braubachstrasse/?utm_source=google&utm_medium=yext&utm_campaign=60,braubachstrasse@hansimglueck.de,Moderate,4.5,,Hamburger Restaurant | Rated 4.5/5 (4921 reviews),Google Places API (New)
Ristorante Italiano - Questione di Gusto,"Liebfrauenberg 37, 60313 Frankfurt am Main-Innenstadt I, Germany",Frankfurt am Main,Germany,069 46090760,http://questionedigusto.de/,info@mcm-immobilien.de,Moderate,4.4,,Easygoing destination with a terrace & a warm atmosphere doling out pizza & pasta dishes. | Italian Restaurant | Rated 4.4/5 (981 reviews),Google Places API (New)
IIMORI Patisserie,"Braubachstraße 24, 60311 Frankfurt am Main-Innenstadt I, Germany",Frankfurt am Main,Germany,069 97768247,https://iimori.de/patisserie/,47E-Mailpatisserie@iimori.deOffice,Moderate,4,,"Coffee, delicate desserts & cuisine blending Japanese & French flavors in elegant surrounds. | Cafe | Rated 4/5 (3236 reviews)",Google Places API (New)
THE VIEW,"im GALERIA Frankfurt an der Hauptwache, Zeil 116-126, 60313 Frankfurt am Main, Germany",Frankfurt am Main,Germany,069 2191579,http://www.galeria-restaurant.de/,presse@galeria.de,Moderate,4.2,,Contemporary rooftop cafeteria with a spacious terrace featuring sweeping views of the city. | Restaurant | Rated 4.2/5 (1536 reviews),Google Places API (New)
Block House,"Europa-Allee 12-22, 60327 Frankfurt am Main-Innenstadt I, Germany",Frankfurt am Main,Germany,069 78079474,https://www.block-house.de/restaurants/frankfurt-main/europa-allee,,Moderate,4.3,,Steak House | Rated 4.3/5 (3482 reviews),Google Places API (New)
Ristorante Sardegna UG,"Fahrgasse 84, 60311 Frankfurt am Main-Innenstadt I, Germany",Frankfurt am Main,Germany,069 13376779,http://ristorante-sardegna.de/,,Expensive,4.6,,"Robust steaks, pasta dishes & pizza accompanied by Italian wine at a retro spot with a cozy terrace. | Italian Restaurant | Rated 4.6/5 (1448 reviews) | Expensive / upscale tier",Google Places API (New)
Paninoteca No.1,"Bleidenstraße 13, 60311 Frankfurt am Main-Innenstadt I, Germany",Frankfurt am Main,Germany,069 284487,http://www.paninoteca.co/,rest@paninoteca.co,Moderate,4.5,,"Long-standing restaurant for fish & seafood dishes, plus pasta & Italian wines, in an unfussy space. | Italian Restaurant | Rated 4.5/5 (1431 reviews)",Google Places API (New)
Vetro Vero Frankfurt,"Feldbergstraße 3, 60323 Frankfurt am Main, Germany",Frankfurt am Main,Germany,069 721882,http://www.vetroverofrankfurt.de/,info@vetroverofrankfurt.de,Expensive,4.7,,Restaurant | Rated 4.7/5 (546 reviews) | Expensive / upscale tier,Google Places API (New)
Anjappar Chettinad South Indian Restaurant,"Kaiserstraße 41, 60329 Frankfurt am Main, Germany",Frankfurt am Main,Germany,069 24246272,https://www.anjapparfrankfurt.de/,info@anjapparfrankfurt.de,Moderate,4.5,,Indian Restaurant | Rated 4.5/5 (2201 reviews),Google Places API (New)
Café Hauptwache,"An der Hauptwache 15, 60313 Frankfurt am Main-Innenstadt I, Germany",Frankfurt am Main,Germany,069 21998627,https://www.cafe-hauptwache.de/?lang=en,info@cafe-hauptwache.de,Moderate,4.1,,"Robust German dishes & beer, plus breakfast, at a century-old landmark with a terrace on a square. | German Restaurant | Rated 4.1/5 (4175 reviews)",Google Places API (New)
Alten Limpurg,"Römerberg 17, 60311 Frankfurt am Main-Innenstadt I, Germany",Frankfurt am Main,Germany,069 92883130,https://www.alten-limpurg.com/,hello@alten-limpurg.com,Moderate,4.2,,Traditional Hessian restaurant in a centuries-old building that has terrace seating. | Restaurant | Rated 4.2/5 (893 reviews),Google Places API (New)
Cafè Bistro Troisi,"Markt 44, 60311 Frankfurt am Main, Germany",Frankfurt am Main,Germany,069 48008990,https://www.cafebistrotroisi-fkv.de/,info@cafebistrotroisi-fkv.de,Moderate,4.7,,Restaurant | Rated 4.7/5 (93 reviews),Google Places API (New)
Mainkai Café•Bistro,"Mainkai 15, 60311 Frankfurt am Main-Innenstadt I, Germany",Frankfurt am Main,Germany,069 26097565,http://www.mainkaicafe.de/,,Moderate,4.6,,"Bright, modern venue for coffee, sandwiches & breakfast, with a terrace overlooking the Main. | Cafe | Rated 4.6/5 (2603 reviews)",Google Places API (New)
Bistro König Bar,"Baseler Str. 56, 60329 Frankfurt am Main-Innenstadt I, Germany",Frankfurt am Main,Germany,069 26484691,,,Moderate,4.1,,Bistro | Rated 4.1/5 (378 reviews),Google Places API (New)
IZU asian bistro,"Zeil 110, 60313 Frankfurt am Main, Germany",Frankfurt am Main,Germany,069 34871856,http://www.izu-asian-bistro.de/,info@izu-asian-bistro.de,Moderate,4.3,,Restaurant | Rated 4.3/5 (583 reviews),Google Places API (New)
GRETA OTO Frankfurt,"Thurn-und-Taxis-Platz 2, 60313 Frankfurt am Main, Germany",Frankfurt am Main,Germany,069 297237573,https://gretaoto-restaurants.com/frankfurt/,info@gretaoto-frankfurt.com,Very Expensive,4.1,,Restaurant | Rated 4.1/5 (120 reviews) | Very expensive / luxury tier,Google Places API (New)
Café Libretto,"Hasengasse 4, 60311 Frankfurt am Main, Germany",Frankfurt am Main,Germany,069 20019010,https://www.cafe-libretto.de/,,Moderate,4.4,,Restaurant | Rated 4.4/5 (600 reviews),Google Places API (New)
Brasserie Frankfurt MyZeil,"Zeil 106, 60313 Frankfurt am Main, Germany",Frankfurt am Main,Germany,069 870097535,https://www.deine-brasserie.de/brasserie-frankfurt,,Moderate,3.9,,Cafe | Rated 3.9/5 (394 reviews),Google Places API (New)
The Holy Cross Brewing Society,"Fahrgasse 7, 60311 Frankfurt am Main-Innenstadt I, Germany",Frankfurt am Main,Germany,,https://www.theholycross.de/,orders@theholycross.de,Inexpensive,4.5,,"Industrial cafe serving house blends, single-origin coffees & pastries, plus cappuccino art. | Coffee Shop | Rated 4.5/5 (1664 reviews)",Google Places API (New)
Das Herz von Frankfurt,"Braubachstraße 31, 60311 Frankfurt am Main, Germany",Frankfurt am Main,Germany,069 96752944,http://www.dasherzvonfrankfurt.com/,info@dasherzvonfrankfurt.com,Moderate,4.4,,Cafe | Rated 4.4/5 (762 reviews),Google Places API (New)
BAR SHUKA Restaurant & Bar,"Niddastraße 56, 60329 Frankfurt am Main, Germany",Frankfurt am Main,Germany,069 2566772280,http://www.barshuka.com/,info@barshuka.com,Expensive,4.2,,"Female-run cafe with a funky design scheme, serving Middle Eastern fusion dishes on a wooden patio. | Restaurant | Rated 4.2/5 (1209 reviews) | Expensive / upscale tier",Google Places API (New)
Le Petit Chef - Frankfurt,"Steigenberger Frankfurter Hof, Bethmannstraße 33, 60311 Frankfurt am Main, Germany",Frankfurt am Main,Germany,069 348676366,https://lepetitchef.com/frankfurt/?utm_source=google&utm_medium=local&utm_campaign=gmb,ffm@lepetitchef.de,Very Expensive,4.7,,Restaurant | Rated 4.7/5 (808 reviews) | Very expensive / luxury tier,Google Places API (New)
Heimat,"Berliner Str. 70, 60311 Frankfurt am Main-Innenstadt I, Germany",Frankfurt am Main,Germany,069 29725994,http://www.heimat-restaurant.de/,info@heimat-restaurant.de,,4.6,,Contemporary European meat & fish dishes paired with wine in a stylish space with a leafy terrace. | Restaurant | Rated 4.6/5 (467 reviews),Google Places API (New)
Panamaa Restaurant & Bar - Frankfurt am Main,"Fahrgasse 3, 60311 Frankfurt am Main-Innenstadt I, Germany",Frankfurt am Main,Germany,069 92039510,https://panamaa.de/,reservierung@panamaa.de,Moderate,4.8,,Restaurant | Rated 4.8/5 (432 reviews),Google Places API (New)
Nazar Cafe & Restaurant | Zeil 92,"Zeil 92, 60313 Frankfurt am Main, Germany",Frankfurt am Main,Germany,069 71378700,http://nazar-frankfurt.de/,info@nazar-frankfurt.de,Moderate,4.6,,Turkish Restaurant | Rated 4.6/5 (259 reviews),Google Places API (New)
Cafe & Bar Celona Frankfurt,"Holzgraben 31, 60313 Frankfurt am Main-Innenstadt I, Germany",Frankfurt am Main,Germany,069 21935787,https://celona.de/cafe-bar-celona-frankfurt,frankfurt@cafe-bar-celona.de,Moderate,4.1,,Cafe | Rated 4.1/5 (5110 reviews),Google Places API (New)
Citybeach Frankfurt,"Carl-Theodor-Reiffenstein-Platz 5, 60313 Frankfurt am Main-Innenstadt I, Germany",Frankfurt am Main,Germany,069 29729697,https://www.citybeach-frankfurt.de/,info@cityalm.de,Moderate,4.1,,"Lively hangout with a pool, an artificial beach & city views serving burgers, finger foods & drinks. | Restaurant | Rated 4.1/5 (4187 reviews)",Google Places API (New)
Trattoria Rustica,"Mainzer Landstraße 434, 60326 Frankfurt am Main-Innenstadt I, Germany",Frankfurt am Main,Germany,069 15348086,https://www.trattoria-rustica.eu/,trattoria.rustica@yahoo.de,Moderate,4.7,,Italian Restaurant | Rated 4.7/5 (677 reviews),Google Places API (New)
Trattoria Da Pasquale,"Mörfelder Landstraße 82, 60598 Frankfurt am Main, Germany",Frankfurt am Main,Germany,069 612613,http://www.trattoria-da-pasquale.de/,,Moderate,4.7,,Italian Restaurant | Rated 4.7/5 (280 reviews),Google Places API (New)
L'Osteria Frankfurt MyZeil,"Zeil 106, 60313 Frankfurt am Main, Germany",Frankfurt am Main,Germany,069 71585957,https://losteria.net/de/,office@losteria.de,Moderate,4.7,,Italian Restaurant | Rated 4.7/5 (5316 reviews),Google Places API (New)
Alla Vita Buona,"Hasengasse 5-7, 60311 Frankfurt am Main, Germany",Frankfurt am Main,Germany,069 293197,https://www.alla-vita-buona.de/,,Moderate,4.8,,Italian Restaurant | Rated 4.8/5 (95 reviews),Google Places API (New)
Machiavelli,"Kronberger Str. 46, 60323 Frankfurt am Main-Innenstadt II, Germany",Frankfurt am Main,Germany,069 728372,https://www.machiavelli-frankfurt.de/,info@machiavelli-frankfurt.de,Moderate,4.7,,"Family-owned trattoria & wine bar with a homey ambiance, Northern Italian recipes & outdoor seating. | Italian Restaurant | Rated 4.7/5 (161 reviews)",Google Places API (New)
the italian Frankfurt,"Amelia-Mary-Earhart-Straße 7, 60549 Frankfurt am Main-Frankfurt-Süd, Germany",Frankfurt am Main,Germany,069 78803199,http://www.the-italian-frankfurt.de/,info@the-italian-frankfurt.de,Moderate,4.2,,Restaurant | Rated 4.2/5 (2091 reviews),Google Places API (New)
Anni Brasserie,"Junghofstraße 7, 60311 Frankfurt am Main, Germany",Frankfurt am Main,Germany,069 589979879,https://www.annibrasserie.com/,hello@kimptonmainfrankfurt.com,Expensive,4.5,,Restaurant | Rated 4.5/5 (59 reviews) | Expensive / upscale tier,Google Places API (New)
BACCO,"Kaiserstraße 50, 60329 Frankfurt am Main-Innenstadt I, Germany",Frankfurt am Main,Germany,069 27107657,http://www.bacco-frankfurt.de/,info@bacco-frankfurt.de,Moderate,4.4,,Traditional Italian specialties served in a relaxed establishment with sidewalk tables. | Italian Restaurant | Rated 4.4/5 (1890 reviews),Google Places API (New)
Restaurant Schoenemann,"Opernplatz 16, Access Only Via, Hochstraße 44, 60313 Frankfurt am Main, Germany",Frankfurt am Main,Germany,069 256695936,https://www.restaurant-schoenemann.de/,restaurant-schoenemann@sofitel.com,,4.3,,German Restaurant | Rated 4.3/5 (248 reviews),Google Places API (New)
Trattoria Di Liberto,"Marbachweg 302, 60320 Frankfurt am Main-Frankfurt-Mitte-Nord, Germany",Frankfurt am Main,Germany,069 26016000,https://www.trattoria-diliberto.de/,trattoria.diliberto@gmail.com,Moderate,4.2,,Italian Restaurant | Rated 4.2/5 (655 reviews),Google Places API (New)
Quattro Ristorante Italiano,"Gelbehirschstraße 12, 60313 Frankfurt am Main, Germany",Frankfurt am Main,Germany,069 293777,http://www.quattro-frankfurt.de/,info@quattro-frankfurt.de,Expensive,4.7,,"Antipasti, handmade pasta & Sicilian mains, plus pizza, at a stylish trattoria with a large terrace. | Italian Restaurant | Rated 4.7/5 (1479 reviews) | Expensive / upscale tier",Google Places API (New)
Mediterraneo,"Platz d. Einheit 1, 60327 Frankfurt am Main-Innenstadt II, Germany",Frankfurt am Main,Germany,069 74309815,http://www.cucina-mediterraneo.com/,,Moderate,4.5,,"Sleek setting for classic Italian dishes like pizza & pasta, with midcentury modern furnishings. | Italian Restaurant | Rated 4.5/5 (706 reviews)",Google Places API (New)
Restaurant GIOIA,"Paradiesgasse 67, 60594 Frankfurt am Main-Frankfurt-Süd, Germany",Frankfurt am Main,Germany,069 61995004,https://www.gioiafrankfurt.de/,info@gioia-frankfurt.de,Moderate,4.6,,"Simple bar/restaurant serving wood-fired pizzas, pasta & ice cream, plus hummus & falafels. | Restaurant | Rated 4.6/5 (2863 reviews)",Google Places API (New)
Ristorante Rustico,"Große Friedberger Str. 16, 60313 Frankfurt am Main, Germany",Frankfurt am Main,Germany,069 92881642,http://www.restaurant-rustico.de/,info@restaurant-rustico.de,Moderate,4.7,,"Elevated pasta, pizza & grills in an elegantly decorated space with exposed bricks & a terrace. | Italian Restaurant | Rated 4.7/5 (872 reviews)",Google Places API (New)
Ciro il lattaio | Sachsenhausen,"Schulstraße 31, 60594 Frankfurt am Main-Frankfurt-Süd, Germany",Frankfurt am Main,Germany,069 97697112,https://ciroillattaio.de/data/menu_deu_s31.pdf,,Moderate,4.4,,Italian Restaurant | Rated 4.4/5 (850 reviews),Google Places API (New)
Fratellis Downtown,"Lyoner Str. 20, 60528 Frankfurt am Main, Germany",Frankfurt am Main,Germany,069 97691229,https://www.fratellis-downtown.de/,info@fratellis-downtown.de,Moderate,4.5,,Italian Restaurant | Rated 4.5/5 (396 reviews),Google Places API (New)
Settimo Cielo,"Eckenheimer Landstraße 86, 60318 Frankfurt am Main-Innenstadt III, Germany",Frankfurt am Main,Germany,069 59673808,http://www.settimo-cielo.de/,ciao@settimo-cielo.de,Expensive,4.8,,Italian Restaurant | Rated 4.8/5 (417 reviews) | Expensive / upscale tier,Google Places API (New)
Al Terrazzino,"Rothschildallee 52, 60389 Frankfurt am Main-Innenstadt III, Germany",Frankfurt am Main,Germany,069 465075,http://alterrazzino-frankfurt.com/,,Moderate,4.6,,"Charming, old-fashioned eatery plating typical Italian fare, such as pizza & pasta. | Italian Restaurant | Rated 4.6/5 (883 reviews)",Google Places API (New)
Cantina Divino,"Zimmerweg 8, 60325 Frankfurt am Main-Innenstadt II, Germany",Frankfurt am Main,Germany,069 71402644,http://cantina-divino.com/,info@cantina-divino.com,Expensive,4.6,,Italian Restaurant | Rated 4.6/5 (315 reviews) | Expensive / upscale tier,Google Places API (New)
Da Marietto,"Feuerbachstraße 25, 60325 Frankfurt am Main, Germany",Frankfurt am Main,Germany,069 725272,https://sellwerk.de/firmenprofil/da-marietto,info@damarietto.de,Expensive,4.6,,Italian Restaurant | Rated 4.6/5 (308 reviews) | Expensive / upscale tier,Google Places API (New)
Bootshaus Frau Rauscher auf dem Main,"Schaumainkai 1001, 60596 Frankfurt am Main-Frankfurt-Süd, Germany",Frankfurt am Main,Germany,069 61994498,https://frau-rauscher.com/,reservierung@frau-Rauscher.com,Moderate,4.1,,Restaurant | Rated 4.1/5 (1209 reviews),Google Places API (New)
Franco's Austernbar Mare Blu,"Hasengasse 5-7, 60311 Frankfurt am Main, Germany",Frankfurt am Main,Germany,069 293813,https://facebook.com/fischmarktmareblu/,,Moderate,4.6,,Seafood Restaurant | Rated 4.6/5 (133 reviews),Google Places API (New)
Bull & Bear Restaurant & Sportsbar,"Schillerstraße 11, 60313 Frankfurt am Main-Innenstadt I, Germany",Frankfurt am Main,Germany,069 13388733,https://bullandbear.de/,info@bullandbear.de,Moderate,4.2,,Pub classics & TV soccer in a sprawling space with cases of sports memorabilia & outdoor tables. | Restaurant | Rated 4.2/5 (2045 reviews),Google Places API (New)
Binding Schirn,"Römerberg 36, 60311 Frankfurt am Main-Innenstadt I, Germany",Frankfurt am Main,Germany,069 1310737,,,Moderate,3.8,,"Old-world tavern with outdoor tables, serving sausages, soups & other German grub & tap brews. | Restaurant | Rated 3.8/5 (641 reviews)",Google Places API (New)
remos Frankfurt,"Ulmenstraße 30, 60325 Frankfurt am Main-Innenstadt II, Germany",Frankfurt am Main,Germany,069 94947264,http://remos-restaurants.de/,verwaltung@remos-restaurants.de,Moderate,4.2,,Italian Restaurant | Rated 4.2/5 (633 reviews),Google Places API (New)
Ristorante Leon d'Oro,"Waldschmidtstraße 30, 60316 Frankfurt am Main, Germany",Frankfurt am Main,Germany,069 439769,http://restaurant-leondoro.de/,kontakt@restaurant-leondoro.de,Moderate,4.5,,Italian Restaurant | Rated 4.5/5 (437 reviews),Google Places API (New)
Ristorante Gentorellis,"Meisengasse 12, 60313 Frankfurt am Main, Germany",Frankfurt am Main,Germany,069 40322216,http://www.gentorellis.de/,ciao@gentorellis.de,Moderate,4.4,,"White-tablecloth destination with a terrace offering pizza, pasta & other Italian classics. | Italian Restaurant | Rated 4.4/5 (1233 reviews)",Google Places API (New)
Zum Alten Frankfurter / Frankfurt am Main,"Ziegelgasse 2, 60311 Frankfurt am Main-Innenstadt I, Germany",Frankfurt am Main,Germany,069 282132,,,Moderate,4.1,,Gastropub | Rated 4.1/5 (361 reviews),Google Places API (New)
bona'me Frankfurt,"Junghofstraße 14, 60311 Frankfurt am Main, Germany",Frankfurt am Main,Germany,069 430519300,https://bona-me.de/,,Moderate,4.1,,"Stylish, upmarket restaurant with a seasonal terrace plating Kurdish-Turkish cuisine. | Middle Eastern Restaurant | Rated 4.1/5 (2419 reviews)",Google Places API (New)
Restaurant Klosterhof,"Windmühlstraße 14, 60329 Frankfurt am Main, Germany",Frankfurt am Main,Germany,069 97390650,http://www.klosterhof-frankfurt.de/,reservierung@restaurant-klosterhof.de,Moderate,4.4,,"Schnitzels, beef rouladen & potato dishes in a long-standing, wood-paneled venue with a beer garden. | German Restaurant | Rated 4.4/5 (3788 reviews)",Google Places API (New)
Zum Lahmen Esel,"Krautgartenweg 1, 60439 Frankfurt am Main-Frankfurt-Nord-West, Germany",Frankfurt am Main,Germany,069 573974,http://www.lahmer-esel.de/,info@lahmer-esel.de,Moderate,4.6,,"Warm, rustic tavern with country decor serving traditional plates & charcuterie, plus a beer garden. | German Restaurant | Rated 4.6/5 (3468 reviews)",Google Places API (New)
Leib & Seele - Frankfurt am Main,"Senckenberganlage 21, 60325 Frankfurt am Main, Germany",Frankfurt am Main,Germany,069 713768291,http://www.leibundseele-21west.de/,info@leibundseele-21west.de,Moderate,4.6,,"Classic plates like meatloaf, pork knuckle & schnitzel dished up in a hip, industrial-chic space. | Restaurant | Rated 4.6/5 (2684 reviews)",Google Places API (New)
Eschenheimer Turm,"Eschenheimer Tor 1, 60318 Frankfurt am Main, Germany",Frankfurt am Main,Germany,069 292244,https://www.eschenheimer.de/,info@eschenheimer.de,Moderate,4.3,,"Unique 15th-century landmark with a restaurant for global fare, a cozy lounge & outdoor seating. | Restaurant | Rated 4.3/5 (1996 reviews)",Google Places API (New)
Friedas Bar & Kitchen,"Omniturm, Große Gallusstraße 16-18, 60312 Frankfurt am Main, Germany",Frankfurt am Main,Germany,069 20436600,http://friedas.family/,hello@friedas.family,Very Expensive,4.8,,Restaurant | Rated 4.8/5 (431 reviews) | Very expensive / luxury tier,Google Places API (New)
Wirtshaus im Ostend,"Rückertstraße 22, 60314 Frankfurt am Main, Germany",Frankfurt am Main,Germany,069 90435800,https://wirtshaus-im-ostend.de/,Info@wirtshaus-im-ostend.de,Moderate,4.5,,"Modern locale with outdoor tables, dishing up German specialties like käsespätzle & pork knuckle. | German Restaurant | Rated 4.5/5 (1958 reviews)",Google Places API (New)
Zum Gemalten Haus,"Schweizer Str. 67, 60594 Frankfurt am Main, Germany",Frankfurt am Main,Germany,069 614559,http://www.zumgemaltenhaus.de/,info@zumgemaltenhaus.de,Moderate,4.3,,"Traditional sausages, meats & apple wine in a wood-paneled 1930s venue with wall murals. | German Restaurant | Rated 4.3/5 (4647 reviews)",Google Places API (New)
Lohrberg-Schänke,"Auf dem Lohr 9, 60389 Frankfurt am Main-Frankfurt-Ost, Germany",Frankfurt am Main,Germany,069 90476785,http://www.lohrberg-schaenke.de/,info@lohrberg-schaenke.de,Moderate,4.7,,"Generous Hessian fare delivered in a rustic, traditional setting with outdoor seats & city views. | Restaurant | Rated 4.7/5 (3393 reviews)",Google Places API (New)
goldies,"Stiftstraße 6, 60313 Frankfurt am Main, Germany",Frankfurt am Main,Germany,,http://www.goldies-smashburger.de/,jobs@goldies-smashburger.de,Moderate,4.3,,Hamburger Restaurant | Rated 4.3/5 (1562 reviews),Google Places API (New)
Restaurant Immer Satt I Events I Festlichkeiten,"Robert-Mayer-Straße 41, 60486 Frankfurt am Main-Innenstadt II, Germany",Frankfurt am Main,Germany,069 24704195,http://www.immer-satt-frankfurt.de/,info@immer-satt-frankfurt.de,Moderate,4.2,,Hesse-region dishes like schnitzel & pork knuckle in an understated venue with garden tables. | Restaurant | Rated 4.2/5 (932 reviews),Google Places API (New)
Frankfurter Küche,"Hanauer Landstraße 86, 60314 Frankfurt am Main-Innenstadt I, Germany",Frankfurt am Main,Germany,069 43056878,http://www.restaurant-frankfurter-kueche.de/,,Moderate,4.5,,Local sausages & cutlets in a low-key neighborhood joint with a simple room & outdoor seating. | German Restaurant | Rated 4.5/5 (1753 reviews),Google Places API (New)
Daheim im Lorsbacher Thal,"Große Rittergasse 49, 60594 Frankfurt am Main, Germany",Frankfurt am Main,Germany,06109 5077611,https://www.daheim-familie.de/,mail@wie-daheim-gmbh.de,Moderate,4.5,,"Relaxed setting for regional, homestyle German cuisine & an array of house-produced apple wines. | Restaurant | Rated 4.5/5 (2271 reviews)",Google Places API (New)
Apfelweinwirtschaft Dauth-Schneider,"Neuer Wall 5-7, Klappergasse 39, 60594 Frankfurt am Main-Frankfurt-Süd, Germany",Frankfurt am Main,Germany,069 613533,https://www.dauth-schneider.de/,,Moderate,4.3,,"Frankfurt specialties like pork knuckle & schnitzels, served with apple wine at a time-tested venue. | German Restaurant | Rated 4.3/5 (3798 reviews)",Google Places API (New)
Weidenhof,"Zeil 104, 60313 Frankfurt am Main-Innenstadt I, Germany",Frankfurt am Main,Germany,069 21658800,http://weidenhof-frankfurt.de/,info@weidenhof-frankfurt.de,Moderate,4.5,,"Cool restaurant with a terrace dishing up classic breakfast fare, burgers & other global meals. | Restaurant | Rated 4.5/5 (830 reviews)",Google Places API (New)
Picknick Café City - Frankfurt am Main,"Weißadlergasse 7, 60311 Frankfurt am Main, Germany",Frankfurt am Main,Germany,069 92884922,http://picknickcafe.de/,info@picknickcafe.de,Moderate,4.5,,"Breakfasts, tagines & wraps, including veggie options, in a cafe scattered with Moroccan artifacts. | Brunch Restaurant | Rated 4.5/5 (1226 reviews)",Google Places API (New)
URA-HARA Ramen Cafe,"Germany, Frankfurt am Main, Zeil, 4 Stock",Frankfurt am Main,Germany,069 24779770,http://www.ura-hara.com/,info@ura-hara.com,Moderate,4.7,,Ramen Restaurant | Rated 4.7/5 (3687 reviews),Google Places API (New)
Lokalbahnhof,"Darmstädter Landstraße 14, 60594 Frankfurt am Main, Germany",Frankfurt am Main,Germany,069 36602966,http://www.lokalbahnhof.info/,info@lokalbahnhof.info,Moderate,4.5,,"Laid-back place dishing up huge schnitzels & burgers, plus cocktails, wine & beer. | Restaurant | Rated 4.5/5 (1879 reviews)",Google Places API (New)
Oosten,"Mayfarthstraße 4, 60314 Frankfurt am Main, Germany",Frankfurt am Main,Germany,069 9494256814,https://oosten-frankfurt.com/,be@oosten-frankfurt.com,Moderate,4.3,,"Industrial-chic venue with a trendy vibe & a terrace serving seasonal cuisine, with veggie options. | Restaurant | Rated 4.3/5 (4835 reviews)",Google Places API (New)
Buena Vista,"Große Eschenheimer Str. 13, 60313 Frankfurt am Main-Innenstadt I, Germany",Frankfurt am Main,Germany,069 90025835,http://www.buenavista-ffm.de/,info@buenavista-ffm.de,Expensive,4.1,,Diners cook steaks & fajitas on table hot plates in a chic space with leather & wood accents. | Spanish Restaurant | Rated 4.1/5 (3120 reviews) | Expensive / upscale tier,Google Places API (New)
Le Petit Café,"Schulstraße 38, 60594 Frankfurt am Main, Germany",Frankfurt am Main,Germany,0176 64618764,https://le-petit-cafe-frankfurt.eatbu.com/?lang=de,info@lepetitcafefrankfurt.de,Moderate,4.8,,Cafe | Rated 4.8/5 (1607 reviews),Google Places API (New)
Glauburg Café,"Glauburgstraße 28, 60318 Frankfurt am Main-Innenstadt III, Germany",Frankfurt am Main,Germany,069 20012279,http://www.glauburg-cafe.de/,info@glauburg-cafe.de,Moderate,4.5,,"Laid-back cafe with patio tables, offering coffee, cakes & light lunches, plus aperitifs. | Cafe | Rated 4.5/5 (1346 reviews)",Google Places API (New)
Cafe Sugar Mama,"Kurt-Schumacher-Straße 2, 60311 Frankfurt am Main, Germany",Frankfurt am Main,Germany,,,,Moderate,4.3,,"Snug, laid-back establishment serving sandwiches & light meals, plus cakes, desserts & coffee. | Cafe | Rated 4.3/5 (1234 reviews)",Google Places API (New)
Café Buur,"Seckbächer G. 14, 60311 Frankfurt am Main, Germany",Frankfurt am Main,Germany,069 84847580,https://cafebuur.de/en/,catering@cafebuur.de,Moderate,4.5,,"Chill hangout serving brunch staples such as smoothie bowls, pancakes, bagels & eggs, plus coffee. | Breakfast Restaurant | Rated 4.5/5 (1884 reviews)",Google Places API (New)
Café im Liebieghaus,"Schaumainkai 71, 60596 Frankfurt am Main-Frankfurt-Süd, Germany",Frankfurt am Main,Germany,069 605098292,http://www.liebieghaus.de/cafe-im-liebieghaus,pnsr@yvrovrtunhf.qr,Moderate,4.4,,"Cozy museum cafe with courtyard tables, serving salads & sandwiches, plus coffee & homemade cakes. | Cafe | Rated 4.4/5 (852 reviews)",Google Places API (New)
Mina,"Dreieichstraße 45, 60594 Frankfurt am Main-Frankfurt-Süd, Germany",Frankfurt am Main,Germany,069 36604161,,,Moderate,4.9,,Cafe | Rated 4.9/5 (281 reviews),Google Places API (New)
Amélie's Wohnzimmer - Frankfurt am Main,"Affentorpl. 20, 60594 Frankfurt am Main, Germany",Frankfurt am Main,Germany,069 66054926,https://www.amelies-wohnzimmer.de/,info@amelies-wohnzimmer.de,Moderate,4.5,,"Breakfast, sandwiches & wines are served in this comfortable coffee shop with a terrace. | Cafe | Rated 4.5/5 (891 reviews)",Google Places API (New)
Café Crumble,"Kiesstraße 41, 60486 Frankfurt am Main, Germany",Frankfurt am Main,Germany,069 71588738,http://www.cafecrumble.de/,,Moderate,4.5,,"Cozy spot with a leafy garden, popular for breakfast, brunch & homemade desserts, plus coffee. | Cafe | Rated 4.5/5 (1019 reviews)",Google Places API (New)
viervorneun Flower Boutique Café x429,"Friedberger Landstraße 94, 60316 Frankfurt am Main, Germany",Frankfurt am Main,Germany,,https://www.viervorneun.com/,,Moderate,4.6,,Coffee Shop | Rated 4.6/5 (547 reviews),Google Places API (New)
MAIN TERRASSE - Sommergarten mit Skyline-Blick,"Schaumainkai 5, 60594 Frankfurt am Main-Frankfurt-Süd, Germany",Frankfurt am Main,Germany,,https://main-terrasse.com/,,Moderate,4.7,,"Steaks, tapas & cocktails offered in an open-air riverfront setting with city skyline views. | Beer Garden | Rated 4.7/5 (832 reviews)",Google Places API (New)
"ca phe, oi","Textorstraße 80, 60596 Frankfurt am Main, Germany",Frankfurt am Main,Germany,069 71161150,https://www.capheoi.de/,hallo@capheoi.de,Moderate,4.7,,Cafe | Rated 4.7/5 (326 reviews),Google Places API (New)
Metropol am Dom - Restaurant,"Weckmarkt 15, 60311 Frankfurt am Main-Innenstadt I, Germany",Frankfurt am Main,Germany,069 288287,http://www.metropolcafe.de/,info@metropolcafe.de,Moderate,4.1,,"Roomy venture with a large terrace, offering light fare, coffee & treats from breakfast to dinner. | Cafe | Rated 4.1/5 (1944 reviews)",Google Places API (New)
Cafe Karin,"Großer Hirschgraben 28, 60311 Frankfurt am Main, Germany",Frankfurt am Main,Germany,069 295217,https://www.cafekarin.de/,info@cafekarin.de,Moderate,4,,"Expansive breakfasts plus salads & cakes at a classic marble-tabled cafe, with sidewalk seating. | Breakfast Restaurant | Rated 4/5 (2625 reviews)",Google Places API (New)
Kaffeehaus Goldene Waage,"Markt 5, 60311 Frankfurt am Main-Innenstadt I, Germany",Frankfurt am Main,Germany,069 92020323,http://www.goldenewaage.com/%20%20%20%20Keine%20Reservierungen%20m%C3%B6glich,,Moderate,4.6,,Cafe | Rated 4.6/5 (1881 reviews),Google Places API (New)
Schiffer Café,"Schifferstraße 36, 60594 Frankfurt am Main-Frankfurt-Süd, Germany",Frankfurt am Main,Germany,069 61993221,http://www.schiffercafe.de/,info@schiffercafe.de,Moderate,4.4,,"Breakfasts, cakes & coffee, plus light bites & local apple wine, at a classic, Viennese-style cafe. | Cafe | Rated 4.4/5 (702 reviews)",Google Places API (New)
Café Kante,"Kantstraße 13, 60316 Frankfurt am Main-Innenstadt III, Germany",Frankfurt am Main,Germany,069 4990083,http://www.cafe-kante.de/,info@cafekante.de,Inexpensive,4.5,,Cafe | Rated 4.5/5 (721 reviews),Google Places API (New)
Café Laumer - Frankfurt am Main,"Bockenheimer Landstraße 67, 60325 Frankfurt am Main-Innenstadt II, Germany",Frankfurt am Main,Germany,069 727912,https://cafelaumer.de/,info@cafelaumer.de,Moderate,4.3,,"Breakfast, lavish cakes & bistro dishes at a century-old, Viennese-style cafe with a leafy garden. | Cafe | Rated 4.3/5 (1022 reviews)",Google Places API (New)
roseli Café - Bar - Frankfurt am Main,"Weißadlergasse 9, 60311 Frankfurt am Main-Innenstadt I, Germany",Frankfurt am Main,Germany,069 24446660,https://roseli.de/,info@roseli.net,Moderate,4.5,,"Breakfast eggs, salads, quiches & pasta dishes, plus cakes, in a bright, simple cafe with a terrace. | Takeout Restaurant | Rated 4.5/5 (936 reviews)",Google Places API (New)
Wewe Café,"Weißfrauenstraße 7, 60311 Frankfurt am Main, Germany",Frankfurt am Main,Germany,069 92886990,https://www.wewecafe.de/frankfurt,,Moderate,4.4,,Cafe | Rated 4.4/5 (411 reviews),Google Places API (New)
kaffeemacherei,"Bornwiesenweg 4, 60322 Frankfurt am Main, Germany",Frankfurt am Main,Germany,069 90551781,http://www.die-kaffeemacherei.de/,post@die-kaffeemacherei.de,Moderate,4.4,,Cafe | Rated 4.4/5 (790 reviews),Google Places API (New)
MOMI,"Gutleutstraße 150, 60327 Frankfurt am Main-Innenstadt I, Germany",Frankfurt am Main,Germany,,http://www.instagram.com/momifrankfurt,,Moderate,4.1,,Cafe | Rated 4.1/5 (622 reviews),Google Places API (New)
Mozart Café,"Töngesgasse 23, 60311 Frankfurt am Main-Innenstadt I, Germany",Frankfurt am Main,Germany,069 291954,http://mozart-cafe.eatbu.com/,mozartcafe1915@gmail.com,Moderate,4.5,,All-day dining & traditional cakes in a 1915 coffeehouse with red booths & armchairs. | Cafe | Rated 4.5/5 (845 reviews),Google Places API (New)
Wacker's coffee shop,"Kornmarkt 9, 60311 Frankfurt am Main-Innenstadt I, Germany",Frankfurt am Main,Germany,069 287810,https://www.wackers-kaffee.com/,order@wackers-kaffee.com,Inexpensive,4.6,,Food Store | Rated 4.6/5 (1798 reviews),Google Places API (New)
Joli Tagesbar,"Hochstraße 50, 60313 Frankfurt am Main, Germany",Frankfurt am Main,Germany,069 15346280,http://www.jolitagesbar.de/,hello@eatfreshgastro.de,Moderate,4.6,,Restaurant | Rated 4.6/5 (170 reviews),Google Places API (New)
Bunca Barista & Caterer,"Kirchnerstraße 4, 60311 Frankfurt am Main-Innenstadt I, Germany",Frankfurt am Main,Germany,069 85003577,https://bunca.de/,,Inexpensive,4.6,,"Snug artisanal-coffee specialist, for espresso drinks with house-roasted beans & gourmet pastries. | Cafe | Rated 4.6/5 (1203 reviews)",Google Places API (New)
Café Liebfrauenberg,"Liebfrauenberg 24, 60313 Frankfurt am Main, Germany",Frankfurt am Main,Germany,069 79213471,https://www.cafe-liebfrauenberg.de/index.php,marcello.Iacino@gmail.com,Moderate,4.5,,"Charming cafe opened in 1893 with chandeliers & outdoor seating, serving coffee, cakes & light fare. | Bistro | Rated 4.5/5 (600 reviews)",Google Places API (New)
Matcha Matcha,"Berliner Str. 39, 60311 Frankfurt am Main, Germany",Frankfurt am Main,Germany,,,,Inexpensive,3.8,,Cafe | Rated 3.8/5 (358 reviews),Google Places API (New)
Azalye Café - Frankfurt am Main,"Münzgasse 10, 60311 Frankfurt am Main-Innenstadt I, Germany",Frankfurt am Main,Germany,015565 042814,https://azalye-cafe.eatbu.com/?lang=de,negussiez@gmx.net,Moderate,4.7,,Restaurant | Rated 4.7/5 (307 reviews),Google Places API (New)
SCHMARRNSINN - Erstes Kaiserschmarrn Café Deutschlands!,"Friedensstraße 2, 60311 Frankfurt am Main, Germany",Frankfurt am Main,Germany,069 71914059,http://www.schmarrnsinn.de/,hello@schmarrnsinn.de,Moderate,4.5,,Cafe | Rated 4.5/5 (1040 reviews),Google Places API (New)
Kuku Kane - Bowls | Vietnamese Coffee,"Fahrgasse 21, 60311 Frankfurt am Main, Germany",Frankfurt am Main,Germany,,https://instagram.com/kuku.kane.ffm?igshid=MzRlODBiNWFlZA==,,Moderate,4.9,,Cafe | Rated 4.9/5 (415 reviews),Google Places API (New)
Roots Café und Deli by Heidi und Paul,"Neben Eingang Parkhaus Junghof, Junghofstraße 14, 60311 Frankfurt am Main, Germany",Frankfurt am Main,Germany,069 74305830,https://www.byroots.de/,buero@heidiundpaul.de,,4.3,,Cafe | Rated 4.3/5 (62 reviews),Google Places API (New)
Caffé Casa Nostra GmbH,"Hasengasse 3, 60311 Frankfurt am Main, Germany",Frankfurt am Main,Germany,0172 7005232,,,Inexpensive,4.7,,Cafe | Rated 4.7/5 (133 reviews),Google Places API (New)
Maingold - Frankfurt am Main,"Zeil 1, 60313 Frankfurt am Main-Innenstadt I, Germany",Frankfurt am Main,Germany,069 283327,https://maingold-bar.com/,contact@maingold-bar.com,Moderate,4.4,,"Charming, vintage-chic locale with a leafy terrace, offering Sunday brunch, light bites & cocktails. | Bar | Rated 4.4/5 (1072 reviews)",Google Places API (New)
Steak Bro's Frankfurt,"Im Prüfling 28, 60385 Frankfurt am Main, Germany",Frankfurt am Main,Germany,069 35102907,http://www.steak-bros.de/,,Expensive,4.9,,Steak House | Rated 4.9/5 (1877 reviews) | Expensive / upscale tier,Google Places API (New)
Buffalo Steakhaus,"Kaiserhofstraße 18-20, 60313 Frankfurt am Main-Innenstadt I, Germany",Frankfurt am Main,Germany,069 285796,http://www.buffalo-steakhaus.de/,info@buffalo-steakhaus.de,Expensive,4.5,,"Long-running setting for Argentine beef dishes, with rows of wine bottles & paintings of bulls. | Steak House | Rated 4.5/5 (2454 reviews) | Expensive / upscale tier",Google Places API (New)
Miller & Carter Frankfurt,"Alte Oper, Hochstraße 46, 60313 Frankfurt am Main, Germany",Frankfurt am Main,Germany,069 870066630,https://millerandcarter.de/,info@millerandcarter.de,,4.6,,Restaurant | Rated 4.6/5 (1505 reviews),Google Places API (New)
The Black Bulls Steakhouse,"Bockenheimer Landstraße 92, 60323 Frankfurt am Main, Germany",Frankfurt am Main,Germany,069 74225896,http://www.theblackbulls-ffm.com/,info@theblackbulls-ffm.com,Very Expensive,4.4,,Steak House | Rated 4.4/5 (691 reviews) | Very expensive / luxury tier,Google Places API (New)
Ranch & Sea steak of the art,"Liebigstraße 13, 60323 Frankfurt am Main, Germany",Frankfurt am Main,Germany,069 71402828,https://ranchandsea.de/,,,4.7,,Steak House | Rated 4.7/5 (289 reviews),Google Places API (New)
BLOCK HOUSE Frankfurt Westend,"Wiesenau 1, 60323 Frankfurt am Main-Innenstadt I, Germany",Frankfurt am Main,Germany,069 723939,https://www.block-house.de/restaurants/frankfurt-main/westend,,Moderate,4.4,,Steak House | Rated 4.4/5 (3160 reviews),Google Places API (New)
BLOCK HOUSE Börsenplatz,"Börsenpl. 5, 60313 Frankfurt am Main-Innenstadt I, Germany",Frankfurt am Main,Germany,069 21996566,https://www.block-house.de/restaurants/frankfurt-main/boersenplatz,,Expensive,4.3,,Steak House | Rated 4.3/5 (2322 reviews) | Expensive / upscale tier,Google Places API (New)
KAKADU'S Steakhouse & Burger & Bar,"Kaiserstraße 65, 60329 Frankfurt am Main, Germany",Frankfurt am Main,Germany,069 232880,http://kakadus-frankfurt.de/,,Moderate,4.6,,"Burgers, kangaroo steaks & German classics at a lively, Australian-themed sports bar with a terrace. | Steak House | Rated 4.6/5 (2031 reviews)",Google Places API (New)
Platz im Herzen,"Arnsburger Str. 24, 60385 Frankfurt am Main, Germany",Frankfurt am Main,Germany,0160 92503437,https://platzimherzen.de/,info@platzimherzen.de,Expensive,4.8,,"Steaks, burgers & artistic desserts, plus cocktails, in a contemporary setting or at terrace tables. | Restaurant | Rated 4.8/5 (1642 reviews) | Expensive / upscale tier",Google Places API (New)
VAIVAI,"Grüneburgweg 16, 60322 Frankfurt am Main-Innenstadt I, Germany",Frankfurt am Main,Germany,069 90559305,http://www.vaivai.de/,info@vaivai.de,,4.4,,Steak House | Rated 4.4/5 (1435 reviews),Google Places API (New)
SAFF-ET,"Zeil 44, 60313 Frankfurt am Main-Innenstadt I, Germany",Frankfurt am Main,Germany,069 42607868,http://saffetrestaurant.de/,info@saffetrestaurant.de,Moderate,4.7,,Steak House | Rated 4.7/5 (1344 reviews),Google Places API (New)
Meeresrausch,"Berger Str. 156, 60385 Frankfurt am Main, Germany",Frankfurt am Main,Germany,069 71164111,https://meeresrausch-frankfurt.de/,meeresrausch.frankfurt@gmail.com,Moderate,4.5,,Restaurant | Rated 4.5/5 (747 reviews),Google Places API (New)
Alims Fischimbiss,"Münchener Str. 35, 60329 Frankfurt am Main-Innenstadt I, Germany",Frankfurt am Main,Germany,069 27133917,https://www.alimsfischimbiss.de/,,Moderate,4.4,,"Mediterranean grilled fish & seafood dishes at a lively, low-key Turkish snack bar. | Restaurant | Rated 4.4/5 (1608 reviews)",Google Places API (New)
Mare Azzurro,"Gräfstraße 89, 60487 Frankfurt am Main-Innenstadt I, Germany",Frankfurt am Main,Germany,069 87205940,,,Moderate,4.6,,Seafood Restaurant | Rated 4.6/5 (734 reviews),Google Places API (New)
Doy Doy Fish House,"Zeil 27, 60313 Frankfurt am Main, Germany",Frankfurt am Main,Germany,069 29729494,http://www.doydoy-frankfurt.com/,info@doydoy-frankfurt.com,Moderate,4.7,,Restaurant | Rated 4.7/5 (371 reviews),Google Places API (New)
Oceans Restaurant Bar & Lounge,"Bockenheimer Landstraße 87, 60325 Frankfurt am Main-Innenstadt II, Germany",Frankfurt am Main,Germany,069 87206182,http://www.oceans-frankfurt.de/,contact@oceans-frankfurt.de,Expensive,4.6,,"Mediterranean-style seafood salads & pastas, plus grilled & baked fish, in an elegant setting. | Restaurant | Rated 4.6/5 (385 reviews) | Expensive / upscale tier",Google Places API (New)
Atlantik Fisch,"Gutleutstraße 139, 60327 Frankfurt am Main, Germany",Frankfurt am Main,Germany,069 231942,,,Moderate,4.4,,Restaurant | Rated 4.4/5 (389 reviews),Google Places API (New)
Istanbul Fisch Grill,"Münchener Str. 27, 60329 Frankfurt am Main, Germany",Frankfurt am Main,Germany,069 89990539,,,Moderate,4.2,,"Generous seafood specialties are offered in this compact, down-to-earth venture. | Seafood Restaurant | Rated 4.2/5 (843 reviews)",Google Places API (New)
Fischhaus Ohrmann,"Oeder Weg 71, 60318 Frankfurt am Main-Innenstadt III, Germany",Frankfurt am Main,Germany,069 595998,https://www.fischhausohrmann.com/,Fischhaus.Ohrmann@gmail.com,,4.6,,Food Store | Rated 4.6/5 (116 reviews),Google Places API (New)
Alims Fischimbiss Mainzer Landstraße,"Mainzer Landstraße 294, 60326 Frankfurt am Main-Innenstadt I, Germany",Frankfurt am Main,Germany,069 25788130,,,Moderate,4.3,,Restaurant | Rated 4.3/5 (1017 reviews),Google Places API (New)
Sole e Mare Restaurant Frankfurt am Main,"Kaiserstraße 38, 60329 Frankfurt am Main, Germany",Frankfurt am Main,Germany,069 24704488,https://sole-e-mare.de/,info@soleemare.de,Moderate,4.7,,Italian Restaurant | Rated 4.7/5 (254 reviews),Google Places API (New)
The Wave Steaks and Seafood,"Mainzer Landstraße 430, 60326 Frankfurt am Main, Germany",Frankfurt am Main,Germany,0176 61720254,https://www.thewave-steaksandseafood.de/,thewavesteaksandseafood@outlook.de,,4.6,,Restaurant | Rated 4.6/5 (194 reviews),Google Places API (New)
Bader's fish deli,"Leipziger Str. 55, 60487 Frankfurt am Main, Germany",Frankfurt am Main,Germany,069 775040,https://www.badersfischdeli.de/,Cornelia-nussbaumer@badersfischdeli.de,,4.7,,Food Store | Rated 4.7/5 (186 reviews),Google Places API (New)
Lobster - Frankfurt am Main,"Wallstraße 21, 60594 Frankfurt am Main-Frankfurt-Süd, Germany",Frankfurt am Main,Germany,069 612920,http://www.lobster-weinbistrot.de/,lobster-frankfurt@arcor.de,Expensive,4.5,,"Bistro dishes & seafood, plus a French & German wine selection, at a cozy place with a rustic vibe. | French Restaurant | Rated 4.5/5 (333 reviews) | Expensive / upscale tier",Google Places API (New)
Petit Mediterrane,"Berger Str. 59, 60316 Frankfurt am Main, Germany",Frankfurt am Main,Germany,069 90436370,https://petit-mediterrane.netlify.app/,info@petit-mediterrane.de,,4.4,,Seafood Restaurant | Rated 4.4/5 (363 reviews),Google Places API (New)
L'Osteria,"Speicherstraße 1, 60327 Frankfurt am Main, Germany",Frankfurt am Main,Germany,069 24247020,https://losteria.net/de/restaurants/restaurant/frankfurt-am-main/,frankfurt.westhafen@losteria.de,Moderate,4.2,,Italian Restaurant | Rated 4.2/5 (7691 reviews),Google Places API (New)
Imbiss Melilla,"Karlsruher Str. 3, 60329 Frankfurt am Main, Germany",Frankfurt am Main,Germany,0163 1726955,https://speisekartenweb.de/restaurants/frankfurt+am+main/imbiss-melilla-143612?utm_source=google_profile&utm_medium=google_profile&utm_campaign=brief_38_02_2025,,Moderate,4.7,,Restaurant | Rated 4.7/5 (223 reviews),Google Places API (New)
Mogador Frankfurt,"Schwalbacher Str. 59, 60326 Frankfurt am Main-Innenstadt I, Germany",Frankfurt am Main,Germany,069 26947520,http://www.mogador-frankfurt.de/,kontakt@mogador-frankfurt.de,Moderate,4.6,,"Moroccan salads & tagines, plus seafood, burgers & Mediterranean dishes, in a no-frills setting. | Mediterranean Restaurant | Rated 4.6/5 (1233 reviews)",Google Places API (New)
SuperKato,"Kornmarkt 3, 60311 Frankfurt am Main-Innenstadt I, Germany",Frankfurt am Main,Germany,069 294544,,,,4.7,,Asian Grocery Store | Rated 4.7/5 (1423 reviews),Google Places API (New)
NORDSEE GmbH,"Am Hauptbahnhof 1 Frankfurter Markthalle, 60329 Frankfurt am Main, Germany",Frankfurt am Main,Germany,0611 973070,https://www.nordsee.com/de/,nordsee@nordsee.com,Inexpensive,3.2,,Restaurant | Rated 3.2/5 (387 reviews),Google Places API (New)
Frank’s Fish Market,"Hasengasse 5-7, 60311 Frankfurt am Main, Germany",Frankfurt am Main,Germany,,https://kleinmarkthalle.de/haendler/fischaufdergalerie/,,,4.8,,Food Store | Rated 4.8/5 (53 reviews),Google Places API (New)
Sea Food,"Am Alten See 14, 60489 Frankfurt am Main-Frankfurt-Mitte-West, Germany",Frankfurt am Main,Germany,069 282838,https://captainsinn.de/,,Moderate,4.6,,Restaurant | Rated 4.6/5 (96 reviews),Google Places API (New)
NORDSEE GmbH,"Hasengasse 23, 60311 Frankfurt am Main, Germany",Frankfurt am Main,Germany,069 91397051,https://www.nordsee.com/de/,nordsee@nordsee.com,Moderate,3.6,,Restaurant | Rated 3.6/5 (579 reviews),Google Places API (New)
NORDSEE Frankfurt Skyline Plaza,"Skyline Plaza, Europa-Allee, 60327 Frankfurt am Main, Germany",Frankfurt am Main,Germany,069 74093756,https://www.nordsee.com/de/,nordsee@nordsee.com,Moderate,3.9,,Restaurant | Rated 3.9/5 (581 reviews),Google Places API (New)
Burbank Frankfurt,"Gutleutstraße 85, 60329 Frankfurt am Main-Innenstadt I, Germany",Frankfurt am Main,Germany,069 271342812,http://www.burbank-frankfurt.de/,hello@burbank-frankfurt.de,,4.7,,Asian Restaurant | Rated 4.7/5 (164 reviews),Google Places API (New)
Liu's Hotpot - Liu Yi Shou,"Am Hauptbahnhof 16, 60329 Frankfurt am Main, Germany",Frankfurt am Main,Germany,069 69597780,http://www.liushotpot.de/,,Expensive,4.8,,Asian Restaurant | Rated 4.8/5 (1499 reviews) | Expensive / upscale tier,Google Places API (New)
YAS Restaurant,"Heiligkreuzgasse 29, 60313 Frankfurt am Main-Innenstadt I, Germany",Frankfurt am Main,Germany,0176 70330739,https://restaurant-yas.de/,,Expensive,4.7,,"Greek dishes like roasted lamb, moussaka & souvlaki served in a posh space with sidewalk tables. | Greek Restaurant | Rated 4.7/5 (1869 reviews) | Expensive / upscale tier",Google Places API (New)
Meral Imbiss,"Schaumainkai 35, 60594 Frankfurt am Main-Frankfurt-Süd, Germany",Frankfurt am Main,Germany,0162 4353304,http://www.meral-event.de/,info@meral-event.de,Moderate,4.1,,"Fishing boat on the Main River, repurposed as a snack bar known for sardine & anchovy kebabs. | Turkish Restaurant | Rated 4.1/5 (855 reviews)",Google Places API (New)
HERE - SUSHI & MORE,"Georg-Voigt-Straße 15, 60325 Frankfurt am Main-Innenstadt II, Germany",Frankfurt am Main,Germany,069 20436118,https://heresushi.de/,heresushiandmore@gmail.com,Moderate,4.7,,"Elevated Japanese dishes, sushi, sake & wine are served in this glamorous restaurant. | Sushi Restaurant | Rated 4.7/5 (431 reviews)",Google Places API (New)
GORENSHI Frankfurt,"Europa-Allee 157, 60486 Frankfurt am Main, Germany",Frankfurt am Main,Germany,069 94985351,https://gorenshi.de/,info@gorenshi.de,Moderate,4.8,,"A big menu of sushi, sashimi & maki, plus Vietnamese noodle dishes, at a bright, contemporary venue. | Sushi Restaurant | Rated 4.8/5 (1097 reviews)",Google Places API (New)
La Cevi,"Weberstraße 84, 60318 Frankfurt am Main-Innenstadt III, Germany",Frankfurt am Main,Germany,069 66377778,http://www.la-cevi.de/,info@la-cevi.de,Expensive,4.5,,Peruvian Restaurant | Rated 4.5/5 (1431 reviews) | Expensive / upscale tier,Google Places API (New)
Mikuni,"Fahrgasse 91, 60311 Frankfurt am Main-Innenstadt I, Germany",Frankfurt am Main,Germany,069 283627,https://de-de.facebook.com/Mikunirestaurant/,,Expensive,4.6,,"Sushi platters & tempura, plus set meals & Japanese beer, in a relaxed, modern restaurant. | Sushi Restaurant | Rated 4.6/5 (901 reviews) | Expensive / upscale tier",Google Places API (New)
Alexis Sorbas,"Güntherstraße 42 A, 60528 Frankfurt am Main, Germany",Frankfurt am Main,Germany,069 672462,https://sorbas-frankfurt.de/,info@sorbas-frankfurt.de,Moderate,4.6,,Creative spins on Greek classics in an old-world restaurant with wood accents & a warm vibe. | Restaurant | Rated 4.6/5 (897 reviews),Google Places API (New)
Parthenon,"Kennedyallee 34, 60596 Frankfurt am Main-Frankfurt-Süd, Germany",Frankfurt am Main,Germany,069 635419,http://www.parthenon-restaurant.de/,info@parthenon-restaurant.de,Expensive,4.4,,"Locally netted fish & Argentinian beef are among the options at this relaxed, long-running taverna. | Greek Restaurant | Rated 4.4/5 (822 reviews) | Expensive / upscale tier",Google Places API (New)
Selera Malaysian Chinese Restaurant,"Münchener Str. 52, 60329 Frankfurt am Main-Innenstadt I, Germany",Frankfurt am Main,Germany,069 24009601,,,Moderate,4.4,,"Curries, rice & noodle dishes in a relaxed destination with colorful decor, plus a bar. | Malaysian Restaurant | Rated 4.4/5 (1259 reviews)",Google Places API (New)
Venos Lebensmittelhandelsges. mbH,"Rödelheimer Landstraße 75-85, 60487 Frankfurt am Main, Germany",Frankfurt am Main,Germany,069 9710130,https://www.venos.de/,info@venos.de,,4.6,,Grocery Store | Rated 4.6/5 (543 reviews),Google Places API (New)
Forellengut Herzberger,"Forellengut, Obeliskenschneise 1, 61440 Bad Homburg vor der Höhe, Germany",Bad Homburg vor der Höhe,Germany,06172 35119,https://www.forellengut-herzberger.de/,,Moderate,4.5,,Fish & game dishes featured in a charming family-operated restaurant with its own fish farm. | Restaurant | Rated 4.5/5 (1520 reviews),Google Places API (New)
L'Unico,"Mendelssohnstraße 83, 60325 Frankfurt am Main-Innenstadt II, Germany",Frankfurt am Main,Germany,069 15346406,http://www.restaurant-unico.net/,info@restaurant-unico.net,Expensive,4.2,,"Upscale Italian pasta, meat & seafood dishes, plus a long wine list & an adjoining ice cream parlor. | Italian Restaurant | Rated 4.2/5 (986 reviews) | Expensive / upscale tier",Google Places API (New)
Le Moissonnier,"Krefelder Str. 25, 50670 Köln, Germany",Köln,Germany,0221 729479,http://www.lemoissonnier.de/,info@lemoissonnier.de,Very Expensive,4.7,,"Upscale venue for artfully presented French fare, plus tasting menus with wine pairings. | Fine Dining Restaurant | Rated 4.7/5 (690 reviews) | Very expensive / luxury tier",Google Places API (New)
Hanse Stube,"Trankgasse 1, 50667 Köln, Germany",Köln,Germany,0221 2703402,http://www.hansestube.de/,info@excelsior-hotel-ernst.de,Very Expensive,4.6,,"Refined French eatery in the Excelsior Hotel spotlighting elevated entrees & desserts, plus wine. | French Restaurant | Rated 4.6/5 (410 reviews) | Very expensive / luxury tier",Google Places API (New)
Sahila - The Restaurant,"Kämmergasse 18, 50676 Köln, Germany",Köln,Germany,0221 247238,https://www.sahila-restaurant.de/,,Very Expensive,4.8,,Fine Dining Restaurant | Rated 4.8/5 (280 reviews) | Very expensive / luxury tier,Google Places API (New)
Ox&Klee,"Im Zollhafen 18, 50678 Köln, Germany",Köln,Germany,0163 8528455,http://www.oxundklee.de/,contact@oxundklee.de,Very Expensive,4.8,,Inventive pan-European cuisine with meat & vegetarian tasting menus in an airy modern setting. | Fine Dining Restaurant | Rated 4.8/5 (602 reviews) | Very expensive / luxury tier,Google Places API (New)
Restaurant maiBeck,"Am Frankenturm 5, 50667 Köln, Germany",Köln,Germany,0221 96267300,https://www.maibeck-fuerdich.de/,fuerdich@maibeck.de,Very Expensive,4.7,,Bistro | Rated 4.7/5 (520 reviews) | Very expensive / luxury tier,Google Places API (New)
Restaurant La Société Köln,"Kyffhäuserstraße 53, 50674 Köln, Germany",Köln,Germany,0221 232464,https://www.restaurant-lasociete.de/,info@restaurant-lasociete.de,Very Expensive,4.7,,"Tasting menus of artfully plated French dishes, plus a long wine list, in an elegant, cozy space. | Fine Dining Restaurant | Rated 4.7/5 (449 reviews) | Very expensive / luxury tier",Google Places API (New)
PULS - Restaurant & Bar,"Bürgerstraße 2, 50667 Köln, Germany",Köln,Germany,0221 22288700,https://www.legendhotel.de/kulinarik-pvls/restaurant-bar.html,info@puls-restobar.de,Very Expensive,4.9,,Restaurant | Rated 4.9/5 (327 reviews) | Very expensive / luxury tier,Google Places API (New)
Limbourg - Köln,"Limburger Str. 35, 50672 Köln, Germany",Köln,Germany,0221 2508880,https://limbourg.restaurant/,post@limbourg-restaurant.de,Very Expensive,4.7,,Gourmet classics presented in an old-fashioned atmosphere with a terrace & seasonal courtyard. | French Restaurant | Rated 4.7/5 (266 reviews) | Very expensive / luxury tier,Google Places API (New)
Hase Restaurant,"Sankt-Apern-Straße 17, 50667 Köln, Germany",Köln,Germany,0221 74740153,https://www.hase-restaurant.de/,reservierung@hase-restaurant.de,Expensive,4.7,,"Refined meat & seafood dishes, plus a long wine list, in a compact space with wooden furniture. | Fine Dining Restaurant | Rated 4.7/5 (747 reviews) | Expensive / upscale tier",Google Places API (New)
La Cuisine Rademacher,"Dellbrücker Hauptstraße 176, 51069 Köln, Germany",Köln,Germany,0221 96898898,http://www.la-cuisine-koeln.de/,,Very Expensive,4.8,,Fine Dining Restaurant | Rated 4.8/5 (403 reviews) | Very expensive / luxury tier,Google Places API (New)
La Fonda,"Gereonskloster 8, 50670 Köln, Germany",Köln,Germany,0221 16817515,http://www.lafonda.koeln/,hello@lafonda.koeln,Expensive,4.5,,"Chic, polished restaurant with sidewalk tables offering seasonal, internationally inspired fare. | Restaurant | Rated 4.5/5 (604 reviews) | Expensive / upscale tier",Google Places API (New)
HENNE. Weinbar,"Pfeilstraße 31-35, 50672 Köln, Germany",Köln,Germany,0221 34662647,http://www.henne-weinbar.de/,info@henne-weinbar.de,Expensive,4.6,,"Inventive tapas accompanied by German & global wines at a stylish, gray-hued bar with a terrace. | Restaurant | Rated 4.6/5 (1172 reviews) | Expensive / upscale tier",Google Places API (New)
JOSEPH´S Restaurant in Köln,"Agrippinawerft 22, 50678 Köln, Germany",Köln,Germany,0221 16917300,http://josephs-koeln.de/,info@josephs-koeln.de,Very Expensive,4.6,,Typical dishes from Austria & southern Germany at a sleek venue with a terrace on the Rhine. | Austrian Restaurant | Rated 4.6/5 (725 reviews) | Very expensive / luxury tier,Google Places API (New)
NEOBIOTA,"Pantaleonswall 27, 50676 Köln, Germany",Köln,Germany,0221 29194494,https://www.restaurant-neobiota.de/,info@restaurant-neobiota.de,Very Expensive,4.5,,"Eatery serving breakfast & globally influenced German fare in bright, contemporary surroundings. | Fine Dining Restaurant | Rated 4.5/5 (594 reviews) | Very expensive / luxury tier",Google Places API (New)
Restaurant Poisson,"Wolfsstraße 6-14, 50667 Köln, Germany",Köln,Germany,0221 27736883,https://poisson-restaurant.de/,menue@poisson-restaurant.de,Very Expensive,4.7,,"Creative, globally inflected seafood dishes & a robust wine list in a sleek, modern space. | Seafood Restaurant | Rated 4.7/5 (389 reviews) | Very expensive / luxury tier",Google Places API (New)
Pottkind,"Darmstädter Str. 9, 50678 Köln, Germany",Köln,Germany,0221 42318030,http://www.pottkind-restaurant.de/,info@restaurant-pottkind.de,Very Expensive,4.7,,"Acclaimed, fixed-menu fine dining with an open kitchen, vegetarian option & wine pairings. | Fine Dining Restaurant | Rated 4.7/5 (323 reviews) | Very expensive / luxury tier",Google Places API (New)
Zur Tant,"Rheinbergstraße 49, 51143 Köln-Porz, Germany",Köln,Germany,02203 81883,http://www.zurtant.de/,oliver.toll@veinsys.eu,Very Expensive,4.7,,Fine Dining Restaurant | Rated 4.7/5 (324 reviews) | Very expensive / luxury tier,Google Places API (New)
Reef and Beef Köln,"Bonner Str. 328, 50968 Köln-Rodenkirchen, Germany",Köln,Germany,0221 53406000,http://www.reefandbeef-koeln.de/,info@reefandbeef-koeln.de,Very Expensive,4.7,,Steak House | Rated 4.7/5 (1451 reviews) | Very expensive / luxury tier,Google Places API (New)
restaurant maximilian lorenz,"Johannisstraße 64, 50668 Köln, Germany",Köln,Germany,0221 988161010,http://www.maximilianlorenz.de/,info@restaurant-maximilianlorenz.de,Very Expensive,4.4,,Restaurant serving modern German cuisine in a chic space with floor-to-ceiling windows. | Fine Dining Restaurant | Rated 4.4/5 (208 reviews) | Very expensive / luxury tier,Google Places API (New)
Vendôme,"Althoff Grandhotel Schloss Bensberg, Kadettenstraße, 51429 Bergisch Gladbach-Bensberg, Germany",Bergisch Gladbach,Germany,02204 421940,https://www.althoffcollection.com/de/althoff-grandhotel-schloss-bensberg/restaurant-vendome,info@schlossbensberg.com,Very Expensive,4.7,,Fine Dining Restaurant | Rated 4.7/5 (407 reviews) | Very expensive / luxury tier,Google Places API (New)
Kaizen,"Lindenstraße 67, 50674 Köln, Germany",Köln,Germany,0175 8950118,http://www.restaurantkaizen.de/,kaizen.koeln@gmail.com,Expensive,4.7,,"Easygoing destination offering traditional Japanese cuisine, including sushi, sashimi & tempura. | Japanese Restaurant | Rated 4.7/5 (1262 reviews) | Expensive / upscale tier",Google Places API (New)
Black Angus XL Steakhouse,"An Groß St. Martin 2, 50667 Köln, Germany",Köln,Germany,0221 2580538,https://blackangusxl.de/,team@blackangusxl.de,Expensive,4.7,,"Argentinian steaks, burgers & seasonal dishes in an industrial-style space with a terrace. | Steak House | Rated 4.7/5 (3524 reviews) | Expensive / upscale tier",Google Places API (New)
taku,"Trankgasse 5, 50667 Köln, Germany",Köln,Germany,0221 2703909,http://www.taku.de/,info@excelsior-hotel-ernst.de,Very Expensive,4.1,,Refined East Asian tasting menus & natural wines in a minimalist space with feature wall lights. | Asian Restaurant | Rated 4.1/5 (586 reviews) | Very expensive / luxury tier,Google Places API (New)
Restaurant Gut Lärchenhof Köln-Pulheim,"Am Steinwerk 1, 50259 Pulheim, Germany",Pulheim,Germany,02238 9231016,https://restaurant-gutlaerchenhof.de/,info@restaurant-gutlaerchenhof.de,Very Expensive,4.6,,Fine Dining Restaurant | Rated 4.6/5 (266 reviews) | Very expensive / luxury tier,Google Places API (New)
Schloss Loersfeld Restaurant GmbH,"Schloß Lörsfeld, 50171 Kerpen, Germany",Kerpen,Germany,02273 57755,https://schlossloersfeld.de/,service@schlossloersfeld.de,Very Expensive,4.6,,Fine Dining Restaurant | Rated 4.6/5 (307 reviews) | Very expensive / luxury tier,Google Places API (New)
Em Krützche,"Am Frankenturm 1-3, 50667 Köln, Germany",Köln,Germany,0221 2580839,https://em-kruetzche.de/,info@em-kruetzche.de,Expensive,4.5,,"High-end pork knuckle, sauerkraut & potato cakes at a storied spot with a terrace edging the Rhine. | German Restaurant | Rated 4.5/5 (711 reviews) | Expensive / upscale tier",Google Places API (New)
Strandhaus,"Georgstraße 28, 53111 Bonn, Germany",Bonn,Germany,0228 3694949,http://www.strandhaus-bonn.de/,,Very Expensive,4.8,,"Sophisticated menus & seasonal dishes in an airy, marine-themed bistro with a covered terrace. | Restaurant | Rated 4.8/5 (469 reviews) | Very expensive / luxury tier",Google Places API (New)
NENI Köln,"Im Klapperhof 22-24, 50670 Köln, Germany",Köln,Germany,0221 16253561,https://nenifood.com/restaurants/koln,beispiel@beispielpostfach.de,Expensive,4.3,,Pulled beef burgers & Middle Eastern tapas in an industrial-chic cafe/bistro with co-working desks. | Restaurant | Rated 4.3/5 (2258 reviews) | Expensive / upscale tier,Google Places API (New)
Domo Mea - Sardisches Restaurant,"Zugweg 3, 50677 Köln, Germany",Köln,Germany,0221 58913296,https://www.domomearestaurant.de/,info@domomearestaurant.de,Expensive,4.9,,Restaurant | Rated 4.9/5 (217 reviews) | Expensive / upscale tier,Google Places API (New)
Zwanzig23 by Lukas Jakobi,"Brunnenstraße 35, 40223 Düsseldorf-Stadtbezirk 3, Germany",Düsseldorf,Germany,0173 9220294,https://www.zwanzig23.com/,,Very Expensive,4.9,,Fine Dining Restaurant | Rated 4.9/5 (277 reviews) | Very expensive / luxury tier,Google Places API (New)
YUNICO - Japanese Fine Dining,"Am Bonner Bogen 1, 53227 Bonn-Beuel, Germany",Bonn,Germany,0228 43345500,https://www.kamehabonn.de/yunico/,Oezlem.doger-herter@invite-group.com,Very Expensive,4.8,,Fine Dining Restaurant | Rated 4.8/5 (211 reviews) | Very expensive / luxury tier,Google Places API (New)
phaedra Restaurant,"Elsaßstraße 30, 50677 Köln, Germany",Köln,Germany,0221 16826625,http://www.phaedra-restaurant.de/,,Very Expensive,4.7,,Mediterranean Restaurant | Rated 4.7/5 (388 reviews) | Very expensive / luxury tier,Google Places API (New)
The Duchy - Düsseldorf,"Breidenbacher Hof, Königsallee 11, 40213 Düsseldorf, Germany",Düsseldorf,Germany,0211 16090500,https://theduchy-restaurant.com/de/,the.duchy@breidenbacherhof.com,Very Expensive,4.6,,Elevated European dishes & cocktails in an ornate hotel restaurant with chandeliers & a fireplace. | Restaurant | Rated 4.6/5 (668 reviews) | Very expensive / luxury tier,Google Places API (New)
OSCAR im APROPOS,"Mittelstraße 12/14a, 50672 Köln, Germany",Köln,Germany,0221 96022653,http://www.oscar-apropos.de/,anfrage@oscar-apropos.de,Expensive,4.7,,"Creative sushi & refined, global bistro dishes in an elegant contemporary space with a glass roof. | Restaurant | Rated 4.7/5 (711 reviews) | Expensive / upscale tier",Google Places API (New)
Restaurant TROYKA,"Rurstraße 19, 41812 Erkelenz, Germany",Erkelenz,Germany,02431 9455355,http://www.troyka.de/,info@company.com,Very Expensive,4.9,,Fine Dining Restaurant | Rated 4.9/5 (659 reviews) | Very expensive / luxury tier,Google Places API (New)
Restaurant Schote,"Diepeschrather Weg 80a, 51469 Bergisch Gladbach, Germany",Bergisch Gladbach,Germany,02202 2711760,https://www.diepeschrather-muehle.de/dining-drinks/gourmetrestaurant-schote,schote@diepeschrather-muehle.de,Very Expensive,4.5,,Tasting menus & wine pairings at an elegant fine dining venue with chic decor & feature lighting. | Fine Dining Restaurant | Rated 4.5/5 (432 reviews) | Very expensive / luxury tier,Google Places API (New)
DER VIERTE KÖNIG - Köln,"Gottesweg 165, 50939 Köln-Lindenthal, Germany",Köln,Germany,0221 48481288,http://www.derviertekoenig.com/,info@derviertekoenig.com,Very Expensive,4.7,,Fusion Restaurant | Rated 4.7/5 (432 reviews) | Very expensive / luxury tier,Google Places API (New)
Vetrina THE ITALIAN FOOD EXPERIENCE,"Lindenstraße 5, 50674 Köln, Germany",Köln,Germany,0221 20530894,https://vetrinacologne.com/,vetrina.cologne@gmail.com,Expensive,4.7,,Italian Restaurant | Rated 4.7/5 (625 reviews) | Expensive / upscale tier,Google Places API (New)
Restaurant Bellevue,"Heumarkt 20, 50667 Köln, Germany",Köln,Germany,0221 2027875,https://www.maritim.de/de/hotels/deutschland/hotel-koeln/restaurants?utm_campaign=yext&utm_source=kolbellevue&utm_medium=local,fb.kol@maritim.de,Expensive,4.1,,"Hotel restaurant with buffet options, known for its glass-walled dining room with Rhine views. | Restaurant | Rated 4.1/5 (206 reviews) | Expensive / upscale tier",Google Places API (New)
IKIGAI - Japanese BBQ,"Friesenstraße 55, 50670 Köln, Germany",Köln,Germany,0221 59995530,https://ikigaigroup.de/,info@ikigai-cologne.de,Expensive,4.8,,Japanese Restaurant | Rated 4.8/5 (601 reviews) | Expensive / upscale tier,Google Places API (New)
Colina Steakhaus Restaurant,"Flandrische Str. 18, 50674 Köln, Germany",Köln,Germany,0221 9404115,http://www.colinakoeln.de/,info@colinakoeln.de,Expensive,4.5,,"Argentinian steaks cooked on a charcoal grill, plus tapas & burgers, in a brasserie-style space. | Steak House | Rated 4.5/5 (1333 reviews) | Expensive / upscale tier",Google Places API (New)
Heising & Adelmann,"Friesenstraße 58-60, 50670 Köln, Germany",Köln,Germany,0221 1309424,http://www.heising-und-adelmann.de/,,Expensive,4.5,,Mediterranean Restaurant | Rated 4.5/5 (712 reviews) | Expensive / upscale tier,Google Places API (New)
Ristorante Sardinia,"Goltsteinstraße 118, 50968 Köln-Rodenkirchen, Germany",Köln,Germany,0221 88808881,https://www.ristorantesardinia.com/,ristorantesardinia@gmail.com,Expensive,4.4,,Italian Restaurant | Rated 4.4/5 (444 reviews) | Expensive / upscale tier,Google Places API (New)
Scampino,"Deutz-Mülheimer Str. 199, 51063 Köln, Germany",Köln,Germany,0221 618544,https://www.scampino.de/,info@scampino.de,Expensive,4.5,,Mediterranean seafood with Italian & German wines at an elegant venue with a shady terrace. | Seafood Restaurant | Rated 4.5/5 (1366 reviews) | Expensive / upscale tier,Google Places API (New)
ZEN,"Bachemer Str. 233, 50935 Köln-Lindenthal, Germany",Köln,Germany,0221 39909986,https://www.restaurant-zen.de/lindenthal,info@restaurant-zen.de,Expensive,4.7,,"Creative takes on classic Japanese dishes, served in a contemporary, minimalist space. | Japanese Restaurant | Rated 4.7/5 (788 reviews) | Expensive / upscale tier",Google Places API (New)
Haus Müller,"Achterstraße 2, 50678 Köln, Germany",Köln,Germany,0221 9321086,https://www.haus-müller-köln.de/,,Expensive,4.5,,Elevated German cuisine in an elegant dining room filled with plants & chandeliers. | Restaurant | Rated 4.5/5 (892 reviews) | Expensive / upscale tier,Google Places API (New)
Restaurant Täfelchen,"Manstedtener Str. 34A, 50259 Pulheim, Germany",Pulheim,Germany,02238 301035,https://www.restaurant-taefelchen.de/,alexwlodek@t-online.de,Very Expensive,4.9,,Fine Dining Restaurant | Rated 4.9/5 (108 reviews) | Very expensive / luxury tier,Google Places API (New)
Club Astoria,"Guts-Muths-Weg 3, 50933 Köln, Germany",Köln,Germany,0221 9874510,http://www.clubastoria.de/,info@clubastoria.de,Expensive,4.6,,Globally influenced dishes & Sunday brunch in a posh space with lake views & a beer garden. | Restaurant | Rated 4.6/5 (2030 reviews) | Expensive / upscale tier,Google Places API (New)
Yulia Mezze Bar,"Kämmergasse 18, 50676 Köln, Germany",Köln,Germany,0221 80188843,https://www.yulia-mezzebar.de/,info@sahila-restaurant.de,Very Expensive,4.7,,Restaurant | Rated 4.7/5 (124 reviews) | Very expensive / luxury tier,Google Places API (New)
Trattoria Casa Di Modica,"Friesenwall 104, 50672 Köln, Germany",Köln,Germany,0221 27799656,https://www.casa-di-modica.de/,trattoria@casa-di-modica.de,Expensive,4.7,,"Comfortable restaurant preparing Italian classics, including pasta, bruschetta & dessert. | Italian Restaurant | Rated 4.7/5 (387 reviews) | Expensive / upscale tier",Google Places API (New)
Rohmühle,"Rheinwerkallee 3, 53227 Bonn-Beuel, Germany",Bonn,Germany,0228 4100707,https://www.rohmuehle.com/,,Expensive,4.4,,"Global dishes, a vegan menu & homemade cakes in a landmark building with a terrace above the Rhine. | Restaurant | Rated 4.4/5 (2947 reviews) | Expensive / upscale tier",Google Places API (New)
QOMO Restaurant & Bar,"Stromstraße 20, 40221 Düsseldorf-Stadtbezirk 3, Germany",Düsseldorf,Germany,0211 86320018,http://www.qomo-restaurant.com/,reservation@qomo-restaurant.com,Very Expensive,4.5,,"Japanese fusion fare, cocktails & 360-degree views in a revolving restaurant atop the Rhine Tower. | Fusion Restaurant | Rated 4.5/5 (4167 reviews) | Very expensive / luxury tier",Google Places API (New)
ABACCO'S STEAKHOUSE Köln,"Butzweilerstraße 35-39, 50829 Köln-Ehrenfeld, Germany",Köln,Germany,0221 8200500,https://www.abaccos-steakhouse.de/koeln,koeln@abaccos-steakhouse.de,Expensive,4.6,,Steak House | Rated 4.6/5 (5280 reviews) | Expensive / upscale tier,Google Places API (New)
The Paradise Now,"Hammer Str. 27, 40219 Düsseldorf, Germany",Düsseldorf,Germany,0173 7637964,http://www.theparadisenow.com/,,Expensive,4.4,,Restaurant | Rated 4.4/5 (640 reviews) | Expensive / upscale tier,Google Places API (New)
CARUSO Pastabar,"Kasparstraße 19, 50670 Köln, Germany",Köln,Germany,0221 9386311,https://www.caruso-pastabar.de/,info@caruso-pastabar.de,Expensive,4.6,,"Intimate, rustic Italian restaurant specializing in seasonal, handmade pasta recipes & wines. | Italian Restaurant | Rated 4.6/5 (998 reviews) | Expensive / upscale tier",Google Places API (New)
Anthony's Kitchen,"Moerser Str. 81, 40667 Meerbusch-Büderich, Germany",Meerbusch,Germany,02132 9851425,https://anthonys.kitchen/,info@raeder.it,Very Expensive,4.9,,Fine Dining Restaurant | Rated 4.9/5 (357 reviews) | Very expensive / luxury tier,Google Places API (New)
El Gaucho Steakhouse,"Hohenstaufenring 29-37, 50674 Köln, Germany",Köln,Germany,0221 246797,https://www.elgaucho-steakhouse.de/,kontakt@elgaucho-steakhouse.de,Expensive,4.5,,"Traditional steakhouse for Argentinian beef cuts & sides, plus specialties like empanadas. | Steak House | Rated 4.5/5 (1260 reviews) | Expensive / upscale tier",Google Places API (New)
1876 Daniel Dal-Ben,"Grunerstraße 42a, 40239 Düsseldorf, Germany",Düsseldorf,Germany,0211 1717361,http://www.1876.restaurant/,daniel.dal-ben@1876.restaurant,Very Expensive,4.8,,"Sophisticated restaurant serving global cuisine in a modern, white-tablecloth dining room. | Fine Dining Restaurant | Rated 4.8/5 (160 reviews) | Very expensive / luxury tier",Google Places API (New)
The ASH Köln Hahnenstraße,"Hahnenstraße 37, 50667 Köln, Germany",Köln,Germany,0221 60608999,https://www.the-ash.com/restaurants/koeln-hahnenstrasse,5e8f889c4eecdf8839173e7de435a7ca66f8926d1f4cee60ca2636129f0059b8koeln@the-ash.com,Expensive,4,,Restaurant | Rated 4/5 (2350 reviews) | Expensive / upscale tier,Google Places API (New)
Fellini,"Zülpicher Str. 327, 50937 Köln-Lindenthal, Germany",Köln,Germany,0221 441900,http://www.felliniristorante.de/,fellinicolonia@aol.com,Expensive,4.6,,"Pasta, grills & seafood dishes in a mellow space with art paying tribute to the Italian director. | Italian Restaurant | Rated 4.6/5 (262 reviews) | Expensive / upscale tier",Google Places API (New)
Gruber's,"Clever Str. 32, 50668 Köln, Germany",Köln,Germany,0221 7202670,https://www.grubersrestaurant.de/,,,4.7,,Classic & creative dishes with Austrian wines in an upscale dining room with a romantic terrace. | Austrian Restaurant | Rated 4.7/5 (1415 reviews),Google Places API (New)
Max Stark,"Unter Kahlenhausen 47, 50668 Köln, Germany",Köln,Germany,0221 2005633,http://www.max-stark.de/,gast@max-stark.de,Moderate,4.6,,"Informal brewpub with a homey, vintage interior serving traditional fare, beer & other drinks. | German Restaurant | Rated 4.6/5 (4057 reviews)",Google Places API (New)
Gaffel am Dom - Brauhaus,"Bahnhofsvorpl. 1, 50667 Köln, Germany",Köln,Germany,0221 9139260,https://www.gaffelamdom.de/,info@gaffelamdom.de,Moderate,4.3,,"Traditional eatery offering regional dishes, a brewhouse & a garden terrace, plus live music. | Bar | Rated 4.3/5 (9993 reviews)",Google Places API (New)
Funkhaus Cafe-Bar-Restaurant,"Wallrafpl. 5, 50667 Köln, Germany",Köln,Germany,0221 955645424,http://www.funkhaus-koeln.de/,info@funkhaus-koeln.de,,4.5,,"Breakfast, lunch & dinner in a stylish 1950s restaurant & bar set close to the cathedral. | Restaurant | Rated 4.5/5 (5925 reviews)",Google Places API (New)
Wilma Wunder Köln,"Friesenstraße 82, 50672 Köln, Germany",Köln,Germany,0221 42918210,https://www.wilma-wunder.de/restaurants/koeln/,koeln@wilma-wunder.de,Moderate,4.3,,German Restaurant | Rated 4.3/5 (3943 reviews),Google Places API (New)
Gilden im Zims “Heimat kölscher Helden”,"Heumarkt 77, 50667 Köln, Germany",Köln,Germany,0221 16866110,http://www.zims.de/,info@zims.de,Moderate,4.3,,Contemporary brewpub offering Cologne specialties like crispy pork knuckles & kölsch beer. | German Restaurant | Rated 4.3/5 (10621 reviews),Google Places API (New)
Bei Oma Kleinmann,"Zülpicher Str. 9, 50674 Köln, Germany",Köln,Germany,0221 232346,https://www.beiomakleinmann.de/,info@beiomakleinmann.de,Moderate,4.7,,"Long-established, lively venue with outdoor tables, serving schnitzels with sauces & beers. | Restaurant | Rated 4.7/5 (4679 reviews)",Google Places API (New)
Kuchi Mami,"Komödienstraße 43, 50667 Köln, Germany",Köln,Germany,0221 34662157,https://www.kuchimami.de/,info@kuchimami.de,Moderate,4.8,,"Unfussy Asian restaurant serving curries, noodles & meat dishes, plus nigiri, sashimi & sushi rolls. | Asian Restaurant | Rated 4.8/5 (1792 reviews)",Google Places API (New)
Brauhaus FRÜH am Dom,"Am Hof 12-18, 50667 Köln, Germany",Köln,Germany,0221 2613215,https://www.frueh-am-dom.de/brauhaus.html,gastronomie@frueh.de,Moderate,4.2,,"Old-world restaurant offering homestyle dishes of sausage & potatoes, plus schnitzel. | Bar | Rated 4.2/5 (966 reviews)",Google Places API (New)
Servus Colonia Alpina,"Steinweg 12-14, 50667 Köln, Germany",Köln,Germany,0221 29219250,http://www.servus-colonia-alpina.de/,mail@servus.koeln,Moderate,4.4,,"Schnitzel, roast pork & dumplings washed down with Bavarian beers at a lively, Alpine-chic tavern. | German Restaurant | Rated 4.4/5 (5559 reviews)",Google Places API (New)
ST. LOUIS Breakfast,"Meister-Gerhard-Straße 30, 50674 Köln, Germany",Köln,Germany,0221 16842810,http://www.st-louis-breakfast.de/,hello@st-louis-breakfast.de,Moderate,4.7,,"Funky all-day breakfast spot serving hearty international dishes alongside coffee, cocktails & beer. | Breakfast Restaurant | Rated 4.7/5 (4049 reviews)",Google Places API (New)
Hänneschen und die Pfeffermühle,"Heumarkt 54, 50667 Köln, Germany",Köln,Germany,0221 2582885,http://www.haenneschen.com/,restaurant@haenneschen.com,Moderate,4.6,,"Cozy eatery adjoining a puppet theater, offering hearty international plates in a warm environment. | German Restaurant | Rated 4.6/5 (2604 reviews)",Google Places API (New)
Augustiner am Heumarkt,"Heumarkt 42-44, 50667 Köln, Germany",Köln,Germany,0221 9881620,http://www.augustiner-am-heumarkt.de/,info@augustiner-am-heumarkt.de,Moderate,4.7,,Bavarian restaurant | Rated 4.7/5 (6508 reviews),Google Places API (New)
Haxenhaus,"Frankenwerft 19, 50667 Köln, Germany",Köln,Germany,0221 2704990,https://www.haxenhaus.de/,info@haxenhaus.de,Moderate,4.1,,"Pork knuckles, homemade sausages & kölsch beer in a traditional tavern with a riverfront terrace. | Restaurant | Rated 4.1/5 (4512 reviews)",Google Places API (New)
Peters Brauhaus,"Mühlengasse 1, 50667 Köln, Germany",Köln,Germany,0221 2573950,http://www.peters-brauhaus.de/,info@peters-brauhaus.de,Moderate,4.4,,"Long-running brewery & restaurant with a stained-glass ceiling, cooking Cologne specialties. | Bar | Rated 4.4/5 (8648 reviews)",Google Places API (New)
Green Smoke Cologne,"An den Dominikanern 4 a, 50668 Köln, Germany",Köln,Germany,0221 1644470,https://www.green-smoke.de/,info@green-smoke.de,Expensive,4.7,,American Restaurant | Rated 4.7/5 (3091 reviews) | Expensive / upscale tier,Google Places API (New)
Trattoria l’Ancora,"Heumarkt 47, 50667 Köln, Germany",Köln,Germany,0221 29826358,http://www.trattorialancora.de/,trattoria.lancora.2025@gmail.com,Moderate,4.8,,Italian Restaurant | Rated 4.8/5 (435 reviews),Google Places API (New)
Gaststätte Lommerzheim,"Siegesstraße 18, 50679 Köln, Germany",Köln,Germany,0221 814392,https://www.lommerzheim.koeln/,Lommi@Paeffgen-Koelsch.de,Moderate,4.6,,Pub | Rated 4.6/5 (4507 reviews),Google Places API (New)
Miami am Rhein,"Fischmarkt 9, 50667 Köln-Altstadt, Germany",Köln,Germany,0179 7443175,,,Moderate,4.7,,Restaurant | Rated 4.7/5 (346 reviews),Google Places API (New)
Minsu Restaurant Köln,"Mindener Str. 2 ecke, 50679 Köln, Germany",Köln,Germany,0221 69079566,http://www.minsulibertas.de/,info@minsulibertas.de,Moderate,4.8,,Asian Fusion Restaurant | Rated 4.8/5 (913 reviews),Google Places API (New)
Lederer,"Unter Fettenhennen 2, 50667 Köln, Germany",Köln,Germany,0221 2577549,https://speisekartenweb.de/restaurants/k%C3%B6ln/lederer-64398?utm_source=google_profile&utm_medium=google_profile&utm_campaign=admin,,Moderate,4.3,,Traditional grub like sauerbraten & pork knuckle dished up in a nostalgic 15th-century setting. | German Restaurant | Rated 4.3/5 (2670 reviews),Google Places API (New)
Glashaus Restaurant,"Kennedy-Ufer 2a, 50679 Köln, Germany",Köln,Germany,0221 82811760,https://www.glashaus-restaurant.de/,,,4.4,,"Sleek hotel restaurant overlooking the Rhine, offering creative global fare in a bright setting. | Restaurant | Rated 4.4/5 (388 reviews)",Google Places API (New)
Keule,"Heumarkt 56-58, 50667 Köln, Germany",Köln,Germany,0221 2581159,https://restaurant-keule.de/,,Moderate,4.1,,Heaped portions of German dishes like pork knuckle & schnitzel in a lively place with outdoor seats. | German Restaurant | Rated 4.1/5 (1960 reviews),Google Places API (New)
Restaurant Brücken,"Johannisstraße 79, 50668 Köln, Germany",Köln,Germany,0221 37994830,https://restaurant-bruecken-koeln.jimdoweb.com/,info@restaurant-bruecken.com,Expensive,4.7,,Mediterranean seafood & classic meaty German dishes at an unassuming eatery with sidewalk tables. | Restaurant | Rated 4.7/5 (799 reviews) | Expensive / upscale tier,Google Places API (New)
"Brauhaus ""Zum Prinzen""","Alter Markt 20-22, 50667 Köln, Germany",Köln,Germany,0221 96022220,http://zum-prinzen.com/,info@zum-prinzen.com,Moderate,4.5,,"Traditional German brewhouse & tavern offering hearty local eats & beers, plus TVs for sports. | Restaurant | Rated 4.5/5 (1390 reviews)",Google Places API (New)
Café de Paris Cologne,"Benesisstraße 61, 50672 Köln, Germany",Köln,Germany,0221 27794750,http://www.cafe-de-paris.de/,info@cafe-de-paris.de,Moderate,4.5,,"Destination for a menu of classic French & international dishes in a charming, vintage environment. | European Restaurant | Rated 4.5/5 (2179 reviews)",Google Places API (New)
Ginti Indian Restaurant,"Händelstraße 33, 50674 Köln, Germany",Köln,Germany,0179 7992204,http://www.ginti.de/,info@ginti.de,Moderate,4.5,,"North Indian curries, biryanis & snacks, with vegan options & breads cooked in a tandoor oven. | Indian Restaurant | Rated 4.5/5 (5672 reviews)",Google Places API (New)
Grissini Restaurant & Terrasse,"Kennedy-Ufer 2a, 50679 Köln, Germany",Köln,Germany,0221 82811868,https://www.grissini-restaurant.de/?utm_source=googlebusinessprofile&utm_medium=organic&utm_campaign=website,grissini.cologne@hyatt.com,Moderate,4.3,,"Light-filled, waterfront eatery dishing out homemade pasta alongside seafood & grilled meats & wine. | Italian Restaurant | Rated 4.3/5 (1703 reviews)",Google Places API (New)
Haus Scholzen,"Venloer Str. 236, 50823 Köln-Ehrenfeld, Germany",Köln,Germany,0221 515919,http://www.haus-scholzen.de/,info@haus-scholzen.de,Moderate,4.7,,"Cozy traditional tavern for home-style cuisine & regional specialties, plus schnapps & German beers. | German Restaurant | Rated 4.7/5 (2174 reviews)",Google Places API (New)
Sattgrün Köln Kolumba Viertel,"Ludwigstraße 11, 50667 Köln, Germany",Köln,Germany,0221 28068979,https://www.sattgruen.com/,bewerbung@sattgruen.de,Moderate,4.7,,Vegan Restaurant | Rated 4.7/5 (2149 reviews),Google Places API (New)
Rievkoochebud,"Salzgasse 6, 50667 Köln, Germany",Köln,Germany,,http://instagram.de/rievkoochebud,,Inexpensive,4.8,,"Unpretentious takeaway stand specializing in potato pancakes with various sauces, plus beers. | Snack Bar | Rated 4.8/5 (1240 reviews)",Google Places API (New)
Sticky Fingers Restaurant & Terrasse,"Kennedy-Ufer 2a, 50679 Köln, Germany",Köln,Germany,0221 82811547,https://www.stickyfingers-restaurant.de/?utm_source=googlebusinessprofile&utm_medium=organic&utm_campaign=website,,Moderate,4.2,,Global snacks in a light-filled setting with a terrace overlooking the Rhine & Cologne Cathedral. | Restaurant | Rated 4.2/5 (1726 reviews),Google Places API (New)
The Namos Restaurant,"Maastrichter Str. 6-8, 50672 Köln, Germany",Köln,Germany,0221 56064444,https://thenamos.de/,info@thenamos.de,Moderate,4.8,,Mediterranean Restaurant | Rated 4.8/5 (1820 reviews),Google Places API (New)
Hard Rock Cafe,"Gürzenichstraße 8, 50667 Köln, Germany",Köln,Germany,0221 65088442,https://cafe.hardrock.com/cologne/de/,cologne_social@hardrock.com,Moderate,4.3,,Rock ’n’ roll-themed chain with a high-energy vibe serving burgers & American classics. | American Restaurant | Rated 4.3/5 (11369 reviews),Google Places API (New)
Shaka Zulu,"Limburger Str. 29, 50672 Köln, Germany",Köln,Germany,0221 16862814,http://shaka-zulu.de/,,Moderate,4.8,,"Street food served tapas style, plus South African drinks, in a vibrant hangout with recycled decor. | African Restaurant | Rated 4.8/5 (1581 reviews)",Google Places API (New)
The Small Steakhouse,"Hohe Str. 73-75, 50667 Köln, Germany",Köln,Germany,0221 2581787,http://www.daskleinesteakhaus.de/,info@daskleinesteakhaus.com,Moderate,4.5,,"Straightforward grill restaurant offering Black Angus steaks & burgers, plus seafood. | Steak House | Rated 4.5/5 (4113 reviews)",Google Places API (New)
Ginti and More,"Fleischmengergasse 37, 50676 Köln, Germany",Köln,Germany,0221 20197850,https://gintiandmore.de/,info@gintiandmore.de,Moderate,4.6,,Indian Restaurant | Rated 4.6/5 (3671 reviews),Google Places API (New)
Habibi Köln,"Zülpicher Str. 28, 50674 Köln, Germany",Köln,Germany,0221 2717141,http://www.habibi-koeln.de/,,Inexpensive,4.5,,"Shawarma, falafel & hummus in a no-frills joint with a pre-Islamic poem written on the wall tiles. | Lebanese Restaurant | Rated 4.5/5 (4402 reviews)",Google Places API (New)
Steakhaus Angusto,"An Groß St. Martin 1, 50667 Köln, Germany",Köln,Germany,0221 2724544,http://steakhaus-angusto.eatbu.com/,info@steakhaus-angusto.de,Moderate,4.7,,Steak House | Rated 4.7/5 (1824 reviews),Google Places API (New)
Brauhaus Sion,"Unter Taschenmacher 5-7, 50667 Köln, Germany",Köln,Germany,0221 2578540,http://www.brauhaus-sion.de/,reservierung@brauhaus-sion.de,Moderate,4,,"Pork knuckle, German fries & Kölsch served in a long-standing brewery with dark wood & a terrace. | Brewpub | Rated 4/5 (7747 reviews)",Google Places API (New)
Bei Bepi,"Breite Str. 85, 50667 Köln, Germany",Köln,Germany,0221 57003261,,,Moderate,4.8,,Italian Restaurant | Rated 4.8/5 (1384 reviews),Google Places API (New)
Restaurant Great Wall köln,"Komödienstraße 37, 50667 Köln, Germany",Köln,Germany,089 62083716,http://www.greatwallcologne.de/,info@greatwallcologne.de,Moderate,4.7,,"Sichuan, Hunan & other Chinese regional dishes, served at a relaxed 3-story restaurant. | Chinese Restaurant | Rated 4.7/5 (1102 reviews)",Google Places API (New)
El Chango,"Bolzengasse 9, 50667 Köln, Germany",Köln,Germany,0221 2581212,https://www.elchango.de/,info@elchango.com,Expensive,4.5,,"Big Argentinian steaks cooked over an open charcoal grill in a quaint, rustic-style tavern. | Argentinian Restaurant | Rated 4.5/5 (1924 reviews) | Expensive / upscale tier",Google Places API (New)
L'Osteria Cologne Deutz,"Hans-Imhoff-Straße 4, 50679 Köln, Germany",Köln,Germany,0221 99994616,https://losteria.net/de/restaurants/restaurant/koeln-deutz/,koeln.deutz@losteria.de,Moderate,4.5,,Italian Restaurant | Rated 4.5/5 (4919 reviews),Google Places API (New)
Augustin Restaurant Cologne,"Dagobertstraße 32, 50668 Köln, Germany",Köln,Germany,0221 57077796,https://augustin-restaurant.com/,koeln@augustin-restaurant.com,Expensive,4.6,,Restaurant | Rated 4.6/5 (242 reviews) | Expensive / upscale tier,Google Places API (New)
Wartesaal am Dom,"Johannisstraße 11, 50668 Köln, Germany",Köln,Germany,0221 126064713,https://www.wartesaalamdom.org/,info@wartesaalamdom.de,,4.5,,Fancy eatery & event venue with classic meals in the former waiting room of Cologne Central Station. | Event Venue | Rated 4.5/5 (812 reviews),Google Places API (New)
Beirut Restaurant,"Buttermarkt 3, 50667 Köln, Germany",Köln,Germany,0221 2581539,http://beirut-restaurant.de/,info@beirut-restaurant.de,Moderate,4.2,,"Specialties from Lebanon like shawarma, falafel & lamb skewers, plus traditional decor & music. | Lebanese Restaurant | Rated 4.2/5 (3730 reviews)",Google Places API (New)
Brauerei zur Malzmühle,"Heumarkt 6, 50667 Köln, Germany",Köln,Germany,0221 92160613,http://brauereizurmalzmuehle.de/,reservierung@malzmuehle.de,Moderate,4.4,,"A 150-year-old family brewery with modern rooms, casual dining & a traditional brauhaus beer hall. | Bar | Rated 4.4/5 (2878 reviews)",Google Places API (New)
Kaiser Konstantin - Kölsches Brauhaus,"Kennedy-Ufer 1, 50679 Köln, Germany",Köln,Germany,0221 75979061,https://www.kaisercologne.de/,,Moderate,4.8,,Restaurant | Rated 4.8/5 (1463 reviews),Google Places API (New)
Café Goldjunge Köln Innenstadt,"Hohe Pforte 4-6, 50676 Köln, Germany",Köln,Germany,0221 71731443,https://www.instagram.com/cafegoldjungefuchs,,Moderate,4.8,,Cafe | Rated 4.8/5 (868 reviews),Google Places API (New)
Platinum Club Cologne,"Alter Markt 36-42, 50667 Köln, Germany",Köln,Germany,0172 5146540,https://www.tp-platinum.de/,info@tp-platinum.de,,5,,Night Club | Rated 5/5 (122 reviews),Google Places API (New)
Puszta-Hütte,"Fleischmengergasse 57, 50676 Köln, Germany",Köln,Germany,0221 239471,http://www.puszta-huette.de/,,Inexpensive,4.7,,Hungarian Restaurant | Rated 4.7/5 (2844 reviews),Google Places API (New)
Bier-Esel,"Breite Str. 114, 50667 Köln, Germany",Köln,Germany,0221 2576090,https://www.bier-esel.com/,post@bier-esel.com,Moderate,4.5,,"Cozy, traditional restaurant with sidewalk seats & hefty portions of local specialties. | German Restaurant | Rated 4.5/5 (2695 reviews)",Google Places API (New)
Rich`N Greens,"Auf dem Berlich 9, 50667 Köln, Germany",Köln,Germany,0221 84639530,https://www.richngreens.com/,,Moderate,4.7,,"Health-conscious eats like burritos, bowls & salads, plus smoothies, served in cool, snug surrounds. | Restaurant | Rated 4.7/5 (1400 reviews)",Google Places API (New)
Paul’s Bistro,"Gertrudenstraße 2, 50667 Köln, Germany",Köln,Germany,0221 80064533,,,Moderate,4.7,,Bistro | Rated 4.7/5 (94 reviews),Google Places API (New)
THE COFFICE HARBOUR,"Im Zollhafen 24, 50678 Köln, Germany",Köln,Germany,0221 57001925,https://www.thecoffice.de/,,Inexpensive,4.6,,"Down-to-earth cafe brewing hot & cold coffee drinks, plus wraps, bowls, smoothies & pastries. | Cafe | Rated 4.6/5 (571 reviews)",Google Places API (New)
MaXimA - Feines Polnisches Restaurant,"Marsilstein 9-13, 50676 Köln, Germany",Köln,Germany,0221 2934840,https://maxima-bistro.de/,info@maxima-bistro.de,Moderate,4.8,,"Contemporary Polish dishes, beers & wines are offered in this elegant destination. | Polish Restaurant | Rated 4.8/5 (1237 reviews)",Google Places API (New)
Lint No 7,"Lintgasse 7, 50667 Köln, Germany",Köln,Germany,0176 75765047,https://lintno7.eatbu.com/?lang=de,Info@lintno7.de,Moderate,4.6,,Breakfast Restaurant | Rated 4.6/5 (583 reviews),Google Places API (New)
Ludwig im Museum Restaurant & Café,"Heinrich-Böll-Platz 1, 50667 Köln, Germany",Köln,Germany,0221 16875139,https://www.ludwig-im-museum.de/,info@ludwig-im-museum.de,Moderate,4.2,,"Unfussy cafe & restaurant with a big terrace, serving Mediterranean meat dishes, cakes & pastries. | Restaurant | Rated 4.2/5 (1289 reviews)",Google Places API (New)
Hommage Café,"Friesenstraße 73, 50670 Köln, Germany",Köln,Germany,,https://instagram.com/hommage_koeln?igshid=OGQ5ZDc2ODk2ZA%3D%3D&utm_source=qr,,Moderate,4.5,,"Down-to-earth spot with outdoor seating, offering pastries, breakfast & hand-roasted beans. | Coffee Shop | Rated 4.5/5 (2199 reviews)",Google Places API (New)
Café Gallery 4 - Specialty Coffee & Community in Köln Rathenauviertel nähe Belgisches Viertel,"Lindenstraße 73, 50674 Köln, Germany",Köln,Germany,0221 93280631,https://www.gallery4.coffee/,Info@gallery4.coffee,Inexpensive,4.8,,Cafe | Rated 4.8/5 (351 reviews),Google Places API (New)
littleNONNA,"Brabanter Str. 1, 50674 Köln, Germany",Köln,Germany,0221 59496610,https://little-nonna.de/,info@little-nonna.de,Moderate,4.3,,"Italian classics like pasta & pizza, plus cocktails, served up in a comfy restaurant with a patio. | Italian Restaurant | Rated 4.3/5 (2461 reviews)",Google Places API (New)
Fassbender,"Obenmarspforten 7, 50667 Köln, Germany",Köln,Germany,0221 2727390,http://www.fassbender.de/,,Moderate,4.3,,Cafe | Rated 4.3/5 (1371 reviews),Google Places API (New)
Thai-Viet Street Food Imbiss - Köln,"Kleine Budengasse 11a, 50667 Köln, Germany",Köln,Germany,0221 16919043,https://thaivietstreetfoodimbisskuln.shop/,localoria.com@gmail.com,Moderate,4.6,,"Laid-back eatery serving Thai & Vietnamese classics including noodles, coconut milk soups & curries. | Thai Restaurant | Rated 4.6/5 (2554 reviews)",Google Places API (New)
Cafe Amory am Rhein,"Frankenwerft 3, 50667 Köln, Germany",Köln,Germany,0221 98831467,,,Moderate,4.7,,Cafe | Rated 4.7/5 (63 reviews),Google Places API (New)
ITO Japanese Cuisine,"Antwerpener Str. 15, 50672 Köln, Germany",Köln,Germany,0221 3557327,https://www.ito-restaurant.de/,info@ito-restaurant.de,,4.7,,"Smart outfit delivering seaweed rolls, tempura & other familiar Asian dishes with a creative twist. | Japanese Restaurant | Rated 4.7/5 (305 reviews)",Google Places API (New)
Pigeon Post Bar & Eatery,"Marzellenstraße 13 - 17, 50668 Köln, Germany",Köln,Germany,0221 130714450,https://www.hilton.com/en/hotels/cgnhihi-hilton-cologne/dining/,,Moderate,4.2,,Bar | Rated 4.2/5 (182 reviews),Google Places API (New)
Sortie Cologne,"Hohenzollernring 42, 50672 Köln, Germany",Köln,Germany,08089 5789999,,,Moderate,4.2,,Pub | Rated 4.2/5 (1202 reviews),Google Places API (New)
Altertümchen,"Ritterstraße 57, 50670 Köln, Germany",Köln,Germany,0221 131434,https://www.em-altertuemche.de/,info@em-altertuemche.de,Moderate,4.7,,German Restaurant | Rated 4.7/5 (569 reviews),Google Places API (New)
Brauhaus Sünner im Walfisch,"Salzgasse 13, 50667 Köln, Germany",Köln,Germany,0221 2577879,http://www.walfisch.de/,info@walfisch.de,Moderate,4.5,,"Traditional beer hall in a 1600s stepped-gable house, serving house-brewed Kölsch & meaty dishes. | Brewpub | Rated 4.5/5 (3726 reviews)",Google Places API (New)
Ristorante il Tartufo,"Mathiasstraße 18, 50676 Köln, Germany",Köln,Germany,0221 99557835,https://il-tartufo.koeln/,info@il-tartufo.koeln,Moderate,4.8,,"Upscale Italian mains, pasta & pizza offered in a light-filled restaurant with a wood-fired oven. | Italian Restaurant | Rated 4.8/5 (2686 reviews)",Google Places API (New)
mama trattoria Köln City,"Brückenstraße 5 - 11, 50667 Köln, Germany",Köln,Germany,0221 46783070,https://www.mama.eu/koeln-city,koeln-city@mama.eu,Moderate,4.5,,Italian Restaurant | Rated 4.5/5 (1872 reviews),Google Places API (New)
La Vecchia Trattoria,"Olpener Str. 898, 51109 Köln, Germany",Köln,Germany,0221 843405,https://ristorante-pizzeria-la-vecchia-trattoria-palmira-g.jimdosite.com/,,Moderate,4.6,,Italian Restaurant | Rated 4.6/5 (452 reviews),Google Places API (New)
L'Osteria Köln Hahnenstraße,"Hahnenstraße 37, 50667 Köln, Germany",Köln,Germany,0221 33108383,https://losteria.net/de/restaurants/restaurant/koeln-hahnenstrasse/,hahnenstrasse@losteria.de,Moderate,4.1,,Italian Restaurant | Rated 4.1/5 (4698 reviews),Google Places API (New)
Pizzeria Trattoria Sorrentino,"Griechenpforte 46, 50676 Köln, Germany",Köln,Germany,0221 34661402,https://www.pizzeria-trattoria-sorrentino.de/,,Moderate,4.8,,Pizza Restaurant | Rated 4.8/5 (1018 reviews),Google Places API (New)
Da Damiano,"Marzellenstraße 66, 50668 Köln, Germany",Köln,Germany,0221 123662,https://da-damiano.de/,,,4.5,,"Artfully plated pasta, fish & meat dishes served in a sleek dining room or at summer terrace tables. | Italian Restaurant | Rated 4.5/5 (271 reviews)",Google Places API (New)
Italienisches Restaurant,"50667 Cologne, Germany",Cologne,Germany,,,,,,,Italian Restaurant,Google Places API (New)
Punto Pasta,"Andreaskloster 14, 50667 Köln, Germany",Köln,Germany,0221 13930721,http://www.puntopasta-koeln.de/,info@puntopasta-koeln.de,Moderate,4.7,,Italian Restaurant | Rated 4.7/5 (344 reviews),Google Places API (New)
Restaurant Mama Leone,"Buttermarkt 38, 50667 Köln, Germany",Köln,Germany,0221 2577938,http://www.ristorante-mamaleone.de/,info@ristorante-mamaleone.de,Moderate,3.7,,Italian Restaurant | Rated 3.7/5 (1512 reviews),Google Places API (New)
Restaurant Il Bagutta,"Heinsbergstraße 20a, 50674 Köln, Germany",Köln,Germany,0221 212694,https://www.rosticceria-massimo.de/il-bagutta/,info@ilbagutta-koeln.de,Moderate,4.6,,Italian Restaurant | Rated 4.6/5 (1109 reviews),Google Places API (New)
Cosa Nostra,"Am Bollwerk 25, 50667 Köln, Germany",Köln,Germany,0221 2580693,http://www.restaurant-cosanostra.de/,info@restaurant-cosanostra.de,Moderate,4.1,,Restaurant | Rated 4.1/5 (876 reviews),Google Places API (New)
La Teca,"Eifelpl. 2, 50677 Köln, Germany",Köln,Germany,0221 313485,http://www.lateca.koeln/,ciao@la-teca-koeln.de,Moderate,4.7,,Restaurant | Rated 4.7/5 (657 reviews),Google Places API (New)
Im Fachwerk,"Heumarkt 60, 50667 Köln, Germany",Köln,Germany,01517 2474984,http://imfachwerk-koeln.de/,info@imfachwerk-koeln.de,Moderate,4.6,,Restaurant | Rated 4.6/5 (338 reviews),Google Places API (New)
Via Sistina an Farina,"Marspfortengasse 6, 50667 Köln, Germany",Köln,Germany,0221 2578830,https://www.viasistina.de/,,Moderate,4.3,,Italian Restaurant | Rated 4.3/5 (758 reviews),Google Places API (New)
Tanica,"Engelbertstraße 31A, 50674 Köln, Germany",Köln,Germany,0221 2405271,http://www.rosticceria-massimo.de/,info@barile-koeln.de,Expensive,4.4,,Italian Restaurant | Rated 4.4/5 (1012 reviews) | Expensive / upscale tier,Google Places API (New)
Delfter Haus,"Buttermarkt 42, 50667 Köln, Germany",Köln,Germany,0221 98816230,http://www.delfter-haus.de/,info@delfter-haus.de,Moderate,4.7,,Bavarian restaurant | Rated 4.7/5 (701 reviews),Google Places API (New)
CONSILIUM - Restaurant · Café · Bar,"Rathauspl. 1, 50667 Köln, Germany",Köln,Germany,0221 16870727,http://www.consilium-koeln.com/,consilium@rayes-gastro.de,Expensive,4.6,,An array of German & international dishes in a contemporary restaurant with a terrace. | Restaurant | Rated 4.6/5 (224 reviews) | Expensive / upscale tier,Google Places API (New)
Zum alten Brauhaus,"Severinstraße 51, 50678 Köln, Germany",Köln,Germany,015566 484115,https://www.zab-reissdorf.de/,reservierung@zab-reissdorf.de,Moderate,4.4,,"Rustic brewhouse offering generous traditional dishes & beers, plus a seasonal menu. | Brewpub | Rated 4.4/5 (1729 reviews)",Google Places API (New)
Brauhaus Reissdorf,"Kleiner Griechenmarkt 40, 50676 Köln, Germany",Köln,Germany,0221 219254,http://www.brauhaus-reissdorf.de/,info@brauhaus-reissdorf.de,Moderate,4.4,,"Robust Rhineland specialties, including schnitzel, sausages & Kölsch beer, at a rustic brewery. | Restaurant | Rated 4.4/5 (2246 reviews)",Google Places API (New)
Zippiri Weinbar,"Aachener Str. 259, 50931 Köln-Lindenthal, Germany",Köln,Germany,0221 42088451,https://zippiri.de/de/home-2024-neu/,weinbar@zippiri.de,,4.8,,Restaurant | Rated 4.8/5 (444 reviews),Google Places API (New)
Restaurant „Em Bierstüffge“ – Köln,"Graf-Geßler-Straße 1, 50679 Köln, Germany",Köln,Germany,0221 811412,http://www.em-bierstueffge.de/,,Moderate,4.3,,"German fare & draft beers offered in a homey, cozy setting with sidewalk seating & an upbeat vibe. | Pub | Rated 4.3/5 (895 reviews)",Google Places API (New)
RheinZeit,"Große Neugasse 42, 50667 Köln, Germany",Köln,Germany,0221 94645326,http://rheinzeit.de/,info@rheinzeit.de,Moderate,4.5,,"Pork knuckle, flammkuchen & sausages offered in a modern space with a colorful outdoor terrace. | German Restaurant | Rated 4.5/5 (2289 reviews)",Google Places API (New)
PIZZA PASTA LUCCA,"Obenmarspforten 14, 50667 Köln, Germany",Köln,Germany,0221 27095674,https://pizza-pasta-lucca.de/,luccacologne14@gmail.com,Moderate,4.7,,"Compact, stylish venue for stone oven pizza & beer, plus salads, pasta dishes & wine. | Pizza Restaurant | Rated 4.7/5 (4052 reviews)",Google Places API (New)
sorry mama - it`s so yummy,"Obenmarspforten 1, 50667 Köln, Germany",Köln,Germany,0221 57037792,http://www.sorry-mama.com/,sorrymamacologne@gmail.com,Moderate,4.9,,Restaurant | Rated 4.9/5 (521 reviews),Google Places API (New)
"Belle Tehran ,Persian Cross Over Cuisine","Buttermarkt 8, 50667 Köln, Germany",Köln,Germany,0176 70027049,,,Moderate,4.9,,Restaurant | Rated 4.9/5 (252 reviews),Google Places API (New)
Oma's Küche,"Große Budengasse 2B, 50667 Köln, Germany",Köln,Germany,0221 2575975,http://www.restaurant-omas-kueche.de/,reservierung@restaurant-omas-kueche.de,Moderate,4.3,,"Rustic Rhineland specialities, including, schnitzel & Kölsch beer, at a cozy, long-standing tavern. | German Restaurant | Rated 4.3/5 (2230 reviews)",Google Places API (New)
Gaststätte Em Hähnche,"Christophstraße 7A, 50670 Köln, Germany",Köln,Germany,0221 92277691,http://www.em-hähnche.de/,kontakt@em-haehnche.email,Moderate,4.9,,Restaurant | Rated 4.9/5 (831 reviews),Google Places API (New)
Casa Nuova,"An Groß St. Martin 2, 50667 Köln, Germany",Köln,Germany,0221 27260315,http://restaurant-casanuova.de/,info@restaurant-casanuova.de,Moderate,4.6,,Italian Restaurant | Rated 4.6/5 (384 reviews),Google Places API (New)
Tünnes und Schäl Kölsche Gastwirtschaft,"Alter Markt 26, 50667 Köln, Germany",Köln,Germany,0221 82912363,https://www.tuennesundschael.koeln/,info@tuennesundschael.koeln,Moderate,4.3,,Restaurant | Rated 4.3/5 (1024 reviews),Google Places API (New)
Mai - Halal Vietnamese Kitchen,"Severinstraße 50B, 50678 Köln, Germany",Köln,Germany,0221 56074682,,,Moderate,4.8,,Vietnamese Restaurant | Rated 4.8/5 (120 reviews),Google Places API (New)
Brauhaus Stüsser,"Neusser Str. 47, 50670 Köln, Germany",Köln,Germany,0221 27075858,https://brauhaus-stuesser-koeln.de/,hperz@outlook.de,Moderate,4.5,,"Charming brewpub dating from 1920, serving own-label beers and spirits, plus traditional local food. | Restaurant | Rated 4.5/5 (885 reviews)",Google Places API (New)
Ex-Vertretung,"Frankenwerft 31-33, 50667 Köln, Germany",Köln,Germany,0221 66990221,https://exvertretung.de/,info@ex-vertretung.de,Moderate,4.4,,"Flammekuchen, schnitzel & draft beer in a casual space hung with photos of post-1945 politicians. | Restaurant | Rated 4.4/5 (1735 reviews)",Google Places API (New)
Café Buur,"Richard-Wagner-Str. 28, 50674 Köln, Germany",Köln,Germany,0221 98867922,http://www.cafebuur.de/,catering@cafebuur.de,Moderate,4.8,,"Compact, rustic-chic space popular for brunch, serving sharing platters, bagels, coffee & desserts. | Breakfast Restaurant | Rated 4.8/5 (3509 reviews)",Google Places API (New)
Café Chocolate,"An St. Agatha 29, 50667 Köln, Germany",Köln,Germany,,http://cafechocolate.de/,Info@cafechocolate.de,Moderate,4.7,,Cafe | Rated 4.7/5 (1064 reviews),Google Places API (New)
Café Romeo Romeo,"Kaiser-Wilhelm-Ring 10, 50672 Köln, Germany",Köln,Germany,0221 1260566,http://romeo.koeln/,info@romeo.koeln,Moderate,4.8,,Italian Restaurant | Rated 4.8/5 (2407 reviews),Google Places API (New)
Cloud Kitchen,"Rudolfplatz 4, 50674 Köln, Germany",Köln,Germany,0177 6782376,https://www.cloud-kitchen.de/,info@cloud-kitchen.de,Moderate,4.7,,Brunch Restaurant | Rated 4.7/5 (705 reviews),Google Places API (New)
ST. LOUIS Café-Köln,"Deutzer Freiheit 89, 50679 Köln, Germany",Köln,Germany,0221 99756650,https://www.st-louis-cafe.de/,hello@st-louis-cafe.de,Moderate,4.7,,"Bagels, paninis & vegan options in a compact, glass-fronted venue with a handful of tables. | Cafe | Rated 4.7/5 (1090 reviews)",Google Places API (New)
Jlöcklich Barista Café,"Gereonswall 1, 50668 Köln, Germany",Köln,Germany,0221 96264056,http://www.jloecklich.de/,felice@jloecklich.de,Moderate,4.8,,Cafe | Rated 4.8/5 (1122 reviews),Google Places API (New)
Café No. 5,"Barbarossapl. 5, 50674 Köln, Germany",Köln,Germany,0221 96260558,https://www.cafenumber5.de/,hallo@cafenumber5.de,Moderate,4.6,,Cafe | Rated 4.6/5 (489 reviews),Google Places API (New)
Café Reichard,"Unter Fettenhennen 11, 50667 Köln, Germany",Köln,Germany,0221 2578542,http://www.cafe-reichard.de/,,Moderate,3.8,,"Elegant, long-standing venue for cake & coffee, with a terrace overlooking the cathedral. | Cafe | Rated 3.8/5 (5333 reviews)",Google Places API (New)
THE COFFEE GANG,"Hohenstaufenring 19, 50674 Köln, Germany",Köln,Germany,0221 78956541,http://www.thecoffeegang.de/,info@thecoffeegang.de,Inexpensive,4.8,,"Down-to-earth cafe offering coffee from fair trade beans, plus homemade cakes & sandwiches. | Coffee Shop | Rated 4.8/5 (1365 reviews)",Google Places API (New)
Café Bo,"Luxemburger Str. 315, 50939 Köln, Germany",Köln,Germany,0221 29932351,,,Moderate,4.6,,"Pancakes, pastrami sandwiches & artisanal coffee at a cozy cafe & brunch venue with outdoor seating. | Cafe | Rated 4.6/5 (871 reviews)",Google Places API (New)
Café Wo ist Tom?,"Zülpicher Str. 309, 50937 Köln-Lindenthal, Germany",Köln,Germany,0221 16864477,http://www.wo-ist-tom.de/,info@wo-ist-tom.de,Moderate,4.5,,"Coffee & cake, plus breakfasts, burgers & light meals, in a bright, contemporary space. | Cafe | Rated 4.5/5 (1356 reviews)",Google Places API (New)
Villa Kalka,"Kalk-Mülheimer Str. 58, 51103 Köln, Germany",Köln,Germany,0221 27642012,http://www.villakalka.de/,info@villakalka.de,Moderate,4.8,,Cafe | Rated 4.8/5 (613 reviews),Google Places API (New)
Cafe Maison,"In d. Höhle 6a, 50667 Köln, Germany",Köln,Germany,0176 67257984,http://www.maison-cologne.de/,service@cafe-maison.de,Moderate,4,,Restaurant | Rated 4/5 (361 reviews),Google Places API (New)
Erste Liebe - specialty coffee | breakfast | natural wine,"Weyerstraße 98, 50676 Köln, Germany",Köln,Germany,01523 4731003,https://www.instagram.com/ersteliebe_cafe/,,Moderate,4.6,,Cafe | Rated 4.6/5 (155 reviews),Google Places API (New)
cafecafe - urban eats & coffee,"Aachener Str. 45, 50674 Köln, Germany",Köln,Germany,0221 57073853,http://www.cafecafe.de/,eat@cafecafe.de,Moderate,4.6,,"Creative breakfasts, bagels, salads & artisanal coffee at a hip, colorful cafe with a shady terrace. | Cafe | Rated 4.6/5 (466 reviews)",Google Places API (New)
Oma Janßen Colonialwarenhandel,"Alter Markt 56, 50667 Köln, Germany",Köln,Germany,0221 2408844,https://www.oma-janssen.de/,,Moderate,4.7,,Cafe | Rated 4.7/5 (688 reviews),Google Places API (New)
Miss Päpki,"Rudolfplatz 2, 50674 Köln, Germany",Köln,Germany,0221 16834971,http://www.miss-päpki.de/,besucherpost@miss-paepki.de,Inexpensive,4.7,,"Cafe with a terrace & a charming, white-accented interior offering cakes, coffee, tea & brunch fare. | Cafe | Rated 4.7/5 (557 reviews)",Google Places API (New)
CAFE ESPECIAL Köln,"Neuhöfferstraße 32, 50679 Köln, Germany",Köln,Germany,0221 814755,https://www.cafe-especial.com/cologne/,info@cafe-especial.com,Moderate,4.2,,Mexican Restaurant | Rated 4.2/5 (3515 reviews),Google Places API (New)
Cafe Riese Köln,"Schildergasse 103, 50667 Köln, Germany",Köln,Germany,0221 9258260,http://www.caferiese.de/,service@caferiese.de,Moderate,4.4,,"Elaborate cakes, waffles & breakfasts, plus an ice cream counter, at a bright venue with a terrace. | Cafe | Rated 4.4/5 (2825 reviews)",Google Places API (New)
Café Sehnsucht,"Körnerstraße 67, 50823 Köln-Ehrenfeld, Germany",Köln,Germany,0221 528347,http://www.sehnsucht-koeln.de/,info@sehnsucht-koeln.de,Moderate,4.4,,"Breakfast, cakes & coffee in a laid-back cafe & quaint terrace, with a dinner menu at night. | Cafe | Rated 4.4/5 (1676 reviews)",Google Places API (New)
Curios Bistro & Cafe,"Theodor-Heuss-Ring 62, 50668 Köln, Germany",Köln,Germany,0221 94641403,http://www.curios-koeln.de/,orhan.agirbas@outlook.com,Moderate,4.7,,"Relaxed establishment serving light meals, paninis & cakes amid bohemian surrounds. | Bistro | Rated 4.7/5 (734 reviews)",Google Places API (New)
DAS CAFÉ KOGI - Köln,"Auf dem Berlich 7, 50667 Köln, Germany",Köln,Germany,0221 16876792,https://www.dascafekogi.de/,info@dascafekogi.de,Inexpensive,4.6,,Cafe | Rated 4.6/5 (412 reviews),Google Places API (New)
FEUER & FLAMME,"Neusser Str. 25, 50670 Köln, Germany",Köln,Germany,01573 3262693,http://feuerundflam.me/,hallo@feuerundflam.me,Moderate,4.7,,Savory & sweet pastry tarts are cooked with an open flame at this stylish plant-filled eatery & bar. | Restaurant | Rated 4.7/5 (616 reviews),Google Places API (New)
Café Heimisch,"Deutzer Freiheit 72-74, 50679 Köln, Germany",Köln,Germany,0221 16838563,http://www.heimisch.cafe/,info@heimisch.cafe,Moderate,4.3,,"Cozy, split-level venue offering breakfasts, salads & cakes, with vegan options & organic coffee. | Cafe | Rated 4.3/5 (1361 reviews)",Google Places API (New)
The ASH Köln MesseCity,"Luise-Straus-Ernst-Straße 4, 50679 Köln, Germany",Köln,Germany,0221 71598959,https://www.the-ash.com/restaurants/koeln-messe-city,0d082d338622ad4d33d85937e3bed1ec636ec3780f92711d216b4fd56e7726e4koelnmesse@the-ash.com,Moderate,4,,Restaurant | Rated 4/5 (1422 reviews),Google Places API (New)
Cotell Cologne,"Mauritiussteinweg 2, 50676 Köln, Germany",Köln,Germany,0221 93115677,https://cotell.de/,info@cotell.de,Expensive,4.6,,Restaurant | Rated 4.6/5 (111 reviews) | Expensive / upscale tier,Google Places API (New)
Café Schmitz,"Hansaring 98, 50670 Köln, Germany",Köln,Germany,0221 1397733,http://www.cafeschmitz.de/,cafe-schmitz-hansaring@gmx.de,Moderate,4.3,,"Spätzle pasta, quiches & breakfasts, plus Kölsch beer, in a bright cafe with outdoor seating. | Cafe | Rated 4.3/5 (916 reviews)",Google Places API (New)
Galestro - Italian Espresso | Bar - Cologne,"Bahnhofsvorpl. 1, 50667 Köln, Germany",Köln,Germany,0160 90729090,http://www.galestro.com/,info@galestro.com,Inexpensive,4.5,,Cafe | Rated 4.5/5 (600 reviews),Google Places API (New)
Rico,"Mittelstraße 31-33, 50672 Köln, Germany",Köln,Germany,0221 2405364,,,Moderate,4.4,,"Sandwiches & breakfast fare, plus coffee & global dishes, in a relaxed space with sidewalk tables. | Cafe | Rated 4.4/5 (1276 reviews)",Google Places API (New)
little green kitchen | Catering & Lunch,"Unter Kahlenhausen 27, 50668 Köln, Germany",Köln,Germany,01590 6117961,https://littlegreenkitchen.de/,hey@littlegreenkitchen.de,Moderate,4.9,,"Stylish outfit with a cozy vibe offering plant-based quiche, soup & other light lunches, plus cake. | Restaurant | Rated 4.9/5 (309 reviews)",Google Places API (New)
Steakhaus OX Royal Köln,"Uferstraße 16, 50996 Köln-Rodenkirchen, Germany",Köln,Germany,0221 37984606,http://oxroyal.de/,kontakt@oxroyal.de,Very Expensive,4.8,,Steak House | Rated 4.8/5 (692 reviews) | Very expensive / luxury tier,Google Places API (New)
Steakhouse Ponchos,"Salzgasse 11, 50667 Köln, Germany",Köln,Germany,0221 2772999,http://www.steakhouse-ponchos.com/,info@steakhouse-ponchos.com,Expensive,4.5,,Steak House | Rated 4.5/5 (905 reviews) | Expensive / upscale tier,Google Places API (New)
Lord of the Grillz - Mittelalterliches Grill- & Steakhaus,"Vorgebirgstraße 102, 50969 Köln, Germany",Köln,Germany,0221 42307135,http://www.lordofthegrillz.de/,jobs@lordofthegrillz.com,Moderate,4.7,,"Steaks & burgers served up in a rustic, imaginative environment with medieval-style decor. | Steak House | Rated 4.7/5 (2879 reviews)",Google Places API (New)
Steakhaus La Casona,"Riehler Str. 105, 50668 Köln, Germany",Köln,Germany,0221 70211008,http://www.steakhaus-lacasona.de/,service@steakhaus-lacasona.de,Expensive,4.7,,Familiar joint with outdoor seating & Argentinian-sourced beef options like entrecôte & rump steak. | Steak House | Rated 4.7/5 (1779 reviews) | Expensive / upscale tier,Google Places API (New)
Timberjacks Köln West,"Garzweilerweg 2, 50829 Köln, Germany",Köln,Germany,0221 71597730,https://www.timberjacks.com/koelnwest,koelnwest@timberjacks.com,Moderate,4.5,,American Restaurant | Rated 4.5/5 (3656 reviews),Google Places API (New)
BLOCK HOUSE Köln,"Habsburgerring 24-28, 50674 Köln, Germany",Köln,Germany,0221 56088200,https://www.block-house.de/restaurants/koeln/habsburgerring/,,Moderate,4.4,,Steak House | Rated 4.4/5 (1270 reviews),Google Places API (New)
Beef Club American Steakhouse,"Am Bollwerk 21, 50667 Köln, Germany",Köln,Germany,0221 2576330,https://beefclub-koeln.de/,info@beefclub-koeln.de,Moderate,4.3,,Steak House | Rated 4.3/5 (1424 reviews),Google Places API (New)
Steaks aus aller Welt,"Longericher Str. 8, 50767 Köln, Germany",Köln,Germany,0221 7099385,http://www.steaksausallerwelt.de/,l.puzich@web.de,Moderate,4.6,,Steak House | Rated 4.6/5 (648 reviews),Google Places API (New)
Hanedan Restaurant - Köln Mülheim,"Peter-Huppertz-Straße 1-3, 51063 Köln, Germany",Köln,Germany,0221 50060977,https://www.hanedan.de/,info@hanedanbonn.de,Expensive,4.8,,Turkish Restaurant | Rated 4.8/5 (1850 reviews) | Expensive / upscale tier,Google Places API (New)
La Tasca,"Aachener Str. 1130, 50858 Köln-Lindenthal, Germany",Köln,Germany,02234 9495888,http://www.la-tasca.koeln/,info@la-tasca.koeln,Expensive,4.6,,"Laid-back chain restaurant serving traditional Spanish tapas, paellas and desserts. | Steak House | Rated 4.6/5 (1250 reviews) | Expensive / upscale tier",Google Places API (New)
Steakhaus bei Marko,"Clevischer Ring 120, 51063 Köln-Mülheim, Germany",Köln,Germany,0221 614073,https://www.steakhaus-bei-marko.de/,z.bitanga@outlook.de,Moderate,4.1,,Steak House | Rated 4.1/5 (372 reviews),Google Places API (New)
Inci Fischrestaurant,"Hauptstraße 293, 51143 Köln, Germany",Köln,Germany,0176 10055123,https://incifisch2.de/,info@incifischriehl.de,Expensive,4.6,,Restaurant | Rated 4.6/5 (1898 reviews) | Expensive / upscale tier,Google Places API (New)
Inci Fischrestaurant 2,"An d. Schanz 2, 50735 Köln, Germany",Köln,Germany,01514 2061284,https://incifisch2.de/,info@incifischriehl.de,Expensive,4.6,,Seafood Restaurant | Rated 4.6/5 (1158 reviews) | Expensive / upscale tier,Google Places API (New)
Reefhouse,"Eigelstein 72, 50668 Köln, Germany",Köln,Germany,0221 42365539,https://www.reefhouse.de/,reefhouse-cologne@outlook.de,Expensive,4.8,,Seafood Restaurant | Rated 4.8/5 (336 reviews) | Expensive / upscale tier,Google Places API (New)
"Brot, Wein, Fisch und..","Venloer Str. 393a, 50825 Köln, Germany",Köln,Germany,01573 8144202,https://brotweinfisch.com/,brot.wein.fischund@gmail.com,Moderate,4.8,,Restaurant | Rated 4.8/5 (326 reviews),Google Places API (New)
Fischmarkt Restaurant,"Am Bollwerk 21, 50667 Köln, Germany",Köln,Germany,0221 2576330,https://newbe.pw/fischmarkt-restaurant-ozvwjge,,Moderate,3.7,,Seafood Restaurant | Rated 3.7/5 (488 reviews),Google Places API (New)
60 seconds to napoli Köln,"Heumarkt 52, 50667 Köln, Germany",Köln,Germany,0221 37951564,https://60secondstonapoli.de/,dpo-google@google.com,,4.6,,Restaurant | Rated 4.6/5 (9479 reviews),Google Places API (New)
FISCHWERK,"Tempelstraße 7, 50679 Köln, Germany",Köln,Germany,0221 98944665,https://fisch-werk.de/?utm_source=google_business_profile&utm_medium=button&utm_tracking_link_id=dff8ab0b-2ce6-4c35-a2ed-5e8fd3bd8c7d,kontakt@fisch-werk.de,,4.9,,Food Store | Rated 4.9/5 (371 reviews),Google Places API (New)
Herings Im Martinswinkel,"Fischmarkt 9, 50667 Köln, Germany",Köln,Germany,0221 2575751,,,Expensive,4.2,,"Herring specialties, mussels & schnitzel at an old-world restaurant with tables on a cobbled square. | Seafood Restaurant | Rated 4.2/5 (416 reviews) | Expensive / upscale tier",Google Places API (New)
5 Gourmet Restaurant & Wein Bar,"Bolzstraße 8, 70173 Stuttgart, Germany",Stuttgart,Germany,0711 65557011,http://www.5.fo/,5@5.fo,Very Expensive,4.5,,"Eclectically designed bi-level destination for creative, globally influenced tasting menus & sushi. | Fine Dining Restaurant | Rated 4.5/5 (1011 reviews) | Very expensive / luxury tier",Google Places API (New)
Restaurant Délice,"Hauptstätter Str. 61, 70178 Stuttgart, Germany",Stuttgart,Germany,0711 6403222,http://www.restaurant-delice.de/,info@restaurant-delice.de,Very Expensive,4.9,,"Choice, rotating 5-course menu served in an upscale venue with a vaulted, exposed-stone dining room. | Fine Dining Restaurant | Rated 4.9/5 (185 reviews) | Very expensive / luxury tier",Google Places API (New)
Speisemeisterei,"Schloss Hohenheim, 1B, 70599 Stuttgart, Germany",Stuttgart,Germany,0711 34217979,http://www.speisemeisterei.de/,info@speisemeisterei.de,Very Expensive,4.8,,Fine Dining Restaurant | Rated 4.8/5 (493 reviews) | Very expensive / luxury tier,Google Places API (New)
CUBE Restaurant,"Kleiner Schloßplatz 1 KUNSTMUSEUM, 70173 Stuttgart, Germany",Stuttgart,Germany,0711 93964279,https://www.cube-restaurant.de/de/cube/,,Very Expensive,4.4,,Modern dishes with Asian & Mediterranean flavors in a stylish space with huge windows & city views. | Restaurant | Rated 4.4/5 (2043 reviews) | Very expensive / luxury tier,Google Places API (New)
Hegel Eins,"Hegelpl. 1, 70174 Stuttgart, Germany",Stuttgart,Germany,0711 6744360,https://hegeleins.de/,info@hegeleins.de,Very Expensive,4.6,,"Refined, inventive 5- or 7-course meals in a stylish venue with a fireplace & chandeliers. | Fine Dining Restaurant | Rated 4.6/5 (234 reviews) | Very expensive / luxury tier",Google Places API (New)
Hupperts Restaurant,"Gebelsbergstraße 97, 70199 Süd, Germany",Stuttgart,Germany,0711 6406467,http://www.hupperts-restaurant.de/,info@hupperts-restaurant.de,Very Expensive,4.8,,"Artful contemporary tasting menus with wine pairings, served in an understated space. | Fine Dining Restaurant | Rated 4.8/5 (285 reviews) | Very expensive / luxury tier",Google Places API (New)
Restaurant “Zum Ackerbürger“ - Stuttgart,"Spreuergasse 38, 70372 Stuttgart-Bad Cannstatt, Germany",Stuttgart,Germany,0711 560893,https://ackerbuerger.de/,info@ackerbuerger.de,Expensive,4.7,,"Rustic eatery in a timber-framed house, serving Swabian dishes like spätzle dumplings, plus fondue. | German Restaurant | Rated 4.7/5 (1424 reviews) | Expensive / upscale tier",Google Places API (New)
Fässle le restaurant,"Löwenstraße 51, 70597 Stuttgart-Degerloch, Germany",Stuttgart,Germany,0711 760100,http://www.restaurant-faessle.de/,info@restaurant-faessle.de,Very Expensive,4.7,,"Gourmet French grub, fixed-price menus & wine in a circa-1900 building with a terrace & a posh vibe. | Restaurant | Rated 4.7/5 (485 reviews) | Very expensive / luxury tier",Google Places API (New)
Wielandshöhe,"Alte Weinsteige 71, 70597 Süd, Germany",Stuttgart,Germany,0711 6408848,https://www.wielandshoehe.de/,wielandshoehe@posteo.de,Very Expensive,4.5,,"Seasonal German cuisine at an elegant hilltop restaurant, plus a terrace with city views. | Restaurant | Rated 4.5/5 (813 reviews) | Very expensive / luxury tier",Google Places API (New)
Christophorus,"Porsche Museum, Porscheplatz 5, 70435 Stuttgart-Zuffenhausen, Germany",Stuttgart,Germany,0711 91125980,https://www.porsche.com/germany/aboutporsche/porschemuseum/refreshments/christophorus/,restaurant-christophorus@porsche.de,Very Expensive,4.7,,Restaurant | Rated 4.7/5 (655 reviews) | Very expensive / luxury tier,Google Places API (New)
Plenum - Stuttgart,"Konrad-Adenauer-Straße 3, 70173 Stuttgart, Germany",Stuttgart,Germany,0711 30000016,https://www.restaurant-plenum-stuttgart.de/,info@restaurant-plenum-stuttgart.de,Expensive,4.3,,"Sleek operation with outdoor tables offering creatively presented cuisine, plus coffee & cocktails. | Restaurant | Rated 4.3/5 (1043 reviews) | Expensive / upscale tier",Google Places API (New)
Brenner,"Brennerstraße 5, 70182 Stuttgart, Germany",Stuttgart,Germany,0711 4116727,https://www.instagram.com/brenner_restaurant_und_feines/?utm_source=ig_embed&ig_rid=aa503c96-0d9c-4e34-8d7b-3cdcbede3889,,Expensive,4.7,,"Steaks, salads & creative takes on European dishes in a relaxed space with a warm vibe. | Restaurant | Rated 4.7/5 (333 reviews) | Expensive / upscale tier",Google Places API (New)
Schloss Solitude Gastronomie,"Solitude 2, 70197 Stuttgart-West, Germany",Stuttgart,Germany,0711 4690770,http://www.schloss-solitude-gastronomie.de/,info@schloss-solitude-gastronomie.de,Expensive,4.5,,Restaurant | Rated 4.5/5 (970 reviews) | Expensive / upscale tier,Google Places API (New)
Restaurant Meister Lampe,"Solitudestraße 261, 70499 Weilimdorf, Germany",Stuttgart,Germany,0711 9898980,http://www.restaurant-meisterlampe.de/,info@restaurant-meisterlampe.de,Very Expensive,4.7,,German Restaurant | Rated 4.7/5 (261 reviews) | Very expensive / luxury tier,Google Places API (New)
PIER 51 Restaurant & Steakhaus Stuttgart,"Löffelstraße 22, 70597 Stuttgart-Degerloch, Germany",Stuttgart,Germany,0711 9769997,https://www.pier51-stuttgart.de/,info@pier51-stuttgart.de,Expensive,4.3,,"Steaks, seafood & cocktails presented in polished, traditional surrounds with outdoor seating. | Restaurant | Rated 4.3/5 (1817 reviews) | Expensive / upscale tier",Google Places API (New)
Goldener Adler,"Böheimstraße 38, 70178 Süd, Germany",Stuttgart,Germany,0711 6338802,http://www.goldener-adler-stuttgart.de/,service@goldener-adler-stuttgart.de,Expensive,4.6,,"Dumplings, roast meats & robust local dishes, plus global wines, at a low-lit inn with wooden beams. | German Restaurant | Rated 4.6/5 (758 reviews) | Expensive / upscale tier",Google Places API (New)
Abacco‘s Steakhouse Stuttgart,"Rotebühlpl. 10, 70173 Stuttgart, Germany",Stuttgart,Germany,0711 99792777,https://www.abaccos-steakhouse.de/stuttgart,stuttgart@abaccos-steakhouse.de,Expensive,4.6,,Steak House | Rated 4.6/5 (8171 reviews) | Expensive / upscale tier,Google Places API (New)
Restaurant Cédric,"Marktstraße 39, 71384 Weinstadt, Germany",Weinstadt,Germany,07151 3048228,http://www.restaurant-cedric.de/,info@restaurant-cedric.de,Very Expensive,5,,Fine Dining Restaurant | Rated 5/5 (128 reviews) | Very expensive / luxury tier,Google Places API (New)
Oettinger's Restaurant,"Fellbacher Str. 2-6, 70736 Fellbach, Germany",Fellbach,Germany,0711 9513452,https://www.hirsch-fellbach.de/oettingers-restaurant/,info@hirsch-fellbach.de,Very Expensive,4.8,,Fine Dining Restaurant | Rated 4.8/5 (135 reviews) | Very expensive / luxury tier,Google Places API (New)
That's Amore | Italo-American Restaurant & Steakhouse,"Kronprinzstraße 24, 70173 Stuttgart, Germany",Stuttgart,Germany,0711 41457121,https://www.thatsamore-restaurant.de/,info@thatsamore-restaurant.de,Very Expensive,4.3,,Steak House | Rated 4.3/5 (418 reviews) | Very expensive / luxury tier,Google Places API (New)
Jose y Josefina,"Gutenbergstraße 87, 70197 Stuttgart-West, Germany",Stuttgart,Germany,0711 67416636,http://www.joseyjosefina.de/,info@joseyjosefina.de,Expensive,4.6,,"Polished, family-run kitchen offering refined Spanish dishes in an intimate environment. | Spanish Restaurant | Rated 4.6/5 (1503 reviews) | Expensive / upscale tier",Google Places API (New)
Speisekammer West,"Rosenbergstraße 89, 70193 Stuttgart-West, Germany",Stuttgart,Germany,0711 93590622,https://www.speisekammer-west.de/,info@speisekammer-west.de,Expensive,4.6,,"Seasonal, bistro-style dishes made with organic ingredients, served in an airy modern dining room. | Restaurant | Rated 4.6/5 (592 reviews) | Expensive / upscale tier",Google Places API (New)
Restaurant Kicho,"Jakobstraße 19, 70182 Stuttgart, Germany",Stuttgart,Germany,0711 247687,http://www.kicho.de/,,Expensive,4.6,,"Sushi, sashimi & grilled dishes in a compact dining space with traditional Japanese decor. | Japanese Restaurant | Rated 4.6/5 (1403 reviews) | Expensive / upscale tier",Google Places API (New)
High Fidelity Weinbar und peruanisches Restaurant Stuttgart,"Brennerstraße 23, 70182 Stuttgart, Germany",Stuttgart,Germany,0711 2484330,https://highfidelity.bar/,hi@highfidelity.bar,Very Expensive,4.7,,Peruvian Restaurant | Rated 4.7/5 (419 reviews) | Very expensive / luxury tier,Google Places API (New)
Restaurant Nagare,"Feuerbacher-Tal-Straße 34, 70469 Stuttgart-Feuerbach, Germany",Stuttgart,Germany,0711 93541290,http://www.restaurant-nagare.de/,nagare.restaurant@gmail.com,Very Expensive,4.8,,Japanese Restaurant | Rated 4.8/5 (203 reviews) | Very expensive / luxury tier,Google Places API (New)
Knausbira Stüble,"Heumadener Str. 15, 70329 Stuttgart-Hedelfingen, Germany",Stuttgart,Germany,0711 428805,http://www.knausbira-stueble.de/,info@knausbira-stueble.de,Expensive,4.8,,German Restaurant | Rated 4.8/5 (432 reviews) | Expensive / upscale tier,Google Places API (New)
CITIZEN LONG,"Am Fruchtkasten 3, 70173 Stuttgart, Germany",Stuttgart,Germany,0711 25390110,http://www.citizenlong.com/,events@citizenlong.com,Expensive,4.2,,"Creative takes on Asian-inspired dishes presented in a sleek, industrial space with eclectic decor. | Asian Fusion Restaurant | Rated 4.2/5 (694 reviews) | Expensive / upscale tier",Google Places API (New)
Posthörnle,"Pliensaustraße 56, 73728 Esslingen am Neckar, Germany",Esslingen am Neckar,Germany,0711 50629131,https://posthoernle.de/,info@posthoernle.de,Expensive,4.7,,Restaurant | Rated 4.7/5 (187 reviews) | Expensive / upscale tier,Google Places API (New)
Weinstube am Stadtgraben,"Am Stadtgraben 6, 70372 Stuttgart, Germany",Stuttgart,Germany,0711 80666444,https://www.stadtgraben.info/,info@stadtgraben.info,Expensive,4.7,,"Schnitzel, roast pork & spätzle dumplings, plus Swabian wines, at a rustic, convivial tavern. | European Restaurant | Rated 4.7/5 (801 reviews) | Expensive / upscale tier",Google Places API (New)
ÖSCH NOIR,"Golfpl. 1, 78166 Donaueschingen, Germany",Donaueschingen,Germany,0771 84610,https://www.oeschberghof.com/restaurants-bars/oesch-noir,info@oeschberghof.com,Very Expensive,4.9,,Fine Dining Restaurant | Rated 4.9/5 (66 reviews) | Very expensive / luxury tier,Google Places API (New)
Santa Lucia | Ristorante Vineria,"Steinstraße 3, 70173 Stuttgart, Germany",Stuttgart,Germany,0711 6647674,https://santalucia-stuttgart.de/,kontakt@trattoriasantalucia.de,Expensive,4.5,,"Simple trattoria for thin-crust pizza, filled pasta & Italian desserts & wines, plus terrace tables. | Italian Restaurant | Rated 4.5/5 (697 reviews) | Expensive / upscale tier",Google Places API (New)
Sansibar by Breuninger Stuttgart,"Karls-Passage 1, 70173 Stuttgart, Germany",Stuttgart,Germany,0711 2112200,https://www.e-breuninger.de/de/uebersicht/sansibar-stuttgart/,,Expensive,4.1,,Restaurant | Rated 4.1/5 (802 reviews) | Expensive / upscale tier,Google Places API (New)
RESTAURANT CIAO,"Flughafenstraße 43, 70629 Stuttgart, Germany",Stuttgart,Germany,0711 9070533850,https://movenpick.accor.com/de/europe/germany/stuttgart/stuttgart-messe/restaurants/restaurant-ciao.html,hotel.stuttgart.messe@movenpick.com,Expensive,4.3,,Restaurant | Rated 4.3/5 (89 reviews) | Expensive / upscale tier,Google Places API (New)
Gasthaus zur Linde - Trautweins Linde GmbH,"Sigmaringer Str. 49, 70567 Stuttgart-Möhringen, Germany",Stuttgart,Germany,0711 7199590,http://www.linde-stuttgart.de/,info@linde-stuttgart.de,Expensive,4.7,,Restaurant | Rated 4.7/5 (556 reviews) | Expensive / upscale tier,Google Places API (New)
Landgasthaus Zur Linde,"Schönbuchstraße 8, 72124 Pliezhausen-Dörnach, Germany",Pliezhausen,Germany,07127 890066,http://www.linde-doernach.de/,info@linde-doernach.de,Very Expensive,4.8,,Fine Dining Restaurant | Rated 4.8/5 (228 reviews) | Very expensive / luxury tier,Google Places API (New)
Aria Ristorante Enoteca,"Stresemannstraße 87, 70191 Stuttgart, Germany",Stuttgart,Germany,0711 55070150,https://aria-stuttgart.de/,restaurant@aria-stuttgart.de,Expensive,4.4,,Restaurant | Rated 4.4/5 (656 reviews) | Expensive / upscale tier,Google Places API (New)
Carls Brewery,"Stauffenbergstraße 1, 70173 Stuttgart, Germany",Stuttgart,Germany,0711 25974611,https://www.carls-brauhaus.de/,stuttgart@carls-brauhaus.de,Moderate,4.5,,"Roast meats & schnitzels, plus breakfasts, in a huge, wood-clad locale overlooking the Schlossplatz. | German Restaurant | Rated 4.5/5 (10677 reviews)",Google Places API (New)
Alte Kanzlei Stuttgart,"Schillerpl. 5, 70173 Stuttgart, Germany",Stuttgart,Germany,0711 294457,https://www.alte-kanzlei-stuttgart.de/,,Moderate,4.5,,"Regional Swabian meat & fish plates, plus soups & wine, in a 16th-century chancellery building. | Restaurant | Rated 4.5/5 (3704 reviews)",Google Places API (New)
Wilma Wunder Stuttgart,"Rotebühlpl. 21, 70178 Stuttgart, Germany",Stuttgart,Germany,0711 99885860,https://www.wilma-wunder.de/restaurants/stuttgart/,stuttgart@wilma-wunder.de,Moderate,4.2,,German Restaurant | Rated 4.2/5 (2896 reviews),Google Places API (New)
Don Via Restaurant Stuttgart,"Theodor-Heuss-Straße 14, 70174 Stuttgart, Germany",Stuttgart,Germany,0711 99789000,https://don-via.de/,info@don-via.de,Moderate,4.6,,Mediterranean Restaurant | Rated 4.6/5 (1049 reviews),Google Places API (New)
Ochs'n Willi,"Kleiner Schloßplatz 4, 70173 Stuttgart, Germany",Stuttgart,Germany,0711 2265191,http://www.ochsn-willi.de/,info@ochsn-willi.de,Moderate,4.4,,"Pork knuckle, salads & Swabian classics, plus beer & desserts, in a laid-back space with a patio. | Restaurant | Rated 4.4/5 (6334 reviews)",Google Places API (New)
Mauritius Restaurant Stuttgart-Mitte,"Börsenplatz 1, 70174 Stuttgart, Germany",Stuttgart,Germany,0711 2260874,https://www.my-mauritius.com/restaurants/stuttgart-mitte/,stuttgart@my-mauritius.com,Moderate,4.4,,Restaurant | Rated 4.4/5 (2618 reviews),Google Places API (New)
Valle,"Geschwister-Scholl-Straße 3, 70174 Stuttgart, Germany",Stuttgart,Germany,0711 2202727,http://www.ristorante-valle.de/,info@ristorante-valle.de,Moderate,4.6,,"Classic Italian pasta & pizza, plus fish & meat dishes, in a busy space with an enclosed patio. | Italian Restaurant | Rated 4.6/5 (3202 reviews)",Google Places API (New)
Paulaner am alten Postplatz,"Calwer Str. 45, 70173 Stuttgart, Germany",Stuttgart,Germany,0711 224150,http://paulaner-stuttgart.de/,info@paulaner-stuttgart.de,Moderate,4.4,,"Bavarian standards like pork knuckle & schnitzel, plus draft beer, in a 1747 baroque mansion. | German Restaurant | Rated 4.4/5 (4283 reviews)",Google Places API (New)
60 seconds to napoli Stuttgart,"Karlstraße 3, 70173 Stuttgart, Germany",Stuttgart,Germany,,https://60secondstonapoli.de/standort/stuttgart/,dpo-google@google.com,Moderate,4.6,,Takeout Restaurant | Rated 4.6/5 (12131 reviews),Google Places API (New)
Weinstube Kachelofen,"Eberhardstraße, Eingang, Töpferstraße 10, 70173 Stuttgart, Germany",Stuttgart,Germany,0711 242378,http://www.weinstubekachelofen.de/,kachelofen@weinstubekachelofen.de,Moderate,4.5,,"Homestyle specialties, beers & wines are dished up in this old-fashioned restaurant with a terrace. | German Restaurant | Rated 4.5/5 (2187 reviews)",Google Places API (New)
MALO,"Eichstraße 7, 70173 Stuttgart, Germany",Stuttgart,Germany,0711 24852510,http://www.malo-stuttgart.de/,info@malo-stuttgart.de,,4.4,,"International dishes, cocktails & wines served in a stylish, plant-filled eatery with a terrace. | Restaurant | Rated 4.4/5 (826 reviews)",Google Places API (New)
Platzhirsch,"Geißstraße 12, 70173 Stuttgart, Germany",Stuttgart,Germany,0711 76162508,https://platzhirsch-stuttgart.de/,info@platzhirsch-stuttgart.de,Moderate,4.6,,Classic German dishes like schnitzel & noodles in a venue with a mountain mural & a beer garden. | Restaurant | Rated 4.6/5 (1191 reviews),Google Places API (New)
Stuttgarter Ratskeller,"Marktpl. 1, 70173 Stuttgart, Germany",Stuttgart,Germany,0711 58535100,http://www.stuttgarter-ratskeller.de/,info@stuttgarter-ratskeller.de,Moderate,4.2,,Restaurant | Rated 4.2/5 (1045 reviews),Google Places API (New)
Restaurant Stuttgart - Tauberquelle | Biergarten Stuttgart City,"Torstraße 19, 70173 Stuttgart, Germany",Stuttgart,Germany,0711 5532933,https://tauberquelle-stuttgart.de/,info@tauberquelle-stuttgart.de,Moderate,4.4,,Neighborhood restaurant serving Swabian classics like Maultaschen ravioli & roast beef with onions. | Restaurant | Rated 4.4/5 (1474 reviews),Google Places API (New)
THE NOSH - RESTAURANT,"Calwer Str. 33, 70173 Stuttgart, Germany",Stuttgart,Germany,0711 56611010,http://www.thenosh.de/,hello@thegardenersnosh.com,Moderate,4.3,,"Breakfast bowls, truffle fries & vegan cheesecake at a busy brunch spot with cool botanical motifs. | Brunch Restaurant | Rated 4.3/5 (1848 reviews)",Google Places API (New)
Rotenberger Weingärtle,"Württembergstraße 317, 70327 Stuttgart, Germany",Stuttgart,Germany,0711 334015,http://www.rotenberger-weingaertle.de/,info@rotenberger-weingaertle.de,Moderate,4.6,,German Restaurant | Rated 4.6/5 (2441 reviews),Google Places API (New)
Sophie’s Brauhaus,"Marienstraße 28, 70178 Stuttgart, Germany",Stuttgart,Germany,0711 610962,http://sophies-brauhaus.de/,sophies-brauhaus@web.de,Moderate,4.5,,Bar | Rated 4.5/5 (1979 reviews),Google Places API (New)
Leos Brasserie,"Reichsstraße 20, 04109 Leipzig, Germany",Leipzig,Germany,0341 1492073,http://www.leosbrasserie.de/,info@leosbrasserie.de,Moderate,4.3,,"Casual eatery with a patio serving standard & seasonal fare, plus wine, coffee & cocktails. | Restaurant | Rated 4.3/5 (7568 reviews)",Google Places API (New)
Bayerischer Bahnhof,"Bayrischer Pl. 1, 04107 Leipzig, Germany",Leipzig,Germany,0341 1245760,https://www.bayerischer-bahnhof.de/,info@bayerischer-bahnhof.de,Moderate,4.5,,"Pork knuckle, schnitzel & a choice of craft beers at a contemporary brewery with a spacious garden. | German Restaurant | Rated 4.5/5 (2943 reviews)",Google Places API (New)
Café Luise,"Bosestraße 4, 04109 Leipzig, Germany",Leipzig,Germany,0341 9611488,https://www.luise-leipzig.de/,vasb@yhvfr-yrvcmvt.qr,Moderate,4.3,,"Relaxed space with a large terrace & bar, serving salads, wraps & coffee, plus cocktails. | Cafe | Rated 4.3/5 (2804 reviews)",Google Places API (New)
Restaurant Cafe Madrid,"Klostergasse 3-5, 04109 Leipzig, Germany",Leipzig,Germany,0341 9938813,https://cafe-madrid.de/,,Moderate,4.4,,"Spanish grills & an array of tapas variations, plus cocktails, in an airy venue with a terrace. | Spanish Restaurant | Rated 4.4/5 (4623 reviews)",Google Places API (New)
Macis Leipzig - Restaurant,"Markgrafenstraße 10, 04109 Leipzig, Germany",Leipzig,Germany,0341 22287520,https://macis-leipzig.de/biorestaurant/,restaurant@macis-leipzig.de,Expensive,4.7,,Industrial-chic setting for a Mediterranean-dominated menu using organic ingredients. | Restaurant | Rated 4.7/5 (523 reviews) | Expensive / upscale tier,Google Places API (New)
Restaurant Weinstock Leipzig,"Markt 7, 04109 Leipzig, Germany",Leipzig,Germany,0341 14060606,http://www.restaurant-weinstock-leipzig.de/,,Expensive,4.6,,"Enduring venue offering a rotating menu of seasonal soups, salads & mains, plus a wine cellar. | Restaurant | Rated 4.6/5 (968 reviews) | Expensive / upscale tier",Google Places API (New)
Alfa Restaurant,"Ratsfreischulstraße 8-10, 04109 Leipzig, Germany",Leipzig,Germany,0341 30858571,https://restaurantalfa.de/,info@restaurantalfa.de,Moderate,4.8,,Traditional Greek dishes served in classy surrounds with a spacious section of sidewalk tables. | Greek Restaurant | Rated 4.8/5 (3204 reviews),Google Places API (New)
Bistro de Libanon Leipzig,"Riebeckstraße 21, 04317 Leipzig-Südost, Germany",Leipzig,Germany,0176 70126172,https://bistro-de-libanon.de/,go3dkpbz@kontakt-ordersmart.de,Moderate,4.5,,Easygoing restaurant serving traditional Lebanese fare & quick bites in a pared-down environment. | Lebanese Restaurant | Rated 4.5/5 (1172 reviews),Google Places API (New)
Restaurant Goldberg,"Thomaskirchhof 17, 04109 Leipzig, Germany",Leipzig,Germany,0341 2251653,https://goldberg-leipzig.de/,info@goldberg-leipzig.de,Expensive,4.9,,Restaurant | Rated 4.9/5 (453 reviews) | Expensive / upscale tier,Google Places API (New)
endless,"Brühl 24, 04109 Leipzig, Germany",Leipzig,Germany,,http://www.endless-restaurant.de/,anwelcome@endless-restaurant.de,Moderate,4.4,,Restaurant | Rated 4.4/5 (1518 reviews),Google Places API (New)
Le Petit Chef - Leipzig,"Steigenberger Grandhotel, Salzgäßchen 6, 04109 Leipzig, Germany",Leipzig,Germany,0341 3505810,https://lepetitchef.com/leipzig/?utm_source=google&utm_medium=local&utm_campaign=gmb,lepetitchef@leipzig.steigenberger.de,Very Expensive,4.9,,Restaurant | Rated 4.9/5 (598 reviews) | Very expensive / luxury tier,Google Places API (New)
BAR42,"Ritterstraße 42, 04109 Leipzig, Germany",Leipzig,Germany,0170 2178006,https://r42.gg/bar42/,constantin@gecko-group.de,Moderate,4.9,,Bar | Rated 4.9/5 (456 reviews),Google Places API (New)
Lerchennest Leipzig,"Kleine Fleischergasse 6, 04109 Leipzig, Germany",Leipzig,Germany,0341 9603306,http://www.lerchennest-leipzig.de/,info@lerchennest-leipzig.de,Moderate,4.4,,"Meaty Saxony-region dishes, plus cocktails & local pastries, at a stylish cafe with a plaza patio. | German Restaurant | Rated 4.4/5 (1353 reviews)",Google Places API (New)
Kemo Café - Bowls & Brunch,"Johannispl. 20, 04103 Leipzig, Germany",Leipzig,Germany,0341 30397773,http://kemo-cafe-leipzig.de/?utm_source=google_business_profile&utm_medium=button&utm_tracking_link_id=cb5289a4-9371-4487-858c-4830ad410195,info@kemo-cafe-leipzig.de,Moderate,4.7,,Breakfast Restaurant | Rated 4.7/5 (367 reviews),Google Places API (New)
Pane e Vino,"Dittrichring 18 - 20, 04109 Leipzig, Germany",Leipzig,Germany,0341 44285991,https://paneevino-leipzig.de/,info@paneevino-leipzig.de,Expensive,4.8,,Italian Restaurant | Rated 4.8/5 (139 reviews) | Expensive / upscale tier,Google Places API (New)
Gaststätte Kollektiv,"Karl-Liebknecht-Straße 72, 04275 Leipzig-Süd, Germany",Leipzig,Germany,0341 3067004,http://www.gaststaette-kollektiv.de/,hallo@gaststaette-kollektiv.de,Moderate,4.6,,"Schnitzels, goulash & Czech dishes in a recreated East German interior dotted with vintage items. | Restaurant | Rated 4.6/5 (2821 reviews)",Google Places API (New)
Barfusz,"Markt 9, 04109 Leipzig, Germany",Leipzig,Germany,0341 9628624,http://www.barfusz.de/,,Moderate,4.5,,"Burgers & flatbreads, plus cocktails & a breakfast buffet, at a trendy venue with a basement club. | Bar | Rated 4.5/5 (3180 reviews)",Google Places API (New)
Schiller Restaurant & Cafe GmbH,"Schillerstraße 3, 04109 Leipzig, Germany",Leipzig,Germany,0341 96285777,http://www.restaurant-schiller.com/,info@restaurant-schiller.com,Moderate,4.5,,"Steaks, kebabs & Turkish tea, plus varied desserts, in a bright venue with a terrace. | Turkish Restaurant | Rated 4.5/5 (1597 reviews)",Google Places API (New)
Kümmel Apotheke,"Grimmaische Str. 2-4, 04109 Leipzig, Germany",Leipzig,Germany,0341 9608705,http://www.kuemmel-apotheke.de/,info@kuemmel-apotheke.de,Moderate,4.6,,"Coffee & pastries, classic German dishes & cocktails in a historic, glass-domed shopping arcade. | Bistro | Rated 4.6/5 (529 reviews)",Google Places API (New)
Bistro Damaskus,"Eisenbahnstraße 6, 04315 Leipzig, Germany",Leipzig,Germany,0163 6050082,https://speisekartenweb.de/restaurants/leipzig/damaskus-restaurant-leipzig-123543?utm_source=google_profile&utm_medium=google_profile&utm_campaign=brief_38_02_2025,,Moderate,4.8,,Bistro | Rated 4.8/5 (546 reviews),Google Places API (New)
"Levante - Mezze Bar & Restaurant (mediterrane, orientalische Küche) - Schwabing","Franz-Joseph-Straße 45, 80801 München, Germany",München,Germany,089 34077788,https://www.levante-munich.com/standort-schwabing/,hello@levante-munich.com,Expensive,4.7,,"Sleek, airy restaurant with an understated vibe showcasing Middle Eastern fare, plus vegan options. | Mediterranean Restaurant | Rated 4.7/5 (797 reviews) | Expensive / upscale tier",Google Places API (New)
Ristorante MARTINELLI,"Wilhelm-Dieß-Weg 2, 81927 München-Bogenhausen, Germany",München,Germany,089 931416,https://www.ristorantemartinelli.de/,kontakt@ristorantemartinelli.de,Very Expensive,4.7,,Elegantly presented Italian tasting menus in a chic setting with outdoor tables. | Italian Restaurant | Rated 4.7/5 (437 reviews) | Very expensive / luxury tier,Google Places API (New)
M'Uniqo Rooftop Bar & Restaurant,"Leopoldstraße 170, 80805 München, Germany",München,Germany,089 9042194480,https://www.hyattrestaurants.com/de/munich/restaurant/muniqo-rooftop-bar-muenchen-schwabinger-tor,,Expensive,4.3,,"Chic Venice-inspired hotel rooftop bar & terrace serving sharing plates, pizza, cocktails & wine. | Restaurant | Rated 4.3/5 (1111 reviews) | Expensive / upscale tier",Google Places API (New)
Frau im Mond - Dachterrasse,"Rooftop Deutsches Museum, Museumsinsel 1, 80538 München, Germany",München,Germany,089 89058457,http://www.frauimmond.bar/,,Moderate,4.6,,"Casual eatery in a museum featuring international cuisine, a roof terrace & modern decor, plus DJs. | Bar | Rated 4.6/5 (824 reviews)",Google Places API (New)
Fitzroy Munich,"Atelierstraße 22, 81671 München, Germany",München,Germany,089 2555519660,https://www.fitzroy-munich.de/,hello@fitzroy-munich.de,,4.2,,Restaurant | Rated 4.2/5 (982 reviews),Google Places API (New)
Airbräu,"München Airport Center - Ebene 03, 85356 Oberding, Germany",Oberding,Germany,089 97593111,http://www.airbraeu.de/,reservierung@airbraeu.de,Moderate,4.3,,"Tavern & brewery serving Bavarian beers & traditional local dishes, with a beer garden. | Brewpub | Rated 4.3/5 (8558 reviews)",Google Places API (New)
Viktualienmarkt,"Viktualienmarkt 3, 80331 München, Germany",München,Germany,089 89068205,https://www.viktualienmarkt-muenchen.de/,kontakt@mux.de,,4.6,,Sprawling 200-year-old market with over 100 stalls selling goods from fruit to meat & flowers. | Farmers' Market | Rated 4.6/5 (63715 reviews),Google Places API (New)
TAMBOSI,"Odeonspl. 18, 80539 München-Altstadt-Lehel, Germany",München,Germany,089 23069360,http://www.tambosi-odeonsplatz.de/,info@tambosi-odeonsplatz.de,Moderate,4,,"Coffeehouse dating back to 1775, with Italian meals & cakes, classic furniture & courtyard seating. | Italian Restaurant | Rated 4/5 (2620 reviews)",Google Places API (New)
manu. weinbar & restaurant,"Rumfordstraße 1, 80469 München-Altstadt-Lehel, Germany",München,Germany,089 26024174,https://www.manu-muenchen.de/,mail@manu-muenchen.de,Expensive,4.5,,Restaurant | Rated 4.5/5 (348 reviews) | Expensive / upscale tier,Google Places API (New)
Loretta Bar,"Müllerstraße 50, 80469 München-Altstadt-Lehel, Germany",München,Germany,089 23077370,http://www.loretta-bar.de/,,,4.7,,Convivial hangout with a trendy ambiance doling out light bites & fancy mixed cocktails. | Bar | Rated 4.7/5 (980 reviews),Google Places API (New)
Gasthaus Waltz,"Ickstattstraße 13, 80469 München, Germany",München,Germany,089 90429847,https://www.waltz-gasthaus.de/,90429847info@waltz-gasthaus.de,,4.8,,Restaurant | Rated 4.8/5 (488 reviews),Google Places API (New)
Restaurant Bistro Isot,"Tegernseer Landstraße 35, 81541 München, Germany",München,Germany,089 64947714,,,Inexpensive,4.7,,Turkish Restaurant | Rated 4.7/5 (415 reviews),Google Places API (New)
"""frex"" Restaurant & Bar","Mariannenstraße 3, 80538 München-Altstadt-Lehel, Germany",München,Germany,089 54887776,https://www.frex-munich.de/,frex.munich@hotmail.com,Moderate,4.7,,Restaurant | Rated 4.7/5 (119 reviews),Google Places API (New)
IRMI,"Goethestraße 4, 80336 München, Germany",München,Germany,0172 6750982,https://www.irmi-muenchen.de/,schreib@irmi-muenchen.de,Expensive,4.4,,"Classic Bavarian meals served in a spacious, contemporary dining room with beer & courtyard tables. | German Restaurant | Rated 4.4/5 (1061 reviews) | Expensive / upscale tier",Google Places API (New)
Hacker-Pschorr,"Marienplatz 26, 80331 München-Altstadt-Lehel, Germany",München,Germany,089 51060,https://www.hacker-pschorr.de/,info@hacker-pschorr.de,Moderate,4.4,,German Restaurant | Rated 4.4/5 (270 reviews),Google Places API (New)
Klinglwirt,"Balanstraße 16, 81669 München-Au-Haidhausen, Germany",München,Germany,089 85676199,https://www.klinglwirt.de/,post@klinglwirt.de,Expensive,4.6,,"Simple restaurant with cheerful, country-style decor offering organic Bavarian dishes & beer. | Bavarian restaurant | Rated 4.6/5 (1357 reviews) | Expensive / upscale tier",Google Places API (New)
Chopan - near Gasteig,"Rosenheimer Str. 8, 81669 München-Au-Haidhausen, Germany",München,Germany,089 44118571,http://chopan-am-gasteig.de/,info@chopan-restaurant.de,Moderate,4.8,,"Rich lamb stews, rice dishes & fried dumplings in a warmly painted space with carved wood accents. | Afghan restaurant | Rated 4.8/5 (2337 reviews)",Google Places API (New)
Weiberwirtschaft,"Tal 43, 80331 München, Germany",München,Germany,089 21667811,http://www.weiwi.de/,info@weiberwirtschaft-muenchen.de,Moderate,4.6,,"Cocktails, burgers & global bites in a relaxed, women-run establishment with outdoor tables. | Restaurant | Rated 4.6/5 (827 reviews)",Google Places API (New)
THE FLAVE OF MUNICH,"Arnulfstraße 57, 80636 München, Germany",München,Germany,089 2420780,https://www.novotel-muenchen-city-arnulfpark.com/,H8866@accor.com,Moderate,4.2,,Restaurant | Rated 4.2/5 (51 reviews),Google Places API (New)
Caspar Plautz GbR,"Viktualienmarkt Abt III, Stand 38, 80331 München, Germany",München,Germany,,http://www.casparplautz.de/,kartoffeln@casparplautz.de,Moderate,4.8,,Folksy food stall with outdoor seating offering an eclectic menu of imaginative potato dishes. | Restaurant | Rated 4.8/5 (323 reviews),Google Places API (New)
Xaver's,"Rumfordstraße 35, 80469 München, Germany",München,Germany,089 64193450,http://www.xaver-s.de/,servus@xaver-s.de,Moderate,4.4,,"Bavarian dishes & beer presented in a contemporary, country-chic tavern with outdoor seating. | Bavarian restaurant | Rated 4.4/5 (1976 reviews)",Google Places API (New)
Man Versus Machine Coffee Roasters,"Müllerstraße 23, 80469 München-Ludwigsvorstadt-Isarvorstadt, Germany",München,Germany,089 54847777,https://mvsm.coffee/,mail@mvsm.coffee,Inexpensive,4.5,,Cafe | Rated 4.5/5 (2718 reviews),Google Places API (New)
Coffee Fellows,"Tal 33, 80331 München-Altstadt-Lehel, Germany",München,Germany,089 24269986,https://coffee-fellows.com/locations/muenchen-tal,muenchen.tal@coffee-fellows.com,Inexpensive,4.2,,Cafe | Rated 4.2/5 (1304 reviews),Google Places API (New)
Rösterei am Platzl,"Orlandostraße 6, 80331 München, Germany",München,Germany,,,,Inexpensive,4.8,,Cafe | Rated 4.8/5 (458 reviews),Google Places API (New)
Coffeemamas Café,"Lindwurmstraße 46, 80337 München, Germany",München,Germany,089 20328287,http://www.coffeemamas.de/,kontakt@coffeemamas.de,Inexpensive,4.6,,Cafe | Rated 4.6/5 (427 reviews),Google Places API (New)
"Mucki & Floyd - Restaurant, Bar, Café","Ickstattstraße 2, 80469 München-Ludwigsvorstadt-Isarvorstadt, Germany",München,Germany,089 26949015,,,Moderate,4.5,,"Brunch, cakes & a weekly evening buffet at a cafe with vintage furniture & exposed brickwork. | Bar | Rated 4.5/5 (555 reviews)",Google Places API (New)
Bar Roma,"Tal 9, 80331 München-Altstadt-Lehel, Germany",München,Germany,089 24269976,https://bar-roma-muenchen.de/,info@bar-roma-muenchen.de,Moderate,4.5,,"Airy, contemporary restaurant dishing up Italian mains, pizza snacks & aperitifs. | Italian Restaurant | Rated 4.5/5 (512 reviews)",Google Places API (New)
Cafe & Bäckerei Mauerer - Schillerstraße,"Landwehrstraße 31, 80336 München-Ludwigsvorstadt-Isarvorstadt, Germany",München,Germany,089 716717761,http://www.cafe-mauerer.de/schillerstrasse/,info@cafe-mauerer.de,Moderate,4.2,,Cafe | Rated 4.2/5 (1773 reviews),Google Places API (New)
Ooh Baby I like it raw / München,"Rumfordstraße 39, 80469 München-Altstadt-Lehel, Germany",München,Germany,089 89052339,https://www.cafe-oohbaby.de/,info@cafe-oohbaby.de,Moderate,4.6,,"Mellow cafe with outdoor seating providing a health-conscious breakfast & lunch menu, plus pastries. | Cafe | Rated 4.6/5 (835 reviews)",Google Places API (New)
KONO Korean Steakhouse,"Riesstraße 86, 80993 München-Moosach, Germany",München,Germany,089 54223131,https://www.kono-restaurant.de/,reservation@kono-restaurant.de,,4.8,,Korean Restaurant | Rated 4.8/5 (758 reviews),Google Places API (New)
Drunken Cow Bar & Grill,"Gabelsbergerstraße 58, 80333 München-Maxvorstadt, Germany",München,Germany,089 54356230,https://www.drunkencow.de/,info@drunkencow.de,Moderate,4.5,,"Steaks & burgers, plus bar bites & creative cocktails, in a trendy space with a sidewalk terrace. | Hamburger Restaurant | Rated 4.5/5 (1905 reviews)",Google Places API (New)
Restaurant Savanna Munich,"Maistraße 63, 80337 München-Ludwigsvorstadt-Isarvorstadt, Germany",München,Germany,089 53906363,http://www.savanna-munich.com/,info@savanna-munich.com,Expensive,4.6,,"Grilled zebra, crocodile & traditional South African stews in a quirky, savanna-inspired setting. | Restaurant | Rated 4.6/5 (1686 reviews) | Expensive / upscale tier",Google Places API (New)
FARMERHAUS – Restaurant,"Am Farmerhaus 1, 64823 Groß-Umstadt, Germany",Groß-Umstadt,Germany,06078 911191,https://www.farmerhaus.de/,dining@farmerhaus.de,Very Expensive,4.8,,Restaurant | Rated 4.8/5 (643 reviews) | Very expensive / luxury tier,Google Places API (New)
Speisekammer,"Alt-Heddernheim 41, 60439 Frankfurt am Main-Frankfurt-Nord-West, Germany",Frankfurt am Main,Germany,069 573888,http://www.speisekammer-frankfurt.de/,info@speisekammer-frankfurt.de,Expensive,4.5,,"Schnitzel, flammkuchen & rustic Frankfurt specialties at a veteran tavern with a shady garden. | Restaurant | Rated 4.5/5 (804 reviews) | Expensive / upscale tier",Google Places API (New)
Emir ET Restaurant,"Allerheiligenstraße 21, 60313 Frankfurt am Main-Innenstadt I, Germany",Frankfurt am Main,Germany,069 61994023,https://emiret-restaurant.de/,info@emiret-restaurant.de,Moderate,4.2,,"Stylish, casual Turkish outfit for meats like kebabs & lamb chops fired over a lava-stone grill. | Turkish Restaurant | Rated 4.2/5 (2451 reviews)",Google Places API (New)
Just a Dip,"Hasengasse, An der Kleinmarkthalle 5-7, 60311 Frankfurt am Main, Germany",Frankfurt am Main,Germany,069 96230400,http://www.justadip.de/,info@justadip.com,,4.8,,Manufacturer | Rated 4.8/5 (210 reviews),Google Places API (New)
Francis Sportsbar and Restaurant,"Mainzer Landstraße 27, 60329 Frankfurt am Main-Innenstadt I, Germany",Frankfurt am Main,Germany,069 255156500,https://francissportsbar.com/,francis@ihg.com,Moderate,4.5,,"Burgers & other American basics served in a cheerful, modern space at the Holiday Inn Frankfurt. | Sports Bar | Rated 4.5/5 (129 reviews)",Google Places API (New)
ALEX Frankfurt MyZeil,"Zeil 106, 60313 Frankfurt am Main, Germany",Frankfurt am Main,Germany,069 870097530,https://www.dein-alex.de/frankfurt-myzeil,hallo@dein-alex.de,Moderate,3.6,,Restaurant | Rated 3.6/5 (1999 reviews),Google Places API (New)
Marktstubb,"Hasengasse 5-7, 60311 Frankfurt am Main-Innenstadt I, Germany",Frankfurt am Main,Germany,069 293498,http://www.marktstubb.de/,,Moderate,4,,Homemade bratwurst & other familiar dishes in a relaxed joint adorned with enamel signs & old tins. | German Restaurant | Rated 4/5 (302 reviews),Google Places API (New)
Borsalino Ristorante GmbH,"Große Rittergasse 102, 60594 Frankfurt am Main, Germany",Frankfurt am Main,Germany,069 611398,https://speisekartenweb.de/restaurants/frankfurt+am+main/ristorante-borsalino-122763?utm_source=google_profile&utm_medium=google_profile&utm_campaign=brief_49_02_2026,,Moderate,4.4,,Italian Restaurant | Rated 4.4/5 (793 reviews),Google Places API (New)
YAZZO,"De-Saint-Exupéry-Straße 6, 60549 Frankfurt am Main, Germany",Frankfurt am Main,Germany,069 2991500,http://www.yazzo.de/,,Expensive,4.1,,Restaurant | Rated 4.1/5 (79 reviews) | Expensive / upscale tier,Google Places API (New)
Alasti's Valentino,"kleinmarkthalle, Hasengasse 5-7, 60311 Frankfurt am Main-Innenstadt I, Germany",Frankfurt am Main,Germany,069 40038800,https://www.alasti-feinkost.de/,jobs@alasti-feinkost.de,Moderate,4.5,,Italian Restaurant | Rated 4.5/5 (167 reviews),Google Places API (New)
Bar & Restaurant naïv,"Fahrgasse 4, 60311 Frankfurt am Main-Innenstadt I, Germany",Frankfurt am Main,Germany,069 96751172,https://naiv.world/naiv,hello@naiv-frankfurt.de,Moderate,4.5,,Trendy hangout with outdoor tables & an industrial-chic vibe offering artisan beers & comfort food. | Restaurant | Rated 4.5/5 (1196 reviews),Google Places API (New)
Apfelwein-Wirtschaft Fichtekränzi,"Wallstraße 5, 60594 Frankfurt am Main-Frankfurt-Süd, Germany",Frankfurt am Main,Germany,069 612778,http://www.fichtekraenzi.de/,,Moderate,4.5,,Apple wine & classic fare like frankfurters & schnitzel in a cozy 19th-century pub with a garden. | German Restaurant | Rated 4.5/5 (2269 reviews),Google Places API (New)
Daheim in der Affentorschänke,"Neuer Wall 9, 60594 Frankfurt am Main-Frankfurt-Süd, Germany",Frankfurt am Main,Germany,06109 5077611,https://www.affentorschaenke.de/Daheim.html,info@affentor-schaenke.de,Moderate,4.5,,German Restaurant | Rated 4.5/5 (699 reviews),Google Places API (New)
Zum Eichkatzerl,"Dreieichstraße 29, 60594 Frankfurt am Main-Frankfurt-Süd, Germany",Frankfurt am Main,Germany,069 617480,http://www.eichkatzerl.de/,helmut.boehm@eichkatzerl.de,Moderate,4.4,,"Home-style German food & apple wine in rustic, wood-lined interiors or a shady garden. | German Restaurant | Rated 4.4/5 (1803 reviews)",Google Places API (New)
Schuch's,"Alt-Praunheim 11, 60488 Frankfurt am Main, Germany",Frankfurt am Main,Germany,069 761005,http://www.schuchs-restaurant.com/,info@schuchs-restaurant.de,,4.5,,Restaurant | Rated 4.5/5 (1620 reviews),Google Places API (New)
Apfelwein Solzer,"Berger Str. 260, 60385 Frankfurt am Main-Bornheim/Ostend, Germany",Frankfurt am Main,Germany,069 452171,http://www.apfelwein-solzer.de/,reservierung@solzer-frankfurt.de,Moderate,4.6,,"Longstanding tavern serving traditional apple wine & classic Frankfurt cuisine, with garden tables. | German Restaurant | Rated 4.6/5 (3605 reviews)",Google Places API (New)
MokkaTeeria,"Heidestraße 149, 60385 Frankfurt am Main-Bornheim/Ostend, Germany",Frankfurt am Main,Germany,069 90759091,https://www.mokkateeria.de/,info@mokkateeria.de,Moderate,4.8,,Cafe | Rated 4.8/5 (1737 reviews),Google Places API (New)
TRY Frankfurt,"Zeil 5, 60311 Frankfurt am Main-Innenstadt I, Germany",Frankfurt am Main,Germany,069 26013642,https://www.tryfrankfurt.de/,info@trycoffee.de,Inexpensive,4.7,,Cafe | Rated 4.7/5 (533 reviews),Google Places API (New)
Maincafé,"Schaumainkai 50, 60596 Frankfurt am Main-Frankfurt-Süd, Germany",Frankfurt am Main,Germany,069 66169713,https://maincafe.net/,freunde@maincafe.net,Inexpensive,4.3,,"Bagels, light bites & beer at shaded outdoor tables in a park with views over the Main River. | Cafe | Rated 4.3/5 (1657 reviews)",Google Places API (New)
Cafe Ana,"Mittelweg 47, 60318 Frankfurt am Main-Innenstadt I, Germany",Frankfurt am Main,Germany,069 550242,https://cafe-ana-frankfurt.de/,,Moderate,4.5,,Cafe | Rated 4.5/5 (350 reviews),Google Places API (New)
Zweigle Café,"Neue Mainzer Str. 66-68, 60311 Frankfurt am Main, Germany",Frankfurt am Main,Germany,,https://cafezweigle.de/,info@cafezweigle.de,Inexpensive,4.6,,Cafe | Rated 4.6/5 (165 reviews),Google Places API (New)
Gresso,"Grüneburgweg 1, 60322 Frankfurt am Main, Germany",Frankfurt am Main,Germany,069 67777777,https://www.gresso.de/,info@gresso.de,Moderate,4.6,,Coffee Shop | Rated 4.6/5 (550 reviews),Google Places API (New)
Hoppenworth & Ploch Café Altstadt,"Markt 22, 60311 Frankfurt am Main, Germany",Frankfurt am Main,Germany,,http://www.hoppenworth-ploch.de/,orders@hoppenworth-ploch.de,Inexpensive,4.3,,Cafe | Rated 4.3/5 (1232 reviews),Google Places API (New)
Cafe Chokolino,"Vilbeler Landstraße 82, 60388 Frankfurt am Main-Bergen-Enkheim, Germany",Frankfurt am Main,Germany,06109 7199507,http://www.chokolino-ffm.de/,chokolino@gmx.de,Moderate,4.7,,Cafe | Rated 4.7/5 (460 reviews),Google Places API (New)
Elaine’s Deli,"Taunustor 1-3, 60311 Frankfurt am Main-Innenstadt I, Germany",Frankfurt am Main,Germany,069 348687341,http://www.elaines.world/,hello@elaines.world,Moderate,4.4,,"Health-conscious fare dished up in a trendy, convivial cafe open for breakfast, lunch & aperitif. | Breakfast Restaurant | Rated 4.4/5 (1042 reviews)",Google Places API (New)
Cocina Argentina,"Sonnemannstraße 5, 60314 Frankfurt am Main, Germany",Frankfurt am Main,Germany,069 87876034,http://www.cocina-argentina.de/,info@cocina-argentina.de,Expensive,4.6,,Argentinian Restaurant | Rated 4.6/5 (736 reviews) | Expensive / upscale tier,Google Places API (New)
Thai and Turf City,"An d. Welle 7, 60322 Frankfurt am Main, Germany",Frankfurt am Main,Germany,069 95107002,https://thaiandturf.com/,event@thaiandturf.com,,4.5,,Thai curries & noodle bowls served alongside surf & turf pairings at a lively restaurant with a bar. | Restaurant | Rated 4.5/5 (1516 reviews),Google Places API (New)
NORDSEE Frankfurt Nwz Tituscorso,"NordWestZentrum, Tituscorso 6, 60439 Frankfurt am Main, Germany",Frankfurt am Main,Germany,069 95810071,https://www.nordsee.com/de/,nordsee@nordsee.com,Inexpensive,3.6,,Restaurant | Rated 3.6/5 (444 reviews),Google Places API (New)
Marmaris Grillhaus,"Taunusstraße 44, 60329 Frankfurt am Main, Germany",Frankfurt am Main,Germany,069 24249403,,,Moderate,4.6,,Turkish Restaurant | Rated 4.6/5 (186 reviews),Google Places API (New)
Restaurant Setzkasten Düsseldorf,"Berliner Allee 52, 40212 Düsseldorf-Stadtbezirk 1, Germany",Düsseldorf,Germany,0211 2005716,https://www.setzkasten-duesseldorf.de/,setzkasten@zurheide-feine-kost.de,Very Expensive,4.8,,"Urbane, stylish restaurant in a supermarket crafting inventive, elaborate & whimsical dishes. | Fine Dining Restaurant | Rated 4.8/5 (748 reviews) | Very expensive / luxury tier",Google Places API (New)
Le Petit Chef - Düsseldorf,"Steigenberger Parkhotel, Königsallee 1A, 40212 Düsseldorf-Stadtbezirk 1, Germany",Düsseldorf,Germany,0211 1381511,https://lepetitchef.com/duesseldorf/?utm_source=google&utm_medium=local&utm_campaign=gmb,mail@lepetitchef.com,Very Expensive,4.8,,Quirky restaurant with upscale set menus enhanced by on-table immersive 3D cinema experiences. | Restaurant | Rated 4.8/5 (323 reviews) | Very expensive / luxury tier,Google Places API (New)
Agata's Restaurant,"Kirchfeldstraße 59, 40217 Düsseldorf-Stadtbezirk 3, Germany",Düsseldorf,Germany,0211 20030616,http://www.agatas.de/,,Very Expensive,4.7,,"Richly decorated fine dining establishment, known for inventive & colorful tasting menus. | Fine Dining Restaurant | Rated 4.7/5 (299 reviews) | Very expensive / luxury tier",Google Places API (New)
LA VIE by thomas bühner,"im Atrium der METRO AG, Schlüterstraße 1, 40235 Düsseldorf, Germany",Düsseldorf,Germany,01517 2385555,https://laviebythomasbuehner.de/,mail@laviebythomasbuehner.de,Very Expensive,4.9,,Fine Dining Restaurant | Rated 4.9/5 (151 reviews) | Very expensive / luxury tier,Google Places API (New)
SCHORN by Lukas Schild,"Martinstraße 46a, 40223 Düsseldorf, Germany",Düsseldorf,Germany,0163 9071993,http://www.restaurant-schorn.com/,restaurantschorn@web.de,Very Expensive,4.9,,Fine Dining Restaurant | Rated 4.9/5 (92 reviews) | Very expensive / luxury tier,Google Places API (New)
Reef and Beef Düsseldorf,"Lennéstraße 29, 40477 Düsseldorf-Stadtbezirk 1, Germany",Düsseldorf,Germany,0211 44030991,http://www.reefandbeef.de/,info@reefandbeef.de,Very Expensive,4.7,,Steak House | Rated 4.7/5 (984 reviews) | Very expensive / luxury tier,Google Places API (New)
Staudi's Restaurant,"Münsterstraße 115, 40476 Düsseldorf, Germany",Düsseldorf,Germany,0211 15875065,http://www.staudisrestaurant.de/,info@staudisrestaurant.de,Very Expensive,4.8,,Restaurant | Rated 4.8/5 (283 reviews) | Very expensive / luxury tier,Google Places API (New)
Weinhaus Tante Anna,"Andreasstraße 2, 40213 Düsseldorf-Stadtbezirk 1, Germany",Düsseldorf,Germany,0211 131163,http://www.tanteanna.de/,info@tanteanna.de,Very Expensive,4.6,,"Wine bar/restaurant serving up homestyle dishes & German wines in cozy, wood-paneled dining rooms. | German Restaurant | Rated 4.6/5 (417 reviews) | Very expensive / luxury tier",Google Places API (New)
The ASH Düsseldorf,"Kaiserswerther Str. 215, 40474 Düsseldorf-Stadtbezirk 1, Germany",Düsseldorf,Germany,0211 97264121,https://www.the-ash.com/restaurants/duesseldorf,b450769518905b1a1c42225fb2ce2fb018ec54eae1af5a2225f69a88c489dfc2burcu.aydin@the-ash.com,Expensive,4.3,,Restaurant | Rated 4.3/5 (3862 reviews) | Expensive / upscale tier,Google Places API (New)
Anfora - türkisches Restaurant,"Hüttenstraße 11, 40215 Düsseldorf, Germany",Düsseldorf,Germany,0211 15797227,https://anfora-restaurant.de/,info@anfora-restaurant.de,Expensive,4.9,,"Traditional Turkish cuisine, including homemade meze platters & desserts, in a blue-accented space. | Turkish Restaurant | Rated 4.9/5 (1796 reviews) | Expensive / upscale tier",Google Places API (New)
The Classic Western Steakhouse,"Tußmannstraße 12, 40477 Düsseldorf-Stadtbezirk 1, Germany",Düsseldorf,Germany,0211 20031507,http://www.steakhouse-duesseldorf.de/,info@steakhouse-duesseldorf.de,Very Expensive,4.8,,"Sleek space with wood beams, offering beef steaks from Nebraska with sides & a robust wine list. | Steak House | Rated 4.8/5 (1379 reviews) | Very expensive / luxury tier",Google Places API (New)
Im Schiffchen,"Kaiserswerther Markt 9, 40489 Düsseldorf-Stadtbezirk 5, Germany",Düsseldorf,Germany,0211 401050,https://im-schiffchen.de/,restaurant@im-schiffchen.de,Very Expensive,3.8,,Fine Dining Restaurant | Rated 3.8/5 (420 reviews) | Very expensive / luxury tier,Google Places API (New)
Haus Stemberg,"Kuhlendahler Str. 295, 42553 Velbert, Germany",Velbert,Germany,02053 5649,https://haus-stemberg.de/,stemmi@tv-stemberg.de,Very Expensive,4.8,,Fine Dining Restaurant | Rated 4.8/5 (731 reviews) | Very expensive / luxury tier,Google Places API (New)
Münstermann Kontor,"Hohe Str. 11, 40213 Düsseldorf-Stadtbezirk 1, Germany",Düsseldorf,Germany,0211 1300416,http://www.muenstermann-kontor.de/,bistrokontor@aol.com,Expensive,4.8,,Friendly venue known for schnitzels & generous servings of classic European bistro-style dishes. | Restaurant | Rated 4.8/5 (895 reviews) | Expensive / upscale tier,Google Places API (New)
Bocconcino Italiener mediterran | Restaurant Düsseldorf Medienhafen,"Kaistraße 4-6, 40221 Düsseldorf-Stadtbezirk 3, Germany",Düsseldorf,Germany,0211 56681482,http://bocconcino-duesseldorf.de/?utm_source=google_business_profile&utm_medium=button&utm_tracking_link_id=7c10d71b-2d20-410b-b38a-ff130c48ff9b,info@bocconcino-duesseldorf.de,Expensive,4.7,,"Classic & creative Italian cuisine in a sleek, loungelike dining hall with a riverside terrace. | Mediterranean Restaurant | Rated 4.7/5 (1107 reviews) | Expensive / upscale tier",Google Places API (New)
Estilo Campo Steakhouse,"Berger Str. 2, 40213 Düsseldorf, Germany",Düsseldorf,Germany,0211 70069798,https://www.estilo-campo.de/,info@estilo-campo.de,Very Expensive,4.8,,Argentinian Restaurant | Rated 4.8/5 (1123 reviews) | Very expensive / luxury tier,Google Places API (New)
Nagaya,"Klosterstraße 42, 40211 Düsseldorf-Stadtbezirk 1, Germany",Düsseldorf,Germany,0211 8639636,http://www.nagaya.de/,mail@nagaya.de,Very Expensive,4.6,,Japanese Restaurant | Rated 4.6/5 (614 reviews) | Very expensive / luxury tier,Google Places API (New)
Kettner‘s Kamota,"Hufergasse 23, 45239 Essen, Germany",Essen,Germany,0201 72044700,http://www.kettnerskamota.de/,info@kettnerskamota.de,Very Expensive,4.8,,Fine Dining Restaurant | Rated 4.8/5 (296 reviews) | Very expensive / luxury tier,Google Places API (New)
Oktopussy Bar & Restaurant,"Gneisenaustraße 69, 40477 Düsseldorf-Stadtbezirk 1, Germany",Düsseldorf,Germany,0211 97715106,http://www.oktopussy.de/,abschmatzen@oktopussy.de,Expensive,4.8,,"Creative contemporary cuisine, plus a robust wine list, in a stylish place with a sidewalk terrace. | Restaurant | Rated 4.8/5 (1257 reviews) | Expensive / upscale tier",Google Places API (New)
Fleher Hof,"Fleher Str. 254, 40223 Düsseldorf-Stadtbezirk 3, Germany",Düsseldorf,Germany,0211 31195711,http://fleherhof.de/,info@fleherhof.de,Expensive,4.7,,Restaurant | Rated 4.7/5 (356 reviews) | Expensive / upscale tier,Google Places API (New)
sabo Restaurant Düsseldorf,"Grunerstraße 42 A, 40239 Düsseldorf, Germany",Düsseldorf,Germany,0211 23949776,http://saborestaurant.de/,info@saborestaurant.de,Expensive,4.6,,"Elegant whitewashed space with large windows, serving Turkish meat grills, fish dishes & wines. | Turkish Restaurant | Rated 4.6/5 (903 reviews) | Expensive / upscale tier",Google Places API (New)
The Bull - Steak Expert,"Taubenstraße 14, 40479 Düsseldorf-Stadtbezirk 1, Germany",Düsseldorf,Germany,0211 26104401,http://thebullsteakexpert.de/,info@thebullsteakexpert.de,Very Expensive,4.8,,Argentinian-style cuts of grilled beef with sides & malbec wines in a chic steakhouse with a patio. | Steak House | Rated 4.8/5 (979 reviews) | Very expensive / luxury tier,Google Places API (New)
Da Clà Restaurant,"Kaistraße 17, 40221 Düsseldorf-Stadtbezirk 3, Germany",Düsseldorf,Germany,0211 6179988,http://www.daclarestaurant.de/,,Expensive,4.6,,"Contemporary Italian specialties in a polished, muted environment with outdoor tables. | Italian Restaurant | Rated 4.6/5 (580 reviews) | Expensive / upscale tier",Google Places API (New)
CHEFS ATELIER,"Im Löwental 60 A, 45239 Essen, Germany",Essen,Germany,0201 40870000,https://www.chefsatelier.de/,info@chefsatelier.de,Very Expensive,4.8,,Fine Dining Restaurant | Rated 4.8/5 (37 reviews) | Very expensive / luxury tier,Google Places API (New)
Reinhardt's Restaurant Düsseldorf,"Schloßstraße 82, 40477 Düsseldorf, Germany",Düsseldorf,Germany,0211 99611122,http://www.reinhardts-restaurant.de/,info@reinhardts-restaurant.de,Expensive,4.5,,Restaurant | Rated 4.5/5 (260 reviews) | Expensive / upscale tier,Google Places API (New)
Restaurant Hannappel,"Dahlhauser Str. 173, 45279 Essen-Stadtbezirke VII, Germany",Essen,Germany,0201 534506,http://www.restaurant-hannappel.de/,info@restaurant-hannappel.de,Very Expensive,4.7,,Fine Dining Restaurant | Rated 4.7/5 (431 reviews) | Very expensive / luxury tier,Google Places API (New)
ROBERT.,"Rathausufer 10, 40213 Düsseldorf-Stadtbezirk 1, Germany",Düsseldorf,Germany,0211 15207834,http://www.restaurantrobert.de/,info@restaurantrobert.de,Expensive,4.6,,French Restaurant | Rated 4.6/5 (1064 reviews) | Expensive / upscale tier,Google Places API (New)
Restaurant Landhaus Mönchenwerth,"Niederlöricker Str. 56, 40667 Meerbusch, Germany",Meerbusch,Germany,02132 757650,https://www.moenchenwerth.de/,,Very Expensive,4.4,,Restaurant | Rated 4.4/5 (359 reviews) | Very expensive / luxury tier,Google Places API (New)
Yoshi by Nagaya,"Kreuzstraße 17, 40211 Düsseldorf-Stadtbezirk 1, Germany",Düsseldorf,Germany,0211 86043060,https://yoshibynagaya.wixsite.com/nagayaduesseldorf,,Very Expensive,4.7,,Japanese Restaurant | Rated 4.7/5 (272 reviews) | Very expensive / luxury tier,Google Places API (New)
Restaurant Schnellenburg,"Rotterdamer Str. 120, 40474 Düsseldorf-Stadtbezirk 5, Germany",Düsseldorf,Germany,0211 4388438,http://www.schnellenburg.de/,info@schnellenburg.com,Expensive,4.3,,Restaurant | Rated 4.3/5 (608 reviews) | Expensive / upscale tier,Google Places API (New)
20° RESTOBAR,"Mutter-Ey-Platz 3, Neubrückstraße, 40213 Düsseldorf, Germany",Düsseldorf,Germany,0172 8902320,http://www.20grad.com/,info@20grad.com,Expensive,4.4,,"Elegant venue with a restaurant, bistro, patio & bar, for creative Spanish dining, snacks & drinks. | Spanish Restaurant | Rated 4.4/5 (1456 reviews) | Expensive / upscale tier",Google Places API (New)
Altes Fischerhaus 1817,"Am Alten Rhein 83, 40593 Düsseldorf-Stadtbezirk 9, Germany",Düsseldorf,Germany,0211 96838093,https://www.altesfischerhaus1817.de/,info@altesfischerhaus1817.de,Expensive,4.5,,Restaurant | Rated 4.5/5 (887 reviews) | Expensive / upscale tier,Google Places API (New)
Parlin | Essen und Weinbar,"Medienhafen, Hammer Str. 28, 40219 Düsseldorf, Germany",Düsseldorf,Germany,0211 50658572,http://www.parlin-weinbar.de/,info@parlin-weinbar.de,Expensive,4.3,,Traditional French offerings presented in a sophisticated space with an ornate stucco ceiling. | French Restaurant | Rated 4.3/5 (185 reviews) | Expensive / upscale tier,Google Places API (New)
Ristorante L'arte in Cucina,"Gerricuspl. 6, 40625 Düsseldorf-Stadtbezirk 7, Germany",Düsseldorf,Germany,0211 52039590,http://www.arteincucina.de/,info@arteincucina.de,Expensive,4.6,,Italian Restaurant | Rated 4.6/5 (306 reviews) | Expensive / upscale tier,Google Places API (New)
Restaurant zweigleisig,"Marc-Chagall-Straße 2, 40477 Düsseldorf, Germany",Düsseldorf,Germany,0211 51427010,http://zweigleisig.com/,team@zweigleisig.com,Expensive,4.7,,Sushi Restaurant | Rated 4.7/5 (789 reviews) | Expensive / upscale tier,Google Places API (New)
Brasserie Hülsmann,"Belsen-pl. 1, 40545 Düsseldorf, Germany",Düsseldorf,Germany,0211 86399330,http://www.brasserie-huelsmann.de/,,Expensive,4.5,,French Restaurant | Rated 4.5/5 (827 reviews) | Expensive / upscale tier,Google Places API (New)
HeimWerk Altstadt,"Hafenstraße 9, 40213 Düsseldorf-Stadtbezirk 1, Germany",Düsseldorf,Germany,0211 86326373,https://www.heimwerk-restaurant.de/standorte/duesseldorf-altstadt,duesseldorf.altstadt@heimwerk-restaurant.de,Moderate,4.5,,German Restaurant | Rated 4.5/5 (4030 reviews),Google Places API (New)
Wilma Wunder Düsseldorf,"Martin-Luther-Platz 27, 40212 Düsseldorf, Germany",Düsseldorf,Germany,0211 97264818,https://www.wilma-wunder.de/restaurants/duesseldorf/,duesseldorf@wilma-wunder.de,Moderate,4.2,,German Restaurant | Rated 4.2/5 (4184 reviews),Google Places API (New)
Palito Restaurant Düsseldorf,"Berger Str. 14, 40213 Düsseldorf-Stadtbezirk 1, Germany",Düsseldorf,Germany,0211 86933451,https://www.palito-duesseldorf.de/,info@palito-duesseldorf.de,Moderate,4.5,,"Funky, lively space with a Cuban vibe for Mediterranean & Latin American-inspired fare & cocktails. | Restaurant | Rated 4.5/5 (3374 reviews)",Google Places API (New)
Takumi,"Immermannstraße 28, 40210 Düsseldorf-Stadtbezirk 1, Germany",Düsseldorf,Germany,0211 1793308,https://www.brickny.com/deutsch/unsere-restaurants/takumi-1st-de/,,Moderate,4.5,,"Ramen varieties like tonkotsu & tantanmen, plus teriyaki chicken, at a busy space with a patio. | Ramen Restaurant | Rated 4.5/5 (8714 reviews)",Google Places API (New)
Uerige,"Berger Str. 1, 40213 Düsseldorf-Stadtbezirk 1, Germany",Düsseldorf,Germany,0211 866990,http://www.uerige.de/,info@uerige.de,,4.3,,Tours of the beer-making process & restaurant serving Rhineland cuisine at a traditional brewery. | Brewery | Rated 4.3/5 (12504 reviews),Google Places API (New)
Manhattan | Restaurant Düsseldorf,"Bolkerstraße 10, 40213 Düsseldorf, Germany",Düsseldorf,Germany,0163 1083454,https://mnhtn.de/,info@mnhtn.de,Moderate,4.8,,"Big burgers, spare ribs & steaks, plus cocktails, at a US-style bar & grill with a street terrace. | Steak House | Rated 4.8/5 (971 reviews)",Google Places API (New)
HeimWerk Mitte,"Martin-Luther-Platz 22, 40212 Düsseldorf-Stadtbezirk 1, Germany",Düsseldorf,Germany,0211 95588600,https://www.heimwerk-restaurant.de/,info@gastundwirt.com,Moderate,4.8,,German Restaurant | Rated 4.8/5 (2521 reviews),Google Places API (New)
Safran,"Pempelforter Str. 45, 40211 Düsseldorf, Germany",Düsseldorf,Germany,0211 56694414,https://safran-duesseldorf.de/,info@restaurantsafran.net,Moderate,4.6,,"Grilled meats, meze platters & spiced curries with rice in stylish, wood-paneled interiors. | Persian Restaurant | Rated 4.6/5 (1447 reviews)",Google Places API (New)
Kasematten Düsseldorf,"Untere Rheinwerft / Rheinuferpromenade, 40213 Düsseldorf, Germany",Düsseldorf,Germany,0176 48721092,http://www.kasematten-duesseldorf.de/,info@kasematten-duesseldorf.de,Moderate,4.2,,"Vibrant riverside spot with 5 restaurants offering Mediterranean dishes, Nordic cuisine & cocktails. | Mediterranean Restaurant | Rated 4.2/5 (6670 reviews)",Google Places API (New)
Restaurant Antalya,"Konrad-Adenauer-Platz 12, 40210 Düsseldorf-Stadtbezirk 1, Germany",Düsseldorf,Germany,0211 363320,http://www.restaurantalya.de/,dogandenizcan@hotmail.com,Moderate,4.5,,"Doner kebabs, mixed grills & classic Turkish sweets like baklava in a contemporary venue. | Turkish Restaurant | Rated 4.5/5 (1677 reviews)",Google Places API (New)
Loft,"Carlspl. 26, 40213 Düsseldorf, Germany",Düsseldorf,Germany,0211 86930663,https://loftfood.com/,carlsplatz@loft-food.de,Moderate,4.7,,Restaurant | Rated 4.7/5 (193 reviews),Google Places API (New)
El Amigo - Düsseldorf,"Schneider-Wibbel-Gasse 9, 40213 Düsseldorf, Germany",Düsseldorf,Germany,0211 323203,https://elamigo-duesseldorf.de/,kontakt@elamigo-duesseldorf.de,Expensive,4.6,,Spanish Restaurant | Rated 4.6/5 (1167 reviews) | Expensive / upscale tier,Google Places API (New)
Restaurant Hexe Bolker4 Düsseldorf,"Bolkerstraße 4, 40213 Düsseldorf-Stadtbezirk 1, Germany",Düsseldorf,Germany,0211 15836111,https://hexe-bolker4.de/,office@hexe-bolker4.de,Moderate,4.9,,Steak House | Rated 4.9/5 (2590 reviews),Google Places API (New)
Rubens,"Kaiserstraße 5, 40479 Düsseldorf, Germany",Düsseldorf,Germany,0211 15859800,http://www.rubens-restaurant.de/,info@rubens-restaurant.de,,4.8,,Rustic-chic restaurant with a wine cellar presenting reimagined Austrian mains & desserts. | Austrian Restaurant | Rated 4.8/5 (726 reviews),Google Places API (New)
Hulala – Sunkissed Food & Drinks,"Carlspl. 24, 40213 Düsseldorf, Germany",Düsseldorf,Germany,0211 45440610,https://www.hulala.org/,aloha@hulala.org,Moderate,4.7,,Restaurant | Rated 4.7/5 (3652 reviews),Google Places API (New)
Ab der Fisch,"Moltkestraße 124, 40477 Düsseldorf, Germany",Düsseldorf,Germany,0211 482588,http://www.abderfisch.de/,info@abderfisch.de,Moderate,4.6,,Restaurant | Rated 4.6/5 (1227 reviews),Google Places API (New)
Schweine Janes Altstadt,"Bolkerstraße 13, 40213 Düsseldorf-Stadtbezirk 1, Germany",Düsseldorf,Germany,0211 131449,https://www.schweinejanes.de/altstadt.php,,Moderate,4.1,,"Homestyle grills like pork knuckle & steak, plus altbier, at a casual eatery with outdoor tables. | Restaurant | Rated 4.1/5 (3200 reviews)",Google Places API (New)
Ristorante Barolo,"Kö Galerie, Königsallee 60, 40212 Düsseldorf, Germany",Düsseldorf,Germany,0211 86286263,,,Moderate,4.7,,Italian Restaurant | Rated 4.7/5 (722 reviews),Google Places API (New)
Trattoria il Tartufo,"Akademiestraße 6, 40213 Düsseldorf, Germany",Düsseldorf,Germany,0211 99483490,https://trattoria-il-tartufo.de/,kontakt@trattoria-il-tartufo.de,Moderate,4.7,,Italian Restaurant | Rated 4.7/5 (139 reviews),Google Places API (New)
GRANDE ÉTOILE I Düsseldorf,"Bastionstraße 16, 40213 Düsseldorf-Stadtbezirk 1, Germany",Düsseldorf,Germany,0211 15884815,https://www.grande-etoile.com/,info@grande-etoile.de,,4.4,,Restaurant | Rated 4.4/5 (506 reviews),Google Places API (New)
Cafe Buur,"Friedrichstraße 120, 40217 Düsseldorf-Stadtbezirk 3, Germany",Düsseldorf,Germany,0211 56668678,http://www.cafebuur.de/,catering@cafebuur.de,Moderate,4.7,,"Hip cafe with sidewalk tables offering colorful brunch & lunch dishes, plus smoothies & coffee. | Breakfast Restaurant | Rated 4.7/5 (2180 reviews)",Google Places API (New)
Restaurant Schwarzes Meer,"Graf-Adolf-Straße 60, 40210 Düsseldorf-Stadtbezirk 1, Germany",Düsseldorf,Germany,0211 50086899,http://www.restaurant-sm.de/,info@restaurant-sm.de,Expensive,4.8,,"Elegant, wood-floored venue known for filling Turkish breakfasts, plus meatballs & baked fish. | Turkish Restaurant | Rated 4.8/5 (1670 reviews) | Expensive / upscale tier",Google Places API (New)
ALEX Düsseldorf,"Kasernenstraße 48, Graf-Adolf-Platz 15, 40213 Düsseldorf, Germany",Düsseldorf,Germany,0211 56603570,http://www.dein-alex.de/duesseldorf,hallo@dein-alex.de,Moderate,4.3,,Restaurant | Rated 4.3/5 (3096 reviews),Google Places API (New)
BLOCK HOUSE Düsseldorf,"Kurze Str. 1, 40213 Düsseldorf-Stadtbezirk 1, Germany",Düsseldorf,Germany,0211 56659465,https://www.block-house.de/restaurants/duesseldorf/burgplatz,,Expensive,4.4,,Steak House | Rated 4.4/5 (4222 reviews) | Expensive / upscale tier,Google Places API (New)
Picasso - Düsseldorf,"Schneider-Wibbel-Gasse 10, 40213 Düsseldorf-Stadtbezirk 1, Germany",Düsseldorf,Germany,0211 328759,http://www.picasso-duesseldorf.de/,kontakt@picasso-duesseldorf.de,Moderate,4.5,,"Grilled steak & seafood, plus Rioja & Ribera del Duero wines, in a rustic space with Picasso prints. | Steak House | Rated 4.5/5 (791 reviews)",Google Places API (New)
Louisiana Düsseldorf Altstadt,"Bolkerstraße 18, 40213 Düsseldorf-Stadtbezirk 1, Germany",Düsseldorf,Germany,0211 865890,http://www.louisiana.de/louisiana-duesseldorf.html,duesseldorf@louisiana.de,Moderate,4,,American Restaurant | Rated 4/5 (3739 reviews),Google Places API (New)
Tengri Tagh Uigur Restaurant,"Oststraße 120, 40210 Düsseldorf-Stadtbezirk 1, Germany",Düsseldorf,Germany,0176 18321151,https://tengri-tagh-uigur-restaurant.eatbu.com/?lang=de,tengritaghuigur@gmail.com,Moderate,4.9,,"Modest Uyghur eatery making traditional central Asian recipes like noodles, meat dishes & dumplings. | Restaurant | Rated 4.9/5 (5302 reviews)",Google Places API (New)
bona'me Düsseldorf,"Kasernenstraße 39-49, 40213 Düsseldorf, Germany",Düsseldorf,Germany,0211 50080890,https://bona-me.de/,,Moderate,4.2,,Easygoing restaurant with a terrace offering an imaginative take on traditional Turkish dishes. | Middle Eastern Restaurant | Rated 4.2/5 (3089 reviews),Google Places API (New)
Schwan Restaurant Düsseldorf Altstadt,"Mühlenstraße 2, 40213 Düsseldorf-Stadtbezirk 1, Germany",Düsseldorf,Germany,0211 1365387,http://restaurant-schwan.de/burgplatz/,veranstaltungsanfragen@restaurant-schwan.de,Moderate,4.1,,German Restaurant | Rated 4.1/5 (3072 reviews),Google Places API (New)
Zum Kochlöffel,"Friedrich-Ebert-Straße 41, 40210 Düsseldorf-Stadtbezirk 1, Germany",Düsseldorf,Germany,0211 1609615,https://zum-kochloeffel.eatbu.com/?lang=de,zum-kochloeffel@gmx.de,Moderate,4.8,,Restaurant | Rated 4.8/5 (150 reviews),Google Places API (New)
Mongo's Restaurant Düsseldorf,"Medienhafen, Zollhof 10, 40221 Düsseldorf, Germany",Düsseldorf,Germany,0211 54233160,https://www.mongos.de/de/restaurants/duesseldorf,duesseldorf@mongos.de,Expensive,4.6,,Asian Restaurant | Rated 4.6/5 (2368 reviews) | Expensive / upscale tier,Google Places API (New)
Dauser,"Carlspl. 4, 40213 Düsseldorf-Stadtbezirk 1, Germany",Düsseldorf,Germany,0211 486164,http://www.dauser-online.de/,info@dauser-online.de,Moderate,4.6,,Restaurant | Rated 4.6/5 (519 reviews),Google Places API (New)
Altstadt Restaurant - Düsseldorf,"Berger Str. 17, 40213 Düsseldorf, Germany",Düsseldorf,Germany,0211 325228,,,Moderate,4.1,,Easygoing destination with a terrace & an old-fashioned ambiance offering traditional meat dishes. | Restaurant | Rated 4.1/5 (1171 reviews),Google Places API (New)
L'Osteria Düsseldorf Berliner Allee,"Berliner Allee 8, 40212 Düsseldorf, Germany",Düsseldorf,Germany,0211 35583566,https://losteria.net/de/restaurants/restaurant/duesseldorf-berliner-allee/,duesseldorf.berliner-allee@losteria.de,Moderate,4.3,,Italian Restaurant | Rated 4.3/5 (5560 reviews),Google Places API (New)
MR. BENS Café Düsseldorf,"Gustaf-Gründgens-Platz 9a, 40211 Düsseldorf, Germany",Düsseldorf,Germany,0211 44095550,https://mrbenscafeduesseldorf.de/,info@mrbenscafe.de,Moderate,4.5,,Cafe | Rated 4.5/5 (674 reviews),Google Places API (New)
Libanon Restaurant,"Berger Str. 19-21, 40213 Düsseldorf-Stadtbezirk 1, Germany",Düsseldorf,Germany,0211 134917,https://www.libanon-restaurant.de/,info@libanon-restaurant.de,Expensive,4.2,,Lebanese meat skewers & meze platters in an ornately tiled dining room with belly-dancing shows. | Lebanese Restaurant | Rated 4.2/5 (2878 reviews) | Expensive / upscale tier,Google Places API (New)
Los Chicos - Düsseldorf,"Andreasstraße 7-9, 40213 Düsseldorf, Germany",Düsseldorf,Germany,0211 15827739,https://loschicos.de/,,Expensive,4.5,,"Longtime, kid-friendly chain serving Tex-Mex staples & margaritas in a colorful space. | Spanish Restaurant | Rated 4.5/5 (923 reviews) | Expensive / upscale tier",Google Places API (New)
The Paris Club Restaurant & Bar,"Louis-Pasteur-Platz 1, 40211 Düsseldorf-Stadtbezirk 1, Germany",Düsseldorf,Germany,0211 900910263,https://theparisclub.de/restaurant/,restaurant.duesseldorf@the-paris-club.com,,4.3,,French Restaurant | Rated 4.3/5 (1201 reviews),Google Places API (New)
BIRDIE & CO. Deli · Café,"Mittelstraße 6, 40213 Düsseldorf-Stadtbezirk 1, Germany",Düsseldorf,Germany,0211 17443027,https://birdieco.de/,order@birdieco.de,Moderate,4.7,,Brunch Restaurant | Rated 4.7/5 (1184 reviews),Google Places API (New)
Saray Restaurant,"Worringer Str. 103, 40210 Düsseldorf-Stadtbezirk 1, Germany",Düsseldorf,Germany,0211 363557,https://www.sarayrestaurant24.com/,,Moderate,4.6,,"Kebabs, grills & other Turkish specialties in a down-to-earth locale near the railway station. | Turkish Restaurant | Rated 4.6/5 (3088 reviews)",Google Places API (New)
Restaurant da noi,"Graf-Adolf-Straße 25, 40212 Düsseldorf, Germany",Düsseldorf,Germany,0211 1576541,http://www.danoi-duesseldorf.de/,info@danoi-duesseldorf.de,Moderate,4.4,,"Wood-fired pizzas & classic pastas, plus gluten-free options, in a stylish locale with stacked wood. | Italian Restaurant | Rated 4.4/5 (2902 reviews)",Google Places API (New)
ALCHEMIST Bistro & Bar - Düsseldorf,"Graf-Adolf-Straße 61, 40210 Düsseldorf, Germany",Düsseldorf,Germany,0211 30035660,http://www.alchemist-bistro.de/,info@alchemist-bistro.de,Expensive,4.6,,"Intimate spot with outdoor tables & a stylish interior, offering a changing menu of seasonal dishes. | Restaurant | Rated 4.6/5 (379 reviews) | Expensive / upscale tier",Google Places API (New)
What's Beef,"Immermannstraße 24, 40210 Düsseldorf-Stadtbezirk 1, Germany",Düsseldorf,Germany,0211 36779196,https://whatsbeef.de/duesseldorf,info@whatsbeef.de,Moderate,4.6,,Hamburger Restaurant | Rated 4.6/5 (6834 reviews),Google Places API (New)
Bob & Mary,"Berger Str. 35, 40213 Düsseldorf-Stadtbezirk 1, Germany",Düsseldorf,Germany,0211 86930710,https://bobmary.de/,info@bobmary.de,Moderate,4.5,,Hamburger Restaurant | Rated 4.5/5 (3431 reviews),Google Places API (New)
ARTA - Brunch & Café Düsseldorf,"Berliner Allee 30, 40212 Düsseldorf, Germany",Düsseldorf,Germany,0162 1094207,https://instagram.com/artaduesseldorf,,Moderate,4.7,,Brunch Restaurant | Rated 4.7/5 (532 reviews),Google Places API (New)
Dene & Gör,"Graf-Adolf-Straße 58, 40210 Düsseldorf-Stadtbezirk 1, Germany",Düsseldorf,Germany,0211 35581434,,,Inexpensive,4.5,,"Narrow, counter-serve eatery offering a meat-focused menu of homestyle Turkish comfort food. | Turkish Restaurant | Rated 4.5/5 (3620 reviews)",Google Places API (New)
Korea House Restaurant,"Bismarckstraße 66, 40210 Düsseldorf-Stadtbezirk 1, Germany",Düsseldorf,Germany,0177 4428310,https://korea-haus-duesseldorf.eatbu.com/?lang=de,Koreahaus@gmx.de,Moderate,4.3,,"Convivial restaurant with individual table grills for meat & seafood, plus dumplings & bibimbap. | Korean Restaurant | Rated 4.3/5 (3619 reviews)",Google Places API (New)
Bistro Zicke,"Bäckerstraße 5A, 40213 Düsseldorf, Germany",Düsseldorf,Germany,0211 324056,http://www.bistro-zicke.de/,zicke@bistro-zicke.de,Moderate,4.6,,"Global dishes, plus breakfast, in a cool, bistro-style hangout papered with art & film posters. | Bistro | Rated 4.6/5 (1905 reviews)",Google Places API (New)
dreiRaum Bistro,"Volksgartenstraße 15, 40227 Düsseldorf-Stadtbezirk 3, Germany",Düsseldorf,Germany,0211 17806094,http://www.dreiraumbistro.de/,info@dreiraumbistro.de,Moderate,4.5,,Restaurant | Rated 4.5/5 (873 reviews),Google Places API (New)
Café de Bretagne,"Benrather Str. 7, 40213 Düsseldorf-Stadtbezirk 1, Germany",Düsseldorf,Germany,0211 56940775,http://www.cafe-de-bretagne.de/,info@cafe-de-bretagne.de,Expensive,4.7,,"Breton mussels, lobster, fish dishes & casseroles at a charming, light-filled bistro. | Seafood Restaurant | Rated 4.7/5 (864 reviews) | Expensive / upscale tier",Google Places API (New)
ROCAILLE,"Weissenburgstr, Ulmenstraße 19 Ecke, 40476 Düsseldorf, Germany",Düsseldorf,Germany,01515 4151969,https://rocaille.de/,genuss@rocaille.de,Expensive,4.5,,"French pastries, seasonal French & Tuscan dishes & a European wine list in a stylish restaurant. | Restaurant | Rated 4.5/5 (665 reviews) | Expensive / upscale tier",Google Places API (New)
Mikonos,"Fleckenstein's, Schloßstraße 40, 40477 Düsseldorf, Germany",Düsseldorf,Germany,0211 15203090,http://www.fleckensteins.de/,kontakt@fleckensteins.de,Expensive,4.8,,European Restaurant | Rated 4.8/5 (452 reviews) | Expensive / upscale tier,Google Places API (New)
NOOIJ / DUTCH DELI,"Erkrather Str. 30, 40233 Düsseldorf, Germany",Düsseldorf,Germany,0211 6986689,http://www.nooij.de/,DELI@NOOIJ.DE,Moderate,4.7,,"Popular outpost featuring Dutch cafe plates in a sunlit, contemporary space, plus outdoor seating. | Restaurant | Rated 4.7/5 (1175 reviews)",Google Places API (New)
Im Goldenen Kessel,"Bolkerstraße 44, 40213 Düsseldorf-Stadtbezirk 1, Germany",Düsseldorf,Germany,0211 326007,http://www.schumacher-alt.de/,personal@brauerei-schumacher.de,Moderate,4.3,,Brewpub | Rated 4.3/5 (2921 reviews),Google Places API (New)
Ca' Reale,"Ulmenstraße 37, 40476 Düsseldorf, Germany",Düsseldorf,Germany,0211 38734626,http://www.careale.de/,,Moderate,4.9,,Italian Restaurant | Rated 4.9/5 (226 reviews),Google Places API (New)
Brasserie Stadthaus,"Mühlenstraße 31, 40213 Düsseldorf-Stadtbezirk 1, Germany",Düsseldorf,Germany,0211 16092815,https://brasserie-stadthaus.de/,info@brasserie-stadthaus.de,,4.6,,Wood-paneled space for oysters & steak frites with classic French wines in 400-year-old townhouse. | French Restaurant | Rated 4.6/5 (568 reviews),Google Places API (New)
Restaurant Spoerl Fabrik,"Tußmannstraße 70, 40477 Düsseldorf-Stadtbezirk 1, Germany",Düsseldorf,Germany,0211 44037391,https://spoerl-fabrik.de/,hallo@spoerl-fabrik.de,Expensive,4.5,,Mediterranean fare with Asian & Arabic twists in a stylishly renovated former factory with a garden. | Restaurant | Rated 4.5/5 (736 reviews) | Expensive / upscale tier,Google Places API (New)
TRIBE TABLE CALI,"Graf Adolf Strasse 81, To 87, 40215 Düsseldorf, Germany",Düsseldorf,Germany,0211 900910160,https://all.accor.com/hotel/C1T5/index.en.shtml,hc1t5@mytribehotel.com,,4.9,,Restaurant | Rated 4.9/5 (8 reviews),Google Places API (New)
Hutong Bistro,"Adersstraße 24, 40215 Düsseldorf, Germany",Düsseldorf,Germany,0211 93369148,https://www.hutongbistro.com/,hutong.duesseldorf@gmail.com,Moderate,4.7,,Chinese Restaurant | Rated 4.7/5 (645 reviews),Google Places API (New)
Bistro EssArt,"Am Seestern 1, 40547 Düsseldorf, Germany",Düsseldorf,Germany,0211 52068744,http://www.bistroessart.de/,info@essart.de,Inexpensive,4.3,,Bistro | Rated 4.3/5 (50 reviews),Google Places API (New)
Angel Cafe GbR,"Bastionstraße 8, 40213 Düsseldorf-Stadtbezirk 1, Germany",Düsseldorf,Germany,0211 1659677,http://engels-cafe.de/,,Inexpensive,4.4,,Cafe | Rated 4.4/5 (262 reviews),Google Places API (New)
Ghorban Delikatessen Manufaktur,"Heinrich-Heine-Allee 17, 40213 Düsseldorf, Germany",Düsseldorf,Germany,0211 15859132,https://ghorban-catering.de/,duesseldorf@ghorban.de,Moderate,4.4,,Restaurant | Rated 4.4/5 (314 reviews),Google Places API (New)
Coffee Brew Düsseldorf CAFÉ & BAR,"Graf-Adolf-Straße 77, 40210 Düsseldorf, Germany",Düsseldorf,Germany,0211 54244833,https://www.thecodeagency.de/coffeebrew,duesseldorf@thecodeagency.de,Moderate,4.6,,Cafe | Rated 4.6/5 (397 reviews),Google Places API (New)
Café Cakes by Inas,"Birkenstraße 102, 40233 Düsseldorf-Stadtbezirk 2, Germany",Düsseldorf,Germany,0211 17170627,https://cafe-cakes-by-inas.eatbu.com/,cakebyinas@outlook.de,Moderate,4.1,,Cafe | Rated 4.1/5 (367 reviews),Google Places API (New)
Velvet,"Stresemannstraße 8, 40210 Düsseldorf-Stadtbezirk 1, Germany",Düsseldorf,Germany,0211 6001141,http://velvetcollective.com/,mail@velvetcollective.com,Moderate,4.7,,Cafe | Rated 4.7/5 (551 reviews),Google Places API (New)
Restaurant Otto - Dine with a View,"Duesseldorf Airport, Terminal Ring 4, 40474 Düsseldorf, Germany",Düsseldorf,Germany,0211 4173753,https://www.marriott.com/de/hotels/dusso-sheraton-duesseldorf-airport-hotel/dining/,,Moderate,4.3,,Restaurant | Rated 4.3/5 (77 reviews),Google Places API (New)
moyo COFFEE - Hauptbahnhof - Central Station,"Eingang neben ParkOne Parkhaus, Immermannstraße 65D, 40210 Düsseldorf, Germany",Düsseldorf,Germany,,,,Inexpensive,4.8,,Cafe | Rated 4.8/5 (1746 reviews),Google Places API (New)
Cafe Extrablatt Düsseldorf,"Grünstraße 15, 40212 Düsseldorf, Germany",Düsseldorf,Germany,0211 8628280,https://cafe-extrablatt.de/standorte/details/cafe-extrablatt-duesseldorf,duesseldorf@cafe-extrablatt.de,Moderate,4.2,,Cafe | Rated 4.2/5 (2121 reviews),Google Places API (New)
Trattoria Valentina,"Münsterstraße 275, 40470 Düsseldorf, Germany",Düsseldorf,Germany,0211 15889924,https://trattoriavalentina.de/,trattoriavalentina@gmx.de,Moderate,4.6,,Italian Restaurant | Rated 4.6/5 (397 reviews),Google Places API (New)
Trattoria Abbraccio,"Hohe Str. 23, 40213 Düsseldorf, Germany",Düsseldorf,Germany,0211 86323385,https://trattoria-abbraccio.de/,kontakt@trattoria-abbraccio.de,Expensive,4.7,,Restaurant | Rated 4.7/5 (322 reviews) | Expensive / upscale tier,Google Places API (New)
Trattoria La Castagnas - Italienisches Restaurant in Düsseldorf,"Roßstraße 9, 40476 Düsseldorf, Germany",Düsseldorf,Germany,0211 466211,https://trattorialacastagnas.de/,officelacastagnas@gmail.com,Moderate,4.6,,Italian Restaurant | Rated 4.6/5 (505 reviews),Google Places API (New)
Trattoria Positano,"Freiligrathstraße 36, 40479 Düsseldorf-Stadtbezirk 1, Germany",Düsseldorf,Germany,0211 4982803,http://www.trattoria-positano.de/,mail@trattoria-positano.de,Expensive,4.4,,Restaurant | Rated 4.4/5 (429 reviews) | Expensive / upscale tier,Google Places API (New)
Trattoria Emiliana - Düsseldorf (Pempelfort),"Adlerstraße 42, 40211 Düsseldorf-Stadtbezirk 1, Germany",Düsseldorf,Germany,0211 350123,https://trattoriaemiliana.de/,info@trattoriaemiliana.de,Moderate,4.7,,Italian Restaurant | Rated 4.7/5 (425 reviews),Google Places API (New)
Trattoria Luisa,"Luisenstraße 7, 40215 Düsseldorf-Stadtbezirk 3, Germany",Düsseldorf,Germany,01573 7113630,http://www.luisa-trattoria.de/,info@luisa-trattoria.de,Moderate,4.6,,Italian Restaurant | Rated 4.6/5 (494 reviews),Google Places API (New)
Trattoria & Bar Gigante,"Geibelstraße 69, 40235 Düsseldorf-Stadtbezirk 7, Germany",Düsseldorf,Germany,0211 6987652,http://www.trattoria-gigante.de/,,Moderate,4.9,,Restaurant | Rated 4.9/5 (960 reviews),Google Places API (New)
Trattoria il Carpaccio,"Auf'm Rott 43, 40591 Düsseldorf-Stadtbezirk 9, Germany",Düsseldorf,Germany,0211 9754686,https://trattoriailcarpaccio.eatbu.com/,il.carpaccio.duesseldorf@gmail.com,Moderate,4.6,,Italian Restaurant | Rated 4.6/5 (276 reviews),Google Places API (New)
SALERNO Trattoria & Restaurant,"Ludwigshafener Str. 2, 40229 Düsseldorf, Germany",Düsseldorf,Germany,0211 46874554,http://www.trattoria-salerno.de/,arbennuhi@icloud.com,Moderate,4.9,,Restaurant | Rated 4.9/5 (197 reviews),Google Places API (New)
Trattoria La Noce,"Gravelottestraße 2, 40476 Düsseldorf, Germany",Düsseldorf,Germany,0211 4541229,http://www.trattorialanoce.de/,Trattorialanoce@mail.de,Moderate,4.5,,Italian Restaurant | Rated 4.5/5 (373 reviews),Google Places API (New)
Trattoria Zucchero,"Heinrichstraße 155, 40239 Düsseldorf-Stadtbezirk 6, Germany",Düsseldorf,Germany,0211 612757,http://www.trattoria-zucchero.de/,trattoria.zucchero@yahoo.de,Moderate,4.3,,Italian Restaurant | Rated 4.3/5 (782 reviews),Google Places API (New)
Trattoria Bistro Bellissima Due,"Schwerinstraße 21, 40477 Düsseldorf-Stadtbezirk 1, Germany",Düsseldorf,Germany,0211 4921392,,,Moderate,4.6,,Italian Restaurant | Rated 4.6/5 (183 reviews),Google Places API (New)
Trattoria BELLISSIMA UNO,"Frankenstraße 17, 40476 Düsseldorf-Stadtbezirk 1, Germany",Düsseldorf,Germany,0211 431089,http://www.trattoriabellissimauno.com/,,Moderate,4.4,,Italian Restaurant | Rated 4.4/5 (540 reviews),Google Places API (New)
Trattoria Gallo Nero,"Binterimstraße 27, 40223 Düsseldorf-Stadtbezirk 3, Germany",Düsseldorf,Germany,0211 3179303,http://www.trattoria-gallo-nero.de/,info@gallo-nero.de,Expensive,4.3,,"Thoughtfully plated Italian cuisine & wine in a bright, simple dining room or on a terrace. | Restaurant | Rated 4.3/5 (398 reviews) | Expensive / upscale tier",Google Places API (New)
Trattoria Il Campo 06 - Vereinsheim TUSA 06 Düsseldorf e.V.,"Fleher Str. 224b, 40223 Düsseldorf, Germany",Düsseldorf,Germany,0211 153630,https://www.il-campo06.de/,mail@il-campo06.de,Moderate,4.8,,Restaurant | Rated 4.8/5 (48 reviews),Google Places API (New)
Ristorante la Grappa,"Berger Str. 6, 40213 Düsseldorf, Germany",Düsseldorf,Germany,0211 8681272,https://ristorante-lagrappa.de/,gastrobargmbh@gmail.com,Moderate,4.3,,Italian Restaurant | Rated 4.3/5 (344 reviews),Google Places API (New)
Trattoria DA ZIO,"Roßstraße 71, 40476 Düsseldorf-Stadtbezirk 1, Germany",Düsseldorf,Germany,0211 69551156,http://www.da-zio.de/,,Moderate,4.4,,Italian Restaurant | Rated 4.4/5 (1108 reviews),Google Places API (New)
Trattoria Da Massimo,"Winkelsfelder Str. 1, 40477 Düsseldorf-Stadtbezirk 1, Germany",Düsseldorf,Germany,0211 4695139,http://massimo-online.de/,,Moderate,4.6,,Restaurant | Rated 4.6/5 (250 reviews),Google Places API (New)
Trattoria Daniele,"Am Staad 17, 40474 Düsseldorf, Germany",Düsseldorf,Germany,0211 9892982,https://trattoria-daniele-duesseldorf.eatbu.com/?lang=de,Trat.daniele@freenet.de,Moderate,3.2,,Italian Restaurant | Rated 3.2/5 (46 reviews),Google Places API (New)
Angelo Trattoria & Weinbar,"Schloßstraße 27, 40477 Düsseldorf, Germany",Düsseldorf,Germany,0211 6802551,https://angelo-trattoria-bar-duesseldorf.metro.rest/?lang=de,Info@angelotrattoria.com,Moderate,4.7,,Restaurant | Rated 4.7/5 (461 reviews),Google Places API (New)
Colombella Düsseldorf - Café - Trattoria - Vino Bar - Pizzateca -,"Sonderburgstraße 27, 40545 Düsseldorf-Stadtbezirk 4, Germany",Düsseldorf,Germany,0211 65040048,http://www.colombella.de/,reservierung@colombella.de,Expensive,4.6,,Restaurant | Rated 4.6/5 (240 reviews) | Expensive / upscale tier,Google Places API (New)
Trattoria Carissima GmbH,"Luegallee 17, 40545 Düsseldorf-Stadtbezirk 4, Germany",Düsseldorf,Germany,0211 571451,https://trattoria-carissima.com/,,Moderate,4.5,,Italian Restaurant | Rated 4.5/5 (862 reviews),Google Places API (New)
Fischrestaurant Trattoria del Pesce,"Morper Str. 16, 40625 Düsseldorf-Stadtbezirk 7, Germany",Düsseldorf,Germany,0211 21021820,http://www.trattoria-del-pesce.de/,info@trattoria-del-pesce.de,Moderate,4.5,,Italian Restaurant | Rated 4.5/5 (344 reviews),Google Places API (New)
Casa Massimo | RISTORANTE TRATTORIA | Düsseldorf,"Kaiserswerther Markt 19, 40489 Düsseldorf, Germany",Düsseldorf,Germany,0211 59811802,https://casa-massimo.de/,info@casa-massimo.de,Moderate,4.4,,Italian Restaurant | Rated 4.4/5 (747 reviews),Google Places API (New)
Ristorante Trattoria Fellini,"Im Schlank 16, 40472 Düsseldorf-Stadtbezirk 6, Germany",Düsseldorf,Germany,0211 4230901,https://trattoria-fellini-duesseldorf.eatbu.com/,trattoriafellini.duesseldorf@gmail.com,Moderate,4.5,,Takeout Restaurant | Rated 4.5/5 (514 reviews),Google Places API (New)
Osteria Mossimo Milano,"Düsselthaler Str. 22, 40211 Düsseldorf-Stadtbezirk 1, Germany",Düsseldorf,Germany,0211 351944,https://www.osteria-mossimo.com/,mossimomilano@gmail.com,Moderate,4.7,,Italian Restaurant | Rated 4.7/5 (363 reviews),Google Places API (New)
Bellini‘s Espresso Bar - Trattoria - Vinoteca,"Duisburger Str. 8, 40477 Düsseldorf, Germany",Düsseldorf,Germany,0211 16457377,https://bellinis-duesseldorf.de/,info@bellinis-duesseldorf.de,Moderate,4.4,,Cafe | Rated 4.4/5 (136 reviews),Google Places API (New)
La Luce Due,"Dorotheenstraße 20, 40235 Düsseldorf-Stadtbezirk 2, Germany",Düsseldorf,Germany,0211 6912645,http://www.lalucedue.de/,info@lalucedue.de,Moderate,4.6,,"Refined Italian dishes from antipasti to desserts, plus a wine list, in a modern setup. | Italian Restaurant | Rated 4.6/5 (2597 reviews)",Google Places API (New)
Trattoria Porto Cervo,"Collenbachstraße 95, 40476 Düsseldorf, Germany",Düsseldorf,Germany,0211 16974628,http://www.trattoria-portocervo.de/,portocervo@arcor.de,Moderate,4.4,,Italian Restaurant | Rated 4.4/5 (214 reviews),Google Places API (New)
Locanda La Bottella,"Stückerstraße 1, 40239 Düsseldorf-Stadtbezirk 2, Germany",Düsseldorf,Germany,0211 6999995,https://www.locanda-la-bottella.de/home.html,,Moderate,4.6,,Restaurant | Rated 4.6/5 (370 reviews),Google Places API (New)
Trattoria Via Appia,"Flügelstraße 56, 40227 Düsseldorf-Stadtbezirk 3, Germany",Düsseldorf,Germany,0211 775926,http://www.trattoria-via-appia.de/,info@trattoria-via-appia.de,Moderate,4.5,,Italian Restaurant | Rated 4.5/5 (265 reviews),Google Places API (New)
Trattoria Monza,"Vennhauser Allee 210, 40627 Düsseldorf-Stadtbezirk 8, Germany",Düsseldorf,Germany,0211 9262165,http://www.trattoria-monza.de/,info@trattoria-monza.de,Moderate,4.4,,Italian Restaurant | Rated 4.4/5 (651 reviews),Google Places API (New)
Don Sancillo,"Neusser Str. 43, 40219 Düsseldorf-Stadtbezirk 3, Germany",Düsseldorf,Germany,0211 30329998,http://www.donsancillo.de/,info@donsancillo.de,Moderate,4.5,,Italian Restaurant | Rated 4.5/5 (486 reviews),Google Places API (New)
Restaurant La Tosca,"Grashofstraße 1, 40470 Düsseldorf, Germany",Düsseldorf,Germany,0211 623550,http://www.latosca.de/,info@latosca.de,Moderate,4.3,,Italian Restaurant | Rated 4.3/5 (861 reviews),Google Places API (New)
CASALuigi,"Hohe Str. 33, 40213 Düsseldorf-Stadtbezirk 1, Germany",Düsseldorf,Germany,0211 327301,http://casaluigi.de/,info@casaluigi.de,Moderate,4.6,,"Housemade pasta & pizzas, plus classic Italian mains, in a cozy dining room or at terrace tables. | Italian Restaurant | Rated 4.6/5 (918 reviews)",Google Places API (New)
Restaurant Da Bruno,"Karlstraße 16, 40210 Düsseldorf-Stadtbezirk 1, Germany",Düsseldorf,Germany,0211 382300,,,Moderate,4.6,,"Comfortable establishment offering pizzas, pasta & other familiar Italian specialties. | Italian Restaurant | Rated 4.6/5 (677 reviews)",Google Places API (New)
Casa Cortilla,"F3 Wochenmarkt, Carlspl., 40213 Düsseldorf, Germany",Düsseldorf,Germany,0211 8800857,https://www.carlsplatz-markt.de/marktleben/portrait/casa-cortilla,info@carlsplatz-markt.de,Moderate,4.7,,"Simple food market stall offering Italian specialties like cold cuts & fresh pasta, plus a buffet. | Italian Restaurant | Rated 4.7/5 (368 reviews)",Google Places API (New)
Pane e Pomodoro - Pizzeria-Trattoria,"An d. Piwipp 95, 40468 Düsseldorf, Germany",Düsseldorf,Germany,0211 65580799,https://www.pane-pomodoro.com/,mmerzig@hotmail.de,Moderate,4.8,,Italian Restaurant | Rated 4.8/5 (440 reviews),Google Places API (New)
Pulcinella Pizzeria Trattoria,"Ratinger Str. 4, 40213 Düsseldorf-Stadtbezirk 1, Germany",Düsseldorf,Germany,0211 79521798,https://www.pulcinella.de/,info@pulcinella.de,Moderate,4.2,,Italian Restaurant | Rated 4.2/5 (649 reviews),Google Places API (New)
A Tavola - Düsseldorf,"Wallstraße 11, 40213 Düsseldorf-Stadtbezirk 1, Germany",Düsseldorf,Germany,0211 132923,https://speisekartenweb.de/restaurants/d%C3%BCsseldorf/a-tavola---d%C3%BCsseldorf-4582?utm_source=google_profile&utm_medium=google_profile&utm_campaign=admin,,Moderate,4.5,,"Refined antipasti, pasta & Italian mains, with organic wines & olive oil, at an unfussy trattoria. | Italian Restaurant | Rated 4.5/5 (907 reviews)",Google Places API (New)
Rossini,"Kaiserstraße 5, 40479 Düsseldorf, Germany",Düsseldorf,Germany,0211 494994,https://www.restaurant-rossini.de/,info@restaurant-rossini.de,Expensive,4.8,,Restaurant | Rated 4.8/5 (442 reviews) | Expensive / upscale tier,Google Places API (New)
Pizzeria Trattoria „La Pineta“,"Hauptstraße 42, 40597 Düsseldorf-Stadtbezirk 9, Germany",Düsseldorf,Germany,0211 16507911,,,Moderate,4.3,,Restaurant | Rated 4.3/5 (275 reviews),Google Places API (New)
Portofino,"Klosterstraße 20, 40211 Düsseldorf-Stadtbezirk 1, Germany",Düsseldorf,Germany,0211 8774464,http://www.ristorante-portofino.eu/,portofinoristorante@web.de,Moderate,4.6,,Long-running venture preparing traditional Italian cuisine in an informal environment. | Italian Restaurant | Rated 4.6/5 (871 reviews),Google Places API (New)
L'Osteria Vetro,"Berger Str. 24, 40213 Düsseldorf, Germany",Düsseldorf,Germany,0211 86932433,https://losteria-vetro.de/,info@losteria-vetro.de,Moderate,3.7,,Italian Restaurant | Rated 3.7/5 (612 reviews),Google Places API (New)
L’arcobaleno,"Adlerstraße 79, 40211 Düsseldorf-Stadtbezirk 1, Germany",Düsseldorf,Germany,0211 1688999,https://larcobaleno-duesseldorf.metro.bar/,larcobaleno@outlook.de,Moderate,4.7,,"Italian restaurant serving pizza, pasta & traditional mains in modest surroundings. | Italian Restaurant | Rated 4.7/5 (518 reviews)",Google Places API (New)
Pizzeria Trattoria La Ruota,"Büdingenstraße 1, 40625 Düsseldorf, Germany",Düsseldorf,Germany,0211 232005,https://pizzeria-laruota.de/,la.ruota@t-online.de,Moderate,4.7,,Vegetarian Restaurant | Rated 4.7/5 (562 reviews),Google Places API (New)
Ristorante La Casetta,"Alt-Niederkassel 105, 40547 Düsseldorf-Stadtbezirk 4, Germany",Düsseldorf,Germany,0211 24837000,https://www.lacasetta-romano.de/,,Expensive,4.7,,"Classic Italian dining in a rustic half-timbered house from the 17th century, with a garden. | Italian Restaurant | Rated 4.7/5 (269 reviews) | Expensive / upscale tier",Google Places API (New)
60 seconds to napoli Düsseldorf,"Hammer Str. 17, 40219 Düsseldorf, Germany",Düsseldorf,Germany,0211 98438115,https://60secondstonapoli.de/,dpo-google@google.com,Moderate,4.6,,Italian Restaurant | Rated 4.6/5 (8122 reviews),Google Places API (New)
Pastahaus Il Mercato,"Friedrichstraße 59A, 40217 Düsseldorf-Stadtbezirk 3, Germany",Düsseldorf,Germany,0211 9945616,https://il-mercato-duesseldorf.de/,il-mercato@online.de,Moderate,4.4,,Italian Restaurant | Rated 4.4/5 (1358 reviews),Google Places API (New)
Devona,"Schwerinstraße 13, 40477 Düsseldorf-Stadtbezirk 1, Germany",Düsseldorf,Germany,0211 4957318,http://devona.de/,giuseppedevona@aol.com,Moderate,4.7,,Italian Restaurant | Rated 4.7/5 (270 reviews),Google Places API (New)
Pizzeria Romantica,"Düsselthaler Str. 48, 40211 Düsseldorf-Stadtbezirk 1, Germany",Düsseldorf,Germany,0211 443247,http://romanticaduesseldorf.de/,,Moderate,4.4,,"Cozy restaurant serving pizzas, pasta dishes & Italian wines amid a relaxed ambiance. | Pizza Restaurant | Rated 4.4/5 (2633 reviews)",Google Places API (New)
Antichi Sapori,"Am Wehrhahn 71, 40211 Düsseldorf-Stadtbezirk 1, Germany",Düsseldorf,Germany,0211 1646238,https://facebook.com/pages/category/Deli/Antichi-Sapori-131759336896117,,Moderate,4.7,,Italian Restaurant | Rated 4.7/5 (175 reviews),Google Places API (New)
San Leo - Düsseldorf,"Wallstraße 31, 40213 Düsseldorf-Stadtbezirk 1, Germany",Düsseldorf,Germany,0211 324254,https://bedavainternet.com.tr/san-leo-dusseldorf/,saroglua@gmail.com,Moderate,4.4,,"Classic antipasti, pastas & meaty Italian mains in an elegant setting with sidewalk tables. | Italian Restaurant | Rated 4.4/5 (442 reviews)",Google Places API (New)
Trattoria Casa Michelangelo,"Wahlerstraße 1, 40472 Düsseldorf-Stadtbezirk 6, Germany",Düsseldorf,Germany,0211 651015,https://www.trattoriacasamichelangelo.de/,,Moderate,3.7,,Italian Restaurant | Rated 3.7/5 (238 reviews),Google Places API (New)
Vini Divini,"Bastionstraße 31, 40213 Düsseldorf-Stadtbezirk 1, Germany",Düsseldorf,Germany,0211 135040,http://www.vini-divini.de/,,Moderate,4.3,,Italian Restaurant | Rated 4.3/5 (342 reviews),Google Places API (New)
Ristorante Da Primo,"Schneider-Wibbel-Gasse 9, 40213 Düsseldorf-Stadtbezirk 1, Germany",Düsseldorf,Germany,0211 86286029,,,Moderate,3.6,,Restaurant | Rated 3.6/5 (275 reviews),Google Places API (New)
Ham Ham bei Josef | Die Original Schweinshaxe aus Düsseldorf,"Kurze Str. 5, 40213 Düsseldorf-Stadtbezirk 1, Germany",Düsseldorf,Germany,0211 328738,http://hamham-duesseldorf.de/,info@hamham-duesseldorf.de,Moderate,4.4,,Barbecue Restaurant | Rated 4.4/5 (1537 reviews),Google Places API (New)
Himmel & Aehd,"Nordstraße 53, 40477 Düsseldorf-Stadtbezirk 1, Germany",Düsseldorf,Germany,0211 4981361,https://www.himmel-aehd.de/,,Moderate,4.6,,Traditional Rhenish eats such as pork knuckle served alongside local beers in a festive atmosphere. | German Restaurant | Rated 4.6/5 (1446 reviews),Google Places API (New)
Fischhaus,"Berger Str. 3-7, 40213 Düsseldorf-Stadtbezirk 1, Germany",Düsseldorf,Germany,0211 8549864,http://www.fischhaus-duesseldorf.de/,info@fischhaus-duesseldorf.de,Expensive,4.4,,"Grilled fish, herring & seafood platters at a storied spot with sidewalk seating & a fish counter. | Seafood Restaurant | Rated 4.4/5 (3529 reviews) | Expensive / upscale tier",Google Places API (New)
Rosie's,"Adersstraße 21, 40215 Düsseldorf-Stadtbezirk 3, Germany",Düsseldorf,Germany,0211 8766666,http://www.rosies-düsseldorf.de/,rosies@mail.de,Moderate,4.6,,"Stylish bar/restaurant with global dishes served from breakfast till late, plus an outdoor terrace. | Restaurant | Rated 4.6/5 (3300 reviews)",Google Places API (New)
To1980 - Vietnamese Street Food,"Graf-Adolf-Straße 70a, 40210 Düsseldorf, Germany",Düsseldorf,Germany,0211 15801256,https://to1980.de/,info@to1980.de,Moderate,4.6,,Vietnamese street food dished up in a casual restaurant with eclectic decor & a terrace. | Vietnamese Restaurant | Rated 4.6/5 (2137 reviews),Google Places API (New)
Las Tapas - Düsseldorf,"Schneider-Wibbel-Gasse 2-4, 40213 Düsseldorf, Germany",Düsseldorf,Germany,0211 3239930,https://lastapas-duesseldorf.de/,reservierung@lastapas-duesseldorf.de,Moderate,4.6,,Spanish Restaurant | Rated 4.6/5 (1536 reviews),Google Places API (New)
Tokyo Ramen Takeichi,"Immermannstraße 18, 40210 Düsseldorf-Stadtbezirk 1, Germany",Düsseldorf,Germany,0211 15811829,https://takeichi-ramen.eu/de/locations/germany/immermannstrasse-18-dusseldorf,info@takeichi-ramen.eu,Moderate,4.5,,Ramen Restaurant | Rated 4.5/5 (3332 reviews),Google Places API (New)
Soupday,"Bismarckstraße 54A, 40210 Düsseldorf, Germany",Düsseldorf,Germany,,,,Moderate,4.8,,Restaurant | Rated 4.8/5 (1060 reviews),Google Places API (New)
Takezo,"Immermannstraße 48, 40210 Düsseldorf-Stadtbezirk 1, Germany",Düsseldorf,Germany,0211 39022053,https://takezo.de/,info@takezo.de,Moderate,4.7,,"Fried chicken, gyoza dumplings & ramen served with Japanese beer at a relaxed, glass-fronted venue. | Ramen Restaurant | Rated 4.7/5 (9485 reviews)",Google Places API (New)
HANS IM GLÜCK - DÜSSELDORF Kö-Bogen II,"Gustaf-Gründgens-Platz 9, 40211 Düsseldorf, Germany",Düsseldorf,Germany,0211 17606677,https://hansimglueck-burgergrill.de/burger-restaurant/duesseldorf-koe-bogen/?utm_source=google&utm_medium=yext&utm_campaign=90,koe-bogen@hansimglueck.de,Moderate,4.6,,Hamburger Restaurant | Rated 4.6/5 (4548 reviews),Google Places API (New)
BLOCK HOUSE Düsseldorf am Haupbahnhof,"Harkortstraße 8, 40210 Düsseldorf, Germany",Düsseldorf,Germany,0211 30137909,https://www.block-house.de/restaurants/duesseldorf/am-hauptbahnhof/,,Expensive,4.4,,Restaurant | Rated 4.4/5 (829 reviews) | Expensive / upscale tier,Google Places API (New)
Xiao Long Kan,"Friedrich-Ebert-Straße 31, 40210 Düsseldorf, Germany",Düsseldorf,Germany,0211 22088003,https://xiao-long-kan.de/,info@xiao-long-kan.de,Expensive,4.8,,Hot Pot Restaurant | Rated 4.8/5 (4368 reviews) | Expensive / upscale tier,Google Places API (New)
Zur Alten Töpferei -Gulasch Restaurant & Veranstaltungs- GmbH,"Niederrheinstraße 133, 40474 Düsseldorf-Stadtbezirk 5, Germany",Düsseldorf,Germany,0211 87592637,https://zur-alten-toepferei.de/,,Moderate,4.4,,Restaurant | Rated 4.4/5 (1023 reviews),Google Places API (New)
My Noodlehouse,"Bismarckstraße 54A, Eingang, Oststraße 109, 40210 Düsseldorf, Germany",Düsseldorf,Germany,0211 87638088,http://www.mynoodlehouse.de/,info@mynoodlehouse.de,Moderate,4.7,,"An array of ramen soups, plus dumplings & rice dishes, at a low-key spot with an open kitchen. | Ramen Restaurant | Rated 4.7/5 (2025 reviews)",Google Places API (New)
Brauhaus Joh. Albrecht [Düsseldorf],"Niederkasseler Str. 104, 40547 Düsseldorf, Germany",Düsseldorf,Germany,0211 570129,http://duesseldorf.brauhaus-joh-albrecht.de/,,Moderate,4.4,,Restaurant | Rated 4.4/5 (1698 reviews),Google Places API (New)
Mayur Düsseldorf,"Hohe Str. 2, 40213 Düsseldorf-Stadtbezirk 1, Germany",Düsseldorf,Germany,0211 204000,http://www.restaurant-mayur.de/,info@restaurant-mayur.de,Moderate,4.9,,"Low-key operation serving typical North Indian meat & seafood dishes, plus vegetarian options. | Indian Restaurant | Rated 4.9/5 (2625 reviews)",Google Places API (New)
Kushi-Tei of Tokyo,"Immermannstraße 38, 40210 Düsseldorf-Stadtbezirk 1, Germany",Düsseldorf,Germany,0176 46535256,https://www.brickny.com/deutsch/unsere-restaurants/kushitei-of-tokyo-de/,,Expensive,4.4,,"Relaxed restaurant serving Japanese cuisine, plus charcoal-grilled specialties & sushi. | Japanese Restaurant | Rated 4.4/5 (2970 reviews) | Expensive / upscale tier",Google Places API (New)
Zero Banchi,"Immermannstraße 34, 40210 Düsseldorf, Germany",Düsseldorf,Germany,0211 36776630,https://www.brickny.com/deutsch/unsere-restaurants/zero-banchi-de/,,Moderate,4.6,,Japanese Restaurant | Rated 4.6/5 (847 reviews),Google Places API (New)
La Turka by Seda,"Kasernenstraße 44, 40213 Düsseldorf, Germany",Düsseldorf,Germany,0211 9666636,https://laturka.de/,info@laturka.de,Expensive,4.8,,Restaurant | Rated 4.8/5 (745 reviews) | Expensive / upscale tier,Google Places API (New)
Weiße Flotte unter der Pegeluhr,"Altstadt, 40213 Düsseldorf, Germany",Düsseldorf,Germany,0211 308672,https://w-flotte.de/kasematten-allegra/,info@w-flotte.de,Moderate,3.4,,Restaurant | Rated 3.4/5 (1091 reviews),Google Places API (New)
Casita Mexicana,"Hunsrückenstraße 15, 40213 Düsseldorf-Stadtbezirk 1, Germany",Düsseldorf,Germany,0211 86392597,http://www.casitamexicana.de/,,Moderate,4.5,,Mexican Restaurant | Rated 4.5/5 (2506 reviews),Google Places API (New)
Laura's Deli,"Carlspl. 1, 40213 Düsseldorf-Stadtbezirk 1, Germany",Düsseldorf,Germany,0211 86933880,http://www.laurasdeli.com/,info@laurasdeli.de,Moderate,4,,"Brunch dishes, gluten-free sandwiches & salads, plus juices & smoothies, in a simple, bright space. | Brunch Restaurant | Rated 4/5 (552 reviews)",Google Places API (New)
Soulbrunch - Düsseldorf,"Nord Carree 11, 40477 Düsseldorf, Germany",Düsseldorf,Germany,0211 49396048,https://www.soul-brunch.de/,reservierungen@soul-brunch.de,Moderate,4.8,,Cafe | Rated 4.8/5 (2116 reviews),Google Places API (New)
Covent Garden coffeehouse-Düsseldorf,"Bilker Allee 126, 40217 Düsseldorf-Stadtbezirk 3, Germany",Düsseldorf,Germany,0211 15203315,http://www.covent-garden.eu/,info@covent-garden.eu,Moderate,4.5,,Coffee Shop | Rated 4.5/5 (1141 reviews),Google Places API (New)
Dritan Alsela Coffee.,"Schlüterstraße 3A, 40235 Düsseldorf-Stadtbezirk 2, Germany",Düsseldorf,Germany,0211 6988372,http://www.dritan-alsela.de/,shop@dritan-alsela.com,Moderate,4.7,,"International breakfasts, baguettes & coffee at a contemporary cafe popular for brunch. | Cafe | Rated 4.7/5 (2352 reviews)",Google Places API (New)
Tomo Cafè,"Klosterstraße 67, 40211 Düsseldorf-Stadtbezirk 1, Germany",Düsseldorf,Germany,01577 9002004,http://www.tomocafe.de/,my.tomocafe@gmail.com,Inexpensive,4.7,,Cafe | Rated 4.7/5 (1197 reviews),Google Places API (New)
Henri's Café - Düsseldorf,"Heinrich-Heine-Allee 37, 40213 Düsseldorf-Stadtbezirk 1, Germany",Düsseldorf,Germany,0211 56940733,https://henris-düsseldorf.de/,info@henris-cafe.com,Moderate,4.2,,Cafe | Rated 4.2/5 (922 reviews),Google Places API (New)
CØFFE am Carlsplatz,"Benrather Str. 6B, 40213 Düsseldorf-Stadtbezirk 1, Germany",Düsseldorf,Germany,0176 44462791,http://www.dascoffe.store/,info@dascoffe.store,Inexpensive,4.5,,Cafe | Rated 4.5/5 (913 reviews),Google Places API (New)
Konditorei Heinemann,"Bahnstraße 16, 40212 Düsseldorf-Stadtbezirk 1, Germany",Düsseldorf,Germany,0211 131350,https://www.konditorei-heinemann.de/,info@konditorei-heinemann.de,,4.5,,Pastry Shop | Rated 4.5/5 (2008 reviews),Google Places API (New)
Konditorei Heinemann,"Martin-Luther-Platz 32, 40212 Düsseldorf-Stadtbezirk 1, Germany",Düsseldorf,Germany,0211 132535,https://konditorei-heinemann.de/,info@konditorei-heinemann.de,,4.5,,Pastry Shop | Rated 4.5/5 (2659 reviews),Google Places API (New)
Café Hüftgold,"Ackerstraße 113, 40233 Düsseldorf-Stadtbezirk 2, Germany",Düsseldorf,Germany,,http://www.cafehueftgold.de/,info@cafehueftgold.de,Moderate,4.4,,"Cool, vintage-style cafe serving homemade cakes, including vegan options, plus toasted sandwiches. | Cafe | Rated 4.4/5 (1667 reviews)",Google Places API (New)
Lina's Coffee,"Fürstenpl. 1, 40215 Düsseldorf, Germany",Düsseldorf,Germany,0174 2575153,,,Moderate,4,,Cafe | Rated 4/5 (1341 reviews),Google Places API (New)
TENTEN COFFEE,"Oststraße 57, 40210 Düsseldorf-Stadtbezirk 1, Germany",Düsseldorf,Germany,0211 23920686,http://tenten-coffee.com/,info@tenten-coffee.com,Inexpensive,4.3,,Cafe | Rated 4.3/5 (1283 reviews),Google Places API (New)
Lemonade Café,"Bilker Allee 180, 40215 Düsseldorf, Germany",Düsseldorf,Germany,01523 1940072,https://lemonade-cafe.com/,,Moderate,4.8,,Food | Rated 4.8/5 (1135 reviews),Google Places API (New)
Copenhagen Coffee Lab - Berliner Allee,"Berliner Allee 29, 40212 Düsseldorf-Stadtbezirk 1, Germany",Düsseldorf,Germany,0211 79566365,https://copenhagencoffeelab.com/,mads@cphcoffeelab.com,Inexpensive,4.1,,Coffee Shop | Rated 4.1/5 (1138 reviews),Google Places API (New)
Coffee Fellows,"Königsallee 92, 40212 Düsseldorf-Stadtbezirk 1, Germany",Düsseldorf,Germany,,https://coffee-fellows.com/locations/duesseldorf-koenigsallee,,Inexpensive,4,,Cafe | Rated 4/5 (1535 reviews),Google Places API (New)
Buni Café 不腻,"Oststraße 107, 40210 Düsseldorf, Germany",Düsseldorf,Germany,,https://www.instagram.com/buni_duesseldorf?igsh=YmVzazZhaTdvZjhr&utm_source=qr,,,4.5,,Dessert Shop | Rated 4.5/5 (1314 reviews),Google Places API (New)
Namu Café,"Oststraße 124, 40210 Düsseldorf, Germany",Düsseldorf,Germany,0176 80600007,http://www.namucafe.de/,,Moderate,4.4,,"Cafe serving tea, Korean desserts & more in a casual, airy space with art on the walls. | Cafe | Rated 4.4/5 (1428 reviews)",Google Places API (New)
Bazzar Caffè,"Heinrich-Heine-Allee 53, 40213 Düsseldorf-Stadtbezirk 1, Germany",Düsseldorf,Germany,0211 322445,https://bazzar.de/,info@bazzar.de,Moderate,4.1,,Coffee Shop | Rated 4.1/5 (1130 reviews),Google Places API (New)
Kaffeeschmiede,"Belsenstraße 11, 40545 Düsseldorf-Stadtbezirk 4, Germany",Düsseldorf,Germany,0211 5509500,http://www.kaffeeschmiede.de/,kaffee@kaffeeschmiede.de,Inexpensive,4.7,,Coffee Shop | Rated 4.7/5 (761 reviews),Google Places API (New)
Barco Lounge Bar - Düsseldorf,"Charlottenstraße 51, 40210 Düsseldorf-Stadtbezirk 1, Germany",Düsseldorf,Germany,0211 17939064,http://www.barco-lounge.de/,info@barco-lounge.de,Moderate,4.4,,Restaurant | Rated 4.4/5 (1180 reviews),Google Places API (New)
Roasted Kaffeebar - Düsseldorf,"Moltkestraße 75, 40479 Düsseldorf-Stadtbezirk 1, Germany",Düsseldorf,Germany,01578 8206230,https://www.instagram.com/roasted_kaffeebar?igsh=MWFkeGhpMTkwYXZhbQ==,,Inexpensive,4.7,,Cafe | Rated 4.7/5 (571 reviews),Google Places API (New)
Damla Baklava Dusseldorf,"damla premium düsseldorf, Graf-Adolf-Straße 71, 40215 Düsseldorf, Germany",Düsseldorf,Germany,01512 4314110,http://damlapremium.de/,info@damlabaklava.net,Moderate,3.8,,Turkish Restaurant | Rated 3.8/5 (2049 reviews),Google Places API (New)
Kaffeerösterei Röstzeit,"Oststraße 115, 40210 Düsseldorf-Stadtbezirk 1, Germany",Düsseldorf,Germany,0211 87744590,http://www.roestzeit.de/,duesseldorf@roestzeit.de,,4.7,,Coffee roastery | Rated 4.7/5 (743 reviews),Google Places API (New)
WOYTON am Schadowplatz,"Schadowpl. 16, 40212 Düsseldorf, Germany",Düsseldorf,Germany,,http://woyton.de/,info@woyton.de,Inexpensive,4.5,,Cafe | Rated 4.5/5 (516 reviews),Google Places API (New)
ABACCO'S STEAKHOUSE Düsseldorf,"Hüttenstraße 4, 40215 Düsseldorf, Germany",Düsseldorf,Germany,0211 15854835,https://www.abaccos-steakhouse.de/duesseldorf,duesseldorf@abaccos-steakhouse.de,Expensive,4.4,,Steak House | Rated 4.4/5 (3088 reviews) | Expensive / upscale tier,Google Places API (New)
El Lazo Steakhaus,"Bolkerstraße 11, 40213 Düsseldorf-Stadtbezirk 1, Germany",Düsseldorf,Germany,0211 325423,http://www.el-lazo.de/,info@el-lazo.de,Moderate,4.5,,"Argentinian-style steaks served in a dark, rustic space accented with cowhide & wagon wheels. | Steak House | Rated 4.5/5 (2737 reviews)",Google Places API (New)
"ROCCA 800°C | Steakhaus, Restaurant & Bar im Düsseldorfer Medienhafen","Weißes Gehry Gebäude, Neuer Zollhof 3, 40221 Düsseldorf, Germany",Düsseldorf,Germany,0211 15799373,http://www.rocca800.de/,info@rocca800.de,,4.6,,Steak House | Rated 4.6/5 (1681 reviews),Google Places API (New)
Steakhouse Maremma,"Berger Str. 8, 40213 Düsseldorf-Stadtbezirk 1, Germany",Düsseldorf,Germany,0211 86293665,https://steakhouse-maremma.de/,gastrobargmbh@gmail.com,Expensive,4,,Steak House | Rated 4/5 (1307 reviews) | Expensive / upscale tier,Google Places API (New)
The Lox Restaurant,"Theo-Champion-Straße 2, 40549 Düsseldorf, Germany",Düsseldorf,Germany,0173 1082470,http://www.the-lox.de/,info@the-lox.de,,4.7,,Steak House | Rated 4.7/5 (729 reviews),Google Places API (New)
The Grill Upper Kö,"Königsallee 30, 40212 Düsseldorf-Stadtbezirk 1, Germany",Düsseldorf,Germany,0211 3275400,https://www.the-grill-duesseldorf.de/,info@the-grill-duesseldorf.de,Very Expensive,4.2,,"Contemporary locale with a full bar offering choice steaks, plus seafood & vegetarian fare. | Steak House | Rated 4.2/5 (995 reviews) | Very expensive / luxury tier",Google Places API (New)
Gut Jägerhof,"Hubbelrather Weg 18, 40699 Erkrath, Germany",Erkrath,Germany,0211 243357,http://www.gut-jaegerhof.de/,info@wewoma.de,Expensive,4.4,,Modest steakhouse with rural views & a sprawling terrace specializing in hearty grilled meat plates. | Steak House | Rated 4.4/5 (3495 reviews) | Expensive / upscale tier,Google Places API (New)
Peperoni Steakhouse,"Berger Str. 9, 40213 Düsseldorf-Stadtbezirk 1, Germany",Düsseldorf,Germany,0211 3014375,http://www.facebook.com/Peperoni-698585080185059/?fref=ts,,Moderate,4.3,,Steak House | Rated 4.3/5 (667 reviews),Google Places API (New)
Crab Crab Seafood Restaurant,"Rochusstraße 44, 40479 Düsseldorf, Germany",Düsseldorf,Germany,01522 7551870,http://www.crab-crab.com/,zuyao.liu.0910@gmail.com,Expensive,4.8,,Cajun Restaurant | Rated 4.8/5 (897 reviews) | Expensive / upscale tier,Google Places API (New)
wowcrab Düsseldorf,"Kronprinzenstraße 52, 40217 Düsseldorf, Germany",Düsseldorf,Germany,0211 13721682,https://www.wowcrab.de/,franchise@wowcrab.de,Expensive,4.7,,Seafood Restaurant | Rated 4.7/5 (392 reviews) | Expensive / upscale tier,Google Places API (New)
MEERBAR Restaurant,"Neuer Zollhof 1, 40221 Düsseldorf, Germany",Düsseldorf,Germany,0211 3398410,https://www.meerbar.de/,info@meerbar.de,,4.5,,Mediterranean Restaurant | Rated 4.5/5 (2896 reviews),Google Places API (New)
Emmafisch,"Emmastraße 25, 40227 Düsseldorf-Stadtbezirk 3, Germany",Düsseldorf,Germany,0211 56168858,http://www.emmafisch.com/,info@emmafisch.net,Moderate,4.1,,"Roomy, laid-back restaurant providing seafood-focused Spanish dishes including paella & tapas. | Seafood Restaurant | Rated 4.1/5 (1605 reviews)",Google Places API (New)
Gosch,"Untere, Rheinwerft 14, 40213 Düsseldorf, Germany",Düsseldorf,Germany,0211 8629749,http://www.gosch.de/,info@gosch.de,Moderate,3.7,,Seafood Restaurant | Rated 3.7/5 (2742 reviews),Google Places API (New)
Fish house W. Obst,"Carlspl. A1, 40213 Düsseldorf-Stadtbezirk 1, Germany",Düsseldorf,Germany,0211 324401,http://www.fischhaus-obst.de/,info@fischhaus-obst.de,,4.4,,Food Store | Rated 4.4/5 (167 reviews),Google Places API (New)
Gourmet Palast Düsseldorf,"Karl-Geusen-Straße 167, 40231 Düsseldorf-Stadtbezirk 8, Germany",Düsseldorf,Germany,0211 22016788,http://www.gourmetpalastduesseldorf.de/,info@gourmetpalastduesseldorf.de,Expensive,4.6,,Buffet Restaurant | Rated 4.6/5 (2799 reviews) | Expensive / upscale tier,Google Places API (New)
La Bouillabaisse,"Oberkasseler Str. 79, 40545 Düsseldorf-Stadtbezirk 4, Germany",Düsseldorf,Germany,0211 134140,https://la-bouillabaisse-oberkassel.eatbu.com/?lang=de,Info@labouillabaisse-dus.de,Expensive,4.5,,"Upmarket, French-influenced fish & seafood dishes offered in a compact space with outdoor tables. | Seafood Restaurant | Rated 4.5/5 (291 reviews) | Expensive / upscale tier",Google Places API (New)
Tsukiji Sushi Seafood & more,"Bahnstraße 63, 40210 Düsseldorf, Germany",Düsseldorf,Germany,01522 1312832,http://www.tsukijidusseldorf.de/,,Moderate,4.8,,Sushi Restaurant | Rated 4.8/5 (357 reviews),Google Places API (New)
Nordsee,"Konrad-Adenauer-Platz 14 Düsseldorf Hauptbahnhof, 40210 Düsseldorf, Germany",Düsseldorf,Germany,0211 17129895,https://www.nordsee.com/de/,nordsee@nordsee.com,Moderate,3.5,,Restaurant | Rated 3.5/5 (536 reviews),Google Places API (New)
Restaurant Genuss-Atelier,"Bautzner Str. 149, 01099 Neustadt, Germany",Dresden,Germany,0351 25028337,https://www.genuss-atelier.net/de/,info@genuss-atelier.net,Very Expensive,4.8,,"Tasting menus of adventurous German dishes, served in a stylish space with thick stone walls. | German Restaurant | Rated 4.8/5 (921 reviews) | Very expensive / luxury tier",Google Places API (New)
Le Petit Chef - Dresden,"Steigenberger Hotel de Saxe Dresden, Neumarkt 9, 01067 Dresden, Germany",Dresden,Germany,0351 4386142,https://lepetitchef.com/dresden/?utm_source=google&utm_medium=local&utm_campaign=gmb,mail@lepetitchef.com,Very Expensive,4.8,,Restaurant | Rated 4.8/5 (146 reviews) | Very expensive / luxury tier,Google Places API (New)
Restaurant finesse,"Schützengasse 13, 01067 Dresden-Altstadt, Germany",Dresden,Germany,0351 48454930,http://www.restaurant-finesse.de/,info@restaurant-finesse.de,Very Expensive,4.9,,"Creative takes on Mediterranean classics, served in a compact, minimalist setting. | Restaurant | Rated 4.9/5 (365 reviews) | Very expensive / luxury tier",Google Places API (New)
Brasserie Bateau,"Terrassenufer, an der, Augustusbrücke, 01067 Dresden, Germany",Dresden,Germany,0351 4953037,https://brasseriebateau.de/,info@brasseriebateau.de,Expensive,4.8,,Restaurant | Rated 4.8/5 (204 reviews) | Expensive / upscale tier,Google Places API (New)
Villandry Restaurant,"Jordanstraße 8, 01099 Neustadt, Germany",Dresden,Germany,0351 30972877,https://www.villandry-dresden.de/,office-villandry@villandry-dresden.de,Expensive,4.8,,Restaurant | Rated 4.8/5 (457 reviews) | Expensive / upscale tier,Google Places API (New)
Caroussel Nouvelle Brasserie,"Bülow Palais - Caroussel, Nouvelle, Königstraße 14, 01097 Neustadt, Germany",Dresden,Germany,0351 8003140,https://buelow-palais.de/brasserie-carrousel-nouvelle/,info.palais@buelow-hotels.de,Very Expensive,4.6,,Bistro fare & a French-inspired menu with global accents in a chic restaurant with a winter garden. | Restaurant | Rated 4.6/5 (294 reviews) | Very expensive / luxury tier,Google Places API (New)
Stresa - Restaurant / Bistro / Catering,"Augsburger Str. 85, 01277 Dresden-Blasewitz, Germany",Dresden,Germany,0351 65615730,http://www.restaurant-stresa.de/,info@restaurant-stresa.de,Expensive,4.7,,Creative takes on Saxony region classics in a room styled with arty photographs & vintage fittings. | Restaurant | Rated 4.7/5 (987 reviews) | Expensive / upscale tier,Google Places API (New)
Schmidt's Restaurant & Catering,"Moritzburger Weg 67, 01109 Dresden-Klotzsche, Germany",Dresden,Germany,0351 8044883,http://www.schmidts-dresden.de/,info@schmidts-dresden.de,Expensive,4.8,,"Creative regional & seasonal dishes, plus a tasting menu, at a modern venue with terrace tables. | German Restaurant | Rated 4.8/5 (623 reviews) | Expensive / upscale tier",Google Places API (New)
Kastenmeiers,"Taschenberg 3, 01067 Dresden, Germany",Dresden,Germany,0351 48484801,http://www.kastenmeiers.de/,info@kastenmeiers.de,Very Expensive,4.5,,"Oysters, sushi & regional fish dishes, plus cocktails, in an elevated space with courtyard seating. | Seafood Restaurant | Rated 4.5/5 (635 reviews) | Very expensive / luxury tier",Google Places API (New)
Restaurant Heiderand,"Ullersdorfer Pl. 4, 01324 Dresden-Bühlau, Germany",Dresden,Germany,0351 2683166,http://www.heiderand.restaurant/,kontakt@heiderand.restaurant,Very Expensive,4.8,,Fine Dining Restaurant | Rated 4.8/5 (385 reviews) | Very expensive / luxury tier,Google Places API (New)
Restaurant Carolaschlösschen Dresden,"Querallee 7, 01219 Dresden-Altstadt, Germany",Dresden,Germany,0351 2506000,http://www.carolaschloesschen.de/,datenschutz@carolaschloesschen.de,Expensive,4.5,,"Schnitzel, grilled fish & veggie dishes in an art deco dining room or on a terrace with lake views. | Restaurant | Rated 4.5/5 (7172 reviews) | Expensive / upscale tier",Google Places API (New)
The new Bollicine,"Hertha-Lindner-Straße 2, 01067 Dresden, Germany",Dresden,Germany,0351 40415633,http://www.thenewbollicine-dresden.de/,info@thenewbollicine-dresden.de,Expensive,4.8,,Restaurant | Rated 4.8/5 (400 reviews) | Expensive / upscale tier,Google Places API (New)
Restaurant Daniel,"Gluckstraße 3, 01309 Dresden, Germany",Dresden,Germany,0351 81197575,http://www.restaurant-daniel.de/,info@restaurant-daniel.de,Expensive,4.8,,An inventive fusion of German & Mediterranean recipes at a polished venue with a garden terrace. | Restaurant | Rated 4.8/5 (481 reviews) | Expensive / upscale tier,Google Places API (New)
Mario Pattis Restaurant Feine Kost & Pattis Kantine,"Wallgäßchen 4, 01097 Dresden, Germany",Dresden,Germany,0351 65866036,https://www.mariopattis.de/,feinekost@mariopattis.de,Very Expensive,4.8,,Restaurant | Rated 4.8/5 (124 reviews) | Very expensive / luxury tier,Google Places API (New)
ElbUferei,"Leipziger Str. 29, 01097 Dresden, Germany",Dresden,Germany,0351 4481110,https://www.elbuferei.de/,,Expensive,4.3,,Restaurant | Rated 4.3/5 (252 reviews) | Expensive / upscale tier,Google Places API (New)
Atelier Sanssouci,"Augustusweg 48, 01445 Radebeul, Germany",Radebeul,Germany,0351 7956660,https://www.hotel-villa-sorgenfrei.de/restaurant/,info@hotel-villa-sorgenfrei.de,Very Expensive,4.6,,Fine Dining Restaurant | Rated 4.6/5 (113 reviews) | Very expensive / luxury tier,Google Places API (New)
Petit Frank,"Bürgerstraße 14, 01127 Dresden-Pieschen, Germany",Dresden,Germany,0351 8211900,http://www.petit-frank.de/,info@petit-frank.de,Very Expensive,4.6,,French Restaurant | Rated 4.6/5 (419 reviews) | Very expensive / luxury tier,Google Places API (New)
[m]eatery bar + restaurant,"Ringstraße 1, 01067 Dresden-Altstadt, Germany",Dresden,Germany,0351 494980,http://www.meatery.de/,meatery@side-hamburg.de,Very Expensive,4.5,,Steak House | Rated 4.5/5 (325 reviews) | Very expensive / luxury tier,Google Places API (New)
Kaminrestaurant,"August-Böckstiegel-Straße 10, 01326 Dresden-Pillnitz, Germany",Dresden,Germany,0351 26140,https://mymenuweb.com/es/restaurants/446365/?utm_source=google_profile&utm_medium=google_profile&utm_campaign=admin,,Expensive,4.8,,Restaurant | Rated 4.8/5 (29 reviews) | Expensive / upscale tier,Google Places API (New)
Alte Meister Café & Restaurant,"Theaterplatz 1A, 01067 Dresden, Germany",Dresden,Germany,0351 4810426,https://altemeister.net/,info@altemeister.net,Expensive,4.3,,"Northern German dishes, cakes & wines on a patio in a square home to grand museums & an opera house. | Restaurant | Rated 4.3/5 (788 reviews) | Expensive / upscale tier",Google Places API (New)
Ontario - Canadian Steakhouse,"An d. Frauenkirche 2, 01067 Dresden-Altstadt, Germany",Dresden,Germany,0351 40288660,https://www.ontario-dresden.de/,info@rank-buettig.de,Expensive,4.3,,"Wagyu beef, bison & elk steaks, plus cocktails, in a 2-story venue with a lounge & a fireplace. | Restaurant | Rated 4.3/5 (2997 reviews) | Expensive / upscale tier",Google Places API (New)
johann restaurant & elblounge,"Käthe-Kollwitz-Ufer 19b, 01307 Dresden-Altstadt, Germany",Dresden,Germany,0351 45699950,http://www.johann-elblounge.de/,info@johann-elblounge.de,Expensive,4.4,,"Warm restaurant offering seasonal dishes & regional specialties, plus a terrace with river views. | Restaurant | Rated 4.4/5 (481 reviews) | Expensive / upscale tier",Google Places API (New)
SHIKI Asian Cuisine | Sushi | Cocktailbar,"Postpl. 2, 01067 Dresden-Altstadt, Germany",Dresden,Germany,0351 49761777,https://shiki-dresden.de/,info@shiki-dresden.de,Expensive,4.6,,"Contemporary venue offering refined Asian cuisine & a sushi station, plus cocktails. | Sushi Restaurant | Rated 4.6/5 (1128 reviews) | Expensive / upscale tier",Google Places API (New)
Estancia Steakhouse Striesen,"Fetscherstraße 30, 01309 Dresden-Altstadt, Germany",Dresden,Germany,0351 4416392,http://www.estancia-dresden.de/,striesen@estancia-dresden.de,Expensive,4.5,,Steak House | Rated 4.5/5 (1310 reviews) | Expensive / upscale tier,Google Places API (New)
Pulverturm,"An d. Frauenkirche 12, 01067 Dresden-Altstadt, Germany",Dresden,Germany,0351 262600,https://pulverturm-dresden.de/,info@pulverturm-dresden.de,Moderate,4.6,,International dishes served in an old-timey restaurant that's set in a centuries-old building. | Western Restaurant | Rated 4.6/5 (5015 reviews),Google Places API (New)
Kutscherschänke,"Münzgasse 10, 01067 Dresden-Altstadt, Germany",Dresden,Germany,0351 4965123,https://www.kutscherschaenke-dresden.de/,info@rank-buettig.de,Moderate,4.5,,"Relaxed eatery in a rustic setting providing down-home cooking, burgers & omelets. | German Restaurant | Rated 4.5/5 (8963 reviews)",Google Places API (New)
Wilma Wunder Dresden,"Altmarkt 21-23, 01067 Dresden, Germany",Dresden,Germany,0351 21630335,https://www.wilma-wunder.de/restaurants/dresden/,dresden@wilma-wunder.de,Moderate,4.4,,Restaurant | Rated 4.4/5 (6189 reviews),Google Places API (New)
DRESDEN 1900 Museumsgastronomie,"An d. Frauenkirche 20, 01067 Dresden-Altstadt, Germany",Dresden,Germany,0351 48205858,http://www.dresden1900.de/,buchung@dresden1900.de,Moderate,4.6,,"Schnitzel, pork knuckle & other Saxon fare in a large venue or on a terrace with Frauenkirche views. | Restaurant | Rated 4.6/5 (3513 reviews)",Google Places API (New)
edelweiss - Das urige Wirtshaus,"An d. Frauenkirche 7, 01067 Dresden-Altstadt, Germany",Dresden,Germany,0351 4989836,https://www.edelweiss-alpenrestaurant.de/,edelweiss@rank-buettig.de,Moderate,4.2,,"Alpine fare, from fondue to Flammkuchen with crème fraiche, in a room decorated like a Swiss chalet. | Swiss Restaurant | Rated 4.2/5 (3523 reviews)",Google Places API (New)
Restaurant brennNessel Dresden,"Schützengasse 18, 01067 Dresden, Germany",Dresden,Germany,0351 21789068,http://www.brennnessel-dresden.de/,service@brennnessel-dresden.de,Moderate,4.6,,"Vegetarian casseroles & pasta dishes served in a quaint courtyard, with vegan & gluten-free options. | Restaurant | Rated 4.6/5 (1897 reviews)",Google Places API (New)
60 seconds to napoli Dresden,"Altmarkt 10A/d, 01067 Dresden, Germany",Dresden,Germany,,https://60secondstonapoli.de/standort/dresden/,dpo-google@google.com,Moderate,4.5,,Italian Restaurant | Rated 4.5/5 (9255 reviews),Google Places API (New)
Twenty Two Dresden,"Wilsdruffer Str. 22, 01067 Dresden, Germany",Dresden,Germany,0351 42692866,https://www.twentytwo-dresden.de/,hello@twentytwo-dresden.de,Moderate,4.6,,Restaurant | Rated 4.6/5 (1575 reviews),Google Places API (New)
Coselpalais - Restaurant & Grand Café,"An d. Frauenkirche 12, 01067 Dresden-Altstadt, Germany",Dresden,Germany,0351 4962444,https://www.coselpalais-dresden.de/,info@rank-buettig.de,Moderate,4.6,,Classy venue in the baroque Coselpalais serving traditional local fare including fish & meat dishes. | Restaurant | Rated 4.6/5 (4030 reviews),Google Places API (New)
Schwerelos - Das Achterbahnrestaurant,"Wr. Pl. 10, 01069 Dresden, Germany",Dresden,Germany,0351 82127900,https://rollercoaster-dresden.de/,beispiel@gmail.com,Moderate,4.5,,Futuristic concept with pub grub ordered via tablet & arriving at the table by mini roller coaster. | German Restaurant | Rated 4.5/5 (17617 reviews),Google Places API (New)
Augustiner an der Frauenkirche Restaurant,"An d. Frauenkirche 13, 01067 Dresden, Germany",Dresden,Germany,0351 49776650,http://www.augustiner-dresden.com/,post@augustiner-dresden.com,Moderate,4.3,,"Lively brewery restaurant featuring old-school Bavarian food & flair on 3 floors, plus a terrace. | Bavarian restaurant | Rated 4.3/5 (6601 reviews)",Google Places API (New)
Sophienkeller im Taschenbergpalais,"Taschenberg 3, 01067 Dresden-Altstadt, Germany",Dresden,Germany,0351 497260,https://sophienkeller-dresden.de/,info@sophienkeller-dresden.de,Moderate,4.6,,"Quirky, baroque-themed venue with a robust drink list & traditional eats, plus live entertainment. | Restaurant | Rated 4.6/5 (5571 reviews)",Google Places API (New)
"Ristorante ""Mamma Mia""","Kreuzstraße 1-3, 01067 Dresden, Germany",Dresden,Germany,0351 4976600,https://www.mammamia-dresden.de/,mail@mammamia-dresden.de,Moderate,4.7,,Traditional Italian restaurant specializing in homemade pasta amid relaxed surrounds. | Italian Restaurant | Rated 4.7/5 (9273 reviews),Google Places API (New)
SFIZIO,"Wilsdruffer Str. 20, 01067 Dresden-Altstadt, Germany",Dresden,Germany,0351 65352881,http://www.italienisches-restaurant-dresden.de/,altmarkt@sfizio-dd.de,Moderate,4.8,,"Big choice of pizzas & pasta, plus grills, at a low-key trattoria with a sidewalk terrace. | Italian Restaurant | Rated 4.8/5 (5599 reviews)",Google Places API (New)
Zum Schießhaus,"Am Schießhaus 19, 01067 Dresden-Altstadt, Germany",Dresden,Germany,0351 4845990,http://www.zum-schiesshaus.de/,schiesshausdresden@gmail.com,Moderate,4.5,,"Lively, rustic tavern & beer garden serving robust meat plates & typical Saxon cuisine. | European Restaurant | Rated 4.5/5 (3360 reviews)",Google Places API (New)
HANS IM GLÜCK - DRESDEN Altmarkt,"Altmarkt 24, 01067 Dresden, Germany",Dresden,Germany,0351 31779486,https://hansimglueck-burgergrill.de/burger-restaurant/dresden-altmarkt/?utm_source=google&utm_medium=yext&utm_campaign=44,altmarkt@hansimglueck.de,Moderate,4.5,,Hamburger Restaurant | Rated 4.5/5 (11032 reviews),Google Places API (New)
Gänsedieb,"Weiße Gasse 1, 01067 Dresden-Altstadt, Germany",Dresden,Germany,0351 4850905,http://www.gaensedieb.de/,info@gaensedieb.de,Moderate,4.5,,"Relaxed tavern for Saxon fare like goose dishes & roast meats, plus a terrace & live music monthly. | Restaurant | Rated 4.5/5 (2559 reviews)",Google Places API (New)
Ayers Rock,"Münzgasse 8, 01067 Dresden-Altstadt, Germany",Dresden,Germany,0351 4901188,https://www.ayersrock-dresden.de/,,Moderate,4.5,,"Crocodile & kangaroo, plus burgers & Thai dishes, in an elegant space with Aboriginal motifs. | Australian Restaurant | Rated 4.5/5 (3017 reviews)",Google Places API (New)
Las Tapas,"Münzgasse 4, 01067 Dresden-Altstadt, Germany",Dresden,Germany,0351 4960108,http://www.las-tapas.de/,info@las-tapas.de,Moderate,4.5,,"Classic Spanish tapas & Basque-style bar snacks at a cozy, tavern-like place with outdoor seating. | Spanish Restaurant | Rated 4.5/5 (4030 reviews)",Google Places API (New)
L'Osteria,"Wilsdruffer Str. 14-16, 01067 Dresden, Germany",Dresden,Germany,0351 48287810,https://losteria.net/de/restaurants/restaurant/dresden-wilsdruffer-strasse/,dresden@losteria.de,Moderate,4.5,,Italian Restaurant | Rated 4.5/5 (11819 reviews),Google Places API (New)
ALEX Dresden am Schloss,"Schloßstraße 7-9, 01067 Dresden, Germany",Dresden,Germany,0351 40763260,https://www.dein-alex.de/dresden-am-schloss,hallo@dein-alex.de,Moderate,4.2,,Restaurant | Rated 4.2/5 (7836 reviews),Google Places API (New)
Max-Altstadt,"Wilsdruffer Str. 24, 01067 Dresden-Altstadt, Germany",Dresden,Germany,0351 48433870,https://www.max-dresden.de/,info@max-dresden.de,Moderate,4.4,,"Relaxed, modern spot serving breakfast dishes, burgers & currywurst, plus cocktails. | Restaurant | Rated 4.4/5 (2180 reviews)",Google Places API (New)
Restaurant Platzhirsch am Schlosseck,"Schloßstraße 10, 01067 Dresden, Germany",Dresden,Germany,0351 21293939,http://www.platzhirsch-dresden.de/,info@platzhirsch-dresden.de,Moderate,4.6,,Restaurant | Rated 4.6/5 (1443 reviews),Google Places API (New)
lila Soße,"Alaunstraße 70, 01099 Neustadt, Germany",Dresden,Germany,0351 8036723,http://www.lilasosse.de/,reservierung@lilasosse.de,Moderate,4.7,,"Modern takes on German classics, presented artfully, in a cozy room or mural-filled courtyard. | Restaurant | Rated 4.7/5 (1607 reviews)",Google Places API (New)
Restaurant and Café Milan Dresden,"St. Petersburger Straße 22, 01069 Dresden, Germany",Dresden,Germany,0351 21728746,http://cafe-milan.de/,,Moderate,4.9,,Restaurant | Rated 4.9/5 (507 reviews),Google Places API (New)
bodega MADRID,"Neumarkt 12, 01067 Dresden-Altstadt, Germany",Dresden,Germany,0351 49773800,http://www.bodegamadrid.de/,mail@bodegamadrid.de,Moderate,4.7,,Spanish Restaurant | Rated 4.7/5 (1700 reviews),Google Places API (New)
Hirschsalon - Brunch Restaurant Catering,"Parkhotel, Bautzner Landstraße 7, 01324 Dresden, Germany",Dresden,Germany,0351 21245252,https://www.hirschsalon.de/,office@hirschsalon.de,Moderate,4.7,,Restaurant | Rated 4.7/5 (473 reviews),Google Places API (New)
Tapas Barcelona,"Weiße Gasse 6, 01067 Dresden-Altstadt, Germany",Dresden,Germany,0351 4852583,http://www.tapasbarcelona.de/,mail@tapasbarcelona.de,Moderate,4.6,,"Catalan-style small plates & sangria in cozy, wood-paneled interiors or on a terrace. | Spanish Restaurant | Rated 4.6/5 (2626 reviews)",Google Places API (New)
Freiberger Schankhaus,"Neumarkt 8, 01067 Dresden-Altstadt, Germany",Dresden,Germany,0351 5004347,http://www.freiberger-schankhaus.de/,reservierung@freiberger-schankhaus.de,Moderate,4.4,,"Robust Saxon meals like pork knuckle, plus house-brewed beer, in a wood-paneled 1700s pharmacy. | Brewpub | Rated 4.4/5 (2875 reviews)",Google Places API (New)
Rauschenbach deli,"Weiße Gasse 2, 01067 Dresden, Germany",Dresden,Germany,0351 8212760,http://www.rauschenbach-deli.de/,info@rauschenbach-deli.de,,4.8,,Restaurant | Rated 4.8/5 (603 reviews),Google Places API (New)
Enchilada Dresden,"Wilsdruffer Str. 22, 01067 Dresden, Germany",Dresden,Germany,0351 27286316,https://www.enchilada.de/restaurants/dresden/,dresden@enchilada.de,Moderate,4.1,,Mexican Restaurant | Rated 4.1/5 (3145 reviews),Google Places API (New)
Paulaner´s im Taschenbergpalais,"Taschenberg 3, 01067 Dresden-Altstadt, Germany",Dresden,Germany,0351 4960174,http://www.paulaners-dresden.de/,info@paulaners-dresden.de,Moderate,4.4,,Restaurant | Rated 4.4/5 (1419 reviews),Google Places API (New)
Bierhaus Dampfschiff,"An d. Frauenkirche 5, 01067 Dresden, Germany",Dresden,Germany,0351 8642826,https://hotel-frauenkirche.de/restuarants/bierhaus-dampfschiff/,info@hotel-frauenkirche.de,Moderate,4.3,,German Restaurant | Rated 4.3/5 (1109 reviews),Google Places API (New)
Radeberger Spezialausschank,"Terrassenufer 1, 01067 Dresden-Altstadt, Germany",Dresden,Germany,0351 4848660,http://www.radeberger-spezialausschank.de/,info@radeberger-spezialausschank.de,Moderate,4.4,,Housemade beer & meat dishes served in a historic bridge master’s toll house with a rooftop terrace. | German Restaurant | Rated 4.4/5 (1730 reviews),Google Places API (New)
Kunst Café Antik,"An d. Frauenkirche 5, 01067 Dresden-Altstadt, Germany",Dresden,Germany,0351 4965217,http://www.cafe-dresden.de/,,Moderate,4.7,,Traditional Saxony-region dining in an ornate cafe/store with vintage furniture & antiques. | Cafe | Rated 4.7/5 (1785 reviews),Google Places API (New)
Rodizio Steakhouse am Postplatz,"Wilsdruffer Str. 22, 01067 Dresden, Germany",Dresden,Germany,0351 4976884,https://www.elrodizio.de/,mail@elrodizio.de,Expensive,4.4,,Steak House | Rated 4.4/5 (2736 reviews) | Expensive / upscale tier,Google Places API (New)
Altes Wettbüro,"Antonstraße 8, 01097 Neustadt, Germany",Dresden,Germany,0351 6588983,https://www.altes-wettbuero.de/,kontakt@altes-wettbuero.de,Moderate,4.6,,"Mediterranean & Far Eastern dishes & cocktails in a hip, buzzy space with a colorful garden terrace. | Restaurant | Rated 4.6/5 (1697 reviews)",Google Places API (New)
Lloyd’s Café & Bar,"Martin-Luther-Straße 17, 01099 Neustadt, Germany",Dresden,Germany,0351 5018774,https://www.lloyds-cafe-bar.de/,info@lloyds-cafe-bar.de,Moderate,4.7,,"Light meals & afternoon tea at an upscale, wood-paneled venue popular for breakfast. | Cafe | Rated 4.7/5 (1739 reviews)",Google Places API (New)
L'Osteria Prager Carrée,"Prager Str. 1c, 01069 Dresden, Germany",Dresden,Germany,0351 48451040,https://losteria.net/de/restaurants/restaurant/dresden-prager-strasse/,pragercarree@losteria.de,Moderate,4.4,,Italian Restaurant | Rated 4.4/5 (6826 reviews),Google Places API (New)
Ocakbasi Altstadt,"Gewandhausstraße 2, 01067 Dresden-Altstadt, Germany",Dresden,Germany,0174 2755009,https://www.ocakbasi-altstadt.de/,,Moderate,4.5,,"Airy, understated restaurant dishing up Turkish staples including seafood, grilled meats & pide. | Turkish Restaurant | Rated 4.5/5 (1681 reviews)",Google Places API (New)
1328 – Restaurant & Bar,"Rampische Str. 2, 01067 Dresden, Germany",Dresden,Germany,0351 49776650,https://1328-restaurant.com/,post@1328-restaurant.com,Expensive,4.6,,Restaurant | Rated 4.6/5 (174 reviews) | Expensive / upscale tier,Google Places API (New)
IKI Restaurant Dresden - Asiatische Restaurant und Sushi Bar,"Gewandhausstraße 3, 01067 Dresden, Germany",Dresden,Germany,0351 33200460,http://iki-restaurant.de/,kontakt@iki-restaurant.de,Moderate,4.7,,Asian Restaurant | Rated 4.7/5 (1214 reviews),Google Places API (New)
Restaurant Wohnstube,"Schloßstraße 16, 01067 Dresden-Altstadt, Germany",Dresden,Germany,0351 501200,https://www.h-hotels.com/de/hyperion/hotels/hyperion-hotel-dresden/hotel/gastronomie?utm=restaurant-location&utm_source=google-business-profil,hyperion.dresden@h-hotels.com,Expensive,4.4,,Restaurant | Rated 4.4/5 (89 reviews) | Expensive / upscale tier,Google Places API (New)
Wenzel Dresden-Postplatz,"Postpl. 2, 01067 Dresden-Altstadt, Germany",Dresden,Germany,0351 49771660,https://www.wenzel-restaurant.de/standorte/wenzel-dresden-postplatz/,dresden-postplatz@wenzel-restaurant.de,Moderate,4.4,,Czech Restaurant | Rated 4.4/5 (1784 reviews),Google Places API (New)
Dresdner Kaffeestübchen,"Salzgasse 8, 01067 Dresden-Altstadt, Germany",Dresden,Germany,01515 4846625,http://www.dresdner-kaffeestuebchen.de/,info@dresdner-kaffeestuebchen.de,Inexpensive,4.7,,"Breakfast & brunch spot with a terrace, renowned for liqueur coffee & local eierschecke cake. | Cafe | Rated 4.7/5 (1172 reviews)",Google Places API (New)
aha - LadenCafe - Dresden,"Kreuzstraße 7, 01067 Dresden-Altstadt, Germany",Dresden,Germany,0351 4960673,http://www.ladencafe.de/,aha@ladencafe.de,Moderate,4.5,,Vegetarian & vegan eats with a focus on sustainability at a split-level cafe with outdoor tables. | Restaurant | Rated 4.5/5 (1248 reviews),Google Places API (New)
Restaurant Moritz,"Rampische Str., 01067 Dresden, Germany",Dresden,Germany,0351 417270,http://www.moritz-dresden.de/,info@moritz-dresden.de,,4.6,,"Glass-ceilinged 5th-floor space with a leafy roof terrace, for upscale global dining with set menus. | Restaurant | Rated 4.6/5 (191 reviews)",Google Places API (New)
The Greek Loft Restaurant,"Ringstraße 3, 01067 Dresden-Altstadt, Germany",Dresden,Germany,0351 26054997,https://theloftdresden.eatbu.com/,theloftdresden@gmail.com,Moderate,4.7,,Greek Restaurant | Rated 4.7/5 (1061 reviews),Google Places API (New)
Ristorante Classico Italiano Gaststätte,"An d. Frauenkirche 20, 01067 Dresden, Germany",Dresden,Germany,0351 4977038,https://www.classico-italiano.de/,arturo.dd@t-online.de,Moderate,4.4,,"Pizza, pasta & grilled dishes in a casual eatery with sidewalk tables facing the Frauenkirche. | Italian Restaurant | Rated 4.4/5 (1795 reviews)",Google Places API (New)
VAPIANO Dresden Schössergasse,"Schössergasse 14, 01067 Dresden, Germany",Dresden,Germany,0351 85243043,https://www.vapiano.de/dresden-am-neumarkt?utm_campaign=google_profil&utm_source=google&utm_medium=organic&utm_term=dresdenneumarkt,dresden2@vapiano.de,Moderate,4.3,,"Laid-back restaurant featuring made-to-order fresh pasta dishes, along with pizza & salad. | Restaurant | Rated 4.3/5 (2682 reviews)",Google Places API (New)
Meraki Greek Restaurant,"Weiße Gasse 1, 01067 Dresden, Germany",Dresden,Germany,0351 81121110,https://meraki-greek-restaurant-dresden.eatbu.com/?lang=de,Greek@merakidresden.de,Moderate,4.6,,Greek Restaurant | Rated 4.6/5 (128 reviews),Google Places API (New)
Acheron,"Königstraße 5A, 01097 Neustadt, Germany",Dresden,Germany,0351 30902071,https://www.restaurant-acheron.de/,restaurant.acheron@gmail.com,Moderate,4.6,,"Classic dishes & grilled meats served in a cozy dining room, a vaulted cellar & a courtyard. | Greek Restaurant | Rated 4.6/5 (2452 reviews)",Google Places API (New)
Bistro & Bar Ecke Frauenkirche,"An d. Frauenkirche 5, 01067 Dresden-Altstadt, Germany",Dresden,Germany,0351 864244832,https://hotel-frauenkirche.de/restuarants/bar-bistro/,info@hotel-frauenkirche.de,Moderate,4.1,,Bistro | Rated 4.1/5 (702 reviews),Google Places API (New)
T1 Bistro & Café - Die Pförtnerloge,"Kraftwerk Mitte 4, 01067 Dresden-Altstadt, Germany",Dresden,Germany,0351 48456751,http://www.kraftwerk-mitte-dresden.de/einziehen/wir-sind-hier/t1-bistro-cafe.php,kontakt@kraftwerk-mitte-dresden.de,Inexpensive,4.2,,Cafe | Rated 4.2/5 (832 reviews),Google Places API (New)
Bistro am Herzogin Garten,"Am Zwingerteich 4, 01067 Dresden-Altstadt, Germany",Dresden,Germany,0351 26554448,https://www.instagram.com/bistro_am_herzogin_garten?igsh=ZHB2d3k5a2Z4ZXM=,,Moderate,4.6,,Sushi Restaurant | Rated 4.6/5 (807 reviews),Google Places API (New)
Nobody Dresden | Terence Hill Bistro,"Wilsdruffer Str. 10, 01067 Dresden, Germany",Dresden,Germany,0351 82409360,http://www.nobody-dresden.de/,info@nobody-dresden.de,Moderate,4.5,,Restaurant | Rated 4.5/5 (1198 reviews),Google Places API (New)
OPERA,"Altstädtische Hauptwache, Sophienstraße 3, 01067 Dresden, Germany",Dresden,Germany,0351 42417878,http://www.opera-dining.bar/,reservierung@opera-dining.bar,Expensive,4.6,,Restaurant | Rated 4.6/5 (413 reviews) | Expensive / upscale tier,Google Places API (New)
elements DELI RESTAURANT LOUNGE,"Königsbrücker Str. 96, 01099 Dresden, Germany",Dresden,Germany,0351 2721696,http://www.restaurant-elements.de/,lebensart@restaurant-elements.de,,4.7,,"Carefully plated, refined dishes in a stylish space with exposed beams & a terrace. | Fine Dining Restaurant | Rated 4.7/5 (642 reviews)",Google Places API (New)
ALEX Dresden an der Frauenkirche,"An d. Frauenkirche 13, 01067 Dresden, Germany",Dresden,Germany,0351 82874040,https://www.dein-alex.de/dresden-an-der-frauenkirche,hallo@dein-alex.de,Moderate,4.1,,Restaurant | Rated 4.1/5 (707 reviews),Google Places API (New)
Speisewerk im Kraftwerk Mitte,"Kraftwerk Mitte 7, 01067 Dresden-Altstadt, Germany",Dresden,Germany,01525 6331186,http://speisewerk.com/,info@speisewerk.com,Moderate,4.4,,Restaurant | Rated 4.4/5 (187 reviews),Google Places API (New)
Trattoria La Piazzetta,"Neustädter Markt 8, 01097 Neustadt, Germany",Dresden,Germany,0351 5634126,https://www.piazzetta-dresden.de/,info@piazzetta-dresden.de,Moderate,4.4,,"Italian trattoria with a terrace overlooking the square, serving typical pasta, pizza, meat & fish. | Italian Restaurant | Rated 4.4/5 (928 reviews)",Google Places API (New)
L'Osteria Dresden Hauptstraße,"Hauptstraße 16 - 18, 01097 Dresden, Germany",Dresden,Germany,0351 27296990,https://losteria.net/de/restaurants/restaurant/dresden-hauptstrasse/,dresden.hauptstrasse@losteria.de,Moderate,4.8,,Italian Restaurant | Rated 4.8/5 (2587 reviews),Google Places API (New)
Enotria da Miri,"Kleine Brüdergasse 1, 01067 Dresden-Altstadt, Germany",Dresden,Germany,0351 49767646,https://www.enotria-dresden.de/,,Moderate,4.6,,"Italian pasta dishes, some served from a wheel of Parmesan cheese, in a mod setting with a terrace. | Italian Restaurant | Rated 4.6/5 (1671 reviews)",Google Places API (New)
VAPIANO Dresden Petersburger Straße,"St. Petersburger Straße 26, 01069 Dresden-Altstadt, Germany",Dresden,Germany,0351 4824864,https://www.vapiano.de/dresden-prager-strasse?utm_campaign=google_profil&utm_source=google&utm_medium=organic&utm_term=dresdenpragerstr,dresden2@vapiano.de,Moderate,4.5,,"Laid-back restaurant featuring made-to-order fresh pasta dishes, along with pizza & salad. | Restaurant | Rated 4.5/5 (2358 reviews)",Google Places API (New)
Japanese Restaurant Tsubaki - 和処 つばき,"Hilton Dresden, An d. Frauenkirche 5/im 1.OG, 01067 Dresden, Germany",Dresden,Germany,0162 3442801,https://wallaucorporation.wixsite.com/tsubaki-dresden,,Moderate,4.7,,Restaurant | Rated 4.7/5 (102 reviews),Google Places API (New)
die Pastamanufaktur,"An d. Dreikönigskirche 3, 01097 Neustadt, Germany",Dresden,Germany,0351 3237799,http://www.diepastamanufaktur.de/,info@diepastamanufaktur.de,Moderate,4.3,,Italian Restaurant | Rated 4.3/5 (886 reviews),Google Places API (New)
Umami Bliss Dresden,"Altmarkt 5-6, 01067 Dresden, Germany",Dresden,Germany,015565 770791,http://www.umamibliss-restaurants.de/,hello@umamibliss-restaurants.de,Moderate,4.7,,Asian Fusion Restaurant | Rated 4.7/5 (1959 reviews),Google Places API (New)
Violino,"Webergasse 1 altmarkt gallerie, 01067 Dresden, Germany",Dresden,Germany,0351 4842450,,,Moderate,4.7,,"Straightforward mall restaurant offering Italian specialties, such as pizza & pasta. | Italian Restaurant | Rated 4.7/5 (598 reviews)",Google Places API (New)
Restaurant Brunetti in Dresden - Striesen,"Lauensteiner Str. 11, 01277 Dresden-Blasewitz, Germany",Dresden,Germany,0351 4850818,https://www.brunetti-dresden.de/,post@brunetti-dresden.de,Moderate,4.6,,"Traditional risotto & pizza with Chianti & Italian desserts in a bright, wood-paneled dining room. | Italian Restaurant | Rated 4.6/5 (753 reviews)",Google Places API (New)
Grazie Mille Pizzeria Ristorante Dresden,"Grüne Str. 19, 01067 Dresden, Germany",Dresden,Germany,01573 9484196,https://graziemilledresden.de/delivery?utm_source=google&utm_medium=mybusiness&utm_campaign=gb,,Moderate,4.6,,Italian Restaurant | Rated 4.6/5 (1319 reviews),Google Places API (New)
Anna im Schloss | Restaurant & Tagesbar im Residenzschloss Dresden,"Schloßstraße 27, 01067 Dresden-Residenzschloss, Germany",Dresden,Germany,0351 79511535,https://www.anna-dresden.de/,info@anna-dresden.de,Moderate,4.5,,Restaurant | Rated 4.5/5 (472 reviews),Google Places API (New)
La Torre da Salvatore,"Bergmannstraße 27, 01309 Dresden-Blasewitz, Germany",Dresden,Germany,0351 31431190,http://www.ilgrottino.de/,kontakt@ilgrottino.de,Moderate,4.4,,Italian Restaurant | Rated 4.4/5 (952 reviews),Google Places API (New)
DEZA Restaurant,"Freiberger Str. 39, 01067 Dresden-Altstadt, Germany",Dresden,Germany,0351 50061484,https://matchmakermarketing.wixstudio.com/deza,info@deza-restaurant.de,Moderate,4.6,,Restaurant | Rated 4.6/5 (153 reviews),Google Places API (New)
Bel Piatto,"Glacisstraße 11, 01099 Dresden, Germany",Dresden,Germany,0351 8108096,https://www.belpiatto.de/,,Moderate,4.5,,Italian Restaurant | Rated 4.5/5 (121 reviews),Google Places API (New)
Restaurant Via Re - Pizza Pasta italienische,"Königstraße 6, 01097 Neustadt, Germany",Dresden,Germany,0351 8025797,http://www.viare.de/,ristorante@viare.de,Moderate,4.5,,Italian Restaurant | Rated 4.5/5 (388 reviews),Google Places API (New)
Quattro Cani,"Rosenstraße 36, 01067 Dresden, Germany",Dresden,Germany,0351 86400,http://www.hotel-elbflorenz.de/,info@hotel-elbflorenz.de,Moderate,4,,Italian Restaurant | Rated 4/5 (418 reviews),Google Places API (New)
Newa Restaurant,"Occidental Dresden Newa, Prager Str. 2, 01069 Dresden, Germany",Dresden,Germany,0351 48140,https://www.barcelo.com/de-de/occidental-dresden-newa/?utm_source=google&utm_medium=organic&utm_campaign=my_business&utm_content=48037rLB,dresdennewa@barcelo.com,Moderate,4.1,,Restaurant | Rated 4.1/5 (28 reviews),Google Places API (New)
Kuppelrestaurant in der Yenidze - Dresden,"Weißeritzstr. 3, 01067 Dresden-Altstadt, Germany",Dresden,Germany,0351 4905990,http://www.kuppelrestaurant.de/,,Moderate,4.2,,"A former cigarette factory built in 1907 with a high dome, borrowing design elements from mosques. | German Restaurant | Rated 4.2/5 (2668 reviews)",Google Places API (New)
Förster's Restaurant,"Weiße Gasse 5, 01067 Dresden-Altstadt, Germany",Dresden,Germany,0351 4848701,https://speisekartenweb.de/restaurants/dresden/f%C3%B6rster%27s-restaurant-173718?utm_source=google_profile&utm_medium=google_profile&utm_campaign=admin,info@foersters-dresden.de,Moderate,4.4,,"Regional & global dishes, plus all-day coffee & cakes, in a relaxed, contemporary setting. | Restaurant | Rated 4.4/5 (951 reviews)",Google Places API (New)
Ratskeller Dresden,"Rathauspl. 1, 01067 Dresden, Germany",Dresden,Germany,,,,Inexpensive,4.2,,Restaurant | Rated 4.2/5 (42 reviews),Google Places API (New)
Gemini am Altmarkt Restaurant,"Wallstr. 3, 01067 Dresden, Germany",Dresden,Germany,0351 65212232,,,Moderate,4.9,,Restaurant | Rated 4.9/5 (755 reviews),Google Places API (New)
Watzke Wurstküche,"Dr. -Külz-Ring 11, 01067 Dresden-Altstadt, Germany",Dresden,Germany,0351 48619933,https://watzke.de/wurstkueche/,verkauf@watzke.de,Moderate,4.5,,"Traditional & creative wurst variations, plus pretzels & sauerkraut, at a convivial brewery. | German Restaurant | Rated 4.5/5 (2654 reviews)",Google Places API (New)
Almrausch,"Almrausch – Tiroler Gasthaus, Neumarkt 12, 01067 Dresden, Germany",Dresden,Germany,0351 49773553,https://www.almrausch-dresden.de/,mail@widmann-gastronomie.de,Moderate,4.5,,Austrian Restaurant | Rated 4.5/5 (541 reviews),Google Places API (New)
Planwirtschaft,"Louisenstraße 20, 01099 Neustadt, Germany",Dresden,Germany,0351 8013187,https://planwirtschaft-dresden.de/de/,info@planwirtschaft-dresden.de,Moderate,4.4,,"German standards like schnitzel & a breakfast buffet, in a shabby-chic space or on a leafy patio. | German Restaurant | Rated 4.4/5 (2012 reviews)",Google Places API (New)
"Restaurant ""Odessa""","Ostra-Allee 11, 01067 Dresden-Altstadt, Germany",Dresden,Germany,0351 26358990,http://www.odessa-restaurant.de/,info@odessa-restaurant.de,Moderate,4.6,,"Russian & Ukrainian dishes, including pelmeni  & wareniki dumplings, in a simple, airy dining room. | Ukrainian Restaurant | Rated 4.6/5 (1846 reviews)",Google Places API (New)
SEN Vietnamese Cuisine,"Wilsdruffer Str. 20, 01067 Dresden, Germany",Dresden,Germany,0351 31446966,https://www.sen-restaurant-dresden.de/,,Moderate,4.7,,Vietnamese Restaurant | Rated 4.7/5 (808 reviews),Google Places API (New)
VEN,"Rampische Str. 9, 01067 Dresden, Germany",Dresden,Germany,0351 795151021,https://www.ven-wolfsburg.de/en/,,,4.5,,"Creative Mediterranean-inspired dishes & German wines in a sleek, high-ceilinged space with a bar. | Restaurant | Rated 4.5/5 (172 reviews)",Google Places API (New)
Hofbräu zur Frauenkirche,"Frauenstraße 16, 01067 Dresden, Germany",Dresden,Germany,0351 49771585,http://www.hofbraeu-zur-frauenkirche.de/,info@hofbraeu-zur-frauenkirche.de,Moderate,4.3,,"Traditional Bavarian food & wheat beers served in a cozy, tavernlike salon or at sidewalk tables. | Restaurant | Rated 4.3/5 (1243 reviews)",Google Places API (New)
Rond & Heerlijk,"Galeriestraße 22, 01067 Dresden, Germany",Dresden,Germany,0351 48486464,http://rondenheerlijk.de/,dresden@rondenheerlijk.de,,4.3,,Restaurant | Rated 4.3/5 (1203 reviews),Google Places API (New)
Ballhaus Watzke,"Kötzschenbroder Str. 1, 01139 Dresden-Pieschen, Germany",Dresden,Germany,0351 852920,http://www.watzke.de/,verkauf@watzke.de,Moderate,4.4,,Brewpub | Rated 4.4/5 (3571 reviews),Google Places API (New)
Restaurant „Aljonuschka“ – Russische und osteuropäische Küche,"An d. Frauenkirche 13, 01067 Dresden, Germany",Dresden,Germany,0351 33948377,http://www.aljonuschka.com/,,Moderate,4.4,,Down-to-earth eatery serving traditional Russian dishes in a no-frills dining area. | Russian Restaurant | Rated 4.4/5 (1471 reviews),Google Places API (New)
Steak Royal,"Weiße Gasse 4, 01067 Dresden-Altstadt, Germany",Dresden,Germany,0351 4842888,http://steak-royal.de/,mail@steak-royal.de,Moderate,4.7,,Steak House | Rated 4.7/5 (1655 reviews),Google Places API (New)
Café Milchmädchen,"Grunaer Str. 27, 01069 Dresden-Altstadt, Germany",Dresden,Germany,0351 21512735,http://milchmaedchen-cafe.de/,info@milchmaedchen-cafe.de,Moderate,4.5,,"Porridge, egg dishes & vegan cakes at a stylish coffeehouse with a patio, popular for brunch. | Cafe | Rated 4.5/5 (3599 reviews)",Google Places API (New)
Café Glocke - Tagesbar & Café | Dresden - Neustadt,"Pulsnitzer Str. 1, 01099 Dresden, Germany",Dresden,Germany,0351 89962500,http://www.cafeglocke.de/,hallo@cafeglocke.de,,4.8,,Restaurant | Rated 4.8/5 (845 reviews),Google Places API (New)
Café Toscana,"Schillerpl. 7, 01309 Dresden, Germany",Dresden,Germany,0351 3100744,http://www.cafe-toscana.de/,info@cafe-toscana.de,,4.6,,Restaurant | Rated 4.6/5 (1757 reviews),Google Places API (New)
Madame Croissant Dresden,"Schloßstraße 18, 01067 Dresden-Altstadt, Germany",Dresden,Germany,,https://madame-croissant.de/speisekarte/,info@madame-croissant.de,Inexpensive,4.4,,Cafe | Rated 4.4/5 (215 reviews),Google Places API (New)
"Luisenhof, Dresden","Bergbahnstraße 8, 01324 Dresden-Loschwitz, Germany",Dresden,Germany,0351 28777830,http://www.luisenhof-in-dresden.de/,reservierung@luisenhof-in-dresden.de,Moderate,4.7,,"Classic German dishes with a creative twist, at a century-old restaurant with views over Dresden. | German Restaurant | Rated 4.7/5 (4550 reviews)",Google Places API (New)
Rosengarten | Café · Restaurant · Elbterrassen,"Carusufer 12, 01099 Neustadt, Germany",Dresden,Germany,0351 8020774,http://www.rosengarten-erleben.de/,roga@datenconsulting.de,Moderate,4.1,,"Brunch, cocktails, cakes & Italian food at an elegant venue with a terrace adjoining a rose garden. | Restaurant | Rated 4.1/5 (1915 reviews)",Google Places API (New)
sweet GREECE,"St. Petersburger Straße 32, 01069 Dresden-Altstadt, Germany",Dresden,Germany,0351 26050802,https://sweetgreece.de/,%20reservierung@sweetgreece.de,Moderate,4.6,,"Mezze platters, seafood, moussaka & grills, plus Greek wines, in a stylish, minimalist space. | Greek Restaurant | Rated 4.6/5 (2947 reviews)",Google Places API (New)
SchillerGarten,"Schillerpl. 9, 01309 Dresden-Blasewitz, Germany",Dresden,Germany,0351 8119922,https://www.schillergarten.de/,info@schillergarten.de,Moderate,4.5,,"Centuries-old pub & restaurant on the river, for hefty portions of German food & specialty beers. | Restaurant | Rated 4.5/5 (6919 reviews)",Google Places API (New)
Cross River Coffee - Altstadt,"Pfarrgasse 2, 01067 Dresden, Germany",Dresden,Germany,0351 30984358,http://shop.crossrivercoffee.de/,info@crossrivercoffee.de,Moderate,4.3,,Coffee Shop | Rated 4.3/5 (444 reviews),Google Places API (New)
Café Continental - Dresden,"Görlitzer Str. 1, 01099 Neustadt, Germany",Dresden,Germany,0351 2721722,https://www.cafe-continental-dresden.de/,DeinPlatz@cafe-continental-dresden.de,Moderate,4.3,,"Global breakfast options, plus cakes & coffee at a buzzy neighborhood cafe/bar with a terrace. | Cafe | Rated 4.3/5 (875 reviews)",Google Places API (New)
"Haferkater, Dresden Hbf","Wiener Platz 4, 01069 Dresden-Altstadt, Germany",Dresden,Germany,030 47058936,https://haferkater.com/,hr@lipptaste-muenster.de,Inexpensive,4.4,,Cafe | Rated 4.4/5 (331 reviews),Google Places API (New)
Alua Vegan Catering & Café,"Alua Vegan Catering & Cafe, Schützenpl. 1, 01067 Dresden-Altstadt, Germany",Dresden,Germany,0351 31443243,http://www.alua.de/,,Moderate,4.8,,Cafe | Rated 4.8/5 (692 reviews),Google Places API (New)
Café Caféklatsch,"Königstraße 8, 01097 Neustadt, Germany",Dresden,Germany,0351 81157922,https://www.cafeklatsch-dresden.de/,,Moderate,4.7,,Cafe | Rated 4.7/5 (541 reviews),Google Places API (New)
Café Latte Art,"Seestraße 6, 01067 Dresden-Altstadt, Germany",Dresden,Germany,0351 48425100,http://www.cafelatteart.de/,,Moderate,4.4,,"Charming dessert cafe for breakfast snacks & sweet treats like waffles, ice cream & frozen yoghurt. | Breakfast Restaurant | Rated 4.4/5 (1423 reviews)",Google Places API (New)
Oswaldz,"Bautzner Str. 9, 01099 Neustadt, Germany",Dresden,Germany,,http://www.oswaldz.de/,cafe@oswaldz.de,Inexpensive,4.5,,Cafe | Rated 4.5/5 (1625 reviews),Google Places API (New)
Mama’s Minimal,"Rothenburger Str. 37, 01099 Dresden, Germany",Dresden,Germany,0351 33204048,https://my.tapni.co/minimal,info@tapni.com,Moderate,4.8,,Restaurant | Rated 4.8/5 (198 reviews),Google Places API (New)
Käseglocke Dresden - Bar und Café,"Käseglocke, Postpl., 01067 Dresden, Germany",Dresden,Germany,0351 32371403,http://www.kaeseglocke-in-dresden.de/,info@kaeseglocke-in-dresden.de,Inexpensive,4.7,,Cafe | Rated 4.7/5 (1136 reviews),Google Places API (New)
Kaffee Wippler GmbH,"Körnerpl. 2, 01326 Dresden-Loschwitz, Germany",Dresden,Germany,0351 2698040,http://www.konditorei-wippler.de/,info@konditorei-wippler.de,Moderate,4.6,,Cafe | Rated 4.6/5 (1720 reviews),Google Places API (New)
Grubers Welt,"Louisenstraße 65, 01099 Dresden, Germany",Dresden,Germany,0351 84033063,https://www.grubers-welt.de/,info@grubers-welt.de,Moderate,4.6,,Restaurant | Rated 4.6/5 (879 reviews),Google Places API (New)
Western Inn,"Fährweg 3, 01665 Klipphausen-Scharfenberg, Germany",Klipphausen,Germany,03521 452230,http://www.western-inn.de/,info@western-inn.de,,4.5,,American Restaurant | Rated 4.5/5 (2630 reviews),Google Places API (New)
Estancia Steakhouse Klotzsche,"Langebrücker Str. 2, 01109 Dresden-Klotzsche, Germany",Dresden,Germany,0351 26717976,http://estancia-dresden.de/,striesen@estancia-dresden.de,Expensive,4.6,,Steak House | Rated 4.6/5 (887 reviews) | Expensive / upscale tier,Google Places API (New)
Captain Ali FISCH & BREAKFAST,"Rothenburger Str. 41, 01099 Dresden, Germany",Dresden,Germany,0173 9748007,https://www.instagram.com/captainali_dresden/,,Moderate,4.8,,Restaurant | Rated 4.8/5 (159 reviews),Google Places API (New)
Gastmahl des Meeres,"Zwickauer Str. 12, 01069 Dresden, Germany",Dresden,Germany,0351 65647838,https://speisekartenweb.de/restaurants/dresden/gastmahl-des-meeres-175661?utm_source=google_profile&utm_medium=google_profile&utm_campaign=admin,info@hein-mueck-group.de,Moderate,4.6,,Seafood Restaurant | Rated 4.6/5 (908 reviews),Google Places API (New)
Restaurant Alberthafen Dresden,"Magdeburger Str. 58, 01067 Dresden-Altstadt, Germany",Dresden,Germany,0351 4982110,https://www.alberthafen.com/,info@alberthafen.de,Moderate,4.5,,Restaurant | Rated 4.5/5 (2037 reviews),Google Places API (New)
Historisches Fischhaus Dresden,"Fischhausstraße 14, 01099 Dresden-Albertpark, Germany",Dresden,Germany,0351 899100,http://www.historisches-fischhaus.de/,reservierung@historisches-fischhaus.de,Moderate,4.5,,"16th-century inn with country furnishings, a hunting lodge-themed restaurant & a stone fireplace. | Restaurant | Rated 4.5/5 (2020 reviews)",Google Places API (New)
Nordsee,"Altmarkt-Galerie, Webergasse 1, 01067 Dresden, Germany",Dresden,Germany,0351 4850790,https://www.nordsee.com/de/,nordsee@nordsee.com,Moderate,4,,Restaurant | Rated 4/5 (859 reviews),Google Places API (New)
El Español,"An d. Dreikönigskirche 7, 01097 Neustadt, Germany",Dresden,Germany,0351 8048670,http://www.elespanol.de/,mail@elespanol.de,Moderate,4.7,,"Relaxed establishment with colorful tiling & a terrace, doling out tapas & sangria. | Spanish Restaurant | Rated 4.7/5 (1401 reviews)",Google Places API (New)
Hein Mück Räucherei und Fischhandel GmbH,"Zwickauer Str. 12, 01069 Dresden, Germany",Dresden,Germany,0351 65647833,http://www.hein-mueck-group.de/,info@hein-mueck-group.de,,4.4,,Food Store | Rated 4.4/5 (439 reviews),Google Places API (New)
Restaurant Schifftor,"Lange Str. 31, 01796 Pirna, Germany",Pirna,Germany,03501 7798496,http://www.restaurant-schifftor.de/,info@restaurant-schifftor.de,Moderate,4.8,,"Modern restaurant with bright, coastal decor & a leafy courtyard, focusing on fish dishes. | Restaurant | Rated 4.8/5 (1572 reviews)",Google Places API (New)
Nostalgia Restaurant Bar Dresden,"Hertelstraße 12, 01307 Dresden, Germany",Dresden,Germany,0351 4596790,https://www.nostalgiarestaurant.de/,nostalgiarestaurantbar@gmail.com,Moderate,4.9,,Eastern European Restaurant | Rated 4.9/5 (620 reviews),Google Places API (New)
NORDSEE Dresden Centrum-Galerie,"Centrum Galerie Dresden, Prager Str. 15, 01069 Dresden, Germany",Dresden,Germany,0351 4852142,https://www.nordsee.com/de/,nordsee@nordsee.com,Moderate,4,,Restaurant | Rated 4/5 (638 reviews),Google Places API (New)
Ikigai Fusion Kitchen,"Nürnberger Str. 32, 01187 Dresden, Germany",Dresden,Germany,0351 26068144,https://www.ikigai-dresden.de/,max@mustermann.de,Moderate,4.8,,Restaurant | Rated 4.8/5 (266 reviews),Google Places API (New)
Watzke am Goldenen Reiter,"Hauptstraße 1, 01097 Neustadt, Germany",Dresden,Germany,0351 8106820,https://watzke.de/watzke-am-goldenen-reiter/,verkauf@watzke.de,Moderate,4.3,,Brewpub | Rated 4.3/5 (5108 reviews),Google Places API (New)
Shamrock Irish Bar & Restaurant,"Wilsdruffer Str. 20, 01067 Dresden, Germany",Dresden,Germany,0351 4865935,http://www.shamrock-dresden.de/,service@shamrock-dresden.de,Moderate,4.4,,"Laid-back Irish pub with a local & global menu highlighting fish & meat dishes, plus draft beer. | Irish Pub | Rated 4.4/5 (5548 reviews)",Google Places API (New)
O Português,"Bürgerstraße 30, 01127 Dresden-Pieschen, Germany",Dresden,Germany,0351 21990317,https://www.facebook.com/OportuguesDD,,Moderate,4.7,,Portuguese Restaurant | Rated 4.7/5 (395 reviews),Google Places API (New)
NORDSEE Dresden Hauptstraße,"Hauptstraße 14, 01097 Dresden, Germany",Dresden,Germany,0351 8045605,https://www.nordsee.com/de/,nordsee@nordsee.com,Inexpensive,3.8,,Restaurant | Rated 3.8/5 (405 reviews),Google Places API (New)
Sankt Pauli Restaurant,"Tannenstraße 56, 01097 Neustadt, Germany",Dresden,Germany,0351 2751482,https://sankt-pauli.in/,kitchen@sankt-pauli.in,Moderate,4.7,,"Pasta dishes, schnitzel & fish in a modern setting with dark wood accents & outdoor tables. | Restaurant | Rated 4.7/5 (1137 reviews)",Google Places API (New)
Fissel's Gaststätte Inh. Uwe Ulbrich,"Am Hellerrand 4, 01109 Dresden-Klotzsche, Germany",Dresden,Germany,0351 8809306,https://fisselsgaststaette.eatbu.com/,mail@fissels-gaststaette.de,Moderate,4.8,,Restaurant | Rated 4.8/5 (351 reviews),Google Places API (New)
Markt Küche,"Prager Str. 12, 01069 Dresden, Germany",Dresden,Germany,,,,Expensive,5,,Seafood Restaurant | Rated 5/5 (6 reviews) | Expensive / upscale tier,Google Places API (New)
AM THOR Vince Twenties Pub,"Hauptstraße 35, 01097 Neustadt, Germany",Dresden,Germany,0351 43841823,https://amthor-vincetwentiespub.de/,info@amthor-vincetwentiespub.de,Moderate,4.9,,Restaurant | Rated 4.9/5 (67 reviews),Google Places API (New)
Lukullus Dresden,"Altstrehlen 3, 01219 Dresden, Germany",Dresden,Germany,0351 4711048,,,Moderate,4.6,,Greek Restaurant | Rated 4.6/5 (1592 reviews),Google Places API (New)
Veles,"Kernstraße 29, 90429 Nürnberg, Germany",Nürnberg,Germany,0911 5985385,https://veles-restaurant.de/,info@restaurant-veles.de,Very Expensive,4.8,,Fine Dining Restaurant | Rated 4.8/5 (277 reviews) | Very expensive / luxury tier,Google Places API (New)
Tisane,"Augustinerhof 1, 90403 Nürnberg, Germany",Nürnberg,Germany,0911 376766276,http://www.restaurant-tisane.de/,post@restaurant-tisane.de,Very Expensive,4.9,,Restaurant | Rated 4.9/5 (123 reviews) | Very expensive / luxury tier,Google Places API (New)
Imperial by Alexander Herrmann & Michi Seitz,"Königstraße 70, 90402 Nürnberg, Germany",Nürnberg,Germany,0911 24029955,https://www.imperial-fraenkness.de/imperial,info@ah-imperial.de,Very Expensive,4.7,,"Elegant, globally inspired dishes in a sleek dining room with contemporary lighting & street murals. | Fusion Restaurant | Rated 4.7/5 (735 reviews) | Very expensive / luxury tier",Google Places API (New)
VINERIA Nürnberg,"Kleinreuther Weg 87, 90408 Nürnberg-Nordwestliche Außenstadt, Germany",Nürnberg,Germany,0911 3001950,https://www.vineria.de/,events@vineria.de,Expensive,4.8,,"Seafood dishes, paella & pasta plus a long wine list in a former factory building with a garden. | Mediterranean Restaurant | Rated 4.8/5 (1297 reviews) | Expensive / upscale tier",Google Places API (New)
etz,"Eingang über Kirschgartenstr, Wiesentalstraße 40, 90419 Nürnberg, Germany",Nürnberg,Germany,0911 47712809,https://etzrestaurant.de/,etz@etzrestaurant.de,Very Expensive,4.9,,Fine Dining Restaurant | Rated 4.9/5 (203 reviews) | Very expensive / luxury tier,Google Places API (New)
"ZweiSinn Meiers - Fine Dining ""Menü-Restaurant""","Äußere Sulzbacher Str. 118, 90491 Nürnberg, Germany",Nürnberg,Germany,0911 92300822,https://www.meierszweisinn.de/restaurant/fine-dining-nuernberg/,reservierung@meierszweisinn.de,Very Expensive,5,,Fine Dining Restaurant | Rated 5/5 (11 reviews) | Very expensive / luxury tier,Google Places API (New)
"ZweiSinn Meiers - Bistro ""à-la-carte-Restaurant""","Äußere Sulzbacher Str. 118, 90491 Nürnberg-Ost, Germany",Nürnberg,Germany,0911 92300823,https://www.meierszweisinn.de/,reservierung@meierszweisinn.de,Very Expensive,4.5,,Restaurant | Rated 4.5/5 (378 reviews) | Very expensive / luxury tier,Google Places API (New)
globo Restaurant,"Theresienpl. 1, 90403 Nürnberg, Germany",Nürnberg,Germany,0911 86042494,http://www.globo-restaurant.de/,beispiel@email.de,Expensive,4.8,,"Locally sourced, international specialties & wine offered in a casual locale with an arty ambiance. | Restaurant | Rated 4.8/5 (575 reviews) | Expensive / upscale tier",Google Places API (New)
Essigbrätlein,"Weinmarkt 3, 90403 Nürnberg, Germany",Nürnberg,Germany,0911 225131,https://www.essigbraetlein.de/,info@essigbraetlein.de,Very Expensive,4.7,,"Inventive modern tasting menus with an organic focus in an elegant, centuries-old tavern. | Fine Dining Restaurant | Rated 4.7/5 (483 reviews) | Very expensive / luxury tier",Google Places API (New)
Restaurant MINNECI,"Zirkelschmiedsgasse 28, 90402 Nürnberg, Germany",Nürnberg,Germany,0911 209655,https://www.restaurant-minneci.de/,info@restaurant-minneci.de,Very Expensive,4.6,,"Tasting menus with refined Italian dishes, plus a well-stocked wine cellar, in a 1500s building. | Fine Dining Restaurant | Rated 4.6/5 (437 reviews) | Very expensive / luxury tier",Google Places API (New)
Restaurant Entenstuben,"Schranke 9, 90489 Nürnberg, Germany",Nürnberg,Germany,0911 5209128,http://www.entenstuben.de/,info@entenstuben.de,Very Expensive,4.8,,Restaurant | Rated 4.8/5 (394 reviews) | Very expensive / luxury tier,Google Places API (New)
BARDOLINO Fine.Food.Hotel,"Humboldtstraße 5, 90443 Nürnberg, Germany",Nürnberg,Germany,0911 9411890,https://www.hotelbardolino.info/,welcome@hotelbardolino.info,Expensive,4.8,,Restaurant | Rated 4.8/5 (662 reviews) | Expensive / upscale tier,Google Places API (New)
Würzhaus Restaurant Nürnberg,"Kirchenweg 3A, 90419 Nürnberg, Germany",Nürnberg,Germany,0911 9373455,http://www.wuerzhaus.info/,info@wuerzhaus.info,Very Expensive,4.8,,"Fine dining menus with creative ingredient combinations, in a simple room or on a leafy terrace. | Restaurant | Rated 4.8/5 (650 reviews) | Very expensive / luxury tier",Google Places API (New)
1515 RHINOCERVS Restaurant - Fine Dining Nürnberg,"Rohledererstraße 1, 90419 Nürnberg, Germany",Nürnberg,Germany,0911 30728542,https://www.1515rhinocerus.de/,office@1515rhinocerus.de,Very Expensive,4.7,,Fine Dining Restaurant | Rated 4.7/5 (167 reviews) | Very expensive / luxury tier,Google Places API (New)
Restaurant unvergesslich,"Steinacher Str. 6-12, 90427 Nürnberg-Nordwestliche Außenstadt, Germany",Nürnberg,Germany,0911 9302610,http://www.schindlerhof.de/,denkart@schindlerhof.de,Expensive,4.6,,Restaurant | Rated 4.6/5 (314 reviews) | Expensive / upscale tier,Google Places API (New)
Wonka Restaurant & Kochwerkstatt,"Johannisstraße 38, 90419 Nürnberg, Germany",Nürnberg,Germany,0911 396215,https://restaurant-wonka.de/,info@restaurant-wonka.de,Very Expensive,4.8,,"Elegant, contemporary cuisine, plus wine pairings, in bright surrounds with sculptures & artworks. | Fusion Restaurant | Rated 4.8/5 (278 reviews) | Very expensive / luxury tier",Google Places API (New)
Waidwerk,"Winterstraße 15, 90431 Nürnberg, Germany",Nürnberg,Germany,0911 612032,https://www.waidwerk-restaurant.de/,event@rottner-hotel.de,Very Expensive,4.7,,Fine Dining Restaurant | Rated 4.7/5 (95 reviews) | Very expensive / luxury tier,Google Places API (New)
Lamore da Massimo - italienisches Restaurant in Nürnberg,"Jakobspl. 11-15, 90402 Nürnberg, Germany",Nürnberg,Germany,0174 9353120,https://www.lamoredamassimo.de/,info@lamoredamassimo.de,Expensive,4.8,,Italian Restaurant | Rated 4.8/5 (1015 reviews) | Expensive / upscale tier,Google Places API (New)
Restaurant Opatija Nürnberg,"Unschlittpl. 7, 90403 Nürnberg, Germany",Nürnberg,Germany,0911 227196,https://opatija-restaurant.de/,kontakt@opatija-restaurant.de,Expensive,4.4,,"Pasta dishes, plus meat & fish grills, in sleek, modern interiors or at leafy garden tables. | Restaurant | Rated 4.4/5 (830 reviews) | Expensive / upscale tier",Google Places API (New)
Einzimmer Küche Bar,"Schustergasse 10, 90403 Nürnberg, Germany",Nürnberg,Germany,0911 66463875,http://www.einzimmerkuechebar.de/,hej@einzimmerkuechebar.de,Very Expensive,4.7,,Sophisticated venture with a cozy ambience & a changing menu of inventive regional dishes. | Bar | Rated 4.7/5 (284 reviews) | Very expensive / luxury tier,Google Places API (New)
Brasserie Nitz,"Augustinerhof 1, 90403 Nürnberg, Germany",Nürnberg,Germany,0911 376766270,http://www.brasserie-nitz.de/,bonjour@brasserie-nitz.de,Expensive,4.2,,French Restaurant | Rated 4.2/5 (601 reviews) | Expensive / upscale tier,Google Places API (New)
Koch und Kellner,"Ob. Seitenstraße 4, 90429 Nürnberg, Germany",Nürnberg,Germany,0911 266166,http://www.kochundkellner.de/,info@kochundkellner.de,Very Expensive,4,,Fine Dining Restaurant | Rated 4/5 (127 reviews) | Very expensive / luxury tier,Google Places API (New)
Ishihara,"Schottengasse 3, 90402 Nürnberg, Germany",Nürnberg,Germany,0911 226395,http://www.ishihara.de/,reservations@ishihara.de,Expensive,4.7,,"Traditional teppanyaki restaurant, where diners can watch chefs cooking on open grills. | Japanese Restaurant | Rated 4.7/5 (962 reviews) | Expensive / upscale tier",Google Places API (New)
Kakehashi,"Johannisstraße 108, 90419 Nürnberg, Germany",Nürnberg,Germany,0911 37757050,https://kakehashi.fish/,info@kakehashi.kitchen,Very Expensive,4.9,,Japanese Restaurant | Rated 4.9/5 (244 reviews) | Very expensive / luxury tier,Google Places API (New)
Restaurant Kupferpfanne / Fürth,"Königstraße 85, 90762 Fürth, Germany",Fürth,Germany,0911 771277,https://www.kupferpfanne-fuerth.de/,restaurant@kupferpfanne-fuerth.de,Very Expensive,4.8,,Restaurant | Rated 4.8/5 (173 reviews) | Very expensive / luxury tier,Google Places API (New)
Restaurant SoulFood,"Unterer Markt 35, 91275 Auerbach in der Oberpfalz, Germany",Auerbach in der Oberpfalz,Germany,09643 2052225,http://www.restaurant-soulfood.com/,info@restaurant-soulfood.com,Very Expensive,4.8,,Fine Dining Restaurant | Rated 4.8/5 (409 reviews) | Very expensive / luxury tier,Google Places API (New)
C'era Una Volta,"Johannesgasse 51, 90402 Nürnberg, Germany",Nürnberg,Germany,0911 24466300,,,Expensive,4.4,,"Relaxed eatery with a familiar ambiance, offering a limited menu of Italian standards. | Italian Restaurant | Rated 4.4/5 (756 reviews) | Expensive / upscale tier",Google Places API (New)
EKU inn,"Färberstraße 39, 90402 Nürnberg, Germany",Nürnberg,Germany,0911 225069,http://www.eku-inn.de/,info@eku-inn.de,Expensive,4.4,,Steak House | Rated 4.4/5 (2395 reviews) | Expensive / upscale tier,Google Places API (New)
KEIDENZELLER HOF,"Fürther Str. 11, 90579 Langenzenn, Germany",Langenzenn,Germany,09101 901226,http://www.keidenzeller-hof.de/,info@keidenzeller-hof.de,Very Expensive,4.8,,Fine Dining Restaurant | Rated 4.8/5 (205 reviews) | Very expensive / luxury tier,Google Places API (New)
Restauration Fischer,"Friedrichstraße 64, 90408 Nürnberg, Germany",Nürnberg,Germany,0911 9898870,http://www.fischer-restauration.de/,kontakt@fischer-restauration.de,Expensive,4.5,,Rustic space in a half-timbered house for refined land & sea-based menus with Mediterranean flavors. | German Restaurant | Rated 4.5/5 (134 reviews) | Expensive / upscale tier,Google Places API (New)
Restaurant Prison St. Michel,"Irrerstraße 2, 90403 Nürnberg, Germany",Nürnberg,Germany,0911 221191,http://www.prison-st-michel.de/,voigt.prison@gmx.de,Expensive,4.4,,French Restaurant | Rated 4.4/5 (561 reviews) | Expensive / upscale tier,Google Places API (New)
IU & On,"Roritzerstraße 10, 90419 Nürnberg, Germany",Nürnberg,Germany,0911 336767,http://iu-on.de/,mail@iu-on.de,Expensive,4.8,,Thai Restaurant | Rated 4.8/5 (95 reviews) | Expensive / upscale tier,Google Places API (New)
"""Trödelstuben"", Wein- und Bierstuben, Restaurant","Trödelmarkt 30, 90403 Nürnberg, Germany",Nürnberg,Germany,0911 36772767,https://www.restaurant-troedelstuben.de/,troedelstuben@freenet.de,Moderate,4.5,,"Down-home venue serving local fare such as meat dishes, sausage platters & strudel, plus draft beer. | German Restaurant | Rated 4.5/5 (5044 reviews)",Google Places API (New)
Alte Küch'n & Im Keller,"Albrecht-Dürer-Straße 3, 90403 Nürnberg, Germany",Nürnberg,Germany,0911 203826,https://alte-kuechn.de/,info@alte-kueche.de,Moderate,4.5,,"Elaborate, old-fashioned German food in a medieval cellar, with performances by costumed musicians. | German Restaurant | Rated 4.5/5 (3984 reviews)",Google Places API (New)
Wirtshaus Hütt'n,"Bergstraße 20, 90403 Nürnberg, Germany",Nürnberg,Germany,0911 2019881,http://www.huettn-nuernberg.de/,info@huettn-wirtshaus.de,Moderate,4.5,,"Generous, homestyle offerings & beers are dished up in this cozy country-style restaurant. | German Restaurant | Rated 4.5/5 (4504 reviews)",Google Places API (New)
Tucher-Bräu am Opernhaus,"Am Kartäusertor 1, 90402 Nürnberg, Germany",Nürnberg,Germany,0911 47779480,https://wirtshaus-oper.de/,info@wirtshaus-oper.de,Moderate,4.7,,German Restaurant | Rated 4.7/5 (5438 reviews),Google Places API (New)
Wilma Wunder Nürnberg,"Königstraße 83 - 87, 90402 Nürnberg, Germany",Nürnberg,Germany,0911 47790940,https://www.wilma-wunder.de/restaurants/nuernberg/,nuernberg@wilma-wunder.de,Moderate,4.6,,Restaurant | Rated 4.6/5 (477 reviews),Google Places API (New)
Restaurant Oberkrainer am Hauptmarkt,"Hauptmarkt 7, 90403 Nürnberg, Germany",Nürnberg,Germany,0911 224755,https://www.restaurant-hauptmarkt.de/,,Moderate,4.6,,Traditional meat dishes & Franconian fare in a nostalgic dining room with a terrace. | Restaurant | Rated 4.6/5 (3740 reviews),Google Places API (New)
ALEX Nuremberg,"Hauptmarkt 10, 90403 Nürnberg, Germany",Nürnberg,Germany,0911 2446980,http://www.dein-alex.de/nuernberg,hallo@dein-alex.de,Moderate,4.2,,Restaurant | Rated 4.2/5 (4743 reviews),Google Places API (New)
FIVE Diner I Obstmarkt 5,"Obstmarkt 5, 90403 Nürnberg, Germany",Nürnberg,Germany,0911 223375,http://www.fivediner.de/reservieren/,info@fivediner.de,Moderate,4.7,,"Trendy restaurant offering hefty burgers, sandwiches & wraps, plus salads & fruity cocktails. | Diner | Rated 4.7/5 (2858 reviews)",Google Places API (New)
Cesme Restaurant,"Gostenhofer Hauptstraße 29, 90443 Nürnberg, Germany",Nürnberg,Germany,0911 289933,https://www.cesme-restaurant.de/,info@cesme-restaurant.de,Moderate,4.6,,Turkish Restaurant | Rated 4.6/5 (2362 reviews),Google Places API (New)
Casa Argentina,"Bergstraße 1, 90403 Nürnberg, Germany",Nürnberg,Germany,0911 81672309,http://www.casaargentina.de/,casaargentina@gmx.de,Expensive,4.9,,Argentinian Restaurant | Rated 4.9/5 (1815 reviews) | Expensive / upscale tier,Google Places API (New)
BASECOFFEE Nürnberg GmbH,"Bankgasse 3, 90402 Nürnberg, Germany",Nürnberg,Germany,0911 66983266,http://www.basecoffee.de/,franchise@basecoffee.de,Moderate,4.7,,Brunch Restaurant | Rated 4.7/5 (2099 reviews),Google Places API (New)
Zum Gulden Stern - Die älteste Bratwurstküche der Welt,"Zirkelschmiedsgasse 26, 90402 Nürnberg, Germany",Nürnberg,Germany,0911 2059288,http://www.bratwurstkueche.de/,info@bratwurstkueche.de,Moderate,4.4,,Long-standing outfit with an old-world atmosphere serving traditional sausage-based options. | German Restaurant | Rated 4.4/5 (3082 reviews),Google Places API (New)
Travolta Nürnberg,"Adlerstraße 28, 90403 Nürnberg, Germany",Nürnberg,Germany,0911 95328350,https://www.tonitravolta.de/,info@tonitravolta.de,Moderate,4.7,,"Elevated antipasti, pasta & Neapolitan-style pizza at a buzzing, industrial-chic place with a bar. | Italian Restaurant | Rated 4.7/5 (3350 reviews)",Google Places API (New)
dasPaul Restaurant & Hotel,"Kaiserstraße 22, 90403 Nürnberg, Germany",Nürnberg,Germany,0911 24293939,http://www.daspaul.com/,hotel@daspaul.com,,4.3,,"Breakfast pancakes & egg dishes, plus global fare like burgers & pizzas, in a modern hotel eatery. | Restaurant | Rated 4.3/5 (2802 reviews)",Google Places API (New)
Restaurant im Literaturhaus,"Luitpoldstraße 6, 90402 Nürnberg, Germany",Nürnberg,Germany,0911 2342658,https://www.rilh.de/,,Moderate,4.3,,"Unassuming spot serving international specialties, plus veggie, vegan & gluten-free options. | Restaurant | Rated 4.3/5 (1738 reviews)",Google Places API (New)
Kaspar Schmauser Nürnberg,"Hauptmarkt 16, 90403 Nürnberg, Germany",Nürnberg,Germany,0911 14965970,http://www.kaspar-schmauser.de/,%20catering@kaspar-schmauser.de,Moderate,4.6,,"Casual eatery with outdoor seating spotlighting vegan & veggie curry & pasta bowls, plus smoothies. | Vegan Restaurant | Rated 4.6/5 (1004 reviews)",Google Places API (New)
Restaurant Burgwächter,"Am Ölberg 10, 90403 Nürnberg, Germany",Nürnberg,Germany,0911 23489844,http://www.burgwaechter-nuernberg.de/,info@hexenhaeusle-nuernberg.de,Moderate,4.4,,"Meaty regional dishes at a rustic tavern built into castle walls, with 2 shady terraces. | German Restaurant | Rated 4.4/5 (1982 reviews)",Google Places API (New)
Mischbar | Frühstück - Lunch - Dinner,"Plobenhofstraße 1, 90403 Nürnberg, Germany",Nürnberg,Germany,0911 24038777,https://www.mischbar.net/,info@mischbar.net,Moderate,4.4,,Restaurant | Rated 4.4/5 (2212 reviews),Google Places API (New)
Schäufelewärtschaft,"Schweiggerstraße 19, 90478 Nürnberg, Germany",Nürnberg,Germany,0911 4597325,http://www.schaeufele.de/,,Moderate,4.4,,"Homey, wood-clad restaurant with a patio, serving Franconian staples like schäufele pork, plus beer. | German Restaurant | Rated 4.4/5 (2471 reviews)",Google Places API (New)
Bratwurst Röslein,"Rathauspl. 6, 90403 Nürnberg, Germany",Nürnberg,Germany,0911 214860,https://www.bratwurst-roeslein.de/,info@bratwurst-roeslein.de,Moderate,4.1,,"Hearty, meat-centric Franconian eats served in a rustic, traditional room or an outdoor beer garden. | German Restaurant | Rated 4.1/5 (10336 reviews)",Google Places API (New)
Bratwursthäusle,"Rathauspl. 1, 90403 Nürnberg, Germany",Nürnberg,Germany,0911 227695,https://www.bratwursthaeuslenuernberg.de/,info@bratwursthaeusle-nuernberg.com,Moderate,4.3,,"Housemade, wood-grilled bratwurst, plus Franconian dishes & beer, in a cozy stop with a terrace. | German Restaurant | Rated 4.3/5 (8857 reviews)",Google Places API (New)
Skybar - Rooftop Bar & Events im Admiral Kino,"Königstraße 11, 90402 Nürnberg, Germany",Nürnberg,Germany,,http://www.admiral-kino-nuernberg.de/,nuernberg@cineplex.de,Moderate,4.5,,"Sleek rooftop venue with castle views, serving up handcrafted cocktails, plus burgers & salads. | Cocktail Bar | Rated 4.5/5 (828 reviews)",Google Places API (New)
Restauration Kopernikus - Restaurant & Biergarten,"Hintere Insel Schütt 34, 90403 Nürnberg, Germany",Nürnberg,Germany,0911 2427740,https://www.restauration-kopernikus.de/de/?utm_source=local&utm_medium=link&utm_campaign=mybusiness,info@restauration-kopernikus.de,Moderate,4.5,,Old-fashioned restaurant with river views featuring a seasonal beer garden & classic Polish cuisine. | Beer Garden | Rated 4.5/5 (2659 reviews),Google Places API (New)
NAMASTE - Indisches Restaurant,"Hirschelgasse 1, 90403 Nürnberg, Germany",Nürnberg,Germany,0911 89685389,https://www.namastenuremberg.de/,Info@namastenuremberg.de,Moderate,4.9,,Traditional Indian dishes are offered in this understated restaurant with a terrace. | Indian Restaurant | Rated 4.9/5 (4971 reviews),Google Places API (New)
KOKORO,"Klarissenplatz 1 A, Am Neuen Museum, Postanschrift:, Luitpoldstraße 3, 90402 Nürnberg, Germany",Nürnberg,Germany,0911 66486801,http://www.kokororestaurant.de/,hello@kokororestaurant.de,Moderate,4.7,,Sushi & delicate tempura dishes with sake & Japanese beer in a chic locale with courtyard tables. | Japanese Restaurant | Rated 4.7/5 (2462 reviews),Google Places API (New)
Restaurant Heilig-Geist-Spital Nürnberg,"Spitalgasse 16, 90403 Nürnberg, Germany",Nürnberg,Germany,0911 221761,https://www.heilig-geist-spital.de/,info@heilig-geist-spital.de,Moderate,4.2,,Historic tavern offering hearty regional plates & beer in an old-world hall with river views. | German Restaurant | Rated 4.2/5 (3739 reviews),Google Places API (New)
Zum Albrecht Dürer Haus,"Ob. Schmiedgasse 58, 90403 Nürnberg, Germany",Nürnberg,Germany,0911 21144940,http://www.augustiner-duerer.de/,info@augustiner-duerer.de,Moderate,4.5,,Robust Franconian cuisine like schäufele pork shoulder & bratwurst in a half-timbered building. | Restaurant | Rated 4.5/5 (1149 reviews),Google Places API (New)
L'osteria,"Hans-Sachs-Platz 14, 90403 Nürnberg, Germany",Nürnberg,Germany,0911 99286635,https://losteria.net/de/restaurants/restaurant/nuernberg-hans-sachs-platz,nuernberg.hans-sachs-platz@losteria.de,Moderate,4.4,,Italian Restaurant | Rated 4.4/5 (5718 reviews),Google Places API (New)
Sangam Indisches Restaurant Nürnberg,"Königstraße 87, 90402 Nürnberg, Germany",Nürnberg,Germany,0911 2349417,https://www.sangam-nürnberg.de/,info@sangamnuernberg.de,Moderate,4.7,,Cozy restaurant serving up tandoori dishes & Indian curries in an ornate space with gilded decor. | Indian Restaurant | Rated 4.7/5 (2422 reviews),Google Places API (New)
Goldener Pudel,"Grasersgasse 15, 90402 Nürnberg, Germany",Nürnberg,Germany,0911 24278650,http://www.goldenerpudel.com/,pudel@goldenerpudel.com,Very Expensive,4.4,,"Laid-back, sleek dining room serving fresh seafood & globally sourced steak, with veggie options. | Steak House | Rated 4.4/5 (1141 reviews) | Very expensive / luxury tier",Google Places API (New)
Santos Tapasbar Nürnberg,"Albrecht-Dürer-Straße 24, 90403 Nürnberg, Germany",Nürnberg,Germany,0911 2350730,http://santos-tapas.de/,info@santos-tapas.de,Moderate,4.7,,Bar | Rated 4.7/5 (1277 reviews),Google Places API (New)
Bodhi | Nürnberg,"Pirckheimerstraße 9A, 90408 Nürnberg, Germany",Nürnberg,Germany,0911 32174623,http://www.bodhivegan.de/,info@bodhivegan.de,Moderate,4.7,,Vegan Restaurant | Rated 4.7/5 (678 reviews),Google Places API (New)
Hausbrauerei Altstadthof - Rotbierstüberl- Brauerei und Whiskydestillerie und Gastronomie,"Bergstraße 19, 90403 Nürnberg, Germany",Nürnberg,Germany,0911 2449859,http://www.hausbrauerei-altstadthof.de/,info@Hausbrauerei-Altstadthof.de,Moderate,4.5,,"Local red beer, whisky & classic Franconian dishes at a rustic brewery tavern with a large terrace. | Brewpub | Rated 4.5/5 (3729 reviews)",Google Places API (New)
Indo Chaska Indisches Restaurant,"Kornmarkt 4, 90402 Nürnberg, Germany",Nürnberg,Germany,0911 80099731,https://www.indochaska-nuernberg.de/,indochaskanuernberg.de@gmail.com,Moderate,4.9,,Indian Restaurant | Rated 4.9/5 (1122 reviews),Google Places API (New)
HANS IM GLÜCK - NÜRNBERG Altstadt,"Königstraße 74, 90402 Nürnberg, Germany",Nürnberg,Germany,0911 47779827,https://hansimglueck-burgergrill.de/burger-restaurant/nuernberg-altstadt/?utm_source=google&utm_medium=yext&utm_campaign=6,nuernberg@hansimglueck.de,Moderate,4.4,,Hamburger Restaurant | Rated 4.4/5 (7394 reviews),Google Places API (New)
Ganesha Restaurant Nürnberg,"Winklerstraße 3, 90403 Nürnberg, Germany",Nürnberg,Germany,0911 21100531,https://ganesha-nbg.de/,info@ganesha-nbg.de,Moderate,4.8,,"Casual venue serving up curry, tandoori & other Indian classics, plus drinks & vegetarian options. | Indian Restaurant | Rated 4.8/5 (1869 reviews)",Google Places API (New)
Block House Nürnberg,"Hauptmarkt 12, 90403 Nürnberg, Germany",Nürnberg,Germany,0911 99285233,https://www.block-house.de/restaurants/nuernberg/hauptmarkt/,,Moderate,4.3,,Steak House | Rated 4.3/5 (3970 reviews),Google Places API (New)
Monki Ramen,"Königstraße 41, 90402 Nürnberg, Germany",Nürnberg,Germany,0911 81673057,https://monkiramen.de/,reservation@monkiramen.de,Moderate,4.6,,"Hip choice with a stylish feel offering Japanese noodle soup & side dishes, with vegan options. | Ramen Restaurant | Rated 4.6/5 (2273 reviews)",Google Places API (New)
Kuhmuhne Die Burgerbar,"Weintraubengasse 2, 90403 Nürnberg, Germany",Nürnberg,Germany,01579 2528130,https://kuhmuhne-nuernberg.de/,office@kuhmuhne-nuernberg.de,Moderate,4.4,,"Burgers heaped with toppings, plus craft beers, at a slick contemporary bar with street tables. | Hamburger Restaurant | Rated 4.4/5 (6064 reviews)",Google Places API (New)
Sumach Restaurant,"Spittlertorgraben 13, 90429 Nürnberg, Germany",Nürnberg,Germany,0911 81010510,https://sumachrestaurant.de/,info@sumachrestaurant.de,Moderate,4.7,,Turkish Restaurant | Rated 4.7/5 (1206 reviews),Google Places API (New)
Hotel und Restaurant im Pillhofer,"Königstraße 78, 90402 Nürnberg, Germany",Nürnberg,Germany,0911 214560,http://www.pillhofer.net/,info@pillhofer.net,,4.6,,"Relaxed inn set in a historic stone building offering free full breakfast, plus a traditional pub. | Restaurant | Rated 4.6/5 (1411 reviews)",Google Places API (New)
Augustiner Zur Schranke,"Beim Tiergärtnertor 3, 90403 Nürnberg, Germany",Nürnberg,Germany,0911 99289650,http://www.zurschranke.de/,info@zurschranke.de,Moderate,4.3,,Restaurant | Rated 4.3/5 (1398 reviews),Google Places API (New)
Seoul Kitchen Restaurant,"Pirckheimerstraße 75, 90409 Nürnberg, Germany",Nürnberg,Germany,0911 5815883,http://www.seoul-kitchen.net/,info@seoul-kitchen.net,Moderate,4.7,,"Relaxed restaurant with a subdued ambiance serving soups, kimchi & other classic Korean foods. | Korean Restaurant | Rated 4.7/5 (798 reviews)",Google Places API (New)
Gregor Samsa,"Maxfeldstraße 79, 90409 Nürnberg, Germany",Nürnberg,Germany,0911 49079650,https://www.gregor-samsa.de/,info@gregor-samsa.de,Moderate,4.6,,"Cozy venue with a retro vibe, serving different versions of goulash, plus sandwiches & salads. | Restaurant | Rated 4.6/5 (871 reviews)",Google Places API (New)
Ly's Kitchen,"Hintere Ledergasse 4, 90403 Nürnberg, Germany",Nürnberg,Germany,0911 48970966,https://www.instagram.com/lyskitchen_nbg?igsh=emJjbDRuN3JkOTVo,,Moderate,4.8,,Chinese Restaurant | Rated 4.8/5 (652 reviews),Google Places API (New)
Dürrer Hase Restaurant,"u. Schmiedgasse 5, 90403 Nürnberg, Germany",Nürnberg,Germany,0911 93114633,http://www.duerrerhase.de/,info@duerrerhase.de,Expensive,4.8,,Steak House | Rated 4.8/5 (515 reviews) | Expensive / upscale tier,Google Places API (New)
Cairo Chefs,"Zufuhrstraße 29, 90443 Nürnberg, Germany",Nürnberg,Germany,0911 71510525,http://cairochefs.de/,info@cairochefs.de,Moderate,4.9,,Restaurant | Rated 4.9/5 (386 reviews),Google Places API (New)
CôCô – Indochine Sushi Nürnberg,"Augustinerstraße 1, 90403 Nürnberg, Germany",Nürnberg,Germany,0911 23735510,http://the-coco.de/,service@the-coco.de,Moderate,4.7,,Sushi Restaurant | Rated 4.7/5 (1674 reviews),Google Places API (New)
Panjabi Shaan Nürnberg,"Bayreuther Str. 36/EG, 90489 Nürnberg, Germany",Nürnberg,Germany,0911 66985268,https://www.panjabishaan.de/,panjabi.shaan@yahoo.de,Moderate,4.8,,Indian Restaurant | Rated 4.8/5 (1051 reviews),Google Places API (New)
Mesob Restaurant,"Pillenreuther Str. 20, 90459 Nürnberg, Germany",Nürnberg,Germany,01573 0065684,http://www.mesob.de/,mail@mesob.de,Moderate,4.8,,"Spicy stews with injera flatbreads, plus vegan options, at a modern stop with subtle African motifs. | Ethiopian Restaurant | Rated 4.8/5 (851 reviews)",Google Places API (New)
Konditorei Café Beer,"Breite G. 79, 90402 Nürnberg, Germany",Nürnberg,Germany,0911 2308420,https://www.cafebeer.de/,info@cafebeer.de,Moderate,4.6,,"Established, elegant cafe preparing traditional cakes & chocolates, plus breakfast & lunch fare. | Coffee Shop | Rated 4.6/5 (1776 reviews)",Google Places API (New)
Amazonas Sabor Latino,"Bogenstraße 11, 90459 Nürnberg, Germany",Nürnberg,Germany,0911 88994433,https://amazonas-bistro.eatbu.com/,info@amazonas-saborlatino.com,Moderate,4.6,,Latin American Restaurant | Rated 4.6/5 (880 reviews),Google Places API (New)
Deins & Meins - Nürnberg,"Deutschherrnstraße 27, 90429 Nürnberg, Germany",Nürnberg,Germany,0911 93118550,https://www.deinsundmeins.com/,info@deinsundmeins.com,Moderate,4.7,,Cafe | Rated 4.7/5 (595 reviews),Google Places API (New)
Public Kitchen & Bar,"Frauentorgraben 11, 90443 Nürnberg, Germany",Nürnberg,Germany,0911 366300,,,Expensive,4.9,,Restaurant | Rated 4.9/5 (8 reviews) | Expensive / upscale tier,Google Places API (New)
Restaurant Brasserie,"Bahnhofstraße 1, 90402 Nürnberg, Germany",Nürnberg,Germany,0911 2322622,http://www.brasserie-nuernberg.com/,info@lemeridiengrandnuremberg.com,,4.7,,Restaurant | Rated 4.7/5 (136 reviews),Google Places API (New)
THE GREEN - Rooftop Café,"Ludwigspl. 12-24/im 4. OG, 90403 Nürnberg, Germany",Nürnberg,Germany,0911 1330216,https://www.thegreen-cafe.de/,hello@thegreen.email,Moderate,4.3,,Cafe | Rated 4.3/5 (548 reviews),Google Places API (New)
Schanzenbräu Schankwirtschaft,"Adam-Klein-Straße 27, 90429 Nürnberg, Germany",Nürnberg,Germany,0911 93776790,https://www.schanzenbraeu.de/schankwirtschaft/,reservierung@schanzenbraeu.de,Moderate,4.6,,"Cozy pub with garden tables, known for classic Franconian pig shoulder, plus local beer & schnapps. | Restaurant | Rated 4.6/5 (2369 reviews)",Google Places API (New)
Boteco - Brazilian restaurant & bar,"Bergstraße 30, 90403 Nürnberg, Germany",Nürnberg,Germany,0911 23738800,https://www.instagram.com/boteconuremberg?igsh=MTdkdmZsZjgwajBweg==,,Moderate,4.8,,Brazilian Restaurant | Rated 4.8/5 (825 reviews),Google Places API (New)
Phantastic -asian cuisine-,"Fürther Str. 234, 90429 Nürnberg-West, Germany",Nürnberg,Germany,0911 12034747,https://www.lieferbuddy.de/de/reservation/388-phantastic,,Moderate,4.9,,Laid-back stop offering simple menu of Asian specialities such as Vietnamese pho & Thai curries. | Asian Restaurant | Rated 4.9/5 (2283 reviews),Google Places API (New)
Cafe Bäckerei Ankara,"Pillenreuther Str. 31, 90459 Nürnberg, Germany",Nürnberg,Germany,0911 446380,https://www.facebook.com/ankaracafeimbiss/,,Moderate,4.2,,Turkish Restaurant | Rated 4.2/5 (273 reviews),Google Places API (New)
Bistro Arte,"Kartäusergasse 1, 90402 Nürnberg, Germany",Nürnberg,Germany,0911 1331286,http://www.arte-cafe.de/,fo@s23aasd33s.com,Moderate,4.3,,Cafe | Rated 4.3/5 (147 reviews),Google Places API (New)
Shekamu,"Tafelfeldstraße 51, 90443 Nürnberg, Germany",Nürnberg,Germany,01512 9173222,http://www.shekamu.de/,info@shekamu.de,Moderate,4.7,,Persian Restaurant | Rated 4.7/5 (1121 reviews),Google Places API (New)
The Flower of Hawaii - Nürnberg,"Weinmarkt 16, 90403 Nürnberg, Germany",Nürnberg,Germany,0911 91946090,http://blumevonhawaii.com/,info@blumevonhawaii.com,Moderate,4.7,,"Cozy, Polynesian-themed bar serving tiki cocktails such as zombies & Mai Tais in specialty glasses. | Bar | Rated 4.7/5 (865 reviews)",Google Places API (New)
Die Wirtschaft,"Waaggasse 2-6, 90403 Nürnberg, Germany",Nürnberg,Germany,0911 47778585,http://www.die-wirtschaft-nuernberg.de/,info@die-wirtschaft-nuernberg.de,Moderate,4.5,,German Restaurant | Rated 4.5/5 (938 reviews),Google Places API (New)
Weinklang,"Johannisstraße 130, 90419 Nürnberg, Germany",Nürnberg,Germany,0911 91947480,https://weinklang.co/,contact@weinklang.co,Very Expensive,4.8,,Restaurant | Rated 4.8/5 (326 reviews) | Very expensive / luxury tier,Google Places API (New)
Osteria Del Centro,"Eilgutstraße 10, 90443 Nürnberg, Germany",Nürnberg,Germany,0911 226015,https://www.osteriadelcentro.com/,reservierung@osteriadelcentro.com,Moderate,4.7,,"Wood-fired pizza plus robust Italian fish & meat plates in a colorful, relaxed space. | Italian Restaurant | Rated 4.7/5 (1287 reviews)",Google Places API (New)
café egg,"Himpfelshofstraße 26, 90429 Nürnberg, Germany",Nürnberg,Germany,0911 92886820,http://cafe-egg.de/,,Moderate,4.7,,Cafe | Rated 4.7/5 (357 reviews),Google Places API (New)
bierwerk,"Unschlittpl. 9, 90403 Nürnberg, Germany",Nürnberg,Germany,0911 24467110,https://www.bierwerk-nuernberg.de/,kontakt@bierwerk-nuernberg.de,Moderate,4.7,,Restaurant | Rated 4.7/5 (1420 reviews),Google Places API (New)
Mako Asian Cuisine,"Breite G. 14, 90402 Nürnberg, Germany",Nürnberg,Germany,0911 25569668,https://makoasian.de/,mako.asian.nurnberg@gmail.com,Moderate,4.7,,Restaurant | Rated 4.7/5 (465 reviews),Google Places API (New)
Neef Confiserie Café,"Winklerstraße 29, 90403 Nürnberg, Germany",Nürnberg,Germany,0911 225179,http://www.confiserie-neef.de/,neef-confiserie@gmx.de,Moderate,4.1,,"Colorful, long-running establishment with a cheery atmosphere producing housemade cakes & pastries. | Cafe | Rated 4.1/5 (1107 reviews)",Google Places API (New)
Oggi Trattoria della Nonna,"Augustinerstraße 2, 90403 Nürnberg, Germany",Nürnberg,Germany,0911 5094417,https://www.oggi-trattoria.de/,info@oggi-trattoria.de,Moderate,4.6,,Italian Restaurant | Rated 4.6/5 (728 reviews),Google Places API (New)
PROVENZA Trattoria Italia Ristorante Pizzeria,"Hauptmarkt 6-8, 90403 Nürnberg, Germany",Nürnberg,Germany,0911 24038932,http://www.provenza.de/,gf@provenza.de,Moderate,4.6,,Refined Italian staples & regional wines in a bright eatery with a terrace & large-scale photos. | Italian Restaurant | Rated 4.6/5 (1824 reviews),Google Places API (New)
La Nuova Osteria,"Pirckheimerstraße 39, 90408 Nürnberg, Germany",Nürnberg,Germany,0911 351728,https://www.lanuova-osteria.de/,reservierung@lanuovaosteria.de,Moderate,4.6,,Italian Restaurant | Rated 4.6/5 (554 reviews),Google Places API (New)
L'Osteria Nürnberg Tullnaupark,"Am Tullnaupark 9, 90402 Nürnberg, Germany",Nürnberg,Germany,0911 94007030,https://losteria.net/de/restaurants/restaurant/nuernberg-tullnaupark/,tullnaupark@losteria.de,Moderate,4.3,,Italian Restaurant | Rated 4.3/5 (6055 reviews),Google Places API (New)
L'Osteria,"Pirckheimerstraße 116, 90409 Nürnberg, Germany",Nürnberg,Germany,0911 558283,https://losteria.net/de/restaurants/restaurant/nuernberg-pirckheimerstrasse/,nuernberg@losteria.de,Moderate,4.3,,Italian Restaurant | Rated 4.3/5 (2185 reviews),Google Places API (New)
Antipasteria da Gallo,"Radbrunnengasse 2, 90403 Nürnberg, Germany",Nürnberg,Germany,0911 2388538,https://antipasteria-da-gallo.eatbu.com/?lang=de#,Antipasteria-dagallo@gmx.de,Moderate,4.6,,"Italian standards, desserts & wines are dished up in this rustic, intimate restaurant. | Italian Restaurant | Rated 4.6/5 (509 reviews)",Google Places API (New)
SAN REMO Fine.Food.Hotel,"Eibacher Hauptstraße 85, 90451 Nürnberg-West, Germany",Nürnberg,Germany,0911 6494685,http://www.das-sanremo.de/,info@das-sanremo.de,,4.6,,"Unfussy hotel featuring an Italian restaurant with a terrace, plus free Wi-Fi, breakfast & parking. | Restaurant | Rated 4.6/5 (1114 reviews)",Google Places API (New)
Tandoori Flames-Indische und Pakistanische Restaurant,"Gostenhofer Hauptstraße 51, 90443 Nürnberg, Germany",Nürnberg,Germany,0911 38470033,https://www.tandooriflamess.de/,info@tandooriflamess.de,Moderate,4.9,,Restaurant | Rated 4.9/5 (39 reviews),Google Places API (New)
Il Disperato Prosciutteria Weinbar,"Augustinerstraße 4, 90403 Nürnberg, Germany",Nürnberg,Germany,0911 5094417,http://www.il-disperato.de/,prosciutteria@il-disperato.de,Moderate,4.5,,Restaurant | Rated 4.5/5 (393 reviews),Google Places API (New)
"Das Steichele, Hotel | Restaurant | Weinstube","Knorrstraße 8, 90402 Nürnberg, Germany",Nürnberg,Germany,0911 202280,http://www.steichele.de/,info@steichele.de,,4.3,,"Charming 19th-century lodging with casual rooms, plus a restaurant & a cozy wine bar. | Restaurant | Rated 4.3/5 (506 reviews)",Google Places API (New)
Tiflis,"Bismarckstraße 12, 90491 Nürnberg, Germany",Nürnberg,Germany,0176 62482555,https://tiflis32.de/,nikolozgabelaia5@gmail.com,Moderate,4.7,,Eastern European Restaurant | Rated 4.7/5 (680 reviews),Google Places API (New)
Maestro,"Königstraße 53, 90402 Nürnberg, Germany",Nürnberg,Germany,0911 543666,http://www.maestro-nuernberg.de/,maestro.nuernberg@gmail.com,Moderate,4.3,,"Cheery spot with outdoor tables, serving Italian comfort fare including pizza & pasta. | Pizza Restaurant | Rated 4.3/5 (1303 reviews)",Google Places API (New)
Tucher Cellar Nuremberg,"Hallpl. 2, 90402 Nürnberg, Germany",Nürnberg,Germany,0911 24464433,http://tucher-mautkeller.de/,info@tucher-mautkeller.de,Moderate,4.5,,Restaurant | Rated 4.5/5 (1800 reviews),Google Places API (New)
Das Moor - Fränkische Spezialitäten,"Färberstraße 3, 90402 Nürnberg, Germany",Nürnberg,Germany,0911 2373171,http://www.dasmoor.com/,info@dasmoor.com,Moderate,4.6,,German Restaurant | Rated 4.6/5 (872 reviews),Google Places API (New)
KonTiki,"Untere Wörthstraße 10-14, 90403 Nürnberg, Germany",Nürnberg,Germany,0911 221139,http://www.kontiki.de/,info@kontiki.de,Moderate,4.5,,"Surf 'n' turf meals, burgers & cocktails in a Polynesian locale with bamboo decor & flower garlands. | Restaurant | Rated 4.5/5 (3407 reviews)",Google Places API (New)
Restaurant Zhong Hua,"GALERIA Markthalle UG2, Königstraße 14, 90402 Nürnberg, Germany",Nürnberg,Germany,0911 91944794,,,Moderate,4.8,,Chinese Noodle Restaurant | Rated 4.8/5 (38 reviews),Google Places API (New)
SYRISCHESHAUS,"Gugelstraße 93, 90459 Nürnberg, Germany",Nürnberg,Germany,0177 4457827,https://www.syrischeshaus-nuernberg.de/,mohamad.zahedh1984@gmail.com,Inexpensive,4.9,,Middle Eastern Restaurant | Rated 4.9/5 (468 reviews),Google Places API (New)
Restaurant Tafelhof,"Eilgutstraße 15, 90443 Nürnberg, Germany",Nürnberg,Germany,0911 2003811,https://www.marriott.com/de/hotels/nuesi-sheraton-carlton-hotel-nuernberg/dining/,,Moderate,4.7,,Restaurant | Rated 4.7/5 (101 reviews),Google Places API (New)
Per bacco,"Lindengasse 22, 90419 Nürnberg, Germany",Nürnberg,Germany,0911 4896743,,,Moderate,4.7,,Italian Restaurant | Rated 4.7/5 (434 reviews),Google Places API (New)
Finyas Taverne in der Altstadt,"Weißgerbergasse 18, 90403 Nürnberg, Germany",Nürnberg,Germany,0911 23735122,https://finyas-taverne.de/#gbp,info@finyas-taverne.de,Moderate,4.7,,"Homestyle, seasonal dishes & berry wines served in a woodsy, Medieval-style tavern with a fireplace. | Restaurant | Rated 4.7/5 (1486 reviews)",Google Places API (New)
Burgschänke,"Albrecht-Dürer-Straße 2, 90403 Nürnberg, Germany",Nürnberg,Germany,0911 209914,https://burgschaenke.eatbu.com/?lang=de,rburgschaenke@gmail.com,Moderate,4.6,,Restaurant | Rated 4.6/5 (750 reviews),Google Places API (New)
Wirtshaus Albrecht,"Rathauspl. 4, 90403 Nürnberg, Germany",Nürnberg,Germany,0911 27429714,https://www.wirtshaus-albrecht.de/,info@wirtshaus-albrecht.de,Moderate,4.2,,Restaurant | Rated 4.2/5 (362 reviews),Google Places API (New)
Restaurant Estragon,"Jakobstraße 19, 90402 Nürnberg, Germany",Nürnberg,Germany,0911 2418030,https://www.estragon-nuernberg.de/de/,info@estragon-nuernberg.de,Moderate,4.7,,"Easygoing fixture with a short, modern European menu, plus set lunch deals & a terrace. | Restaurant | Rated 4.7/5 (656 reviews)",Google Places API (New)
Enchilada Nürnberg,"Obstmarkt 10, 90403 Nürnberg, Germany",Nürnberg,Germany,0911 2448498,https://www.enchilada.de/restaurants/nuernberg/,nuernberg@enchilada.de,Moderate,4.3,,Mexican Restaurant | Rated 4.3/5 (3195 reviews),Google Places API (New)
Hexenhäusle,"Vestnertorgraben 4, 90408 Nürnberg, Germany",Nürnberg,Germany,0911 49029095,https://hexenhaeusle-nuernberg.com/,info@hexenhaeusle-nuernberg.de,Moderate,4.4,,"Easygoing beer garden dishing up local classics such as schäufele & grilled meats, plus draft beer. | Beer Garden | Rated 4.4/5 (2479 reviews)",Google Places API (New)
Goldenes Posthorn,"Glöckleinsgasse 2, 90403 Nürnberg, Germany",Nürnberg,Germany,0911 225153,https://goldenes-posthorn.de/,info@goldenes-posthorn.de,Moderate,4,,Restaurant | Rated 4/5 (2904 reviews),Google Places API (New)
Fränkische Weinstube,"Handwerkerhof 5, 90402 Nürnberg, Germany",Nürnberg,Germany,0911 223104,http://www.fraenkischeweinstube.com/,,Moderate,4.3,,"Rustic Franconian hangout open since 1972 for local wine & beer, regional plates & a terrace. | Restaurant | Rated 4.3/5 (1039 reviews)",Google Places API (New)
PETER PANE Burgergrill & Bar,"Königstraße 17, 90402 Nürnberg, Germany",Nürnberg,Germany,0911 24066303,https://peterpane.de/standorte/nuernberg/koenigstrasse/,,Moderate,4.7,,Hamburger Restaurant | Rated 4.7/5 (13020 reviews),Google Places API (New)
Jøwåy Nürnberg,"Hutergasse 1, 90403 Nürnberg, Germany",Nürnberg,Germany,01523 8415112,https://joway.de/,info@joway.de,Very Expensive,4.9,,Restaurant | Rated 4.9/5 (165 reviews) | Very expensive / luxury tier,Google Places API (New)
Tapasitos restaurante y bar,"Adlerstraße 22, 90403 Nürnberg, Germany",Nürnberg,Germany,0911 2743684,http://www.tapasitos.de/,info@tapasitos.de,Moderate,4.6,,"Restaurant with a painted ceiling & ornate wall tiles providing tapas, paellas & salads. | Spanish Restaurant | Rated 4.6/5 (2424 reviews)",Google Places API (New)
Regenzeit,"Hessestraße 4, 90443 Nürnberg, Germany",Nürnberg,Germany,0911 18099765,http://www.regenzeit-gostenhof.de/,info@regenzeit-gostenhof.de,Moderate,4.8,,"Relaxed setting for street food-inspired Thai dishes like noodle soups & curries, plus a terrace. | Thai Restaurant | Rated 4.8/5 (899 reviews)",Google Places API (New)
GUSTUS Restaurant & Bar,"Obstmarkt 26, 90403 Nürnberg, Germany",Nürnberg,Germany,0911 37436976,https://gustus-restaurant.de/,info@gustus-restaurant.de,Expensive,4.8,,Greek Restaurant | Rated 4.8/5 (160 reviews) | Expensive / upscale tier,Google Places API (New)
Café & Bar Central Nürnberg Poke Bowl Pasta Salate,"Adlerstraße 2, 90403 Nürnberg, Germany",Nürnberg,Germany,0911 97113355,https://www.cafe-central.com/,,Moderate,4.9,,"Laid-back hangout featuring poke bowls, pasta & salads, plus coffee & a terrace. | Restaurant | Rated 4.9/5 (1192 reviews)",Google Places API (New)
Kaiserburg - Böhmische Spezialitäten,"Ob. Krämersgasse 20, 90403 Nürnberg, Germany",Nürnberg,Germany,0911 25330663,http://www.kaiserburg.net/,info@kaiserburg.net,Moderate,4.5,,Czech Restaurant | Rated 4.5/5 (600 reviews),Google Places API (New)
Süss Dealer - Nürnberg,"Sandstraße 1a, 90443 Nürnberg, Germany",Nürnberg,Germany,01511 4933344,http://süss-dealer.de/,info@suss-dealer.de,Moderate,4.8,,Cafe | Rated 4.8/5 (1974 reviews),Google Places API (New)
Auckland Coffee,"Königstraße 2, 90402 Nürnberg, Germany",Nürnberg,Germany,0911 36679088,https://www.auckland-coffee.de/,,Moderate,4.8,,Cafe | Rated 4.8/5 (1053 reviews),Google Places API (New)
Café Pique Nique,"Augustinerhof 1, 90403 Nürnberg, Germany",Nürnberg,Germany,0911 376766275,http://www.cafe-pique-nique.de/,bonjour@cafe-pique-nique.de,Inexpensive,4.4,,Cafe | Rated 4.4/5 (595 reviews),Google Places API (New)
Cafe & Bar Celona Nürnberg,"An der, Fleischbrücke 1-3, 90403 Nürnberg, Germany",Nürnberg,Germany,0911 2029654,https://celona.de/cafe-bar-celona-nuernberg,nuernberg@cafe-bar-celona.de,Moderate,4,,Cafe | Rated 4/5 (3998 reviews),Google Places API (New)
Café in der 12 - Nürnberg,"Königstraße 82, 90402 Nürnberg, Germany",Nürnberg,Germany,0911 23774424,,,Inexpensive,4.7,,Cafe | Rated 4.7/5 (525 reviews),Google Places API (New)
Restaurant Bar Cafe Luftsprung,"Unterer Bergauerpl. 10, 90402 Nürnberg, Germany",Nürnberg,Germany,0911 2009400,https://www.cafe-luftsprung.com/,info@cafe-luftsprung.de,Moderate,4.5,,"Schnitzel, salads & desserts, plus breakfast, at an elegant 19th-century cafe adorned with murals. | German Restaurant | Rated 4.5/5 (1776 reviews)",Google Places API (New)
Atelier Ladencafé St. Johannis,"Hallerstraße 31, 90419 Nürnberg, Germany",Nürnberg,Germany,0911 80195860,https://atelier-ladencafe.eatbu.com/?lang=de,ladencafe@gmail.com,Moderate,4.6,,Cafe | Rated 4.6/5 (650 reviews),Google Places API (New)
Coffee Bayt,"Parkplatz, Karl-Grillenberger-Straße 40, 90402 Nürnberg, Germany",Nürnberg,Germany,0174 8153445,https://www.instagram.com/coffeebayt.nuernberg?igsh=MWp4ZXR2NW84Yjd3NQ==,,Moderate,4.8,,Cafe | Rated 4.8/5 (684 reviews),Google Places API (New)
Caffé Fatal,"Jagdstraße 16, 90419 Nürnberg, Germany",Nürnberg,Germany,0911 396363,https://caffe-fatal.de/,hallo@caffe-fatal.de,Moderate,4.4,,"Long-standing venue for breakfast & cakes, with a Sunday brunch buffet & courtyard tables. | Cafe | Rated 4.4/5 (1101 reviews)",Google Places API (New)
café blond.,"Guttenbergplatz 9, 90461 Nürnberg, Germany",Nürnberg,Germany,0176 44278129,https://instagram.com/blond.food?igshid=MmIzYWVlNDQ5Yg==,,Inexpensive,4.6,,Cafe | Rated 4.6/5 (177 reviews),Google Places API (New)
Laurentius Café-Restaurant,"Lorenzer Str. 8-10, 90402 Nürnberg, Germany",Nürnberg,Germany,0911 24066311,https://www.laurentius-gastro.de/,laurentius@chancen-gastro.de,Moderate,4.7,,Restaurant | Rated 4.7/5 (183 reviews),Google Places API (New)
SUNDAYS,"Pirckheimerstraße 112, 90409 Nürnberg, Germany",Nürnberg,Germany,01575 5919699,https://www.sundaysnbg.de/,goodmorning@sundaysnbg.de,Moderate,4.5,,Brunch Restaurant | Rated 4.5/5 (572 reviews),Google Places API (New)
Cafe Flora,"Kaulbachstraße 28, 90408 Nürnberg, Germany",Nürnberg,Germany,0911 93744744,http://www.cafe-flora-home.de/,cafeflora9581@gmail.com,Moderate,4,,Cafe | Rated 4/5 (902 reviews),Google Places API (New)
Kaffee Lebemann,"Adlerstraße 28, 90403 Nürnberg, Germany",Nürnberg,Germany,01520 5758535,https://shop.kaffeelebemann.de/,shop@kaffeelebemann.de,Inexpensive,4.7,,"Cafe serving cake & drinks in a hip, bohemian space with black-&-white photos on the wall. | Cafe | Rated 4.7/5 (720 reviews)",Google Places API (New)
BERGBRAND Kaffeebar,"Weißgerbergasse 38, 90403 Nürnberg, Germany",Nürnberg,Germany,0911 66960061,https://bergbrand.eu/,kontakt@bergbrand.eu,Inexpensive,4.5,,Cafe | Rated 4.5/5 (1105 reviews),Google Places API (New)
Café-Dampfnudelbäck,"Johannisstraße 34, 90419 Nürnberg, Germany",Nürnberg,Germany,0911 397504,http://www.dampfnudelbaeck.de/,reservierung@dampfnudelbaeck.de,Moderate,4.4,,Cafe | Rated 4.4/5 (2154 reviews),Google Places API (New)
Casa Pane,"Hauptmarkt 3, 90403 Nürnberg, Germany",Nürnberg,Germany,0911 6607037,https://www.der-beck.de/in-ihrer-naehe/casa-pane/,,Inexpensive,4,,"Down-to-earth cafe/bakery with sidewalk tables, known for house-made bread, pizza & pastries. | Bakery | Rated 4/5 (1169 reviews)",Google Places API (New)
Café Restaurant Eglantine,"Burgstraße 1-3, 90403 Nürnberg, Germany",Nürnberg,Germany,0911 2142591,https://eglantine-nuernberg.de/,eglantine.eckstein@elkb.de,Moderate,4.4,,Restaurant | Rated 4.4/5 (106 reviews),Google Places API (New)
Cat Temple Nurnberg,"Peter-Vischer-Straße 21, 90403 Nürnberg, Germany",Nürnberg,Germany,0911 25313564,https://katzentempel.de/standorte/nuernberg/,nuernberg@katzentempel.de,Moderate,4.4,,Vegan Restaurant | Rated 4.4/5 (2720 reviews),Google Places API (New)
Casa del Caffe - Espresso Bar,"Augustinerstraße 1, 90403 Nürnberg, Germany",Nürnberg,Germany,,http://www.lacasadelcaffe.de/,shop@lacasadelcaffe.de,Inexpensive,4.7,,Cafe | Rated 4.7/5 (398 reviews),Google Places API (New)
Cafe Extrablatt,"Lorenzer Pl. 3A, 90402 Nürnberg, Germany",Nürnberg,Germany,0911 20292770,https://cafe-extrablatt.de/standorte/details/cafe-extrablatt-nuernberg,nuernberg@cafe-extrablatt.de,Moderate,4.3,,Cafe | Rated 4.3/5 (1442 reviews),Google Places API (New)
Espressolab,"Schillerstraße 14, 90409 Nürnberg, Germany",Nürnberg,Germany,0911 36692200,https://espresso-lab.de/,nuernberg@espressolab.com,Moderate,4.5,,"Industrial-chic operation in a historic venue serving hot & cold coffee, plus snacks & desserts. | Cafe | Rated 4.5/5 (1497 reviews)",Google Places API (New)
Cafe Regina,"Fürther Str. 64, 90429 Nürnberg, Germany",Nürnberg,Germany,0911 99934617,https://caferegina.de/,info@caferegina.de,Moderate,4.5,,Cafe | Rated 4.5/5 (807 reviews),Google Places API (New)
Di Simo - caffè e vini,"Trödelmarkt 5-7, 90403 Nürnberg, Germany",Nürnberg,Germany,,http://www.di-simo.de/index.php/bar.html,laura.haeberlein@di-simo.de,Inexpensive,4.7,,Cafe | Rated 4.7/5 (568 reviews),Google Places API (New)
Cafe Bar Katz,"Hans-Sachs-Platz 8, 90403 Nürnberg, Germany",Nürnberg,Germany,0911 23690526,http://www.cafe-bar-katz.de/,info@cafe-bar-katz.de,Moderate,4.5,,"Salads, soups, cream cakes & artisanal coffee at a retro-hip cafe with a sidewalk terrace. | Cafe | Rated 4.5/5 (1456 reviews)",Google Places API (New)
Café Wanderer & Bieramt,"Beim Tiergärtnertor 2-6, 90403 Nürnberg, Germany",Nürnberg,Germany,,http://www.cafe-wanderer.de/,info@cafe-wanderer.de,Inexpensive,4.7,,Bar | Rated 4.7/5 (1772 reviews),Google Places API (New)
NextDoor CoffeeClub,"Allersberger Str. 162, 90461 Nürnberg, Germany",Nürnberg,Germany,0911 43335523,http://www.nextdoor-coffeeclub.de/,info@nextdoor-coffeeclub.de,Inexpensive,4.8,,Cafe | Rated 4.8/5 (799 reviews),Google Places API (New)
PARKS Nürnberg,"Berliner Pl. 9, 90409 Nürnberg, Germany",Nürnberg,Germany,0911 80196371,http://www.parks-nuernberg.de/,info@parks-nuernberg.de,,4.5,,"Spacious events venue at a park with a cafe & a terrace, hosting events like concerts & weddings. | Event Venue | Rated 4.5/5 (1694 reviews)",Google Places API (New)
Espressolab,"Lorenzer Pl. 3, 90402 Nürnberg, Germany",Nürnberg,Germany,0911 36692200,https://www.espressolab.de/,nuernberg@espressolab.com,Inexpensive,4.5,,Cafe | Rated 4.5/5 (754 reviews),Google Places API (New)
Krummbeere,"Südliche Fürther Str. 31a, 90429 Nürnberg, Germany",Nürnberg,Germany,0176 91353699,,,Moderate,4.9,,Cafe | Rated 4.9/5 (418 reviews),Google Places API (New)
Caf (f) e Centrale Constantine,"Karlstraße 16, 90403 Nürnberg, Germany",Nürnberg,Germany,0176 32462383,https://m.facebook.com/Caffe-Bar-Centrale-Constantine--1660032914273315/?ref=bookmarks,,Inexpensive,4.8,,Cafe | Rated 4.8/5 (418 reviews),Google Places API (New)
White Bulldog Kaffeerösterei,"Hirschelgasse 1, 90403 Nürnberg, Germany",Nürnberg,Germany,0911 25347255,https://www.instagram.com/whitebulldog_roastery/,,Inexpensive,4.5,,Coffee Shop | Rated 4.5/5 (335 reviews),Google Places API (New)
Machhörndl Coffee: Espresso Brew Bar,"Brunnengasse 7, 90402 Nürnberg, Germany",Nürnberg,Germany,0911 13092743,http://www.machhoerndl-kaffee.de/,nutzer@beispiel.de,Inexpensive,4.7,,Coffee Shop | Rated 4.7/5 (909 reviews),Google Places API (New)
Sanders Steakhouse,"Längenstraße 10, 90491 Nürnberg-Ost, Germany",Nürnberg,Germany,0911 5109995,http://www.sanders.de/,,Expensive,4.7,,Steak House | Rated 4.7/5 (2200 reviews) | Expensive / upscale tier,Google Places API (New)
La Rustika,"Stresemannpl. 1, 90489 Nürnberg, Germany",Nürnberg,Germany,0911 5209952,http://www.la-rustika.com/,info@la-rustika.com,Expensive,4.7,,Steak House | Rated 4.7/5 (1256 reviews) | Expensive / upscale tier,Google Places API (New)
Zu den zwei goldenen Hirschen - Das kleine Steakhaus,"Äußere Bucher Str. 27, 90425 Nürnberg-Nordwestliche Außenstadt, Germany",Nürnberg,Germany,0911 37847747,http://zudenzweigoldenenhirschen.de/,,Expensive,4.6,,Steak House | Rated 4.6/5 (456 reviews) | Expensive / upscale tier,Google Places API (New)
Mike’s Steakhouse | Nürnberg,"Rothenburger Str. 479a, 90431 Nürnberg-West, Germany",Nürnberg,Germany,0911 9719547,http://www.mikes-steakhouse.de/,,Expensive,4.7,,Steak House | Rated 4.7/5 (910 reviews) | Expensive / upscale tier,Google Places API (New)
Gusto Natural Steakrestaurant Nürnberg,"Bürgweg 25, 90482 Nürnberg-Ost, Germany",Nürnberg,Germany,0911 148703020,https://gustonatural.de/,info@gustonatural.de,,4.7,,Steak House | Rated 4.7/5 (523 reviews),Google Places API (New)
Steak-Point im Karstadt,"Altstadt - St. Lorenz, 90403 Nürnberg, Germany",Nürnberg,Germany,0911 2130,,,Expensive,4.7,,Restaurant | Rated 4.7/5 (261 reviews) | Expensive / upscale tier,Google Places API (New)
Restaurant Steinplatte Nürnberg,"Haydnstraße 15, 90491 Nürnberg, Germany",Nürnberg,Germany,0911 60078061,https://steinplatte-nuernberg.de/,steinplatte.nbg@gmail.com,Expensive,4.8,,Restaurant | Rated 4.8/5 (413 reviews) | Expensive / upscale tier,Google Places API (New)
moritz Steak & Burger Restaurant Nürnberg,"Rieterstraße 15, 90419 Nürnberg, Germany",Nürnberg,Germany,0911 32266309,https://moritz-steakhouse-nuernberg.de/,moritz-nuernberg@mail.de,Moderate,4.7,,Steak House | Rated 4.7/5 (586 reviews),Google Places API (New)
Der Höfener Garten,"Höfener Str. 184, 90431 Nürnberg-West, Germany",Nürnberg,Germany,0911 324530,https://hoefener-garten.de/,info@hoefener-garten.de,,4.5,,"Laid-back family-run hotel built in 1888 offering free breakfast, a beer garden & a steakhouse. | Hotel | Rated 4.5/5 (321 reviews)",Google Places API (New)
K6 Grillhouse Fürth,"Kirchenstraße 6, 90762 Fürth, Germany",Fürth,Germany,0911 78062760,http://www.k6-grillhouse.de/,mail@k6-grillhouse.de,Expensive,4.7,,Restaurant | Rated 4.7/5 (885 reviews) | Expensive / upscale tier,Google Places API (New)
Hunger & Durst Grill Company GmbH,"Rilkestraße 16, 90419 Nürnberg, Germany",Nürnberg,Germany,0911 3677508,http://www.hungerunddurst.info/,,Expensive,4.4,,Steak House | Rated 4.4/5 (238 reviews) | Expensive / upscale tier,Google Places API (New)
BOOGIE'S BBQ SMOKEHOUSE,"Anfahrt über Vogelweiherstrasse 60, Eschenstraße 25, 90441 Nürnberg, Germany",Nürnberg,Germany,0911 94933920,http://www.boogiesbbq.com/,,Moderate,4.7,,Pulled pork sandwiches & Memphis-style BBQ ribs at a joint with picnic tables & bare-brick walls. | Barbecue Restaurant | Rated 4.7/5 (2839 reviews),Google Places API (New)
Park Central - Steakhaus und Grillrestaurant,"Hauptstraße 22, 90530 Wendelstein, Germany",Wendelstein,Germany,09129 908028,https://www.park-central.de/,kontakt@park-central.de,Expensive,4.7,,Restaurant | Rated 4.7/5 (913 reviews) | Expensive / upscale tier,Google Places API (New)
Bar1grillrestaurant Steakhaus,"Rathauspl. 1, 90513 Zirndorf, Germany",Zirndorf,Germany,0911 9601812,https://bar1grillrestaurant.de/,info@bar1grillrestaurant.de,Expensive,4.9,,Restaurant | Rated 4.9/5 (544 reviews) | Expensive / upscale tier,Google Places API (New)
Mevlana Restaurant,"Gostenhofer Hauptstraße 18, 90443 Nürnberg, Germany",Nürnberg,Germany,0911 2744411,https://www.mevlana-restaurant.de/,info@mevlana-restaurant.de,Moderate,4.7,,"Doner kebabs, chargrilled meats & vegetarian options, plus Turkish tea, in a casual space. | Turkish Restaurant | Rated 4.7/5 (3602 reviews)",Google Places API (New)
Our Place - Barbecue & Cocktailhouse,"Beim Liershof 3, 90762 Fürth, Germany",Fürth,Germany,0911 7809881,https://www.ourplace-fuerth.de/,info@ourplace-fuerth.de,Moderate,4.8,,Bar & Grill | Rated 4.8/5 (2168 reviews),Google Places API (New)
Rauchfang - Erlangen,"Bismarckstraße 15, 91054 Erlangen, Germany",Erlangen,Germany,09131 23236,http://www.rauchfang-erlangen.de/,,Expensive,4.7,,Steak House | Rated 4.7/5 (873 reviews) | Expensive / upscale tier,Google Places API (New)
Restaurant Balkan Grill,"Hummelsteiner Weg 55, 90459 Nürnberg, Germany",Nürnberg,Germany,0911 3684084,http://www.balkangrill-nürnberg.de/,,Moderate,4.7,,Cozy Serbian restaurant offering a variety of grilled dishes & drinks from the Balkan region | Restaurant | Rated 4.7/5 (1428 reviews),Google Places API (New)
Zur Ofenplatt'n,"Nürnberger Str. 19, 90530 Wendelstein, Germany",Wendelstein,Germany,09129 9081505,http://www.zur-ofenplattn.de/,,Moderate,4.8,,Steak House | Rated 4.8/5 (276 reviews),Google Places API (New)
Kokono Nürnberg,"Luitpoldstraße 7, 90402 Nürnberg, Germany",Nürnberg,Germany,0911 24293399,https://kokono-restaurant.de/nuernberg/,info@kokono-restaurant.de,Moderate,4.7,,"Modern Asian cuisine, sushi & apéritifs served in a unique dining room with nautical wood decor. | Restaurant | Rated 4.7/5 (3121 reviews)",Google Places API (New)
KORNS BAR RESTAURANT EVENTS,"Kornmarkt 5-7, 90402 Nürnberg, Germany",Nürnberg,Germany,0911 23488680,https://www.korns-nuernberg.de/,info@korn-s.de,,4.7,,Event Venue | Rated 4.7/5 (546 reviews),Google Places API (New)
Treehouse Restaurant Erlangen,"Allee am Röthelheimpark 41, 91052 Erlangen, Germany",Erlangen,Germany,09131 6131000,https://treehouse-erlangen.de/,info@treehouse-erlangen.de,Expensive,4.6,,Restaurant | Rated 4.6/5 (426 reviews) | Expensive / upscale tier,Google Places API (New)
Steak und Wein Allegro,"Kirchenweg 67, 90419 Nürnberg, Germany",Nürnberg,Germany,0911 48942278,https://steak-und-wein-allegro.gitlab.io/,steak.wein.allegro@online.de,Expensive,2.1,,Steak House | Rated 2.1/5 (63 reviews) | Expensive / upscale tier,Google Places API (New)
Tre Mare,"Leyher Str. 103, 90431 Nürnberg, Germany",Nürnberg,Germany,0911 32377166,http://tre-mare.de/,,,4.6,,Food Store | Rated 4.6/5 (122 reviews),Google Places API (New)
Il Pescatore GmbH - Der Fischspezialist,"Nimrodstraße 25, 90441 Nürnberg-Süd, Germany",Nürnberg,Germany,0911 9401967,http://www.ilpescatore.info/,,,4.6,,Food Store | Rated 4.6/5 (123 reviews),Google Places API (New)
Fishismuss,"Pillenreuther Str. 65, 90459 Nürnberg, Germany",Nürnberg,Germany,0911 25304329,http://www.fishismuss.de/,kontakt@fishismuss.de,Moderate,5,,Takeout Restaurant | Rated 5/5 (529 reviews),Google Places API (New)
Fisch Halbmair,"Bismarckstraße 11, 90491 Nürnberg, Germany",Nürnberg,Germany,0911 550627,http://www.fisch-halbmair.de/,halbmair@arcor.de,,4.5,,Food Store | Rated 4.5/5 (289 reviews),Google Places API (New)
NORDSEE Nürnberg Hefnerplatz,"Hefnerspl. 12, 90402 Nürnberg, Germany",Nürnberg,Germany,0911 2110642,https://www.nordsee.com/de/,nordsee@nordsee.com,Moderate,4,,Restaurant | Rated 4/5 (1162 reviews),Google Places API (New)
Bootshaus Nürnberg,"Bayernstraße 136, 90478 Nürnberg-Südöstliche Außenstadt, Germany",Nürnberg,Germany,0911 402250,https://www.bootshaus-nbg.de/,mail@bootshaus-nbg.de,,4.7,,Event Venue | Rated 4.7/5 (689 reviews),Google Places API (New)
Fish Point @ Karstadt,"Karolinenstraße 12, 90402 Nürnberg, Germany",Nürnberg,Germany,,,,Moderate,4.3,,Restaurant | Rated 4.3/5 (10 reviews),Google Places API (New)
EssKultur Restaurant Hannover | Fine Dining | Catering,"Voßstraße 51, 30163 Hannover, Germany",Hannover,Germany,0511 98425158,http://www.esskultur-hannover.de/,gf@esskultur-hannover.de,Very Expensive,4.9,,Restaurant | Rated 4.9/5 (185 reviews) | Very expensive / luxury tier,Google Places API (New)
VOTUM,"Hannah-Arendt-Platz 1, 30159 Hannover, Germany",Hannover,Germany,0511 30302412,https://www.vo-tum.de/,info@vo-tum.de,Very Expensive,4.5,,Fine Dining Restaurant | Rated 4.5/5 (115 reviews) | Very expensive / luxury tier,Google Places API (New)
Jante,"Marienstraße 116, 30171 Hannover-Südstadt-Bult, Germany",Hannover,Germany,0511 54555606,https://jante-restaurant.de/,info@jante-restaurant.de,Very Expensive,4.6,,Fine Dining Restaurant | Rated 4.6/5 (377 reviews) | Very expensive / luxury tier,Google Places API (New)
6 Sinne Sky Bar and Restaurant,"Heiligerstraße 15 -16, 30159 Hannover, Germany",Hannover,Germany,0511 47388038,http://www.6sinne-hannover.de/,info@6sinne-hannover.de,Expensive,4.6,,"Seasonal dishes & wine served in a relaxed, spacious venue with a rooftop terrace & city views. | Bar & Grill | Rated 4.6/5 (2538 reviews) | Expensive / upscale tier",Google Places API (New)
The Wild Duck,"Podbielskistraße 167, 30177 Hannover-Vahrenwald-List, Germany",Hannover,Germany,0511 84868464,http://www.thewildduck.de/,contact@thewildduck.de,Very Expensive,4.8,,Fine Dining Restaurant | Rated 4.8/5 (333 reviews) | Very expensive / luxury tier,Google Places API (New)
Restaurant Handwerk,"Altenbekener Damm 17, 30173 Hannover-Südstadt-Bult, Germany",Hannover,Germany,0511 26267588,http://www.handwerk-hannover.com/,event@handwerk-hannover.com,Very Expensive,4.8,,Fine Dining Restaurant | Rated 4.8/5 (392 reviews) | Very expensive / luxury tier,Google Places API (New)
Roy’s Restaurant,"Volgersweg 50, 30175 Hannover, Germany",Hannover,Germany,0511 89767671,http://www.roys-hannover.de/,info@roys-hannover.de,Expensive,4.8,,Polished outfit with a covered terrace offering Italian dishes & an extensive wine list. | Restaurant | Rated 4.8/5 (792 reviews) | Expensive / upscale tier,Google Places API (New)
Restaurant AL DAR,"Königstraße 3, 30175 Hannover, Germany",Hannover,Germany,0511 8984994,https://aldar.de/restaurant/hannover/,hannover@aldar.de,Expensive,4.5,,"Traditionally decorated venue with a courtyard, offering Syrian-style meze, meat grills & shisha. | Restaurant | Rated 4.5/5 (3398 reviews) | Expensive / upscale tier",Google Places API (New)
VINCE Vinoteca & Ristorante,"An d. Börse 4, 30159 Hannover, Germany",Hannover,Germany,0511 89734433,https://vince-hannover.de/,info@vince-hannover.de,Expensive,4.8,,Mediterranean Restaurant | Rated 4.8/5 (571 reviews) | Expensive / upscale tier,Google Places API (New)
Restaurant MARIE,"Wedekindpl. 1, 30161 Hannover, Germany",Hannover,Germany,0511 65399074,http://www.restaurantmarie.de/,,Very Expensive,4.7,,Fine Dining Restaurant | Rated 4.7/5 (420 reviews) | Very expensive / luxury tier,Google Places API (New)
Restaurant Schorse - im Leineschloss,"Hannah-Arendt-Platz 1, 30159 Hannover, Germany",Hannover,Germany,0511 30302411,http://www.schorse-im-leineschloss.de/,info@burgkoenigsworth.de,Expensive,4.7,,Restaurant | Rated 4.7/5 (241 reviews) | Expensive / upscale tier,Google Places API (New)
Restaurant Titus im Röhrbein,"Joachimstraße 6, 30159 Hannover, Germany",Hannover,Germany,0511 835524,http://www.restaurant-titus.com/,restaurant-titus@t-online.de,Very Expensive,4.5,,"Creatively plated, seasonal cuisine in an intimate, white-walled space hung with colorful art. | Restaurant | Rated 4.5/5 (251 reviews) | Very expensive / luxury tier",Google Places API (New)
Funky Kitchen,"Boulevard d. Eu 8, 30539 Hannover-Kirchrode-Bemerode-Wülferode, Germany",Hannover,Germany,0511 2776696,https://www.funky.kitchen/,fiene@funky-kitchen.de,Expensive,4.7,,Restaurant | Rated 4.7/5 (479 reviews) | Expensive / upscale tier,Google Places API (New)
Beef and Reef - Hannover,"Oesterleystraße 1, 30171 Hannover, Germany",Hannover,Germany,0511 54356738,http://beefandreef.de/,mail@beefandreef.de,Expensive,4.7,,"Fish, seafood, steaks with sauces & rich desserts at a chic contemporary restaurant with a terrace. | Steak House | Rated 4.7/5 (1037 reviews) | Expensive / upscale tier",Google Places API (New)
Lindenblatt 800°,"Schuhstraße 11, 30159 Hannover, Germany",Hannover,Germany,0511 12367734,http://www.lindenblatt-linden.de/,info@lindenblatt-linden.de,Very Expensive,4.7,,Restaurant | Rated 4.7/5 (647 reviews) | Very expensive / luxury tier,Google Places API (New)
Restaurant Mohn *,"Hauptstraße 25, 31559 Hohnhorst, Germany",Hohnhorst,Germany,01514 4995177,https://restaurantmohn.de/,info@restaurantmohn.de,Very Expensive,5,,Fine Dining Restaurant | Rated 5/5 (301 reviews) | Very expensive / luxury tier,Google Places API (New)
BECKERS Restaurant und Weinbar,"Bödekerstraße 43, 30161 Hannover, Germany",Hannover,Germany,0511 3364006,https://www.beckers-hannover.de/,info@beckers-hannover.de,Expensive,4.7,,German Restaurant | Rated 4.7/5 (668 reviews) | Expensive / upscale tier,Google Places API (New)
Rüpel,"Kötnerholzweg 30, 30451 Hannover, Germany",Hannover,Germany,0172 1586752,http://www.ruepel.bar/,info@ruepel.events,Very Expensive,4.9,,Vegan Restaurant | Rated 4.9/5 (328 reviews) | Very expensive / luxury tier,Google Places API (New)
Ristorante Weinstube Leonardo,"Sophienstraße 6, 30159 Hannover, Germany",Hannover,Germany,0511 321033,http://www.weinstube-leonardo.de/,info@weinstube-leonardo.de,Expensive,4.8,,"Traditional Italian seafood, meats & pasta dishes plus a long wine list in a venue dating to 1880. | Italian Restaurant | Rated 4.8/5 (361 reviews) | Expensive / upscale tier",Google Places API (New)
TresOr Restaurant & Bar,"Prüßentrift 61, 30657 Hannover, Germany",Hannover,Germany,0511 5247520,http://www.tresor-hannover.com/,office@tresor-hannover.com,Very Expensive,4.6,,Asian Fusion Restaurant | Rated 4.6/5 (581 reviews) | Very expensive / luxury tier,Google Places API (New)
7 Paintings - Hannover,"Postkamp 10, 30159 Hannover, Germany",Hannover,Germany,069 34875967,https://7paintings.com/Hannover,info@7paintings.com,Very Expensive,4.7,,Restaurant | Rated 4.7/5 (86 reviews) | Very expensive / luxury tier,Google Places API (New)
Restaurant Tropeano Di-Vino GmbH,"Kleiner Hillen 4, 30559 Hannover-Kirchrode-Bemerode-Wülferode, Germany",Hannover,Germany,0511 3533138,http://www.restaurant-tropeano.de/,restaurant-tropeano@gmx.de,Expensive,4.8,,Italian Restaurant | Rated 4.8/5 (395 reviews) | Expensive / upscale tier,Google Places API (New)
Restaurant Brunnenhof,"Ernst-August-Platz 4, 30159 Hannover, Germany",Hannover,Germany,0511 36830,https://restaurantbrunnenhof.de/?utm_source=google&utm_medium=organic&utm_campaign=gbp-profile,mail@centralhotel.de,Expensive,4.5,,Creative regional dishes with classic flavors & local wines in a rustic space with terrace tables. | German Restaurant | Rated 4.5/5 (419 reviews) | Expensive / upscale tier,Google Places API (New)
Gallo Nero,"Groß-Buchholzer Kirchweg 72, 30655 Hannover-Buchholz-Kleefeld, Germany",Hannover,Germany,0511 5463434,http://www.gallo-nero-hannover.com/,info@gallo-nero-hannover.com,Expensive,4.7,,"Cozy trattoria with wood beams, exposed bricks & a terrace, serving pizza, pastas & Italian mains. | Italian Restaurant | Rated 4.7/5 (785 reviews) | Expensive / upscale tier",Google Places API (New)
Gondel Restaurant & Bar im Georgspalast,"Georgstraße 36, 30159 Hannover, Germany",Hannover,Germany,0511 30186767,http://www.restaurant-gondel.de/,,Expensive,4.2,,"Creative, seasonal German cuisine in a storied, trendy restaurant popular with theatergoers. | Restaurant | Rated 4.2/5 (179 reviews) | Expensive / upscale tier",Google Places API (New)
Restaurant & Weinbar Enrico Leone,"Königstraße 46, 30175 Hannover, Germany",Hannover,Germany,0511 3885345,http://www.enrico-leone.com/,info@enrico-leone.de,Very Expensive,4.6,,Restaurant | Rated 4.6/5 (153 reviews) | Very expensive / luxury tier,Google Places API (New)
Botticelli Ristorante,"Sutelstraße 70, 30659 Hannover-Bothfeld-Vahrenheide, Germany",Hannover,Germany,0511 27018360,http://www.botticelli-hannover.de/,info@botticelli-hannover.de,Expensive,4.8,,Italian Restaurant | Rated 4.8/5 (661 reviews) | Expensive / upscale tier,Google Places API (New)
Berggasthaus Niedersachsen,"Köthnerberg 4, 30989 Gehrden, Germany",Gehrden,Germany,05108 3101,http://www.berggasthaus-niedersachsen.de/,info@berggasthaus-niedersachsen.de,Expensive,4.5,,Restaurant | Rated 4.5/5 (486 reviews) | Expensive / upscale tier,Google Places API (New)
OutbaX Spirit,"Groß-Buchholzer Kirchweg 68, 30655 Hannover, Germany",Hannover,Germany,0511 578251,http://www.outbaxspirit.de/,info@outbaxspirit.de,Expensive,4.7,,Restaurant | Rated 4.7/5 (1590 reviews) | Expensive / upscale tier,Google Places API (New)
Gasthaus Lege,"Engenser Str. 2, 30938 Burgwedel-Thönse, Germany",Burgwedel,Germany,05139 8233,http://www.gasthaus-lege.de/,info@gasthaus-lege.de,Very Expensive,4.8,,German Restaurant | Rated 4.8/5 (161 reviews) | Very expensive / luxury tier,Google Places API (New)
LaSall Weinbar & Restaurant,"Sallstraße 79, 30171 Hannover-Südstadt-Bult, Germany",Hannover,Germany,0511 816663,https://www.lasall-hannover.de/,hello@lasall-hannover.de,Expensive,4.5,,Restaurant | Rated 4.5/5 (647 reviews) | Expensive / upscale tier,Google Places API (New)
LewensLust Hildesheim,"Galgenberg 2, 31141 Hildesheim, Germany",Hildesheim,Germany,05121 9815641,https://www.lewenslust-hildesheim.de/?utm_campaign=google_profil&utm_source=google_profil&utm_medium=organic,info@lewenslust-hildesheim.de,Expensive,4.6,,Restaurant | Rated 4.6/5 (936 reviews) | Expensive / upscale tier,Google Places API (New)
Ristorante Francesca,"Krausenstraße 55, 30171 Hannover-Südstadt-Bult, Germany",Hannover,Germany,0511 51998586,http://www.ristorante-francesca-hannover.eatbu.com/,,Expensive,4.5,,Restaurant | Rated 4.5/5 (124 reviews) | Expensive / upscale tier,Google Places API (New)
Beckmanns Weinhaus Restaurant,"Calenberger Str. 12, 30169 Hannover, Germany",Hannover,Germany,0511 1316891,http://www.beckmanns-weinhaus.de/,info@beckmanns-weinhaus.de,Expensive,4.4,,Italian Restaurant | Rated 4.4/5 (200 reviews) | Expensive / upscale tier,Google Places API (New)
bona'me Hannover,"Am Hohen Ufer 5, 30159 Hannover, Germany",Hannover,Germany,0511 12376880,https://boname.coperte.de/,,Moderate,4.8,,"Informal self-service restaurant offering Turkish cuisine & breakfast in a bright, industrial space. | Middle Eastern Restaurant | Rated 4.8/5 (3615 reviews)",Google Places API (New)
Soli de Gloria,"Seilwinderstraße 1, 30159 Hannover, Germany",Hannover,Germany,0511 515445033,https://gloria-hannover.de/,,Moderate,4.8,,Restaurant | Rated 4.8/5 (1182 reviews),Google Places API (New)
Bavarium Hannover,"Windmühlenstraße 6, 30159 Hannover, Germany",Hannover,Germany,0511 323600,https://www.bavarium.de/de/?mtm_campaign=google_mb&mtm_source=google&mtm_medium=organic,info@bavarium.de,Moderate,4.4,,"Flammkuchen & schnitzels, plus Sunday brunch, in a traditional, wood-clad tavern with a beer garden. | Restaurant | Rated 4.4/5 (5861 reviews)",Google Places API (New)
VOI - Bar e Cuisine,"Joachimstraße 8, 30159 Hannover, Germany",Hannover,Germany,015560 723929,https://voi-hannover.de/,info@voi-hannover.de,Expensive,4.8,,Restaurant | Rated 4.8/5 (825 reviews) | Expensive / upscale tier,Google Places API (New)
Sesam Restaurant,"Große Packhofstraße 27, 30159 Hannover, Germany",Hannover,Germany,0511 76351524,https://sesamrestaurant.de/,sesamrestaurant1@gmail.com,Moderate,4.7,,Middle Eastern Restaurant | Rated 4.7/5 (978 reviews),Google Places API (New)
Stadtmauer am Fluss,"Burgstraße 14A, 30159 Hannover, Germany",Hannover,Germany,0511 99987451,https://stadtmauer-hannover.de/index.php,,Moderate,4.6,,Restaurant | Rated 4.6/5 (1507 reviews),Google Places API (New)
Brauhaus Ernst August,"Schmiedestraße 13, 30159 Hannover, Germany",Hannover,Germany,0511 365950,http://www.brauhaus.net/,info@brauhaus.net,Moderate,4.4,,"Stalwart pub & biergarten serving traditional German cuisine, with brewery tours & live music. | Restaurant | Rated 4.4/5 (6837 reviews)",Google Places API (New)
KUHnstWERK,"Röselerstraße 7, 30159 Hannover, Germany",Hannover,Germany,0511 35344522,http://www.kuhnstwerk.com/,info@kuhnstwerk.com,Moderate,4.3,,"Cool, industrial-style restaurant with a terrace plating jumbo meat & veggie burgers, plus shakes. | Hamburger Restaurant | Rated 4.3/5 (3720 reviews)",Google Places API (New)
Meteora,"Hamburger Allee 37, 30161 Hannover, Germany",Hannover,Germany,0511 315237,http://www.meteora-hannover.de/,info@meteora-hannover.de,Moderate,4.7,,"Classic Mediterranean cuisine, including grilled meats & salad, in a mod setting with a clubby vibe. | Greek Restaurant | Rated 4.7/5 (4191 reviews)",Google Places API (New)
Max Walloschke,"Lange Laube 2, 30159 Hannover, Germany",Hannover,Germany,0511 13607,http://max-walloschke.de/,info@max-walloschke.de,Moderate,4.7,,"Long-standing restaurant with sidewalk tables, serving up sausages, schnitzels, steaks & salads. | German Restaurant | Rated 4.7/5 (1190 reviews)",Google Places API (New)
Broyhan Haus,"Kramerstraße 24, 30159 Hannover, Germany",Hannover,Germany,0511 323919,http://www.broyhanhaus.de/,support@webador.de,Moderate,4.4,,"Traditional pork knuckle & beef roulade in cozy, wood-lined rooms or a vaulted cellar. | German Restaurant | Rated 4.4/5 (2170 reviews)",Google Places API (New)
Pier 51,"Rudolf-von-Bennigsen-Ufer 51, 30173 Hannover-Südstadt-Bult, Germany",Hannover,Germany,0511 8071800,http://www.pier51.de/,info@pier51.de,Moderate,4.3,,"Salads, pasta & fish dishes at a light-filled restaurant overlooking the lake, plus a beer garden. | Restaurant | Rated 4.3/5 (3895 reviews)",Google Places API (New)
Öz Urfa Kebap Salonu,"Goethestraße 8, 30169 Hannover, Germany",Hannover,Germany,0511 1319079,http://www.oezurfa.de/,info@oezurfa.de,Moderate,4.7,,"Casual eatery serving classic Turkish kebabs, small plates & wood-fired options, plus desserts. | Turkish Restaurant | Rated 4.7/5 (2405 reviews)",Google Places API (New)
Rotonda,"Kröpckepassage 15, 30159 Hannover, Germany",Hannover,Germany,0511 324104,http://www.ristorante-rotonda.de/,ristorante-rotonda@gmx.de,,4.1,,Pasta & other traditional Italian dishes served in a well-lit atrium with a glass dome roof. | Restaurant | Rated 4.1/5 (1304 reviews),Google Places API (New)
[hof:geflüster] - Hannover,"Ballhofpl. 1, 30159 Hannover, Germany",Hannover,Germany,0511 99999694,http://www.hofgeflüster.com/,,Moderate,4.4,,Restaurant | Rated 4.4/5 (1097 reviews),Google Places API (New)
Enchilada Hannover,"Knochenhauerstr. 36, 30159 Hannover, Germany",Hannover,Germany,0511 80391100,https://www.enchilada.de/restaurants/hannover/,hannover@enchilada.de,Moderate,4.2,,Mexican Restaurant | Rated 4.2/5 (3484 reviews),Google Places API (New)
Urfa Sofrası,"Nordmannpassage 2, 30159 Hannover, Germany",Hannover,Germany,0511 45010080,https://www.urfa-sofrasi.de/,,Moderate,4.5,,Turkish Restaurant | Rated 4.5/5 (2052 reviews),Google Places API (New)
Albertz.,"Hinüberstraße 6, 30175 Hannover, Germany",Hannover,Germany,0511 3495253,https://schweizerhof-hannover.de/albertz-genuss-in-bester-lage/,znvy@qg-unaabire.qr,Expensive,4.7,,Restaurant | Rated 4.7/5 (191 reviews) | Expensive / upscale tier,Google Places API (New)
Boca Chica Restaurant,"Oeltzenstraße 12, 30169 Hannover, Germany",Hannover,Germany,0511 2285556,http://www.restaurantbocachica.de/,info@restaurantbocachica.de,Moderate,4.4,,"Spicy meat & fish dishes from the Dominican Republic, plus Caribbean cocktails, at a stylish eatery. | Caribbean Restaurant | Rated 4.4/5 (1087 reviews)",Google Places API (New)
Tarboosh Restaurant,"Schillerstraße 34, 30159 Hannover, Germany",Hannover,Germany,0176 41445112,,,Inexpensive,4.4,,Restaurant | Rated 4.4/5 (175 reviews),Google Places API (New)
Vince Trattoria,"Hildesheimer Str. 114, 30173 Hannover-Südstadt-Bult, Germany",Hannover,Germany,0511 23582164,https://www.vince-trattoria.de/,info@vince-trattoria.de,Expensive,4.8,,Restaurant | Rated 4.8/5 (116 reviews) | Expensive / upscale tier,Google Places API (New)
Resso’s Café | Restaurant | Lebenskultur,"Ernst-August-Platz 10, 30159 Hannover, Germany",Hannover,Germany,0511 76352830,http://ressos-hannover.de/,,Moderate,4.7,,"Pizza, steak & cocktails at an expansive, glass-ceilinged courtyard bar in a 19th-century palazzo. | Italian Restaurant | Rated 4.7/5 (1152 reviews)",Google Places API (New)
HANS IM GLÜCK - HANNOVER Limhof,"Limburgstraße 2, 30159 Hannover, Germany",Hannover,Germany,0511 51522101,https://hansimglueck-burgergrill.de/burger-restaurant/hannover-limhof/?utm_source=google&utm_medium=yext&utm_campaign=92,limhof@hansimglueck.de,Moderate,4.3,,Hamburger Restaurant | Rated 4.3/5 (2095 reviews),Google Places API (New)
"12 Apostel – Restaurant, Veranstaltungsraum & Hochzeitslocation","Pelikanpl. 2/4, 30177 Hannover-Vahrenwald-List, Germany",Hannover,Germany,0511 2288640,http://www.12apostel-hannover.de/,info@12apostel-hannover.de,,4.4,,Event Venue | Rated 4.4/5 (2060 reviews),Google Places API (New)
PLAY OFF,"Ernst-August-Platz 2, 30159 Hannover, Germany",Hannover,Germany,0511 5684990,http://www.play-off-hannover.de/,info@play-off-hannover.de,Moderate,4.1,,American Restaurant | Rated 4.1/5 (2270 reviews),Google Places API (New)
6 Sinne Riverside,"Burgstraße 14A, 30159 Hannover, Germany",Hannover,Germany,0511 99987452,https://www.6sinne-riverside.de/,,Expensive,4.7,,Restaurant | Rated 4.7/5 (511 reviews) | Expensive / upscale tier,Google Places API (New)
Little Cortile,"Goethestraße 22, 30169 Hannover, Germany",Hannover,Germany,0511 47396083,http://www.little-cortile.de/,info@little-cortile.de,Moderate,4.5,,Restaurant | Rated 4.5/5 (400 reviews),Google Places API (New)
Restaurant Teichhûs Hannover,"Wilkenburger Str. 32, 30519 Hannover-Döhren-Wülfel, Germany",Hannover,Germany,0511 89714893,http://www.teichhues.de/,info@teichhues.de,Moderate,4.4,,Restaurant | Rated 4.4/5 (1803 reviews),Google Places API (New)
Face Sushi Restaurant & Bar,"Goseriede 4, 30159 Hannover, Germany",Hannover,Germany,0511 70812956,https://www.facesushi.de/,info@facesushi.de,Moderate,4.7,,"Elevated sushi & other Japanese specialties in a cool, exposed-brick venue with a cozy atmosphere. | Sushi Restaurant | Rated 4.7/5 (1857 reviews)",Google Places API (New)
Kytaro,"Wülferoder Str. 8, 30539 Hannover-Kirchrode-Bemerode-Wülferode, Germany",Hannover,Germany,0511 525252,http://www.kytaro-der-grieche.de/,,Moderate,4.7,,"Classic Greek meze & baked dishes, plus fish & meat grills in a modern space with patio tables. | Greek Restaurant | Rated 4.7/5 (2627 reviews)",Google Places API (New)
Nasim Banoo Café & Restaurant - Hannover,"Nordmannpassage 10, 30159 Hannover, Germany",Hannover,Germany,0179 3718659,https://nasimbanoo.online-karte.com/nasimbanoo,,Moderate,4.8,,Persian Restaurant | Rated 4.8/5 (639 reviews),Google Places API (New)
Rembetiko,"Brabeckstraße 168, 30539 Hannover-Kirchrode-Bemerode-Wülferode, Germany",Hannover,Germany,0511 12374152,http://www.rembetiko-hannover.de/,info@rembetiko-hannover.de,Moderate,4.7,,Greek Restaurant | Rated 4.7/5 (2446 reviews),Google Places API (New)
Cafe & Bar Celona Hannover Altstadt,"Knochenhauerstr. 42, 30159 Hannover, Germany",Hannover,Germany,0511 51521166,https://celona.de/cafe-bar-celona-hannover-altstadt,hannover@cafe-bar-celona.de,Moderate,4,,Cafe | Rated 4/5 (3131 reviews),Google Places API (New)
Masa Restaurant,"Georgstraße 50B, 30159 Hannover, Germany",Hannover,Germany,0511 3530793,http://www.masa-hannover.de/,karimaahmadiar1660@gmail.com,Moderate,4.4,,"Eatery with floor & table seating, plus a terrace, for Afghan rice dishes, dumplings & meat plates. | Afghan restaurant | Rated 4.4/5 (1505 reviews)",Google Places API (New)
Café Kröpcke,"Georgstraße 35, 30159 Hannover, Germany",Hannover,Germany,0511 32628445,https://marche-restaurants.de/standort/cafe-kroepcke/,moevenpick-kroepcke-office@marche-int.com,Moderate,4.1,,Restaurant | Rated 4.1/5 (3164 reviews),Google Places API (New)
Drip Burger,"Nikolaistraße 1, 30159 Hannover, Germany",Hannover,Germany,01522 3076591,https://www.instagram.com/dripburger.hannover/,,Moderate,4.4,,Hamburger Restaurant | Rated 4.4/5 (1907 reviews),Google Places API (New)
Aresto - Griechisches Restaurant,"Klostergang 2, 30159 Hannover, Germany",Hannover,Germany,0511 323759,http://www.aresto.de/,restaurant@aresto.de,Moderate,4.6,,Greek Restaurant | Rated 4.6/5 (1430 reviews),Google Places API (New)
Loretta's,"Culemannstraße 14, 30169 Hannover, Germany",Hannover,Germany,0511 5905780,http://www.lorettas-hannover.de/,post@lorettas-hannover.de,Moderate,4.5,,"Steaks & pasta, plus coffee, cake & draft beer, at outdoor tables in a park setting. | Restaurant | Rated 4.5/5 (772 reviews)",Google Places API (New)
Restaurant Delikato,"Münzstraße 5, 30159 Hannover, Germany",Hannover,Germany,0511 21347477,,,Moderate,4.3,,Turkish Restaurant | Rated 4.3/5 (535 reviews),Google Places API (New)
Waffel Dream - Hannover,"Lange Laube 19, 30159 Hannover, Germany",Hannover,Germany,01523 6368517,https://place-order.de/waffel-dream/,info@order.com,Moderate,4.5,,Breakfast Restaurant | Rated 4.5/5 (1112 reviews),Google Places API (New)
BBQ-The Finest Steakhouse GmbH,"Hainhölzer Str. 1, 30159 Hannover, Germany",Hannover,Germany,0511 79090741,http://www.bbq-steakhouse.de/,Info@bbq-steakhouse.de,,4.7,,Steak House | Rated 4.7/5 (1110 reviews),Google Places API (New)
VAPIANO Hannover Heiligerstraße,"Heiligerstraße 3, 30159 Hannover, Germany",Hannover,Germany,0511 35395988,https://www.vapiano.de/hannover-heiligerstrasse?utm_campaign=google_profil&utm_source=google&utm_medium=organic&utm_term=hannover,hannover1@vapiano.de,Moderate,3.8,,"Laid-back restaurant featuring made-to-order fresh pasta dishes, along with pizza & salad. | Restaurant | Rated 3.8/5 (3370 reviews)",Google Places API (New)
La Forchetta,"Geibelpl. 1, 30173 Hannover-Südstadt-Bult, Germany",Hannover,Germany,0511 8503808,https://www.forchetta-hannover.de/,mail@forchetta-hannover.de,Expensive,4.8,,Restaurant | Rated 4.8/5 (797 reviews) | Expensive / upscale tier,Google Places API (New)
Kebapci Musa Hannover,"Otto-Brenner-Straße 8, 30159 Hannover, Germany",Hannover,Germany,0511 94002013,https://deinvirtuellerrundgang.de/2024/kebapci-musa,,Moderate,4.6,,Turkish Restaurant | Rated 4.6/5 (758 reviews),Google Places API (New)
Reimanns Eck,"Lister Meile 26, 30161 Hannover, Germany",Hannover,Germany,0511 313530,https://reimanns-eck.de/,reservierung@reimanns-eck.de,Moderate,4.4,,Restaurant | Rated 4.4/5 (1484 reviews),Google Places API (New)
Ruenthai Restaurant Hannover,"Lavesstraße 79, 30159 Hannover, Germany",Hannover,Germany,0511 328999,http://ruenthai.de/,info@ruenthai.de,Moderate,4.6,,Thai Restaurant | Rated 4.6/5 (1078 reviews),Google Places API (New)
Hoflokal,"Adenauerallee 1, 30175 Hannover, Germany",Hannover,Germany,0511 93677700,https://www.hoflokal.de/,info@hoflokal.de,Moderate,3.8,,Restaurant | Rated 3.8/5 (848 reviews),Google Places API (New)
Costas Greek Taverna,"Waldstraße 13, 30163 Hannover-Vahrenwald-List, Germany",Hannover,Germany,0511 697103,http://www.costas-taverne.de/,,Moderate,4.8,,Greek Restaurant | Rated 4.8/5 (1584 reviews),Google Places API (New)
Buddha Bowl Hannover,"Pferdestraße 11, 30159 Hannover, Germany",Hannover,Germany,0511 22863444,https://sites.google.com/buddhabowl-hannover-sushi-indochine-cuisine.com/buddhabowl-hannover/,,Moderate,4.1,,"Hip, brick-walled sushi house with outdoor seating creating Pan-Asian dishes, plus vegan options. | Restaurant | Rated 4.1/5 (1743 reviews)",Google Places API (New)
Piccoli's Roadhouse,"Nikolaistraße 2-4, 30159 Hannover, Germany",Hannover,Germany,0511 7011888,http://www.piccolis-roadhouse.de/,,Moderate,4.2,,"Informal restaurant & bar specializing in classic pub grub, plus pizza, ribs & steaks. | American Restaurant | Rated 4.2/5 (2408 reviews)",Google Places API (New)
Café Donnerlittjen,"Knochenhauerstr. 16, 30159 Hannover, Germany",Hannover,Germany,0511 53846666,https://www.instagram.com/donnerlittjen?igsh=MTM3anF6andmZzVnbw==,,Moderate,4.8,,Cafe | Rated 4.8/5 (492 reviews),Google Places API (New)
Seven Sundays,"Osterstraße 34, 30159 Hannover, Germany",Hannover,Germany,0511 59204885,http://www.thesevensundays.de/,Working@thesevensundays.de,Moderate,4.6,,"Laid-back eatery with an understated vibe serving all-day brunch, featuring pancakes & omelets. | Breakfast Restaurant | Rated 4.6/5 (1159 reviews)",Google Places API (New)
Bistro anna leine,"Am Hohen Ufer 3, 30159 Hannover, Germany",Hannover,Germany,0511 92013460,http://www.annaleine-hannover.de/,info@annaleine-hannover.de,Moderate,4.5,,Cafe | Rated 4.5/5 (450 reviews),Google Places API (New)
Mondschein Cocktail Bar & Bistro 🌙,"Knochenhauerstr. 34, 30159 Hannover, Germany",Hannover,Germany,,https://mondschein-bar-bistro.eatbu.com/,mondschein.altstadt@gmail.com,Moderate,4.7,,Bar | Rated 4.7/5 (39 reviews),Google Places API (New)
Stadtmauer an der Oper,"Rathenaustraße 9, 30159 Hannover, Germany",Hannover,Germany,0511 35395622,https://stadtmauer-hannover.de/,,Moderate,4.1,,"Trendy establishment dishing up burgers, pasta & rice bowls, plus cocktails & rich desserts. | Restaurant | Rated 4.1/5 (1349 reviews)",Google Places API (New)
Cafe Tijam - Hannover,"Karmarschstraße 49, 30159 Hannover, Germany",Hannover,Germany,0511 2157460,,,Inexpensive,4.9,,Cafe | Rated 4.9/5 (363 reviews),Google Places API (New)
Bistro Stromboli,"Gneisenaustraße 17, 30175 Hannover, Germany",Hannover,Germany,0511 2281791,http://www.bistro-stromboli.de/,mail@bistro-stromboli.de,Moderate,4.4,,Italian Restaurant | Rated 4.4/5 (509 reviews),Google Places API (New)
Bistro Ombra,"Calenberger Str. 12, 30169 Hannover, Germany",Hannover,Germany,01522 7655273,http://www.ombra-hannover.de/,ciao@ombra-hannover.de,Moderate,4.8,,Bistro | Rated 4.8/5 (123 reviews),Google Places API (New)
Cafe Mezzo,"Lister Meile 4, 30161 Hannover, Germany",Hannover,Germany,0511 314966,http://www.cafe-mezzo.de/,info@cafe-mezzo.de,Moderate,4.3,,"Breakfast plates, soups & salads, with vegan choices, in an understated venue with picture windows. | Cafe | Rated 4.3/5 (2423 reviews)",Google Places API (New)
Colosseum Bistro & Eiscafé Hannover,"Ernst-August-Platz 1, 30159 Hannover, Germany",Hannover,Germany,0511 3069111,https://colosseum-eiscafe.de/,info@colosseum-eiscafe.de,,4.5,,Ice Cream Shop | Rated 4.5/5 (823 reviews),Google Places API (New)
DAS HÖGERS,"Oesterleystraße 5-6, 30171 Hannover-Südstadt-Bult, Germany",Hannover,Germany,0511 5106425,http://www.hoegers-1910.de/,events@hoegers-1910.de,Expensive,4.7,,Restaurant | Rated 4.7/5 (1032 reviews) | Expensive / upscale tier,Google Places API (New)
Jo's Food & Craft - Burger | Rippchen | Salate | Craft Bier in Hannovers List,"Ferdinand-Wallbrecht-Straße 60, 30163 Hannover-Vahrenwald-List, Germany",Hannover,Germany,0511 45790885,http://www.jos-food-craft.de/,info@jos-food-craft.de,Moderate,4.5,,Hamburger Restaurant | Rated 4.5/5 (1020 reviews),Google Places API (New)
Efendi Bey Patisserie & Café,"Münzstraße 7, 30159 Hannover, Germany",Hannover,Germany,0511 17507,https://efendibey.de/,info@efendibey.de,,4.4,,"Western-style cakes, Turkish baklava & kunafa, plus pizza & pasta, in a stylish cafe with a terrace. | Pastry Shop | Rated 4.4/5 (2136 reviews)",Google Places API (New)
Teestübchen Teehandel & Café,"Ballhofpl. 2, 30159 Hannover, Germany",Hannover,Germany,0511 3631682,https://www.teestuebchen.com/,mail@teestuebchen.com,Moderate,4.3,,"Decades-old tearoom with salvaged 1800s decor, offering house-baked cakes & nearly 40 teas. | Cafe | Rated 4.3/5 (2753 reviews)",Google Places API (New)
"Restaurant ""Alexander""","Prinzenstraße 10, 30159 Hannover, Germany",Hannover,Germany,0511 325826,https://www.alexander-hannover.de/,info@alexander-hannover.de,Moderate,4.4,,"Casual locale with wood accents & vintage decor, for traditional meals like schnitzel & currywurst. | Restaurant | Rated 4.4/5 (1150 reviews)",Google Places API (New)
MEDITERRANO RESTAURANT,"Perlstraße 2, 30161 Hannover, Germany",Hannover,Germany,0511 49535927,,,Moderate,4.8,,Restaurant | Rated 4.8/5 (114 reviews),Google Places API (New)
MARY´s Restaurant,"Luisenstraße 1-3, 30159 Hannover, Germany",Hannover,Germany,0511 3044816,http://marys-hannover.de/,restaurant@marys-hannover.de,,4.6,,"Genteel destination with gourmet dishes, plus an intimate wine cellar for tasting events. | Fine Dining Restaurant | Rated 4.6/5 (560 reviews)",Google Places API (New)
BESTIA Vera Pizza Napoletana,"Osterstraße 27, 30159 Hannover, Germany",Hannover,Germany,0511 41088730,http://www.bestia.pizza/,info@bestia.pizza,Moderate,4.6,,Pizza Restaurant | Rated 4.6/5 (1242 reviews),Google Places API (New)
Pfannkuchenhaus,"Calenberger Str. 27, 30169 Hannover, Germany",Hannover,Germany,0511 17113,http://www.pfannkuchenhaus.de/,kontakt@pfannkuchenhaus.de,Moderate,4.5,,Restaurant | Rated 4.5/5 (2173 reviews),Google Places API (New)
Türkisches Restaurant - Tandure - Hannover,"Günther-Wagner-Allee 10, 30177 Hannover, Germany",Hannover,Germany,0511 453670,https://www.tandure.de/,info@tandure.de,Moderate,4.4,,Turkish Restaurant | Rated 4.4/5 (1494 reviews),Google Places API (New)
Pâtisserie Elysée | Hannover - Joachimstraße,"Joachimstraße 6, 30159 Hannover, Germany",Hannover,Germany,0511 94010850,https://www.patisserie-elysee.de/,mail@patisserie-elysee.de,Moderate,4.5,,Cafe | Rated 4.5/5 (360 reviews),Google Places API (New)
Kale Restaurant,"Dietrich-Kittner-Platz 1, 30173 Hannover, Germany",Hannover,Germany,0511 22839500,http://www.kale-restaurant.de/,info@kale-restaurant.de,Moderate,4.7,,Turkish Restaurant | Rated 4.7/5 (824 reviews),Google Places API (New)
Pizzeria Trattoria Da Gennaro,"Am Listholze 59, 30177 Hannover-Vahrenwald-List, Germany",Hannover,Germany,0511 39083833,http://www.dagennaro.de/,kontakt@dagennaro.de,Moderate,4.7,,Pizza Restaurant | Rated 4.7/5 (259 reviews),Google Places API (New)
L'Osteria Hannover Lavesstraße,"Lavesstraße 1-2, 30159 Hannover, Germany",Hannover,Germany,0511 84877138,https://losteria.net/de/restaurants/restaurant/hannover-lavesstrasse/,hannover@losteria.de,Moderate,4.3,,Italian Restaurant | Rated 4.3/5 (5526 reviews),Google Places API (New)
L'Osteria,"Vahrenwalder Str. 269, 30179 Hannover, Germany",Hannover,Germany,0511 67696737,https://losteria.net/de/restaurants/restaurant/hannover-vahrenwalder/,vahrenwalder@losteria.de,Moderate,4.6,,Italian Restaurant | Rated 4.6/5 (6039 reviews),Google Places API (New)
IL Mercato - italienisches Restaurant,"Moltkepl. 11, 30163 Hannover-Vahrenwald-List, Germany",Hannover,Germany,0511 39705568,https://www.ilmercato-restaurant.de/,mangalmomi@gmail.com,Moderate,4.4,,Italian Restaurant | Rated 4.4/5 (512 reviews),Google Places API (New)
Ristorante Tesoro,"Marienstraße 113, 30171 Hannover-Südstadt-Bult, Germany",Hannover,Germany,0511 89931134,http://www.ristorante-tesoro.de/,info@ristorante-tesoro.de,Moderate,4.8,,Italian Restaurant | Rated 4.8/5 (2073 reviews),Google Places API (New)
Spoon Restaurant & Bar,"Hamburger Allee 53, 30161 Hannover, Germany",Hannover,Germany,0511 45990724,http://spoon-hannover.de/,info@spoon-hannover.de,Moderate,4.8,,"Relaxed Italian destination serving homemade pasta, pizza & wine, plus cocktails. | Italian Restaurant | Rated 4.8/5 (884 reviews)",Google Places API (New)
Francesca & Fratelli,"Ständehausstraße 2, 30159 Hannover, Germany",Hannover,Germany,0511 72720277,http://www.francesca-fratelli.de/,,Moderate,4.4,,Italian Restaurant | Rated 4.4/5 (625 reviews),Google Places API (New)
La Galleria,"Georgstraße 54, 30159 Hannover, Germany",Hannover,Germany,0511 325096,https://www.restaurant-galleria.de/,Lagalleria.hannover@gmail.com,Expensive,4.4,,Restaurant | Rated 4.4/5 (531 reviews) | Expensive / upscale tier,Google Places API (New)
Bistrorante Salentino,"Sedanstraße 52, 30161 Hannover, Germany",Hannover,Germany,0511 3882782,,,Moderate,4.6,,Italian Restaurant | Rated 4.6/5 (297 reviews),Google Places API (New)
Bistrorante La Taverna Italiana,"Göttinger Ch 111, 30459 Hannover, Germany",Hannover,Germany,0511 2344444,,,Moderate,4.9,,Restaurant | Rated 4.9/5 (44 reviews),Google Places API (New)
Restaurant La Piazza,"Hildesheimer Str. 318, 30519 Hannover-Döhren-Wülfel, Germany",Hannover,Germany,0511 3742720,http://www.la-piazza-hannover.com/,reservierung@la-piazza-hannover.com,Moderate,4.4,,Italian Restaurant | Rated 4.4/5 (475 reviews),Google Places API (New)
Francesca & Fratelli Altstadt,"Seilwinderstraße 2, 30159 Hannover, Germany",Hannover,Germany,0511 56960235,http://www.francesca-fratelli.de/,,Moderate,4.4,,Pizza Restaurant | Rated 4.4/5 (1726 reviews),Google Places API (New)
amici miei Ristorante & Osteria,"Lister Meile 9, 30161 Hannover, Germany",Hannover,Germany,0511 343829,http://www.amici-miei.de/,info@amici-miei.de,Moderate,4.3,,"Convivial spot with exposed brick & soft lighting offering antipasti, pizza, pasta & Italian mains. | Italian Restaurant | Rated 4.3/5 (1498 reviews)",Google Places API (New)
La Favola,"Calenberger Str. 24, 30169 Hannover, Germany",Hannover,Germany,0511 9515475,https://la-favola-hannover.eatbu.com/?lang=de,lafavola-hannover@hotmail.com,Moderate,4.7,,Italian Restaurant | Rated 4.7/5 (313 reviews),Google Places API (New)
GALERIA Restaurant,"Ernst-August-Platz, im GALERIA 5, 30159 Hannover, Germany",Hannover,Germany,0511 3601255,http://www.galeria-restaurant.de/,presse@galeria.de,Moderate,4.3,,Restaurant | Rated 4.3/5 (126 reviews),Google Places API (New)
Liwa's Restaurant,"Am Wehrbusch 22, 30880 Laatzen, Germany",Laatzen,Germany,0511 86088975,https://liwas-restaurant-laatzen.eatbu.com/,Liwarestaurant0609@gmail.com,Moderate,4.8,,Italian Restaurant | Rated 4.8/5 (785 reviews),Google Places API (New)
Paulaner am Thielenplatz,"Thielenplatz 5, 30159 Hannover, Germany",Hannover,Germany,0511 3681285,http://www.paulaner-am-thielenplatz.de/,kontakt@paulaner-am-thielenplatz.de,Moderate,4.2,,Bavarian restaurant | Rated 4.2/5 (2565 reviews),Google Places API (New)
Teko by Lange Rodriguez,"Wegenerstraße 3, 45131 Essen, Germany",Essen,Germany,0201 9596930,https://www.teko-by-langerodriguez.de/,info@teko-by-langerodriguez.de,Very Expensive,5,,Fine Dining Restaurant | Rated 5/5 (108 reviews) | Very expensive / luxury tier,Google Places API (New)
Restaurant 1831,"August-Thyssen-Straße 51, 45219 Essen, Germany",Essen,Germany,02054 12040,http://www.hugenpoet.de/,Info@hugenpoet.de,Very Expensive,4.7,,Restaurant | Rated 4.7/5 (57 reviews) | Very expensive / luxury tier,Google Places API (New)
Der Bonner Hof ¡Bienvenidos!,"direkt hinter dem Kettwiger-Rathaus, Kringsgat 14, 45219 Essen-Stadtbezirke IX, Germany",Essen,Germany,02054 5386,https://www.derbonnerhof.online/,info@derbonnerhof.de,Expensive,4.8,,Restaurant | Rated 4.8/5 (756 reviews) | Expensive / upscale tier,Google Places API (New)
Restaurant tablo,"Huyssenallee 5, 45128 Essen-Stadtbezirk I, Germany",Essen,Germany,0201 8119585,https://www.tablo-restaurant.de/,%20reservierung@tablo-restaurant.de,Expensive,4.5,,"Meze platters, lamb & fish specialties, plus Turkish wine, served in an elegant dining room. | Restaurant | Rated 4.5/5 (791 reviews) | Expensive / upscale tier",Google Places API (New)
Restaurant Anneliese,"Petzelsberg 10, 45259 Essen-Stadtbezirke VIII, Germany",Essen,Germany,0201 61795081,http://www.restaurant-anneliese.de/,info@restaurant-anneliese.de,Very Expensive,4.7,,Fine Dining Restaurant | Rated 4.7/5 (122 reviews) | Very expensive / luxury tier,Google Places API (New)
CHEFS & BUTCHERS,"Im Löwental 64, 45239 Essen-Stadtbezirke IX, Germany",Essen,Germany,0201 40870000,https://www.chefsandbutchers.de/,info@chefsandbutchers.de,Very Expensive,4.8,,Restaurant | Rated 4.8/5 (292 reviews) | Very expensive / luxury tier,Google Places API (New)
Paul's Brasserie,"Huyssenallee 7, 45128 Essen-Stadtbezirk I, Germany",Essen,Germany,0201 26675976,http://www.pauls-brasserie.de/,info@pauls-brasserie.de,Expensive,4.8,,French Restaurant | Rated 4.8/5 (301 reviews) | Expensive / upscale tier,Google Places API (New)
La Petite Cave...de Jeannette,"Kortumstraße 47, 45130 Essen-Stadtbezirke II, Germany",Essen,Germany,0201 50999649,https://la-petite-cave-de-jeannette.de/,info@la-petite-cave-de-jeannette.de,Very Expensive,4.9,,Bistro | Rated 4.9/5 (159 reviews) | Very expensive / luxury tier,Google Places API (New)
Restaurant Rosin - Frank Rosin,"Hervester Str. 18, 46286 Dorsten-Wulfen, Germany",Dorsten,Germany,02369 4322,http://www.frankrosin.de/,j.bauer@frankrosin.de,Very Expensive,4.7,,Fine Dining Restaurant | Rated 4.7/5 (800 reviews) | Very expensive / luxury tier,Google Places API (New)
Bliss - Restaurant und Bar in Essen,"Rüttenscheider Str. 237, 45131 Essen-Stadtbezirke II, Germany",Essen,Germany,0201 95985595,https://www.bliss-essen.de/,,Expensive,4.8,,"Asian-influenced casual dining in a setting with stylish, modern light fixtures & art. | Restaurant | Rated 4.8/5 (1025 reviews) | Expensive / upscale tier",Google Places API (New)
Casino Zollverein,"Gelsenkirchener Str. 181/Halle 9, 45309 Essen, Germany",Essen,Germany,0201 830240,http://www.casino-zollverein.de/,restaurant@casino-zollverein.de,Expensive,4.6,,Restaurant | Rated 4.6/5 (2228 reviews) | Expensive / upscale tier,Google Places API (New)
BISTECCA,"Rüttenscheider Str. 2, 45128 Essen-Stadtbezirk I, Germany",Essen,Germany,0201 74716931,https://bistecca-grillroom.de/,reservierung@bistecca-grillroom.de,Very Expensive,4.5,,Steak House | Rated 4.5/5 (510 reviews) | Very expensive / luxury tier,Google Places API (New)
Restaurant Gummersbach,"Fürstenbergstraße 2, 45355 Essen-Stadtbezirk IV, Germany",Essen,Germany,0201 676464,http://www.gummersbach-essen.de/,gummersbach.essen@t-online.de,Expensive,4.6,,Restaurant | Rated 4.6/5 (218 reviews) | Expensive / upscale tier,Google Places API (New)
Chicago Steakhouse | Bar,"Schwarze-Lenen-Weg 38, 45134 Essen-Stadtbezirke IX, Germany",Essen,Germany,0201 444559,https://chicago-essen.de/,chicagoevents.essen@gmail.com,Very Expensive,4.6,,Steak House | Rated 4.6/5 (1586 reviews) | Very expensive / luxury tier,Google Places API (New)
Pfefferkorn Essen,"Rathenaustraße 5, 45127 Essen-Stadtbezirk I, Germany",Essen,Germany,0201 236312,http://essen.pfefferkorn-restaurants.de/,brinkhoffs@pfefferkorn-dortmund.de,Expensive,4.3,,Steak House | Rated 4.3/5 (1966 reviews) | Expensive / upscale tier,Google Places API (New)
Uformel,"Studiestræde 69, 1554 København, Denmark",København,Denmark,70 99 91 11,http://formelbgroup.dk/uformel,info@uformel.dk,Very Expensive,4.6,,"Inventive, farm-to-table small plates are the specialty at this high-end, sophisticated restaurant. | Restaurant | Rated 4.6/5 (569 reviews) | Very expensive / luxury tier",Google Places API (New)
