name,address,city,state,phone,website,email,price_level,rating,signature_dish,unique_qualities,source
Aria Restaurant Sydney,"1 Macquarie St, Sydney NSW 2000, Australia",Sydney,NSW,(02) 9240 2255,https://www.ariasydney.com.au/?utm_source=google&utm_medium=organic&utm_campaign=gbp&utm_content=Aria_Restaurant_Sydney&utm_term=plcid_18420151015366914459,res.ariasydney@solotel.com.au,Very Expensive,4.5,,"Chef Matt Moran presents Modern Australian haute cuisine in an elegant, glass-walled dining room. | Fine Dining Restaurant | Rated 4.5/5 (2412 reviews) | Very expensive / luxury tier",Google Places API (New)
Infinity at Sydney Tower,"Westfield Sydney, Level 4/108 Market St, Sydney NSW 2000, Australia",Sydney,NSW,,https://infinitysydneytower.com.au/,reservations@infinitysydneytower.com.au,Expensive,4.5,,"Revolving restaurant in dark mahogany for cocktails, grills and sweeping views of the city skyline. | Restaurant | Rated 4.5/5 (3996 reviews) | Expensive / upscale tier",Google Places API (New)
Bennelong,"Sydney Opera House, Bennelong Point, Sydney NSW 2000, Australia",Sydney,NSW,(02) 9240 8000,http://www.bennelong.com.au/,reservations@bennelong.com.au,Very Expensive,4.5,,Innovative plates served in a renowned fine dining destination in an iconic setting. | Australian Restaurant | Rated 4.5/5 (2212 reviews) | Very expensive / luxury tier,Google Places API (New)
LuMi Dining,"56 Pirrama Rd, Pyrmont NSW 2009, Australia",Pyrmont,NSW,(02) 9571 1999,http://www.lumidining.com/,info@lumidining.com,Very Expensive,4.5,,"Inventive Italian food with a Japanese twist, in a glass-walled restaurant lit by pendant globes. | Fine Dining Restaurant | Rated 4.5/5 (1170 reviews) | Very expensive / luxury tier",Google Places API (New)
CATALINA Restaurant,"Lyne Park, 596F New South Head Rd, Rose Bay NSW 2029, Australia",Rose Bay,NSW,(02) 9371 0555,http://catalinarosebay.com.au/,RESERVATIONS@CATALINAROSEBAY.COM.AU,Very Expensive,4.7,,Polished waterfront restaurant known for its upmarket seafood dishes & open veranda bar. | Fine Dining Restaurant | Rated 4.7/5 (3922 reviews) | Very expensive / luxury tier,Google Places API (New)
Sixpenny,"83 Percival Rd, Stanmore NSW 2048, Australia",Stanmore,NSW,(02) 5839 3611,https://www.sixpenny.com.au/,info@sixpenny.com.au,Very Expensive,4.8,,"Clever Modern Australian tasting menus featuring homegrown produce, served in a cosy dining room. | Restaurant | Rated 4.8/5 (1039 reviews) | Very expensive / luxury tier",Google Places API (New)
NOUR,"3/490 Crown St, Surry Hills NSW 2010, Australia",Surry Hills,NSW,(02) 9331 3413,https://www.noursydney.com/?utm_content=NOUR+-+Surry+Hills&utm_campaign=Google+My+Business&utm_medium=organic&utm_source=google&utm_term=plcid_8876915928515631771,,Expensive,4.8,,"Reimagined Lebanese cuisine & signature cocktails served in a stylish, light-filled restaurant. | Middle Eastern Restaurant | Rated 4.8/5 (3353 reviews) | Expensive / upscale tier",Google Places API (New)
Bentley Restaurant + Bar,"27 O'Connell St, Sydney NSW 2000, Australia",Sydney,NSW,(02) 8214 0505,https://www.bentleyrestaurantgroup.com.au/bentley-restaurant-bar,info@thebentley.com.au,Very Expensive,4.4,,"Upscale Modern Australian cuisine, plus an acclaimed wine list, in an industrial-chic luxury hotel. | Australian Restaurant | Rated 4.4/5 (921 reviews) | Very expensive / luxury tier",Google Places API (New)
Altitude,"176 Cumberland St, The Rocks NSW 2000, Australia",The Rocks,NSW,(02) 9250 6000,https://sitecore-cd.shangri-la.com/-/media/Shangri-La/sydney_shangrila/dining/restaurants/altitude-restaurant/2026_Winterdinnermenu.pdf,,Very Expensive,4.4,,Australian Restaurant | Rated 4.4/5 (2726 reviews) | Very expensive / luxury tier,Google Places API (New)
Bopp & Tone,"60 Carrington St, Sydney NSW 2000, Australia",Sydney,NSW,(02) 9299 9997,http://www.boppandtone.com.au/,book@boppandtone.com.au,Expensive,4.6,,"Stylish restaurant/bar with vintage decor offering sharing menus, char-grilled fare & a terrace. | Restaurant | Rated 4.6/5 (1859 reviews) | Expensive / upscale tier",Google Places API (New)
NEL Restaurant,"75 Wentworth Ave, Sydney NSW 2000, Australia",Sydney,NSW,(02) 9212 2206,http://nelrestaurant.com.au/,,Very Expensive,4.3,,"Creative Modern Australian tasting menus & matching wines, offered in a vintage-chic space. | Australian Restaurant | Rated 4.3/5 (1309 reviews) | Very expensive / luxury tier",Google Places API (New)
NOMAD Sydney,"16 Foster St, Surry Hills NSW 2010, Australia",Surry Hills,NSW,(02) 9280 3395,https://nomad.sydney/,eat@nomad.sydney,Expensive,4.6,,Upbeat restaurant in a converted warehouse serving contemporary cuisine with Middle Eastern accents. | Australian Restaurant | Rated 4.6/5 (2822 reviews) | Expensive / upscale tier,Google Places API (New)
Pony Dining The Rocks,"Cnr Argyle Street, and, Kendall Ln, The Rocks NSW 2000, Australia",The Rocks,NSW,(02) 9252 7797,https://www.ponydiningtherocks.com/,reservations@ponydining.com.au,Expensive,4.3,,"Buzzy, rustic-chic venue with an open kitchen, for Modern Australian cuisine and sharing plates. | Steak House | Rated 4.3/5 (1350 reviews) | Expensive / upscale tier",Google Places API (New)
Saint Peter at The Grand National Hotel,"161 Underwood St, Paddington NSW 2021, Australia",Paddington,NSW,(02) 9167 3703,http://www.saintpeter.com.au/,hello@saintpeter.com.au,Expensive,4.6,,Seafood Restaurant | Rated 4.6/5 (1501 reviews) | Expensive / upscale tier,Google Places API (New)
Chiswick Woollahra,"65 Ocean St, Woollahra NSW 2025, Australia",Woollahra,NSW,(02) 8388 8688,https://www.chiswickwoollahra.com.au/?utm_source=google&utm_medium=organic&utm_campaign=gbp&utm_content=Chiswick_Woollahra&utm_term=plcid_9642775095776039722,res.chiswickrestaurant@solotel.com.au,Expensive,4.6,,"Stylish bar & bistro with seasonal, Modern Australian food, plus a kitchen garden & patio seating. | Restaurant | Rated 4.6/5 (1802 reviews) | Expensive / upscale tier",Google Places API (New)
Aalia Restaurant Sydney,"Shop 7.07-7.08/25 Martin Pl, Sydney NSW 2000, Australia",Sydney,NSW,(02) 9182 5880,https://www.aaliarestaurant.com/?utm_content=AALIA+Restaurant+Sydney&utm_campaign=Google+My+Business&utm_medium=organic&utm_source=google&utm_term=plcid_6952976032146166324,,Expensive,4.7,,Middle Eastern Restaurant | Rated 4.7/5 (1228 reviews) | Expensive / upscale tier,Google Places API (New)
The Gidley,"Basement/161 King St, Sydney NSW 2000, Australia",Sydney,NSW,(02) 9169 6898,https://www.liquidandlarder.com.au/venues/the-gidley/,,Expensive,4.6,,"Classic steakhouse fare is matched by an extensive wine list at this old-world, upmarket venue. | Steak House | Rated 4.6/5 (1454 reviews) | Expensive / upscale tier",Google Places API (New)
The Dining Room by James Viles,"7 Hickson Rd, The Rocks NSW 2000, Australia",The Rocks,NSW,(02) 9256 1661,https://www.parkhyattsydneydining.com/the-dining-room,phsydney.diningroom@hyatt.com,Expensive,4.3,,"Glass-walled harbourside eatery in a hotel, for elegant brekkie & lunch, plus dinner tasting menus. | Restaurant | Rated 4.3/5 (550 reviews) | Expensive / upscale tier",Google Places API (New)
BISTECCA,"3 Dalley St, Sydney NSW 2000, Australia",Sydney,NSW,(02) 8067 0450,https://www.liquidandlarder.com.au/venues/bistecca/,,Expensive,4.7,,"An extensive cocktail menu offered in a rustic, adult-only steakhouse specializing in Italian fare. | Steak House | Rated 4.7/5 (2174 reviews) | Expensive / upscale tier",Google Places API (New)
Sails on Lavender Bay,"2 Henry Lawson Ave, McMahons Point NSW 2060, Australia",McMahons Point,NSW,(02) 9955 5998,https://srghospitality.com.au/venue/sails/,reservations@sailslavenderbay.com.au,Very Expensive,4.4,,"Airy harbourside dining room for Modern Australian cuisine made with local, seasonal produce. | Restaurant | Rated 4.4/5 (1411 reviews) | Very expensive / luxury tier",Google Places API (New)
O Bar and Dining,"Australia Square, level 47/264 George St, Sydney NSW 2000, Australia",Sydney,NSW,(02) 9247 9777,https://www.obardining.com.au/,reservations@obardining.com.au,Very Expensive,4.4,,"Modern Australian food by health-conscious chef Michael Moore, in a chic space with lofty views. | Restaurant | Rated 4.4/5 (5352 reviews) | Very expensive / luxury tier",Google Places API (New)
a’Mare,"Level 1/1 Barangaroo Ave, Barangaroo NSW 2000, Australia",Barangaroo,NSW,(02) 8029 0887,https://www.crownsydney.com.au/restaurants/amare,groups@amaresydney.com.au,Very Expensive,4.2,,Italian Restaurant | Rated 4.2/5 (1856 reviews) | Very expensive / luxury tier,Google Places API (New)
Ester Restaurant,"46-52 Meagher St, Chippendale NSW 2008, Australia",Chippendale,NSW,(02) 8068 8279,http://www.ester-restaurant.com.au/,esterrestaurant@gmail.com,Expensive,4.6,,Trendy restaurant executing eclectic dishes in a concrete-walled space with a wood-fired oven. | Australian Restaurant | Rated 4.6/5 (1664 reviews) | Expensive / upscale tier,Google Places API (New)
Felix Bistro & Brasserie,"2 Ash St, Sydney NSW 2000, Australia",Sydney,NSW,(02) 9114 7303,https://merivale.com/venues/felix?&utm_source=googlemybusiness_venue&utm_medium=organic&utm_campaign=googlemybusiness_venue_organic_felix&utm_content=website,,Expensive,4.4,,"Upscale, retro brasserie featuring traditional French cuisine, a seafood bar & chandeliers. | French Restaurant | Rated 4.4/5 (1825 reviews) | Expensive / upscale tier",Google Places API (New)
OTTO Ristorante,"Area 8, 6 Cowper Wharf Roadway, Woolloomooloo NSW 2011, Australia",Woolloomooloo,NSW,(02) 9368 7488,http://www.ottoristorante.com.au/sydney,test@example.org,Expensive,4.3,,Refined Italian dishes & tasting menus in a fashionable locale with a wharf-side terrace. | Italian Restaurant | Rated 4.3/5 (1729 reviews) | Expensive / upscale tier,Google Places API (New)
Babylon Rooftop & Garden Bar,"Level 7/182 Pitt St, Sydney NSW 2000, Australia",Sydney,NSW,(02) 9023 9990,http://babylonrooftop.com.au/,info@babylonrooftop.com.au,Expensive,4.1,,Modern Middle Eastern bar bites & mains are served at this buzzing cosmopolitan rooftop eatery. | Middle Eastern Restaurant | Rated 4.1/5 (2481 reviews) | Expensive / upscale tier,Google Places API (New)
Restaurant Hubert,"15 Bligh St, Sydney NSW 2000, Australia",Sydney,NSW,(02) 8302 2322,https://www.swillhouse.com/venues/restaurant-hubert,reservations@restauranthubert.com,Expensive,4.6,,Classic French dishes showcased in a sophisticated venue featuring a lively bar & vintage decor. | French Restaurant | Rated 4.6/5 (5073 reviews) | Expensive / upscale tier,Google Places API (New)
Bathers' Pavilion,"4 The Esplanade, Mosman NSW 2088, Australia",Mosman,NSW,(02) 9969 5050,http://www.batherspavilion.com.au/,eat@batherspavilion.com.au,Expensive,4.3,,Restaurant and cafe in a 1920s building serving seasonal Modern European cuisine and over 350 wines. | Restaurant | Rated 4.3/5 (2367 reviews) | Expensive / upscale tier,Google Places API (New)
The Restaurant Pendolino,"Shop 100/412, The Strand Arcade, Level 2/414 George St, Sydney NSW 2000, Australia",Sydney,NSW,(02) 9231 6117,https://www.pendolino.com.au/,,Expensive,4.5,,Refined Italian staples such as handmade pasta in a plush space with banquettes and exposed brick. | Italian Restaurant | Rated 4.5/5 (727 reviews) | Expensive / upscale tier,Google Places API (New)
Mr. Wong,"3 Bridge Ln, Sydney NSW 2000, Australia",Sydney,NSW,(02) 9114 7317,https://merivale.com/venues/mrwong?&utm_source=googlemybusiness_venue&utm_medium=organic&utm_campaign=googlemybusiness_venue_organic_mr.wong&utm_content=website,,Expensive,4.4,,"Modern Cantonese menu, from dim sum to classic mud crab, served in a lavish French-colonial setting. | Cantonese Restaurant | Rated 4.4/5 (5801 reviews) | Expensive / upscale tier",Google Places API (New)
Jonah’s Restaurant & Boutique Hotel,"69 Bynya Rd, Palm Beach NSW 2108, Australia",Palm Beach,NSW,(02) 9974 5599,http://www.jonahs.com.au/,enquiries@jonahs.com.au,Very Expensive,4.7,,Contemporary rooms with balconies & bay views in an upmarket hotel offering chic dining & a terrace. | Restaurant | Rated 4.7/5 (967 reviews) | Very expensive / luxury tier,Google Places API (New)
Sokyo,"Level G, The Darling, 80 Pyrmont St, Pyrmont NSW 2009, Australia",Pyrmont,NSW,1800 700 700,https://www.sokyodining.com.au/,,Very Expensive,4.4,,"An adventurous sharing menu, including sushi & grilled meats, & sake list in elegant surrounds. | Japanese Restaurant | Rated 4.4/5 (3078 reviews) | Very expensive / luxury tier",Google Places API (New)
Palazzo Salato,"201/203 Clarence St, Sydney NSW 2000, Australia",Sydney,NSW,(02) 9044 2556,https://www.lovetillygroup.com/palazzo-salato,tilly@lovetillydevine.com,Expensive,4.7,,Italian Restaurant | Rated 4.7/5 (1219 reviews) | Expensive / upscale tier,Google Places API (New)
Glass Brasserie,"level 2/488 George St, Sydney NSW 2000, Australia",Sydney,NSW,(02) 9265 6068,https://www.glassbrasserie.com.au/,glass.sydney@hilton.cglass.sydney,Expensive,4.4,,Upscale Modern Australian menu served in a grand dining space. | Restaurant | Rated 4.4/5 (1293 reviews) | Expensive / upscale tier,Google Places API (New)
Cafe Sydney Restaurant,"Level 5 Customs House, 31 Alfred St, Sydney NSW 2000, Australia",Sydney,NSW,(02) 9251 8683,http://www.cafesydney.com/,reservations@cafesydney.com,Very Expensive,4.5,,A rooftop restaurant with sweeping harbour views serving Modern Australian cuisine and cocktails. | Restaurant | Rated 4.5/5 (4076 reviews) | Very expensive / luxury tier,Google Places API (New)
The Meat & Wine Co Circular Quay - O'Connell St,"2 O'Connell St, Sydney NSW 2000, Australia",Sydney,NSW,(02) 9264 9888,https://themeatandwineco.com/sydney-restaurants/circular-quay/,adelaide@themeatandwineco.com,Expensive,4.4,,"Steaks, ribs & skewers, plus a long wine list, in a sophisticated, Afro-centric chophouse. | Steak House | Rated 4.4/5 (2739 reviews) | Expensive / upscale tier",Google Places API (New)
mimi's,"130a Beach St, Coogee NSW 2034, Australia",Coogee,NSW,(02) 9114 7324,https://merivale.com/venues/mimis/?&utm_source=googlemybusiness_venue&utm_medium=organic&utm_campaign=googlemybusiness_venue_organic_mimis&utm_content=website,,Very Expensive,4.3,,Fine Dining Restaurant | Rated 4.3/5 (585 reviews) | Very expensive / luxury tier,Google Places API (New)
Rockpool Bar & Grill Sydney,"66 Hunter St, Sydney NSW 2000, Australia",Sydney,NSW,(02) 8099 7077,https://hunterstreethospitality.com.au/venues/rockpool/sydney/,reservations@hunter-street.com.au,Expensive,4.4,,Sophisticated bar & grill in an ornate art deco room with a cocktail bar & an extensive wine list. | Restaurant | Rated 4.4/5 (3304 reviews) | Expensive / upscale tier,Google Places API (New)
Ripples Chowder Bay,"Building 7 C, Chowder Bay Rd, Mosman NSW 2088, Australia",Mosman,NSW,(02) 9960 3000,https://srghospitality.com.au/venue/ripples-chowder-bay/,chowderbay@ripplescafe.com.au,Expensive,4.3,,"Modern Australian menu served in a renovated 19th-century building with white, weatherboard walls. | Restaurant | Rated 4.3/5 (1600 reviews) | Expensive / upscale tier",Google Places API (New)
Jimmy’s Kitchen (Bay Nine Sydney),"Bay 9/7-27 Circular Quay W, The Rocks NSW 2000, Australia",The Rocks,NSW,(02) 8248 3933,https://thevenuesco.au/jimmyskitchenbaynine/,,Very Expensive,4.5,,Restaurant | Rated 4.5/5 (324 reviews) | Very expensive / luxury tier,Google Places API (New)
Cho Cho San,"73 Macleay St, Potts Point NSW 2011, Australia",Potts Point,NSW,(02) 9331 6601,http://chochosan.com.au/,enquiries@chochosan.com.au,Expensive,4.5,,Modern Japanese cuisine and inventive cocktails in a bright room with a long central table. | Japanese Restaurant | Rated 4.5/5 (1988 reviews) | Expensive / upscale tier,Google Places API (New)
Firedoor Restaurant,"23/33 Mary St, Surry Hills NSW 2010, Australia",Surry Hills,NSW,(02) 8204 0800,https://www.firedoor.com.au/,info@firedoor.com.au,Very Expensive,4.1,,"Refined, seasonal cuisine cooked over wood coals in an open, heritage venue with rustic-chic decor. | Australian Restaurant | Rated 4.1/5 (1501 reviews) | Very expensive / luxury tier",Google Places API (New)
Gowings,"Suite 1/49 Market St, Sydney NSW 2000, Australia",Sydney,NSW,(02) 8262 0000,https://www.gowingsbarandgrill.com.au/,,Expensive,4.3,,Steak House | Rated 4.3/5 (1182 reviews) | Expensive / upscale tier,Google Places API (New)
Besuto - Omakase Sydney,"3 Underwood St, Sydney NSW 2000, Australia",Sydney,NSW,,https://besutosydney.com/,danielle@famigliapr.com.au,Very Expensive,4.8,,Japanese Restaurant | Rated 4.8/5 (392 reviews) | Very expensive / luxury tier,Google Places API (New)
Bistro Papillon,"98 Clarence St, Sydney NSW 2000, Australia",Sydney,NSW,(02) 9262 2402,https://www.bistropapillon.com.au/,bonjour@bistropapillon.com.au,Expensive,4.6,,"Onion soup, coq au vin and other French dishes in a cosy, romantic space decorated with old posters. | French Restaurant | Rated 4.6/5 (1079 reviews) | Expensive / upscale tier",Google Places API (New)
Fred's,"380 Oxford St, Paddington NSW 2021, Australia",Paddington,NSW,(02) 9114 7331,https://merivale.com/venues/freds?&utm_source=googlemybusiness_venue&utm_medium=organic&utm_campaign=googlemybusiness_venue_organic_freds&utm_content=website,,Very Expensive,4.4,,Restaurant | Rated 4.4/5 (818 reviews) | Very expensive / luxury tier,Google Places API (New)
Annata Restaurant,"66 Chandos St, St Leonards NSW 2065, Australia",St Leonards,NSW,(02) 9437 3700,https://www.annatasydney.com/,annata@annatasydney.com,Expensive,4.6,,Restaurant | Rated 4.6/5 (640 reviews) | Expensive / upscale tier,Google Places API (New)
Balcon by Tapavino,"17 Bligh St, Sydney NSW 2000, Australia",Sydney,NSW,(02) 9223 6176,http://www.balcontapavino.com.au/,,Expensive,4.4,,Spanish Restaurant | Rated 4.4/5 (1103 reviews) | Expensive / upscale tier,Google Places API (New)
China Doll,"Unit 4/6 Cowper Wharf Roadway, Woolloomooloo NSW 2011, Australia",Woolloomooloo,NSW,(02) 9380 6744,http://www.chinadoll.com.au/,reservations@chinadoll.com.au,Expensive,4.5,,Clever pan-Asian menus and seasonal cocktails in a stylish space with outdoor tables and city views. | Chinese Restaurant | Rated 4.5/5 (2208 reviews) | Expensive / upscale tier,Google Places API (New)
Ho Jiak Town Hall - Junda's Playground (Enter from York Street),"125 York St, Sydney NSW 2000, Australia",Sydney,NSW,(02) 8065 6954,https://www.hojiak.com.au/townhall/,%20townhall@hojiak.com.au,Expensive,4.7,,Malaysian Restaurant | Rated 4.7/5 (2782 reviews) | Expensive / upscale tier,Google Places API (New)
Icebergs Dining Room and Bar,"1 Notts Ave, Bondi Beach NSW 2026, Australia",Bondi Beach,NSW,(02) 9365 9000,https://www.idrb.com/,idrb@idrb.com,Expensive,4.1,,Seasonal Italian eatery offering seafood & artisanal produce in a cool spot overlooking Bondi Beach. | Italian Restaurant | Rated 4.1/5 (2473 reviews) | Expensive / upscale tier,Google Places API (New)
Spice Temple Sydney,"10 Bligh St, Sydney NSW 2000, Australia",Sydney,NSW,(02) 8099 7088,https://hunterstreethospitality.com.au/venues/spice-temple/sydney/,reservations@hunter-street.com.au,Expensive,4.3,,"Regional Chinese fare with modern twists & zodiac-themed cocktails in chic, intimate surrounds. | Chinese Restaurant | Rated 4.3/5 (1421 reviews) | Expensive / upscale tier",Google Places API (New)
The Meat & Wine Co Sydney CBD Castlereagh St,"219-223 Castlereagh St, Sydney NSW 2000, Australia",Sydney,NSW,(02) 9252 7888,https://themeatandwineco.com/sydney-restaurants/castlereagh-st/,adelaide@themeatandwineco.com,Expensive,4.6,,"Steaks, ribs & skewers, plus a long wine list, in a sophisticated, Afro-centric chophouse. | Steak House | Rated 4.6/5 (943 reviews) | Expensive / upscale tier",Google Places API (New)
Chophouse Sydney,"25 Bligh St, Sydney NSW 2000, Australia",Sydney,NSW,(02) 9231 5516,https://www.chophousesydney.com.au/?utm_source=google&utm_medium=organic&utm_campaign=gbp&utm_content=Chophouse_Sydney&utm_term=plcid_1818352560690307680,res.chophousesydney@solotel.com.au,Expensive,4.4,,"A high-end, contemporary steakhouse dishing up premium meats in a warmly lit vintage space. | Restaurant | Rated 4.4/5 (2049 reviews) | Expensive / upscale tier",Google Places API (New)
The Meat & Wine Co Barangaroo,"International Tower One, Ground Level/100 Barangaroo Ave, Barangaroo NSW 2000, Australia",Barangaroo,NSW,(02) 8629 8888,https://themeatandwineco.com/sydney-restaurants/barangaroo/?utm_source=google&utm_medium=organic&utm_campaign=yext&utm_content=booking-barangaroo,,Expensive,4.4,,"Steaks, ribs & skewers, plus a long wine list, in a sophisticated, Afro-centric chophouse. | Steak House | Rated 4.4/5 (4039 reviews) | Expensive / upscale tier",Google Places API (New)
Kingsleys Australian Steakhouse,"29a King St, Sydney NSW 2000, Australia",Sydney,NSW,(02) 9295 5080,http://www.kingsleysauststeak.com.au/,info@kingsleysauststeak.com.au,Expensive,4.4,,"A former candle factory with cathedral ceilings and stone walls, serving select steak and wine. | Steak House | Rated 4.4/5 (1431 reviews) | Expensive / upscale tier",Google Places API (New)
I'm Angus Steakhouse,"The Promenade, Cockle Bay Wharf, Darling Harbour, Sydney NSW 2000, Australia",Sydney,NSW,1300 989 989,https://www.nicksgroup.com.au/venue/im-angus-steakhouse/?utm_source=google&utm_medium=organic&utm_campaign=Google%20My%20Business%20Page&utm_content=I%27m%20Angus%20Steakhouse&utm_term=plcid_1176028201259776692,,Expensive,4.2,,"A casual harbourside spot for chargrilled steaks, ribs and seafood, plus cocktails and wines. | Steak House | Rated 4.2/5 (2452 reviews) | Expensive / upscale tier",Google Places API (New)
Kingsleys Woolloomooloo,"Unit 10/6 Cowper Wharf Roadway, Woolloomooloo NSW 2011, Australia",Woolloomooloo,NSW,(02) 8322 2090,https://www.kingsleyssydney.com.au/,info@kingsleyssydney.com.au,Expensive,4.6,,"Grilled steaks and seafood, including mud crab, in a breezy locale with waterside dining terrace. | Steak House | Rated 4.6/5 (2464 reviews) | Expensive / upscale tier",Google Places API (New)
Steersons Steakhouse,"17 Lime St, Sydney NSW 2000, Australia",Sydney,NSW,(02) 9295 5060,http://www.steersons.com.au/,info@steersons.com.au,Expensive,4.3,,"Bright, modern Australian restaurant with white tablecloths, specialising in steak and seafood. | Steak House | Rated 4.3/5 (962 reviews) | Expensive / upscale tier",Google Places API (New)
Porteño,"50 Holt St, Surry Hills NSW 2010, Australia",Surry Hills,NSW,(02) 8399 1440,http://www.porteno.com.au/,enquiries@porteno.com.au,Very Expensive,4.5,,Sophisticated steakhouse in a contemporary setting offering a menu that includes dry aged steaks. | Steak House | Rated 4.5/5 (1759 reviews) | Very expensive / luxury tier,Google Places API (New)
SkyFeast at Sydney Tower,"Level 4/108 Market St, Sydney NSW 2000, Australia",Sydney,NSW,1300 391 808,https://www.skyfeastsydneytower.com.au/,reservations@skyfeastsydneytower.com.au,Expensive,4.2,,Revolving restaurant with panoramic views and a self-serve buffet of around 40 international dishes. | Buffet Restaurant | Rated 4.2/5 (6087 reviews) | Expensive / upscale tier,Google Places API (New)
Dean & Nancy on 22,"2 Hunter St, Sydney NSW 2000, Australia",Sydney,NSW,(02) 9182 9500,https://www.deanandnancyon22.com.au/?utm_source=googleplaces&utm_medium=organic&utm_campaign=googleplaces,cocktails@deanandnancyon22.com.au,Expensive,4.3,,"Cool, mid-century–inspired spot offering classic cocktails, creative food & sweeping city views. | Cocktail Bar | Rated 4.3/5 (798 reviews) | Expensive / upscale tier",Google Places API (New)
Bar Totti's,"330A/330B George St, Sydney NSW 2000, Australia",Sydney,NSW,(02) 9114 7379,https://merivale.com/venues/bar-tottis/?&utm_source=googlemybusiness_venue&utm_medium=organic&utm_campaign=googlemybusiness_venue_organic_bartottis&utm_content=website,,Expensive,4.1,,"Laid-back neighbourhood joint serving Italian-style small plates, plus wines & cocktails. | Italian Restaurant | Rated 4.1/5 (4323 reviews) | Expensive / upscale tier",Google Places API (New)
Eureka 89 - Dining & Events,"Eureka Tower, Level 89/7 Riverside Quay, Southbank VIC 3006, Australia",Southbank,VIC,(03) 9693 8889,http://www.eureka89.com.au/,,Expensive,4.6,,Seasonal tasting menus & a robust wine list offered in a sleek venue featuring bay & city views. | Restaurant | Rated 4.6/5 (1821 reviews) | Expensive / upscale tier,Google Places API (New)
Gimlet,"33 Russell St, Melbourne VIC 3000, Australia",Melbourne,VIC,(03) 9277 9777,https://gimlet.melbourne/,hello@gimlet.melbourne,Expensive,4.6,,"Premium restaurant & bar featuring oysters, caviar & hearty wood-fired mains, plus cocktails & wine. | Restaurant | Rated 4.6/5 (2146 reviews) | Expensive / upscale tier",Google Places API (New)
Maha Restaurant,"21 Bond St, Melbourne VIC 3000, Australia",Melbourne,VIC,(03) 9629 5900,http://maharestaurant.com.au/,admin@maharestaurant.com.au,Expensive,4.5,,Stylish and contemporary setting for creative Middle Eastern fine dining meals by chef Shane Delia. | Middle Eastern Restaurant | Rated 4.5/5 (2816 reviews) | Expensive / upscale tier,Google Places API (New)
Farmer's Daughters,"95 Exhibition Street, 80 Collins Precinct, Melbourne VIC 3000, Australia",Melbourne,VIC,(03) 9116 8682,https://www.farmersdaughters.com.au/?utm_source=Google&utm_medium=GMB&utm_campaign=Map,,Expensive,4.4,,Eco-chic venue with a deli & rooftop bar offering seasonal menus with area-sourced ingredients. | Restaurant | Rated 4.4/5 (2013 reviews) | Expensive / upscale tier,Google Places API (New)
Vue de monde,"55 Rialto Towers, 525 Collins St, Melbourne VIC 3000, Australia",Melbourne,VIC,(03) 9691 3888,http://www.vuedemonde.com.au/,,Very Expensive,4.7,,"Elegant fine dining restaurant in the Rialto building, with tasting menus and sweeping city views. | Fine Dining Restaurant | Rated 4.7/5 (2388 reviews) | Very expensive / luxury tier",Google Places API (New)
Attica,"74 Glen Eira Rd, Ripponlea VIC 3185, Australia",Ripponlea,VIC,(03) 9530 0111,http://www.attica.com.au/,meet@attica.com.au,Very Expensive,4.6,,"Acclaimed restaurant serving inventive tasting menus and select wines in crisp, low-lit surrounds. | Fine Dining Restaurant | Rated 4.6/5 (1119 reviews) | Very expensive / luxury tier",Google Places API (New)
Navi,"83b Gamon St, Yarraville VIC 3013, Australia",Yarraville,VIC,(03) 9939 9774,https://www.restaurantnavi.com.au/,,Very Expensive,4.8,,"Compact, low-key venue offering multi-course menus with thoughtfully sourced ingredients. | Fine Dining Restaurant | Rated 4.8/5 (587 reviews) | Very expensive / luxury tier",Google Places API (New)
Reine & La Rue,"380 Collins St, Melbourne VIC 3000, Australia",Melbourne,VIC,(03) 9021 5241,https://reineandlarue.melbourne/,reservations@rlr.melbourne,Very Expensive,4.5,,French Restaurant | Rated 4.5/5 (1801 reviews) | Very expensive / luxury tier,Google Places API (New)
Society,"80 Collins St, Melbourne VIC 3000, Australia",Melbourne,VIC,(03) 8618 8900,https://www.societyrestaurant.com/,bookings@societyrestaurant.com,Very Expensive,4,,Restaurant | Rated 4/5 (1046 reviews) | Very expensive / luxury tier,Google Places API (New)
Palermo,"401 Little Bourke St, Melbourne VIC 3000, Australia",Melbourne,VIC,(03) 9002 1600,https://www.palermo.melbourne/?utm_source=google&utm_medium=gmb,info@palermo.melbourne,Expensive,4.6,,"Chic Argentinian steakhouse featuring charcoal-grilled meats & sides, plus a robust wine list. | Argentinian Restaurant | Rated 4.6/5 (3054 reviews) | Expensive / upscale tier",Google Places API (New)
Amaru,"1121 High St, Armadale VIC 3143, Australia",Armadale,VIC,(03) 9822 0144,http://amarumelbourne.com.au/,,Very Expensive,4.7,,Restaurant | Rated 4.7/5 (541 reviews) | Very expensive / luxury tier,Google Places API (New)
Florentino,"80 Bourke St, Melbourne VIC 3000, Australia",Melbourne,VIC,(03) 9021 5242,http://florentino.melbourne/,reservations@florentino.melbourne,Expensive,4.3,,"Split-level space decorated with murals housing an Italian fine-dining restaurant, a grill & a bar. | Italian Restaurant | Rated 4.3/5 (1771 reviews) | Expensive / upscale tier",Google Places API (New)
Supernormal,"180 Flinders Ln, Melbourne VIC 3000, Australia",Melbourne,VIC,(03) 9650 8688,http://www.supernormal.net.au/,,Expensive,4.5,,Communal benches & an open kitchen create a buzzy setting for Asian-inspired cuisine. | Asian Fusion Restaurant | Rated 4.5/5 (5280 reviews) | Expensive / upscale tier,Google Places API (New)
HER,"270 Lonsdale St, Melbourne VIC 3000, Australia",Melbourne,VIC,(03) 9997 0437,http://www.her.melbourne/,,Expensive,4,,Bar | Rated 4/5 (1642 reviews) | Expensive / upscale tier,Google Places API (New)
Meatmaiden,"Basement/195 Little Collins St, Melbourne VIC 3000, Australia",Melbourne,VIC,(03) 9078 7747,http://www.meatmaiden.com.au/,info@meatmaiden.com.au,Expensive,4.5,,"Steakhouse & cocktail bar offering premium cuts, dry-aged meat & wood-fired local specialties. | Steak House | Rated 4.5/5 (2526 reviews) | Expensive / upscale tier",Google Places API (New)
Philippe,"115 Collins St, Melbourne VIC 3000, Australia",Melbourne,VIC,(03) 8394 6625,https://philipperestaurant.com.au/,admin@philipperestaurant.com.au,Expensive,4.7,,"Upscale spot presenting French cuisine, a raw bar & drinks in a white-tablecloth dining room. | French Restaurant | Rated 4.7/5 (1945 reviews) | Expensive / upscale tier",Google Places API (New)
Cutler,"55-57 Gertrude St, Fitzroy VIC 3065, Australia",Fitzroy,VIC,(03) 9419 4888,http://www.cutlerandco.com.au/,info@cutlerandco.com.au,Very Expensive,4.6,,Upscale Modern Australian fare and a tasting menu in an old metalworks factory with an open kitchen. | Restaurant | Rated 4.6/5 (1098 reviews) | Very expensive / luxury tier,Google Places API (New)
Mjølner,"106 Hardware St, Melbourne VIC 3000, Australia",Melbourne,VIC,(03) 8393 9367,https://mjolner.com.au/melbourne,,Expensive,4.6,,Restaurant | Rated 4.6/5 (2398 reviews) | Expensive / upscale tier,Google Places API (New)
No35 Restaurant,"25 Collins St, Melbourne VIC 3000, Australia",Melbourne,VIC,(03) 9653 7744,https://no35.com.au/,dining.reservations@sofitel.com,Expensive,4.3,,Elegant hotel restaurant with upscale dishes and stunning city views through ceiling-high windows. | French Restaurant | Rated 4.3/5 (749 reviews) | Expensive / upscale tier,Google Places API (New)
Ishizuka,"basement level b01/139 Bourke St, Melbourne VIC 3000, Australia",Melbourne,VIC,(03) 8594 0895,http://ishizuka.com.au/,reservation@ishizuka.com.au,Very Expensive,4.7,,"High-concept, seasonal, Japanese tasting menu offered in an underground venue with industrial decor. | Fine Dining Restaurant | Rated 4.7/5 (405 reviews) | Very expensive / luxury tier",Google Places API (New)
Koko,"Crown Towers, Level 3/8 Whiteman St, Southbank VIC 3006, Australia",Southbank,VIC,(03) 9292 5777,https://www.crownmelbourne.com.au/restaurants/koko,,Expensive,4.3,,"Wood-lined restaurant with indoor water garden, serving traditional Japanese cuisine and aged sake. | Japanese Restaurant | Rated 4.3/5 (715 reviews) | Expensive / upscale tier",Google Places API (New)
Rockpool Bar & Grill Melbourne,"Crown Casino, 8 Whiteman St, Southbank VIC 3006, Australia",Southbank,VIC,(03) 9081 0532,https://hunterstreethospitality.com.au/venues/rockpool/melbourne/,reservations@hunter-street.com.au,Very Expensive,4.2,,Modern Australian dishes offered in a luxurious establishment with high ceilings and moody lighting. | Restaurant | Rated 4.2/5 (2403 reviews) | Very expensive / luxury tier,Google Places API (New)
Pastuso,"19 AC/DC La, Melbourne VIC 3000, Australia",Melbourne,VIC,(03) 9662 4556,http://pastuso.com.au/,info@pastuso.com.au,Expensive,4.6,,"Peruvian bar and grill with dark wood and geometric tiles, for ceviche and pisco-based cocktails. | Restaurant | Rated 4.6/5 (3972 reviews) | Expensive / upscale tier",Google Places API (New)
Etta,"60 Lygon St, Brunswick East VIC 3057, Australia",Brunswick East,VIC,(03) 9448 8233,https://ettadining.com.au/,hello@ettadining.com.au,Expensive,4.6,,Restaurant | Rated 4.6/5 (526 reviews) | Expensive / upscale tier,Google Places API (New)
The European,"161 Spring St, Melbourne VIC 3000, Australia",Melbourne,VIC,(03) 9654 0811,http://www.theeuropean.com.au/,,Expensive,4.4,,Modern European dishes and a nose-to-tail menu in a laid-back dining room with Bentwood chairs. | European Restaurant | Rated 4.4/5 (1177 reviews) | Expensive / upscale tier,Google Places API (New)
Bistrot d'Orsay,"184 Collins St, Melbourne VIC 3000, Australia",Melbourne,VIC,(03) 9654 6498,http://www.bistrotdorsay.com.au/,,Expensive,4.7,,Established French-Mediterranean restaurant with prints on the walls and an elaborate ceiling mural. | French Restaurant | Rated 4.7/5 (870 reviews) | Expensive / upscale tier,Google Places API (New)
San Telmo Melbourne,"14 Meyers Pl, Melbourne VIC 3000, Australia",Melbourne,VIC,(03) 9650 5525,http://www.santelmo.com.au/?utm_source=google&utm_medium=gmb,info@santelmobrisbane.com.au,Expensive,4.6,,"Argentinian menu focused on chargrills, in an eclectic space with high ceilings and hung cow hides. | Argentinian Restaurant | Rated 4.6/5 (4625 reviews) | Expensive / upscale tier",Google Places API (New)
Bottega Restaurant,"74 Bourke St, Melbourne VIC 3000, Australia",Melbourne,VIC,(03) 9654 2252,http://www.bottega.com.au/,dine@bottega.com.au,Expensive,4.4,,"Modern Italian food in an elegant restaurant with tablecloths, leather banquettes and mood lighting. | Italian Restaurant | Rated 4.4/5 (674 reviews) | Expensive / upscale tier",Google Places API (New)
Matilda 159 Domain,"159 Domain Rd, South Yarra VIC 3141, Australia",South Yarra,VIC,(03) 9089 6668,https://matilda159.com/,functions@onlyhospitalitygroup.com.au,Very Expensive,4.3,,Restaurant | Rated 4.3/5 (823 reviews) | Very expensive / luxury tier,Google Places API (New)
"Matteo's Restaurant, Melbourne","533 Brunswick Street Melbourne, Fitzroy North VIC 3068, Australia",Fitzroy North,VIC,(03) 9481 1177,http://www.matteos.com.au/,dine@matteos.com.au,Expensive,4.6,,Italian-inspired fare with prix-fixe menu inside a sleek interior with artful chandeliers. | Italian Restaurant | Rated 4.6/5 (610 reviews) | Expensive / upscale tier,Google Places API (New)
Flower Drum Restaurant Melbourne,"17 Market Ln, Melbourne VIC 3000, Australia",Melbourne,VIC,(03) 9662 3655,http://www.flowerdrum.melbourne/,,Very Expensive,4.4,,"Cantonese meals in a sprawling, red-carpeted restaurant with panels of Chinese art lining the walls. | Chinese Restaurant | Rated 4.4/5 (1474 reviews) | Very expensive / luxury tier",Google Places API (New)
Lucy Liu Kitchen and Bar,"23 Oliver Ln, Melbourne VIC 3000, Australia",Melbourne,VIC,(03) 9639 5777,http://lucylius.com.au/,events@lucylius.com.au,Expensive,4.6,,Choice Asian share plates and cocktails in a trendy hangout with an open kitchen and striking decor. | Asian Restaurant | Rated 4.6/5 (2680 reviews) | Expensive / upscale tier,Google Places API (New)
Asado,"6 Riverside Quay, Southbank VIC 3006, Australia",Southbank,VIC,(03) 9088 8600,https://www.asado.melbourne/,info@asado.melbourne,Expensive,4.5,,"Trendy Argentinian bar & grill offering tapas, meat plates, desserts & wine, plus outdoor seating. | Restaurant | Rated 4.5/5 (3727 reviews) | Expensive / upscale tier",Google Places API (New)
Coda Melbourne,"Basement/141 Flinders Ln, Melbourne VIC 3000, Australia",Melbourne,VIC,(03) 9650 3155,http://www.codarestaurant.com.au/,info@codarestaurant.com.au,Expensive,4.4,,"Trendy, industrial-chic basement space serving upscale Vietnamese fusion plates and set menus. | Asian Fusion Restaurant | Rated 4.4/5 (1267 reviews) | Expensive / upscale tier",Google Places API (New)
Cecconi's Flinders Lane,"61 Flinders Ln, Melbourne VIC 3000, Australia",Melbourne,VIC,(03) 8663 0500,http://cecconis.com/,,Expensive,4.4,,"Spacious monochrome Modern Italian restaurant with slick decor, hanging dome lights, and cellar bar. | Italian Restaurant | Rated 4.4/5 (919 reviews) | Expensive / upscale tier",Google Places API (New)
State of Grace,"27 King St, Melbourne VIC 3000, Australia",Melbourne,VIC,(03) 8563 0020,https://stateofgracemelbourne.com.au/?utm_source=google&utm_medium=organic&utm_campaign=gmb&utm_term=plcid_5147260064699379174,info@stateofgracemelbourne.com.au,Expensive,4.6,,"Restaurant and cellar bar with kitsch decor including a mounted giraffe, for Modern European food. | Cocktail Bar | Rated 4.6/5 (3185 reviews) | Expensive / upscale tier",Google Places API (New)
Conservatory,"Crown Towers, Level 1/8 Whiteman St, Southbank VIC 3006, Australia",Southbank,VIC,(03) 9292 5777,https://www.crownmelbourne.com.au/restaurants/conservatory,,Expensive,4.2,,"Polished hotel restaurant with a diverse global buffet, high ceilings and chic white furnishings. | Buffet Restaurant | Rated 4.2/5 (2759 reviews) | Expensive / upscale tier",Google Places API (New)
Waterfront Southgate,"Southgate Precinct, Shop 20/3 Southgate Ave, Southbank VIC 3006, Australia",Southbank,VIC,(03) 9686 9766,http://waterfrontsouthgate.com.au/,info@waterfrontsouthgate.com.au,Expensive,4.3,,"Sashimi, seafood platters and grilled meat served in a modern dining room with booth seats. | Seafood Restaurant | Rated 4.3/5 (1551 reviews) | Expensive / upscale tier",Google Places API (New)
RuYi Modern Chinese,"Ground Floor, 16 Liverpool St, Melbourne VIC 3000, Australia",Melbourne,VIC,(03) 9090 7778,https://www.ruyi.com.au/,eat@ruyi.com.au,Expensive,4.5,,"Modern Chinese dining in a hip, airy environment with communal tables and a minimalist vibe. | Asian Restaurant | Rated 4.5/5 (699 reviews) | Expensive / upscale tier",Google Places API (New)
Kisumé,"175 Flinders Ln, Melbourne VIC 3000, Australia",Melbourne,VIC,(03) 9671 4888,https://kisume.com.au/,bookings@kisume.com.au,Very Expensive,4.2,,"Sleek restaurant featuring sophisticated Japanese cuisine, a chic wine bar & private dining rooms. | Japanese Restaurant | Rated 4.2/5 (2466 reviews) | Very expensive / luxury tier",Google Places API (New)
Minamishima,"4 Lord St, Richmond VIC 3121, Australia",Richmond,VIC,(03) 9429 5180,http://www.minamishima.com.au/,,Very Expensive,4.6,,"Japanese fine dining, with meals prepared tableside, in a cosmopolitan, minimalist setting. | Japanese Restaurant | Rated 4.6/5 (908 reviews) | Very expensive / luxury tier",Google Places API (New)
Osteria Ilaria,"367 Little Bourke St, Melbourne VIC 3000, Australia",Melbourne,VIC,(03) 9642 2287,http://www.osteriailaria.com/,eat@osteriailaria.com,Expensive,4.6,,Italian Restaurant | Rated 4.6/5 (2466 reviews) | Expensive / upscale tier,Google Places API (New)
Il Bacaro,"168-170 Little Collins St, Melbourne VIC 3000, Australia",Melbourne,VIC,(03) 9654 6778,http://www.ilbacaro.com.au/,info@ilbacaro.com.au,Expensive,4.6,,"Classy, intimate Italian restaurant with marble-top bar, tablecloths, and many wines by the glass. | Italian Restaurant | Rated 4.6/5 (724 reviews) | Expensive / upscale tier",Google Places API (New)
Mercer's Restaurant,"732 Main Rd, Eltham VIC 3095, Australia",Eltham,VIC,(03) 9431 1015,https://mercersrestaurant.com.au/,,Expensive,4.7,,Regional wines & smart European meals in a comfy Federation-style cottage with a welcoming vibe. | Fine Dining Restaurant | Rated 4.7/5 (249 reviews) | Expensive / upscale tier,Google Places API (New)
Entrecôte,"142-144 Greville St, Prahran VIC 3181, Australia",Prahran,VIC,(03) 9804 5468,http://entrecote.com.au/,,Expensive,4.1,,"Classic French dishes, plus brekkie and desserts, whipped up in a lively, stylish restaurant. | French Restaurant | Rated 4.1/5 (2318 reviews) | Expensive / upscale tier",Google Places API (New)
French Saloon,"First Floor, 46 Hardware Ln, Melbourne VIC 3000, Australia",Melbourne,VIC,(03) 9600 2142,https://www.frenchsaloon.com/,info@frenchsaloon.com,Expensive,4.6,,Restaurant | Rated 4.6/5 (250 reviews) | Expensive / upscale tier,Google Places API (New)
Steer Dining Room,"Ground/15 Claremont St, South Yarra VIC 3141, Australia",South Yarra,VIC,(03) 4708 4590,https://www.steerdiningroom.com.au/,,Very Expensive,4.6,,"Steaks, plus an oyster and tataki bar, in a spacious, modern restaurant guarded by a bovine statue. | Steak House | Rated 4.6/5 (679 reviews) | Very expensive / luxury tier",Google Places API (New)
Pascale Bar & Grill,"Level 1/133 Russell St, Melbourne VIC 3000, Australia",Melbourne,VIC,(03) 8636 8808,https://www.pascalebarandgrill.com.au/,,Expensive,4.4,,"Polished choice serving steak, meat dishes, seafood & desserts, plus cocktails & a robust wine list. | Bar & Grill | Rated 4.4/5 (246 reviews) | Expensive / upscale tier",Google Places API (New)
Bistro Guillaume,"Crown Riverwalk, 8 Whiteman St, Southbank VIC 3006, Australia",Southbank,VIC,(03) 9292 5777,https://www.crownmelbourne.com.au/restaurants/bistro-guillaume,,Expensive,4.1,,French classics and ample salads in a smart lime green and wood setup with a terrace and zinc bar. | French Restaurant | Rated 4.1/5 (1159 reviews) | Expensive / upscale tier,Google Places API (New)
Rare Steakhouse Downtown,"42-44 King St, Melbourne VIC 3000, Australia",Melbourne,VIC,(03) 9620 9888,http://www.raresteakhouse.com.au/,midtown@raresteakhouse.com.au,Expensive,4.5,,"Spacious, fashionable restaurant serving chargrilled steaks and matched local wine. | Steak House | Rated 4.5/5 (2217 reviews) | Expensive / upscale tier",Google Places API (New)
A Hereford Beefstouw,"22 Duckboard Pl, Melbourne VIC 3000, Australia",Melbourne,VIC,(03) 9654 8297,http://beefstouw.com/melbourne-australia,,Expensive,4.5,,"Casual steakhouse offering quality cuts & a robust wine list, plus grilled fish & draft beer. | Steak House | Rated 4.5/5 (1523 reviews) | Expensive / upscale tier",Google Places API (New)
The Meat & Wine Co Southbank,"Freshwater Place, 3 Queens Bridge St, Southbank VIC 3006, Australia",Southbank,VIC,(03) 9696 5333,https://themeatandwineco.com/locations/southbank/?utm_source=google&utm_medium=organic&utm_campaign=gmb&utm_content=southbank,,Expensive,4.4,,"Steaks, ribs & skewers, plus a long wine list, in a sophisticated, Afro-centric chophouse. | Steak House | Rated 4.4/5 (4527 reviews) | Expensive / upscale tier",Google Places API (New)
Rare Steakhouse Uptown,"6/61 Little Collins St, Melbourne VIC 3000, Australia",Melbourne,VIC,(03) 9663 3373,http://www.raresteakhouse.com.au/,midtown@raresteakhouse.com.au,Expensive,4.6,,"Chargrilled cuts with matched local wines, in a classy restaurant with mezzanine and high ceilings. | Steak House | Rated 4.6/5 (1401 reviews) | Expensive / upscale tier",Google Places API (New)
Rare Steakhouse Midtown,"12 Goldie Pl, Melbourne VIC 3000, Australia",Melbourne,VIC,(03) 9670 7317,http://raresteakhouse.com.au/,midtown@raresteakhouse.com.au,Expensive,4.5,,"Spacious, fashionable restaurant serving chargrilled steaks and matched local wine. | Steak House | Rated 4.5/5 (1591 reviews) | Expensive / upscale tier",Google Places API (New)
Squires Loft South Yarra,"3/166 Toorak Rd, South Yarra VIC 3141, Australia",South Yarra,VIC,(03) 9824 0999,https://squiresloft.com.au/our-locations/south-yarra/,southyarra@squiresloft.com.au,Expensive,4.6,,"Classic grillhouse chain serving hearty portions of grass-fed steaks and ribs, plus surf 'n' turf. | Steak House | Rated 4.6/5 (837 reviews) | Expensive / upscale tier",Google Places API (New)
Squires Loft Docklands,"818 Bourke St, Docklands VIC 3008, Australia",Docklands,VIC,(03) 9670 9968,https://squiresloftdocklands.com.au/,,Expensive,4.3,,"Classic grillhouse chain serving hearty portions of grass-fed steaks and ribs, plus surf 'n' turf. | Steak House | Rated 4.3/5 (1085 reviews) | Expensive / upscale tier",Google Places API (New)
The Meat & Wine Co South Yarra,"The Como Centre Shop 4 Corner Toorak Road &, Chapel St, South Yarra VIC 3141, Australia",South Yarra,VIC,(03) 9190 1588,https://themeatandwineco.com/melbourne-restaurants/south-yarra/?utm_source=google&utm_medium=organic&utm_campaign=yext&utm_content=booking-south-yarra,,Expensive,4.3,,"Steaks, ribs & skewers, plus a long wine list, in a sophisticated, Afro-centric chophouse. | Steak House | Rated 4.3/5 (1212 reviews) | Expensive / upscale tier",Google Places API (New)
Vlado's Charcoal Grill,"61 Bridge Rd, Richmond VIC 3121, Australia",Richmond,VIC,(03) 9428 5833,https://www.vlados.com.au/,,Expensive,4.4,,Family-run steakhouse in a homey Victorian terrace with white tablecloths and dim lighting. | Steak House | Rated 4.4/5 (490 reviews) | Expensive / upscale tier,Google Places API (New)
Charcoal Grill on The Hill,"289 High St, Kew VIC 3101, Australia",Kew,VIC,(03) 9853 7535,http://grillonthehill.com.au/,,Expensive,4.3,,Steak House | Rated 4.3/5 (530 reviews) | Expensive / upscale tier,Google Places API (New)
Squires Loft Albert Park,"1 Queens Rd, Melbourne VIC 3004, Australia",Melbourne,VIC,(03) 9863 7700,https://squiresloft.com.au/our-locations/albert-park/,albertpark@squiresloft.com.au,Expensive,4.3,,"Classic grillhouse chain serving hearty portions of grass-fed steaks and ribs, plus surf 'n' turf. | Steak House | Rated 4.3/5 (638 reviews) | Expensive / upscale tier",Google Places API (New)
Eau De Vie Melbourne,"1 Malthouse Ln, Melbourne VIC 3000, Australia",Melbourne,VIC,(03) 8393 9367,http://www.eaudevie.com.au/melbourne,,Expensive,4.6,,"Classy bar with whiskey, cocktails and tasting menus, plus a hidden lounge behind a bookcase. | Cocktail Bar | Rated 4.6/5 (2165 reviews) | Expensive / upscale tier",Google Places API (New)
Stokehouse St Kilda,"30 Jacka Blvd, St Kilda VIC 3182, Australia",St Kilda,VIC,(03) 9525 5555,http://stokehouse.com.au/melbourne/,events@stokehouse.com.au,Expensive,4.2,,"Oceanfront eatery with big windows & sleek decor, featuring upscale Australian fare, wine & spirits. | Restaurant | Rated 4.2/5 (1721 reviews) | Expensive / upscale tier",Google Places API (New)
Gradi at Crown Melbourne,"8 Whiteman St, Southbank VIC 3006, Australia",Southbank,VIC,(03) 9292 5777,https://www.crownmelbourne.com.au/restaurants/casual/gradi/info-booking,,Expensive,4.2,,"Classic Italian dishes, Neapolitan-style pizza & wines are presented in a swanky designer setting. | Italian Restaurant | Rated 4.2/5 (4150 reviews) | Expensive / upscale tier",Google Places API (New)
Sebastian Restaurant,"26 Esplanade, Williamstown VIC 3016, Australia",Williamstown,VIC,(03) 9088 8989,https://sebastianwilliamstown.com.au/,info@sebastianbeachgrill.com,Expensive,4.5,,Steak House | Rated 4.5/5 (2474 reviews) | Expensive / upscale tier,Google Places API (New)
Ciao Cielo,"115 Bay St, Port Melbourne VIC 3207, Australia",Port Melbourne,VIC,(03) 9646 7697,https://www.ciaocielo.com.au/,,Expensive,4.3,,"Stylish space with large windows, dark wood accents and banquettes, for upscale Italian dishes. | Italian Restaurant | Rated 4.3/5 (1056 reviews) | Expensive / upscale tier",Google Places API (New)
Longrain Melbourne,"44 Little Bourke St, Melbourne VIC 3000, Australia",Melbourne,VIC,(03) 9653 1600,http://www.longrainmelbourne.com/,info@longrainmelbourne.com,Expensive,4.5,,"Spacious rustic-chic Southeast Asian restaurant with cocktail bar, communal tables and share dishes. | Thai Restaurant | Rated 4.5/5 (1656 reviews) | Expensive / upscale tier",Google Places API (New)
Tonka,"20 Duckboard Pl, Melbourne VIC 3000, Australia",Melbourne,VIC,(03) 9650 3155,http://www.tonkarestaurant.com.au/,info@tonkarestaurant.com.au,Expensive,4.1,,"Busy, contemporary-design restaurant with art installation ceiling, serving upmarket Indian cuisine. | Indian Restaurant | Rated 4.1/5 (1239 reviews) | Expensive / upscale tier",Google Places API (New)
The Deck Southbank,"UPPER, LEVEL U1/2 Southgate Ave, Southbank VIC 3006, Australia",Southbank,VIC,(03) 9699 9544,http://www.thedeckrestaurant.com.au/,,Expensive,4.3,,Inventive Modern Australian cuisine in an elegant restaurant with a balcony overlooking the skyline. | Restaurant | Rated 4.3/5 (185 reviews) | Expensive / upscale tier,Google Places API (New)
Grill Americano,"112 Flinders Ln, Melbourne VIC 3000, Australia",Melbourne,VIC,(03) 8616 8010,http://www.grillamericano.com/,reservations@grillamericano.com,Very Expensive,3.8,,Restaurant | Rated 3.8/5 (1491 reviews) | Very expensive / luxury tier,Google Places API (New)
Saké Restaurant & Bar Hamer Hall,"Hamer Hall, 100 St Kilda Rd, Southbank VIC 3004, Australia",Southbank,VIC,(03) 9119 4799,https://hunterstreethospitality.com.au/venues/sake/melbourne/,reservations@hunter-street.com.au,Expensive,4.2,,"Fine contemporary Japanese dining with a sake bar, cocktails & creative banquet menus. | Japanese Restaurant | Rated 4.2/5 (818 reviews) | Expensive / upscale tier",Google Places API (New)
Alchemy Restaurant and Bar Brisbane,"175 Eagle St, Brisbane City QLD 4000, Australia",Brisbane City,QLD,(07) 3229 3175,https://www.alchemyrestaurant.com.au/,mail@alchemyrestaurant.com.au,Very Expensive,4.6,,Upscale riverside dining venue with a sleek interior and creative Modern Australian tasting menus. | Restaurant | Rated 4.6/5 (1309 reviews) | Very expensive / luxury tier,Google Places API (New)
La Vue Waterfront Restaurant,"Unit 1/501 Queen St, Brisbane City QLD 4000, Australia",Brisbane City,QLD,,https://lavuerestaurant.com.au/,ronaldo@lavuerestaurant.com.au,Expensive,4.6,,Sophisticated venue for Modern Australian fare in a light-filled dining room overlooking the river. | French Restaurant | Rated 4.6/5 (843 reviews) | Expensive / upscale tier,Google Places API (New)
Agnes Restaurant,"22 Agnes St, Fortitude Valley QLD 4006, Australia",Fortitude Valley,QLD,(07) 3067 9087,https://anyday.com.au/agnes-venue-page,seatme@agnesrestaurant.com.au,Very Expensive,4.6,,Wood-fired cooking served in an industrial-chic space featuring a terrace & a cosy wine bar. | Restaurant | Rated 4.6/5 (1334 reviews) | Very expensive / luxury tier,Google Places API (New)
Malt Dining & Bar,"28 Market St, Brisbane City QLD 4000, Australia",Brisbane City,QLD,(07) 3236 4855,http://maltdining.com.au/,,Expensive,4.5,,"Rustic-chic fine dining venue on 3 levels of a converted market building, offering an eclectic menu. | Restaurant | Rated 4.5/5 (776 reviews) | Expensive / upscale tier",Google Places API (New)
Bacchus,"Podium Level Rydges South Bank Glenelg Street & Grey Street, 9 Glenelg St, South Brisbane QLD 4101, Australia",South Brisbane,QLD,(07) 3364 0800,https://www.bacchussouthbank.com.au/,foodandbeverage_rydgessouthbank@evt.com,Very Expensive,4.5,,"Upscale Modern Australian dishes, plus clever cocktails, in a glamorous poolside restaurant and bar. | Restaurant | Rated 4.5/5 (685 reviews) | Very expensive / luxury tier",Google Places API (New)
Madame Wu,"Upper Plaza Level, 71 Eagle St, Brisbane City QLD 4000, Australia",Brisbane City,QLD,(07) 3229 5070,http://www.madamewu.com.au/,,Expensive,4.5,,Modern Asian cuisine served in a sprawling contemporary venue with a covered deck. | Asian Restaurant | Rated 4.5/5 (2315 reviews) | Expensive / upscale tier,Google Places API (New)
"Blackbird Bar, Dining & Events","Riverside Centre, 123 Eagle St, Brisbane City QLD 4000, Australia",Brisbane City,QLD,(07) 3229 1200,http://blackbirdbrisbane.com.au/,info@blackbirdbrisbane.com.au,Expensive,4.4,,Opulent riverside Modern Australian restaurant and 1920s-style bar with an outdoor terrace. | Bar & Grill | Rated 4.4/5 (2806 reviews) | Expensive / upscale tier,Google Places API (New)
Donna Chang,"Suite 3/171 George St, Brisbane City QLD 4000, Australia",Brisbane City,QLD,(07) 3243 4888,http://donnachang.com.au/,info@donnachang.com.au,Expensive,4.4,,"Posh choice plating elevated Cantonese & Sichuan fare, plus cocktails & a robust wine list. | Restaurant | Rated 4.4/5 (1790 reviews) | Expensive / upscale tier",Google Places API (New)
Montrachet,"Shop 1/30 King St, Bowen Hills QLD 4006, Australia",Bowen Hills,QLD,(07) 3367 0030,http://www.montrachet.com.au/,info@lesbistronomes.net,Very Expensive,4.7,,"A refined French brasserie with red leather seats, a marble-top bar and gilt-framed mirrors. | French Restaurant | Rated 4.7/5 (878 reviews) | Very expensive / luxury tier",Google Places API (New)
C'est Bon Restaurant & Le Bon Bar,"609/611 Stanley St, Woolloongabba QLD 4102, Australia",Woolloongabba,QLD,(07) 3891 2008,https://www.cestbon.com.au/,bonjour@cestbon.com.au,Expensive,4.5,,An elegant French restaurant serving classic dishes and fine wine in an intimate dining room. | Restaurant | Rated 4.5/5 (754 reviews) | Expensive / upscale tier,Google Places API (New)
Moda Steak . Tapas . Seasons,"The Barracks, 61 Petrie Terrace, QLD 4000, Australia",,QLD,(07) 3221 7655,http://www.modarestaurant.com.au/,,Expensive,4.7,,"Contemporary menus influenced by Catalan flavours, plus boutique wines, in a elegant dining room. | Steak House | Rated 4.7/5 (1615 reviews) | Expensive / upscale tier",Google Places API (New)
Moo Moo The Wine Bar and Grill Brisbane,"Port Office Building, 39 Edward St, Brisbane City QLD 4000, Australia",Brisbane City,QLD,1300 070 710,http://www.moomoorestaurant.com/,,Expensive,4.5,,"A trendy, high-end steak restaurant with a long wine list, in the old Port Office building. | Restaurant | Rated 4.5/5 (1804 reviews) | Expensive / upscale tier",Google Places API (New)
Yoko Dining,"2/5 Boundary St, Brisbane City QLD 4000, Australia",Brisbane City,QLD,(07) 3236 6582,http://www.yokodining.com.au/,,Expensive,4.5,,"Bustling riverfront venue serving Japanese food including snacks & seafood plates, plus cocktails. | Japanese Restaurant | Rated 4.5/5 (1940 reviews) | Expensive / upscale tier",Google Places API (New)
e'cco bistro,"shop 8/63 Skyring Terrace, Newstead QLD 4006, Australia",Newstead,QLD,0424 986 005,https://eccobistro.com.au/,mail@eccobistro.com,Expensive,4.6,,Acclaimed Modern Australian dining destination in a stylish space. | Restaurant | Rated 4.6/5 (669 reviews) | Expensive / upscale tier,Google Places API (New)
sAme sAme Brisbane,"Shop AM3 Ada Lane, 46 James St, Fortitude Valley QLD 4006, Australia",Fortitude Valley,QLD,(07) 3188 1418,https://anyday.com.au/samesame-venue-page,seatme@samesamerestaurant.com.au,Expensive,4.5,,South-east Asian cuisine & beers in a hip restaurant with exposed-brick walls. | Thai Restaurant | Rated 4.5/5 (1848 reviews) | Expensive / upscale tier,Google Places API (New)
Ristorante Tartufo,"1000 Ann St, Fortitude Valley QLD 4006, Australia",Fortitude Valley,QLD,(07) 3852 1500,http://www.tartufo.com.au/,mail@tartufo.com.au,Expensive,4.6,,Refined Neapolitan-inspired classics with seasonal produce in a smart red and black dining room. | Restaurant | Rated 4.6/5 (1248 reviews) | Expensive / upscale tier,Google Places API (New)
OTTO Ristorante,"River Quay, Shop 1 Sidon St, South Brisbane QLD 4101, Australia",South Brisbane,QLD,(07) 3835 2888,http://www.ottoristorante.com.au/brisbane/,test@example.org,Very Expensive,4.2,,Italian Restaurant | Rated 4.2/5 (1431 reviews) | Very expensive / luxury tier,Google Places API (New)
Two Small Rooms Restaurant,"517 Milton Rd, Toowong QLD 4066, Australia",Toowong,QLD,(07) 3371 5251,http://www.2smallrooms.com.au/,email@2smallrooms.com,Expensive,4.5,,"Casual dining with Modern European menu served in 2 cosy rooms with unfussy decor, plus courtyard. | French Restaurant | Rated 4.5/5 (147 reviews) | Expensive / upscale tier",Google Places API (New)
Libertine Restaurant & Cocktail Bar,"5/61 Petrie Terrace, Brisbane City QLD 4000, Australia",Brisbane City,QLD,(07) 3367 3353,https://libertine.net.au/,info@libertine.net.au,Expensive,4.6,,"Dramatic dining with chandeliers, imaginative French-Vietnamese dishes, banquets and cocktails. | Restaurant | Rated 4.6/5 (835 reviews) | Expensive / upscale tier",Google Places API (New)
Deer Duck Bistro,"396 Milton Rd, Auchenflower QLD 4066, Australia",Auchenflower,QLD,(07) 4802 4383,https://deerduckbistro.com.au/,914-329-21reservations@laurent.com,Expensive,4.4,,"Modern European dishes and tasting menus in a moodily lit, playful space with antique furnishings. | Restaurant | Rated 4.4/5 (753 reviews) | Expensive / upscale tier",Google Places API (New)
Customs House,"399 Queen St, Brisbane City QLD 4000, Australia",Brisbane City,QLD,(07) 3365 8999,https://www.customshouse.com.au/?utm_source=google&utm_medium=organic&utm_campaign=gbp,,Expensive,4.6,,"Elegant, riverside restaurant with a relaxed dining terrace, serving Modern Australian cuisine. | Event Venue | Rated 4.6/5 (1131 reviews) | Expensive / upscale tier",Google Places API (New)
Walter's Steakhouse and Wine Bar,"219 Alice St, Brisbane City QLD 4000, Australia",Brisbane City,QLD,(07) 3012 8640,http://www.waltersbrisbane.com.au/,info@waltersbrisbane.com.au,Expensive,4.5,,New York-inspired meat dishes served in a charming eatery with red leather booths & a bygone vibe. | Steak House | Rated 4.5/5 (1990 reviews) | Expensive / upscale tier,Google Places API (New)
SK Steak & Oyster,"The Calile Hotel, G.12/48 James St, Fortitude Valley QLD 4006, Australia",Fortitude Valley,QLD,(07) 3252 1857,https://www.st-albans.com.au/venues/sk-steak-and-oyster,enquiries@sk-so.com,Very Expensive,4.4,,Restaurant | Rated 4.4/5 (692 reviews) | Very expensive / luxury tier,Google Places API (New)
Navala Churrascaria,"Riverside Centre, 123 Eagle St, Brisbane City QLD 4000, Australia",Brisbane City,QLD,(07) 3221 3888,http://navala.com.au/,reservations@navala.com.au,Expensive,4.3,,"Skewered meats cooked Brazilian BBQ-style, served in a roomy, glass-fronted spot with river views. | Brazilian Restaurant | Rated 4.3/5 (2837 reviews) | Expensive / upscale tier",Google Places API (New)
Jimmy's On The Mall,"Queen Street mall, Brisbane City QLD 4000, Australia",Brisbane City,QLD,(07) 3077 7126,http://www.jimmysonthemall.com.au/,info@jimmysonthemall.com.au,Expensive,3.7,,"Breezy, split-level venue with a leafy exterior open 24-7 for eclectic pub grub & boutique ales. | Restaurant | Rated 3.7/5 (3971 reviews) | Expensive / upscale tier",Google Places API (New)
Kabuki Teppanyaki,"265 Margaret St, Brisbane City QLD 4000, Australia",Brisbane City,QLD,(07) 3100 5688,https://kabukirestaurant.com.au/,,Expensive,4.4,,"Elegant restaurant in warm wood tones, with a teppanyaki table grill for dramatic food preparation. | Japanese Restaurant | Rated 4.4/5 (811 reviews) | Expensive / upscale tier",Google Places API (New)
Cloudland,"641 Ann St, Fortitude Valley QLD 4006, Australia",Fortitude Valley,QLD,(07) 3872 6600,https://www.cloudland.tv/,hello@cloudland.tv,Expensive,4.3,,"Cocktails & thoughtfully sourced, Mediterranean-inspired food in a fashionable destination. | Bar | Rated 4.3/5 (2971 reviews) | Expensive / upscale tier",Google Places API (New)
Wildflower,"COMO The Treasury Level 4, 1 Cathedral Ave, Perth WA 6000, Australia",Perth,WA,(08) 6168 7855,https://statebuildings.com/venues/wildflower,enquiries@statebuildings.com,Very Expensive,4.5,,Innovative restaurant in the COMO The Treasury hotel serving tasting menus using foraged fare. | Fine Dining Restaurant | Rated 4.5/5 (1072 reviews) | Very expensive / luxury tier,Google Places API (New)
C Restaurant in the Sky,"Level 33/44 St Georges Terrace, Perth WA 6000, Australia",Perth,WA,(08) 9220 8333,http://www.crestaurant.com.au/,general@crestaurant.com.au,Expensive,4.4,,"High tea, cocktails & upscale Modern Australian fare in a revolving 33rd-floor dining room. | Restaurant | Rated 4.4/5 (5126 reviews) | Expensive / upscale tier",Google Places API (New)
Matilda Bay Restaurant,"3 Hackett Dr., Crawley WA 6009, Australia",Crawley,WA,(08) 9423 5000,http://www.matildabayrestaurant.com.au/,reception@matbay.com.au,Expensive,4.5,,"Elegant, wood-lined space with river views, serving Modern Australian fish dishes & hearty grills. | Restaurant | Rated 4.5/5 (1997 reviews) | Expensive / upscale tier",Google Places API (New)
Juniper & Bay,"3 Preston St, Como WA 6152, Australia",Como,WA,(08) 9367 9905,http://juniperandbay.com.au/,bookings@juniperandbay.com.au,Expensive,4.7,,"Refined hotel restaurant featuring contemporary international offerings, plus wine & beer. | Restaurant | Rated 4.7/5 (528 reviews) | Expensive / upscale tier",Google Places API (New)
Gibney Cottesloe,"40 Marine Parade, Cottesloe WA 6011, Australia",Cottesloe,WA,(08) 9468 1540,https://gibneycottesloe.com/,,Very Expensive,4.6,,Restaurant | Rated 4.6/5 (883 reviews) | Very expensive / luxury tier,Google Places API (New)
Nobu Perth,"Crown Metropol, Great Eastern Hwy, Burswood WA 6100, Australia",Burswood,WA,(03) 9362 7551,https://www.crownperth.com.au/restaurants/nobu,,Very Expensive,4.5,,Lauded restaurant serving reimagined Japanese dishes in a swanky venue with skyline views & a bar. | Japanese Restaurant | Rated 4.5/5 (1875 reviews) | Very expensive / luxury tier,Google Places API (New)
Fraser's Restaurant,"60 Fraser Ave, Kings Park WA 6005, Australia",Kings Park,WA,(08) 9482 0100,http://www.frasersrestaurant.com.au/,reservations@frasersrestaurant.com.au,Expensive,4.3,,Western Australian cuisine in a semi-circular room with floor-to-ceiling windows & wood accents. | Restaurant | Rated 4.3/5 (2556 reviews) | Expensive / upscale tier,Google Places API (New)
The Heritage Wine Bar & Restaurant,"131 St Georges Terrace, Perth WA 6000, Australia",Perth,WA,(08) 9226 5596,https://theheritageperth.com.au/pages/wine-bar-restaurant/?utm_source=google+my+business+-+heritage+wine+bar+restaurant&utm_medium=organic,hello@theheritageperth.com.au,Expensive,4.6,,"Chic venue with high ceilings, marble floors serving modern European dishes. | Restaurant | Rated 4.6/5 (727 reviews) | Expensive / upscale tier",Google Places API (New)
Chez Pierre,"131 Stirling Hwy, Nedlands WA 6009, Australia",Nedlands,WA,(08) 9386 5886,http://chezpierre.com.au/,info@chezpierre.com.au,Expensive,4.7,,"Upscale restaurant specialising in French provincial cuisine, with a cosy lounge area for cocktails. | French Restaurant | Rated 4.7/5 (1011 reviews) | Expensive / upscale tier",Google Places API (New)
Petition,"St Georges Tce &, State Buildings, Barrack St, Perth WA 6000, Australia",Perth,WA,(08) 6168 7771,https://statebuildings.com/venues/petition,enquiries@statebuildings.com,Expensive,4.4,,"Bustling eatery offering all-day dining with sharing plates & a beer corner, plus a wine bar & shop. | Restaurant | Rated 4.4/5 (2268 reviews) | Expensive / upscale tier",Google Places API (New)
Sentinel Bar & Grill,"111 St Georges Terrace, Perth WA 6000, Australia",Perth,WA,(08) 9322 4043,https://sentinelbar.com.au/,info@sentinelbar.com.au,Expensive,4.3,,"An industrial-chic space with an NYC-inspired interior and hanging lights, for Modern European food. | Restaurant | Rated 4.3/5 (1276 reviews) | Expensive / upscale tier",Google Places API (New)
Andly Private Kitchen,"1/50 Oxford Cl, West Leederville WA 6007, Australia",West Leederville,WA,0412 421 261,https://www.facebook.com/andlyprivatekitchen,,Expensive,4.5,,Asian Fusion Restaurant | Rated 4.5/5 (211 reviews) | Expensive / upscale tier,Google Places API (New)
Prego Italian Restaurant,"440 Cambridge St, Floreat WA 6014, Australia",Floreat,WA,(08) 9287 2700,https://www.pregorestaurant.com.au/,info@pregorestaurant.com.au,Expensive,4.6,,"Sleek, contemporary Italian choice offering refined entrees, antipasto & imported wines. | Italian Restaurant | Rated 4.6/5 (749 reviews) | Expensive / upscale tier",Google Places API (New)
Shadow Bar & Kitchen,"214 William St, Perth WA 6000, Australia",Perth,WA,0407 586 928,http://www.shadowbarandkitchen.com.au/,shadowbarandkitchen@evt.com,Expensive,4.4,,Restaurant | Rated 4.4/5 (678 reviews) | Expensive / upscale tier,Google Places API (New)
Darlington Estate,"1495 Nelson Rd, Darlington WA 6070, Australia",Darlington,WA,(08) 9299 6268,http://www.darlingtonestate.com.au/,bookings@darlingtonestate.com.au,Expensive,4.7,,"Tranquil winery setting with bush views, plus a menu of seasonal Modern Australian dishes. | Event Venue | Rated 4.7/5 (435 reviews) | Expensive / upscale tier",Google Places API (New)
MARUMO,"22/145 Stirling Hwy, Nedlands WA 6907, Australia",Nedlands,WA,0431 040 899,http://www.marumo.com.au/,info@marumo.com.au,Expensive,4.8,,"Seasonal 7-course menu focusing on select Japanese cuisine, in a modern locale with artful lighting. | Japanese Restaurant | Rated 4.8/5 (333 reviews) | Expensive / upscale tier",Google Places API (New)
Hunter & Barrel Perth,"Raine Square, 119 William St, Perth WA 6000, Australia",Perth,WA,(08) 6163 8889,https://hunterandbarrel.com/au/perth/raine-square/?utm_source=google&utm_medium=organic&utm_campaign=yext&utm_content=menu-perth-raine-square,info@hunterandbarrel.com.au,Expensive,4.4,,Steak House | Rated 4.4/5 (2422 reviews) | Expensive / upscale tier,Google Places API (New)
The Meat & Wine Co Perth CBD,"Ground Floor/108 St Georges Terrace, Perth WA 6000, Australia",Perth,WA,(08) 6163 8880,https://themeatandwineco.com/perth-restaurants/perth-cbd/?utm_source=google&utm_medium=organic&utm_campaign=yext&utm_content=booking-perth,,Expensive,4.5,,"Steaks, ribs & skewers, plus a long wine list, in a sophisticated, Afro-centric chophouse. | Steak House | Rated 4.5/5 (3384 reviews) | Expensive / upscale tier",Google Places API (New)
Perugino Restaurant,"77 Outram St, West Perth WA 6005, Australia",West Perth,WA,(08) 9321 5420,http://perugino.com.au/,,Expensive,4.1,,"Upscale setting for classic Italian food, with polished terracotta floors and a large skylight. | Italian Restaurant | Rated 4.1/5 (509 reviews) | Expensive / upscale tier",Google Places API (New)
Rockpool Bar & Grill Perth,"Crown Perth, Great Eastern Hwy, Burswood WA 6100, Australia",Burswood,WA,(08) 6255 5587,https://hunterstreethospitality.com.au/venues/rockpool/perth/,reservations@hunter-street.com.au,Very Expensive,3.9,,"Grilled steaks and seafood served in an elegant, draped room with an open kitchen. | Restaurant | Rated 3.9/5 (1608 reviews) | Very expensive / luxury tier",Google Places API (New)
Long Chim,"Corner of Barrack street &, St Georges Terrace, Perth WA 6000, Australia",Perth,WA,(08) 6168 7775,https://statebuildings.com/venues/long-chim,enquiries@statebuildings.com,Expensive,4.1,,"Thai dishes & tasting menus in a funky hot spot featuring a bar, plus carry-out service. | Thai Restaurant | Rated 4.1/5 (1253 reviews) | Expensive / upscale tier",Google Places API (New)
Julio's Italian Restaurant,"1309 Hay St, West Perth WA 6005, Australia",West Perth,WA,(08) 6500 9111,https://julios.com.au/,bookings.julios@ihg.com,Expensive,4.1,,Holiday Inn West Perth's warm all-day Italian restaurant in an exposed-brick space built in 1902. | Italian Restaurant | Rated 4.1/5 (733 reviews) | Expensive / upscale tier,Google Places API (New)
Squires Loft,"Shop 12f/531 Hay St, Subiaco WA 6008, Australia",Subiaco,WA,(08) 6380 1978,https://www.squiresloftsubiaco.com.au/,info@squiresloftsubiaco.com.au,Expensive,4.4,,"Classic grillhouse chain serving hearty portions of grass-fed steaks and ribs, plus surf 'n' turf. | Steak House | Rated 4.4/5 (681 reviews) | Expensive / upscale tier",Google Places API (New)
Tony Roma's,"919 Hay St, Perth WA 6000, Australia",Perth,WA,0421 350 411,https://www.tonyromas.com/locations/perth-western-australia,perthreservations@tonyromas.com.au,Expensive,4.3,,"Long-running, family-friendly steakhouse chain known for its ribs, onion loaf & Romarita drinks. | American Restaurant | Rated 4.3/5 (2013 reviews) | Expensive / upscale tier",Google Places API (New)
CharChar Bull Grill & Bar,"44B Mews Rd, Fremantle WA 6160, Australia",Fremantle,WA,(08) 9335 7666,http://www.charcharbull.au/,,Expensive,4.1,,"Laid-back harbourside eatery with a decked terrace, specialising in steak, seafood and cocktails. | Restaurant | Rated 4.1/5 (1284 reviews) | Expensive / upscale tier",Google Places API (New)
Sweetwater Rooftop Bar,"level 6/1 Silas St, East Fremantle WA 6158, Australia",East Fremantle,WA,(08) 9460 9988,https://www.sweetwaterbarfreo.com.au/?utm_source=google&utm_medium=organic&utm_campaign=gmb&utm_term=plcid_14591475820921462303,info@sweetwaterbar.com.au,Expensive,4.5,,"Signature cocktails & Asian-inspired nibbles featured in an airy, elegant space with scenic views. | Bar | Rated 4.5/5 (1970 reviews) | Expensive / upscale tier",Google Places API (New)
The Reveley,"Eastern Promenade The Towers at Elizabeth Quay, Ophir Walk, Perth WA 6000, Australia",Perth,WA,(08) 6314 1350,http://thereveleybar.com.au/?utm_source=google&utm_medium=organic&utm_campaign=google+business+profile,info@thereveleybar.com.au,Expensive,3.6,,"Seasonal, international recipes & wines served in a streamlined space with a rooftop cocktail bar. | Bar | Rated 3.6/5 (1511 reviews) | Expensive / upscale tier",Google Places API (New)
Atrium Buffet,"Crown Metropol, Great Eastern Hwy, Burswood WA 6100, Australia",Burswood,WA,(08) 9362 7551,https://www.crownperth.com.au/restaurants/atrium-buffet,,Expensive,4,,"Oysters, Asian food, roasts, ample desserts and global dishes served in a cool, modern space. | Buffet Restaurant | Rated 4/5 (2998 reviews) | Expensive / upscale tier",Google Places API (New)
Coogee Common,"371 Cockburn Rd, Coogee WA 6166, Australia",Coogee,WA,0451 830 371,http://www.coogeecommon.com.au/,info@coogeecommon.com.au,Expensive,4.3,,"Upscale farm-to-table restaurant with a modern menu, housemade botanical drinks & garden tours. | Restaurant | Rated 4.3/5 (1155 reviews) | Expensive / upscale tier",Google Places API (New)
Longview Cottesloe,"151 Marine Parade, Cottesloe WA 6011, Australia",Cottesloe,WA,(08) 9385 2499,https://www.longviewcottesloe.com.au/,,Expensive,4.1,,Elegant restaurant with a large beachfront balcony serving Modern Australian food & cocktails. | Restaurant | Rated 4.1/5 (1598 reviews) | Expensive / upscale tier,Google Places API (New)
Modo Mio,"Crown Metropol, Great Eastern Hwy, Burswood WA 6100, Australia",Burswood,WA,(03) 9362 7551,https://www.crownperth.com.au/restaurants/modo-mio,,Expensive,3.7,,"Italian fine dining in an elegant setting with neutral tones, draped walls and a long marble bar. | Italian Restaurant | Rated 3.7/5 (651 reviews) | Expensive / upscale tier",Google Places API (New)
Print Hall,"Print Hall– Brookfield Place. 125 St George's Terrace, 11/125 St Georges Terrace, Perth WA 6000, Australia",Perth,WA,(08) 9200 3700,https://printhall.com.au/,hello@printhall.com.au,Expensive,4.1,,Striking space in a former print house for inventive Modern Australian dining and drinks. | Bar | Rated 4.1/5 (820 reviews) | Expensive / upscale tier,Google Places API (New)
Epicurean,"Crown Towers, Great Eastern Hwy, Burswood WA 6100, Australia",Burswood,WA,(03) 9362 7551,https://www.crownperth.com.au/restaurants/epicurean,,Expensive,4.1,,"Sprawling restaurant offering multi-cuisine classics, including brisket, sushi & Indian dishes. | Buffet Restaurant | Rated 4.1/5 (2531 reviews) | Expensive / upscale tier",Google Places API (New)
Indiana Cottesloe Beach,"99 Marine Parade, Cottesloe WA 6011, Australia",Cottesloe,WA,,,,Expensive,4.1,,"Wood-fired pizzas and sharing plates in a bright, relaxed space with beach views and a fireplace. | Restaurant | Rated 4.1/5 (715 reviews) | Expensive / upscale tier",Google Places API (New)
James Parker Sushi & Sake,"Unit 2/182 James St, Northbridge WA 6003, Australia",Northbridge,WA,(08) 9328 2525,http://www.james-parker.com.au/,,Expensive,4.4,,"Hand rolls, noodles and tempura dishes served in a trendy, striking dining room with wooden decor. | Japanese Restaurant | Rated 4.4/5 (1033 reviews) | Expensive / upscale tier",Google Places API (New)
Midori Teppanyaki and Bar,"27 Lake St, Northbridge WA 6003, Australia",Northbridge,WA,0406 618 010,https://midoriteppan.com.au/,midoriteppanandbar@gmail.com,Expensive,4.2,,"Contemporary Japanese bar and restaurant over 2 floors, with a teppanyaki and à la carte menu. | Japanese Restaurant | Rated 4.2/5 (522 reviews) | Expensive / upscale tier",Google Places API (New)
Bread in Common,"43 Pakenham St, Fremantle WA 6160, Australia",Fremantle,WA,0449 588 404,http://www.breadincommon.com.au/,info@breadincommon.com.au,Expensive,4.3,,"Seasonal menus and artisanal breads in a lofty warehouse space with wood-fired, volcanic-rock ovens. | Restaurant | Rated 4.3/5 (2475 reviews) | Expensive / upscale tier",Google Places API (New)
Hamptons City Beach,"179 Challenger Parade, City Beach WA 6015, Australia",City Beach,WA,(08) 9385 9588,http://hamptonscitybeach.com.au/,,Expensive,4.2,,"Expansive, hip bistro specializing in craft cocktails, seafood dishes & ocean views. | Bar & Grill | Rated 4.2/5 (2456 reviews) | Expensive / upscale tier",Google Places API (New)
Sushia Izakaya,"Shop SP262/200 Karrinyup Rd, Karrinyup WA 6018, Australia",Karrinyup,WA,(08) 6285 5999,http://izakaya.sushia.com.au/,izakaya@sushia.com.au,Expensive,4.5,,"Stylish, dimly lit Japanese venue with a marble bar, serving sushi, teppanyaki and upscale mains. | Japanese Restaurant | Rated 4.5/5 (830 reviews) | Expensive / upscale tier",Google Places API (New)
Tsunami Izakaya & Teppanyaki Bar,"18 Glyde St, Mosman Park WA 6012, Australia",Mosman Park,WA,0422 780 661,https://www.tsunamisushi.com.au/,functions.tsunami@gmail.com,Expensive,4.3,,"Polished Japanese bistro offering sushi, shared plates & fusion fare, along with a large sake menu. | Japanese Restaurant | Rated 4.3/5 (826 reviews) | Expensive / upscale tier",Google Places API (New)
Itsara,"25 Stirling Hwy, Nedlands WA 6009, Australia",Nedlands,WA,(08) 6389 2441,http://www.itsara.com.au/,enquiry@itsara.com.au,Expensive,4.5,,"Polished Thai eatery showcasing modern, inventive dishes amid lanterns, timber tables and red walls. | Thai Restaurant | Rated 4.5/5 (515 reviews) | Expensive / upscale tier",Google Places API (New)
The Island at Elizabeth Quay,"Elizabeth Quay, 1 Valdura Pl, Perth WA 6000, Australia",Perth,WA,0427 463 007,https://www.theislandeq.com.au/,,Expensive,4,,"Sprawling waterside eatery with global cuisine, craft beers & live music, plus a kids' play area. | Brewpub | Rated 4/5 (3101 reviews) | Expensive / upscale tier",Google Places API (New)
Silks,"Crown Metropol, Great Eastern Hwy, Burswood WA 6100, Australia",Burswood,WA,(03) 9362 7551,https://www.crownperth.com.au/restaurants/silks,,Very Expensive,3.6,,"Creative Chinese cuisine, plus dim sum, in a glossy, opulent restaurant housed in a casino. | Chinese Restaurant | Rated 3.6/5 (684 reviews) | Very expensive / luxury tier",Google Places API (New)
Caversham House,"141 Caversham Ave, Caversham WA 6055, Australia",Caversham,WA,(08) 9279 1167,https://www.cavershamhouse.com.au/,,Expensive,4.5,,Wedding Venue | Rated 4.5/5 (456 reviews) | Expensive / upscale tier,Google Places API (New)
The Breakwater,"203/58 Southside Dr, Hillarys WA 6025, Australia",Hillarys,WA,(08) 9448 5000,http://www.thebreakwater.com.au/,functions@thebreakwater.com.au,Expensive,4,,Pub | Rated 4/5 (2921 reviews) | Expensive / upscale tier,Google Places API (New)
Criniti’s Carousel,"Westfield Carousel, R211/1382 Albany Hwy, Cannington WA 6107, Australia",Cannington,WA,(02) 8026 7700,https://www.crinitis.com.au/?utm_content=Criniti's+Carousel+-+Cannington&utm_campaign=Google+My+Business&utm_medium=organic&utm_source=google&utm_term=plcid_9860968465104616760,reservations@crinitis.com.au,Expensive,4.3,,"Casual dining room offering Italian dishes like pizzas & pastas, plus cocktails & gelatos. | Italian Restaurant | Rated 4.3/5 (2646 reviews) | Expensive / upscale tier",Google Places API (New)
Royal India Restaurant,"1134 Hay St, West Perth WA 6005, Australia",West Perth,WA,(08) 9324 1368,https://royalindiarestaurant.com.au/,,Expensive,4.1,,"Tandoori, thalis and goat curry in a space with maroon walls, traditional art and rattan furniture. | Indian Restaurant | Rated 4.1/5 (683 reviews) | Expensive / upscale tier",Google Places API (New)
Restaurant Botanic,"Plane Tree Dr, Adelaide SA 5000, Australia",Adelaide,SA,(08) 8223 3526,https://restaurantbotanic.com.au/,hello@restaurantbotanic.com.au,Expensive,4.5,,"Light, airy restaurant with leafy views, serving Modern Australian cuisine from sustainable produce. | Restaurant | Rated 4.5/5 (795 reviews) | Expensive / upscale tier",Google Places API (New)
Penfolds Magill Estate Restaurant,"78 Penfold Rd, Rosslyn Park SA 5072, Australia",Rosslyn Park,SA,(08) 8301 5551,https://www.magillestaterestaurant.com/,mer@magillestate.com.au,Very Expensive,4.6,,"Seasonal cuisine & matched wines, plus daily brunch, in a stylish daytime venue with leafy views. | Fine Dining Restaurant | Rated 4.6/5 (577 reviews) | Very expensive / luxury tier",Google Places API (New)
Lenzerheide Restaurant,"146 Belair Rd, Hawthorn SA 5062, Australia",Hawthorn,SA,(08) 8373 3711,http://www.lenzerheide.com.au/,,Expensive,4.7,,"Upscale Modern Australian dishes, plus high tea, in a white-tablecloth setting with a glass atrium. | Restaurant | Rated 4.7/5 (782 reviews) | Expensive / upscale tier",Google Places API (New)
GEORGES,"20 Waymouth St, Adelaide SA 5000, Australia",Adelaide,SA,(08) 8211 6960,http://www.georgesonwaymouth.com.au/,info@georgesonwaymouth.com.au,Expensive,4.6,,"Open dining room with white tablecloths and exposed beams, serving Modern Mediterranean food. | Mediterranean Restaurant | Rated 4.6/5 (806 reviews) | Expensive / upscale tier",Google Places API (New)
Jolleys Boathouse,"1 Jolleys Ln, Adelaide SA 5000, Australia",Adelaide,SA,(08) 8223 2891,http://www.jolleysboathouse.com/,enquiries@jolleysboathouse.com,Expensive,4.3,,Riverside Modern Australian dining in a smart space with a fireplace and a terrace. | Bistro | Rated 4.3/5 (691 reviews) | Expensive / upscale tier,Google Places API (New)
Osteria Oggi,"76 Pirie St, Adelaide SA 5000, Australia",Adelaide,SA,(08) 8359 2525,https://www.osteriaoggi.com.au/,,Expensive,4.5,,"Chic option with midcentury modern decor dishing up Italian classics & desserts, plus a wine cellar. | Italian Restaurant | Rated 4.5/5 (2869 reviews) | Expensive / upscale tier",Google Places API (New)
Hoosegow Charcoal Restaurant,"419 Magill Rd, St Morris SA 5068, Australia",St Morris,SA,(08) 8332 6599,http://www.hoosegow.com.au/,hello@hoosegow.com.au,Expensive,4.8,,"Asian, Latin American & other global fare in a moody, artful space with cocktails & a garden. | Restaurant | Rated 4.8/5 (962 reviews) | Expensive / upscale tier",Google Places API (New)
Windy Point Restaurant,"Windy Point Lookout, 339 Belair Rd, Belair SA 5052, Australia",Belair,SA,,http://www.windypoint.com.au/,info@windypoint.com.au,Expensive,4.5,,Upscale Modern Australian cuisine in a hilltop restaurant with panoramic views and wood decor. | Restaurant | Rated 4.5/5 (1225 reviews) | Expensive / upscale tier,Google Places API (New)
Africola,"4 East Terrace, Adelaide SA 5000, Australia",Adelaide,SA,(08) 8223 3885,http://www.africola.com.au/,info@africola.com.au,Expensive,4.5,,South African BBQ dishes and banquets prepared in a vibrant dining room with a hip vibe. | African Restaurant | Rated 4.5/5 (1484 reviews) | Expensive / upscale tier,Google Places API (New)
Hardy's Verandah,"Mount Lofty House, 1 Mawson Dr, Crafers SA 5062, Australia",Crafers,SA,(08) 8130 9292,https://hardysverandah.com.au/,dine@hardysverandah.com.au,Expensive,4.4,,Fine Dining Restaurant | Rated 4.4/5 (301 reviews) | Expensive / upscale tier,Google Places API (New)
d'Arry's Verandah Restaurant,"Osborn Rd, McLaren Vale SA 5171, Australia",McLaren Vale,SA,(08) 8329 4848,https://www.darenberg.com.au/darrys-verandah-restaurant/,wine@darenberg.com.au,Expensive,4.7,,"Hilltop winery restaurant with a refined changing menu and valley views, plus a shaded outdoor area. | Restaurant | Rated 4.7/5 (316 reviews) | Expensive / upscale tier",Google Places API (New)
The Kitchen,"SkyCity Adelaide, 125 North Terrace, Adelaide SA 5000, Australia",Adelaide,SA,(08) 8218 4244,https://skycityadelaide.com.au/eat-and-drink/the-kitchen/,enquiries@thekitchenatskycity.com.au,Expensive,4.1,,Restaurant | Rated 4.1/5 (1223 reviews) | Expensive / upscale tier,Google Places API (New)
The Meat & Wine Co Adelaide CBD,"39 Currie St, Adelaide SA 5000, Australia",Adelaide,SA,(08) 8127 0888,https://themeatandwineco.com/adelaide-restaurants/adelaide-cbd/?utm_source=google&utm_medium=organic&utm_campaign=yext&utm_content=booking-adelaide-cbd,,Expensive,4.5,,"Steaks, ribs & skewers, plus a long wine list, in a sophisticated, Afro-centric chophouse. | Steak House | Rated 4.5/5 (1629 reviews) | Expensive / upscale tier",Google Places API (New)
Press* Food & Wine,"40 Waymouth St, Adelaide SA 5000, Australia",Adelaide,SA,(08) 8211 8048,http://www.pressfoodandwine.com.au/,EAT@PRESSFOODANDWINE.COM.AU,Expensive,4.4,,"Light-filled restaurant over 2 levels, offering both casual and upscale Modern Australian dining. | Restaurant | Rated 4.4/5 (858 reviews) | Expensive / upscale tier",Google Places API (New)
Madame Hanoi,"SkyCity Adelaide, 125 North Terrace, Adelaide SA 5000, Australia",Adelaide,SA,(08) 8218 4166,https://skycityadelaide.com.au/eat-and-drink/madame-hanoi/,enquiries@madamehanoi.com.au,Expensive,4.2,,Restaurant | Rated 4.2/5 (1053 reviews) | Expensive / upscale tier,Google Places API (New)
Star of Greece,"1 Esplanade, Port Willunga SA 5173, Australia",Port Willunga,SA,(08) 8557 7420,http://starofgreece.com.au/,info@starofgreece.com.au,Expensive,4.6,,"Creative Mediterranean-influenced dishes, served in a light, simple space overlooking the ocean. | Fine Dining Restaurant | Rated 4.6/5 (2306 reviews) | Expensive / upscale tier",Google Places API (New)
Shobosho,"17 Leigh St, Adelaide SA 5000, Australia",Adelaide,SA,(08) 8366 2224,http://www.shobosho.com.au/,eat@shobosho.com.au,Expensive,4.4,,Lauded destination emphasizing Japanese yakitori & grilled fare in a rustic-chic space with a bar. | Asian Restaurant | Rated 4.4/5 (1592 reviews) | Expensive / upscale tier,Google Places API (New)
Skyline Bar & Restaurant,"1 South Tce, Adelaide SA 5000, Australia",Adelaide,SA,(08) 8216 0300,http://www.skylinerestaurant.com.au/,,Expensive,4,,"Elegant, top-floor hotel setting for Modern Australian cuisine, with huge windows and park views. | Restaurant | Rated 4/5 (185 reviews) | Expensive / upscale tier",Google Places API (New)
APOTECA,"118 Hindley St, Adelaide SA 5000, Australia",Adelaide,SA,(08) 8212 9099,http://www.apoteca.com.au/,drink@apoteca.com.au,Expensive,4.5,,"Chic restaurant & bar with marble tables and velvet lounges, offering contemporary dishes & wine. | Restaurant | Rated 4.5/5 (500 reviews) | Expensive / upscale tier",Google Places API (New)
2KW Bar & Restaurant,"2 King William St, Adelaide SA 5000, Australia",Adelaide,SA,(08) 8212 5511,http://2kwbar.com.au/,,Expensive,4.2,,"Airy, designer setting with a terrace and city views, serving Modern Australian menus and cocktails. | Bar | Rated 4.2/5 (1890 reviews) | Expensive / upscale tier",Google Places API (New)
Chianti,"160 Hutt St, Adelaide SA 5000, Australia",Adelaide,SA,(08) 8232 7955,http://www.chianti.au/,,Expensive,4.5,,"Family-run trattoria with a menu of Italian staples, a sleek dining room & pavement tables. | Italian Restaurant | Rated 4.5/5 (1116 reviews) | Expensive / upscale tier",Google Places API (New)
Orso,"36 Kensington Rd, Rose Park SA 5067, Australia",Rose Park,SA,(08) 8364 1008,http://orsokensington.com.au/,eat@orsokensington.com.au,Expensive,4.5,,"Airy, upscale eatery with patio dining known for its chef's selection, plus seafood, pasta & wines. | Restaurant | Rated 4.5/5 (651 reviews) | Expensive / upscale tier",Google Places API (New)
Stamps,"12A Welbourne St, Mitcham SA 5062, Australia",Mitcham,SA,(08) 8272 8815,http://www.stampsrestaurant.com.au/,info@stampsrestaurant.com.au,Expensive,4.7,,"Popular restaurant in a vine-covered ex-post office, dishing up seasonal Modern Australian cuisine. | Restaurant | Rated 4.7/5 (164 reviews) | Expensive / upscale tier",Google Places API (New)
Golden Boy,"309 North Terrace, Adelaide SA 5000, Australia",Adelaide,SA,(08) 8227 0799,http://www.golden-boy.com.au/,support@readymag.com,Expensive,4.6,,Bright space with stencil-covered walls presenting Thai food at communal tables & comfy booths. | Thai Restaurant | Rated 4.6/5 (1722 reviews) | Expensive / upscale tier,Google Places API (New)
Sosta Argentinian Kitchen,"291 Rundle St, Adelaide SA 5000, Australia",Adelaide,SA,(08) 8232 6799,http://www.sostaargentiniankitchen.com.au/,,Expensive,4.4,,"Argentinean fare served in a warm, exposed-brick space with white-tablecloths and polished decor. | Argentinian Restaurant | Rated 4.4/5 (659 reviews) | Expensive / upscale tier",Google Places API (New)
Gaucho's Argentinian Restaurant,"91 Gouger St, Adelaide SA 5000, Australia",Adelaide,SA,(08) 8231 2299,http://www.gauchos.com.au/,,Expensive,4.2,,Char-grilled seafood and steaks in a light-filled locale with white tablecloths and outdoor seats. | Argentinian Restaurant | Rated 4.2/5 (1246 reviews) | Expensive / upscale tier,Google Places API (New)
Louca's,"242-244 Pulteney St, Adelaide SA 5000, Australia",Adelaide,SA,(08) 8232 6792,http://loucasseafoodrestaurant.com.au/,info@loucasseafoodrestaurant.com.au,Expensive,4.6,,"Greek-influenced seafood, oysters & dips in a bright, modern room with floor-to-ceiling windows. | Seafood Restaurant | Rated 4.6/5 (787 reviews) | Expensive / upscale tier",Google Places API (New)
Seafire on the Marina,"Shop 2/12 Holdfast Promenade, Glenelg SA 5045, Australia",Glenelg,SA,(08) 8350 9574,http://www.seafire.net.au/,hello@seafire.net.au,Expensive,4.5,,Restaurant | Rated 4.5/5 (641 reviews) | Expensive / upscale tier,Google Places API (New)
Ginza Miyako Japanese Restaurant,"Stamford Plaza Hotel, Level 1/150 North Terrace, Adelaide SA 5000, Australia",Adelaide,SA,0439 764 463,https://www.ginzamiyako.com.au/,info@ginzamiyako.com.au,Expensive,4.2,,Upscale Japanese-French fusion dishes in a hotel with a traditional dining room with tatami mats. | Japanese Restaurant | Rated 4.2/5 (822 reviews) | Expensive / upscale tier,Google Places API (New)
Sidewood Estate Restaurant,"6 River Rd, Hahndorf SA 5245, Australia",Hahndorf,SA,(08) 8388 1157,https://sidewood.com.au/,cellardoor@sidewood.com.au,Expensive,4.3,,Restaurant | Rated 4.3/5 (824 reviews) | Expensive / upscale tier,Google Places API (New)
Concubine,"132 Gouger St, Adelaide SA 5000, Australia",Adelaide,SA,(08) 8212 8288,http://concubine.squarespace.com/,,Expensive,4.5,,"Opulent space lit by lanterns, crafting Chinese fusion dishes from locally sourced ingredients. | Chinese Restaurant | Rated 4.5/5 (837 reviews) | Expensive / upscale tier",Google Places API (New)
A Hereford Beefstouw,"143 Hutt St, Adelaide SA 5000, Australia",Adelaide,SA,(08) 8232 6868,https://beefstouw.com/restaurants/adelaide-australien,,Expensive,4.2,,"Casual steakhouse offering quality cuts & a robust wine list, plus grilled fish & draft beer. | Steak House | Rated 4.2/5 (1226 reviews) | Expensive / upscale tier",Google Places API (New)
Samurai Teppanyaki House,"116 King William Rd, Goodwood SA 5034, Australia",Goodwood,SA,0420 678 116,https://www.samurai-teppanyaki.com/,bookings@samuraiteppan.com.au,Expensive,4.5,,"Buzzing spot with samurai-themed artworks and vibrant decor, selling teppanyaki dishes and sake. | Japanese Restaurant | Rated 4.5/5 (615 reviews) | Expensive / upscale tier",Google Places API (New)
Tomiko Japanese Steak House,"Marina Pier, 7, Glenelg SA 5045, Australia",Glenelg,SA,(08) 8295 5995,http://www.tomiko.com.au/,hello@tomiko.com.au,Expensive,4.1,,"Japanese teppanyaki, seafood dishes and tasting menus in a smart restaurant with dark wood accents. | Japanese Restaurant | Rated 4.1/5 (764 reviews) | Expensive / upscale tier",Google Places API (New)
Sammys on the Marina,"Unit 1/12 Holdfast Promenade, Glenelg SA 5045, Australia",Glenelg,SA,(08) 8376 8211,http://www.sammys.net.au/,booking@sammys.net.au,Expensive,4.3,,Modern seafood staples & share platters served in a glass-walled room with expansive water views. | Seafood Restaurant | Rated 4.3/5 (2272 reviews) | Expensive / upscale tier,Google Places API (New)
Maxwell Wines,"19 Olivers Rd, McLaren Vale SA 5171, Australia",McLaren Vale,SA,(08) 8323 8200,http://www.maxwellwines.com.au/,,Expensive,4.7,,Winery | Rated 4.7/5 (686 reviews) | Expensive / upscale tier,Google Places API (New)
Ambrosini's Restaurant,"136 Magill Rd, Norwood SA 5067, Australia",Norwood,SA,(08) 8363 2152,http://www.ambrosinis.com.au/,,Expensive,4.8,,"Northern Italian dishes served in a classic, bustling space with candlelit tables & modern accents. | Italian Restaurant | Rated 4.8/5 (343 reviews) | Expensive / upscale tier",Google Places API (New)
Les Bistronomes,"18 Blamey Pl, Campbell ACT 2612, Australia",Campbell,ACT,(02) 6248 8119,https://www.lesbistronomes.net/?utm_source=google&utm_medium=organic&utm_campaign=gmb,lesbistronomes.act@gmail.com,Expensive,4.9,,"Refined French cuisine in a quaint bistro with fixed-price options, rustic accents & outdoor tables. | Fine Dining Restaurant | Rated 4.9/5 (1029 reviews) | Expensive / upscale tier",Google Places API (New)
Water's Edge Canberra,"40 Parkes Pl E, Parkes ACT 2600, Australia",Parkes,ACT,(02) 6273 5066,https://www.watersedgecanberra.com.au/,info@watersedgecanberra.com.au,Very Expensive,4.5,,Modern Australian food in a lakeside dining room with white tablecloths and ceiling-high windows. | Fine Dining Restaurant | Rated 4.5/5 (783 reviews) | Very expensive / luxury tier,Google Places API (New)
Courgette Restaurant,"54 Marcus Clarke St, Canberra ACT 2601, Australia",Canberra,ACT,(02) 6247 4042,https://www.courgette.com.au/,info@courgette.com.au,Expensive,4.5,,"Contemporary space overlooking a walled garden, for Modern European dining and fine wines. | Restaurant | Rated 4.5/5 (1116 reviews) | Expensive / upscale tier",Google Places API (New)
Lanterne Rooms,"Ground Floor of ISKIA EAST Building, 81 Constitution Ave, Campbell ACT 2612, Australia",Campbell,ACT,(02) 6249 6889,https://chairmangroup.com.au/lanterne-rooms/,lanternerooms@gmail.com,Expensive,4.8,,Airy restaurant with dark wood tones & slatted partitions for inventive Southeast Asian dishes. | Asian Restaurant | Rated 4.8/5 (391 reviews) | Expensive / upscale tier,Google Places API (New)
eightysix restaurant,"Corner of Eloura &, Mode 3 Building, Lonsdale St, Braddon ACT 2612, Australia",Braddon,ACT,(02) 6161 8686,http://eightysix.com.au/,info@eightysix.com.au,Expensive,4.5,,"Upscale Modern Australian share plates in a bustling, stylish dining room with an open kitchen. | Restaurant | Rated 4.5/5 (745 reviews) | Expensive / upscale tier",Google Places API (New)
Raku,"Shop DG36C/148 Bunda St, Canberra ACT 2601, Australia",Canberra,ACT,(02) 5121 9206,http://rakudining.com.au/,,Very Expensive,4.7,,"Modern sushi bar with dishes made from locally sourced ingredients, plus an extensive drinks menu. | Japanese Restaurant | Rated 4.7/5 (3729 reviews) | Very expensive / luxury tier",Google Places API (New)
Rubicon Restaurant,"6A Barker St, Griffith ACT 2603, Australia",Griffith,ACT,(02) 6295 9919,http://rubiconrestaurant.com.au/,info@rubiconrestaurant.com.au,Expensive,4.7,,"Intimate, white-tablecloth restaurant in a mall, plating Modern Australian meals under fairy lights. | Restaurant | Rated 4.7/5 (437 reviews) | Expensive / upscale tier",Google Places API (New)
INKA Japanese restaurant,"Shop B11A/148 Bunda St, Canberra ACT 2601, Australia",Canberra,ACT,(02) 5115 0777,http://www.inka.com.au/,info@inka.com.au,Very Expensive,4.6,,Stylish restaurant with a bar & mezzanine serving Japanese/Peruvian cuisine. | Japanese Restaurant | Rated 4.6/5 (1125 reviews) | Very expensive / luxury tier,Google Places API (New)
Grazing Restaurant,"42 Cork St, Gundaroo NSW 2620, Australia",Gundaroo,NSW,(02) 6236 8777,http://www.grazing.com.au/,info@grazing.com.au,Expensive,4.8,,"Upscale seasonal plates in a restored, split-space 1865 hotel with stone walls and fireside tables. | Restaurant | Rated 4.8/5 (768 reviews) | Expensive / upscale tier",Google Places API (New)
Marble and Grain,"25 Mort St, Braddon ACT 2612, Australia",Braddon,ACT,,http://www.marbleandgrain.com.au/?utm_source=googlemybusiness&utm_medium=organic&utm_campaign=Google%20My%20Business,,Expensive,4.1,,Hearty dining in a splashy steakhouse and bar with exposed concrete walls and leather banquettes. | Steak House | Rated 4.1/5 (1569 reviews) | Expensive / upscale tier,Google Places API (New)
Pomegranate Restaurant,"31 Giles St, Kingston ACT 2604, Australia",Kingston,ACT,(02) 6295 1515,http://www.pomegranatecanberra.com.au/,pomegranate.erkin@gmail.com,Expensive,4.6,,"Smart, casual place with a terrace, offering modern Australian food with a Mediterranean twist. | Restaurant | Rated 4.6/5 (495 reviews) | Expensive / upscale tier",Google Places API (New)
Pilot Restaurant and That Other Place (Bar),"1 Wakefield Gardens, Ainslie ACT 2612, Australia",Ainslie,ACT,(02) 6257 4334,https://www.pilotrestaurant.com/,drinks@pilotrestaurant.com,Very Expensive,4.5,,Restaurant | Rated 4.5/5 (333 reviews) | Very expensive / luxury tier,Google Places API (New)
Chairman & Yip,"1/1 Burbury Cl, Barton ACT 2600, Australia",Barton,ACT,(02) 6162 1220,https://chairmangroup.com.au/chairmanyip,chairmanandyip@gmail.com,Expensive,4.6,,Inventive East-meets-West dishes and fine wines in an unfussy dining room with sweeping staircase. | Asian Restaurant | Rated 4.6/5 (429 reviews) | Expensive / upscale tier,Google Places API (New)
Charcoal Restaurant,"61 London Cct, Canberra ACT 2601, Australia",Canberra,ACT,(02) 6248 8015,http://www.charcoalrestaurant.com.au/,,Expensive,4.2,,"Old-timey mirrored brasserie in a 1920s building showcasing steak, wine and comfort food. | Steak House | Rated 4.2/5 (419 reviews) | Expensive / upscale tier",Google Places API (New)
Mezzalira Italian Restaurant,"55 London Cct, Canberra ACT 2601, Australia",Canberra,ACT,(02) 6230 0025,http://www.mezzalira.com.au/,,Expensive,4.2,,"Handmade pasta, antipasti & fine Italian & Australian wines in refined, polished-wood surrounds. | Italian Restaurant | Rated 4.2/5 (404 reviews) | Expensive / upscale tier",Google Places API (New)
The Meat & Wine Co Canberra,"Constitution Pl, Ground Level/1 Constitution Ave, Canberra ACT 2601, Australia",Canberra,ACT,(02) 5134 5988,https://themeatandwineco.com/canberra-restaurants/canberra-cbd/?utm_source=google&utm_medium=organic&utm_campaign=yext&utm_content=booking-canberra,,Expensive,4.5,,"Steaks, ribs & skewers, plus a long wine list, in a sophisticated, Afro-centric chophouse. | Steak House | Rated 4.5/5 (1357 reviews) | Expensive / upscale tier",Google Places API (New)
Capitol Bar & Grill Restaurant,"6 Marcus Clarke St, Canberra ACT 2601, Australia",Canberra,ACT,(02) 6267 1261,https://www.capitolbarandgrill.com/,,Expensive,4,,"Chic grill restaurant serving Australian-modern fare, prime-cut steaks & wines from acclaimed chefs. | Bar & Grill | Rated 4/5 (513 reviews) | Expensive / upscale tier",Google Places API (New)
The Boat House,"Grevillea Park, Menindee Dr, Barton ACT 2600, Australia",Barton,ACT,(02) 6273 5500,https://theboathouse.restaurant/,,Expensive,4.7,,Fine Dining Restaurant | Rated 4.7/5 (868 reviews) | Expensive / upscale tier,Google Places API (New)
OTIS Dining Hall,"29 Jardine St, Kingston ACT 2604, Australia",Kingston,ACT,(02) 5121 9433,https://otisdininghall.com.au/,office@otisdininghall.com.au,Very Expensive,4.4,,Restaurant | Rated 4.4/5 (599 reviews) | Very expensive / luxury tier,Google Places API (New)
Ottoman Cuisine,"9 Broughton St, Barton ACT 2600, Australia",Barton,ACT,(02) 6273 6111,http://www.ottomancuisine.com.au/,info@ottomancuisine.com.au,Expensive,4.5,,Gourmet Turkish meze & mains in a swanky art deco pavilion with views of courtyard gardens & scenic fountains. | Restaurant | Rated 4.5/5 (622 reviews) | Expensive / upscale tier,Google Places API (New)
Monster Kitchen and Bar,"Ground/25 Edinburgh Ave, Canberra ACT 2601, Australia",Canberra,ACT,(02) 6287 6192,https://ovolohotels.com/ovolo/nishi/monster-kitchen-and-bar/,,Expensive,3.9,,"Diverse Modern Australian meals and share plates in a trendy eatery with a chic, contemporary vibe. | Restaurant | Rated 3.9/5 (967 reviews) | Expensive / upscale tier",Google Places API (New)
Blackfire Restaurant Canberra,"Unit 45/38 Mort St, Braddon ACT 2612, Australia",Braddon,ACT,(02) 6230 5921,https://www.blackfirecanberra.com.au/,,Expensive,4.2,,"Smart space with chandeliers, for Mediterranean dishes cooked in a fire pit or a wood-fired oven. | Mediterranean Restaurant | Rated 4.2/5 (1167 reviews) | Expensive / upscale tier",Google Places API (New)
Belluci's Manuka,"Franklin St &, Furneaux St, Griffith ACT 2603, Australia",Griffith,ACT,(02) 6239 7424,http://www.bellucis.com.au/,manuka@bellucis.com.au,Expensive,4.3,,"Stylish restaurant with exposed-brick walls, warm wood and monochrome accents, serving Italian food. | Italian Restaurant | Rated 4.3/5 (904 reviews) | Expensive / upscale tier",Google Places API (New)
Italian and Sons,"7 Lonsdale St, Braddon ACT 2612, Australia",Braddon,ACT,(02) 6162 4888,http://www.italianandsons.com.au/,dev2@crescospec.com,Expensive,4.1,,"Upscale menu, including antipasti and handcut pasta, in a smart restaurant with a playful vibe. | Italian Restaurant | Rated 4.1/5 (773 reviews) | Expensive / upscale tier",Google Places API (New)
Molto Italian,"Element Building Unit, Unit 155/43 Eastlake Parade, Kingston ACT 2604, Australia",Kingston,ACT,(02) 6140 7039,http://www.moltoitalian.com/,,Expensive,4.2,,"Laid-back Italian restaurant whipping up pizza, pasta, seafood & desserts, plus a large wine list. | Italian Restaurant | Rated 4.2/5 (1244 reviews) | Expensive / upscale tier",Google Places API (New)
The Promenade Cafe,"120 Commonwealth Ave, Yarralumla ACT 2600, Australia",Yarralumla,ACT,(02) 6269 8901,https://www.hyatt.com/en-US/hotel/australia/hyatt-hotel-canberra-a-park-hyatt-hotel/canbe/dining/the-promenade-cafe,,Expensive,4.1,,Seasonal Modern Australian dining & a breakfast buffet in an elegant space with wood-accented decor. | Restaurant | Rated 4.1/5 (243 reviews) | Expensive / upscale tier,Google Places API (New)
Redsalt Restaurant,"1 Binara St, Canberra ACT 2601, Australia",Canberra,ACT,(02) 6274 5506,https://canberra.crowneplaza.com/redsalt-restaurant/,reservations.cbrbs@ihg.com,Expensive,3.6,,"Smart hotel restaurant with floor-to-ceiling windows, for buffet brekkie and Modern Australian food. | Restaurant | Rated 3.6/5 (116 reviews) | Expensive / upscale tier",Google Places API (New)
Poachers Pantry - Restaurant and Cellar Door,"431 Nanima Rd, Springrange NSW 2618, Australia",Springrange,NSW,(02) 6230 2487,http://www.poachers.com.au/,unwind@poachers.com.au,Expensive,4.4,,"Vineyard featuring a cellar door, a wedding venue & a restaurant with a seasonal lunch menu. | Restaurant | Rated 4.4/5 (885 reviews) | Expensive / upscale tier",Google Places API (New)
Highball,"75 London Cct, Canberra ACT 2601, Australia",Canberra,ACT,(02) 6188 4590,http://www.highball.bar/,hola@highball.bar,Expensive,4.3,,Cocktail Bar | Rated 4.3/5 (608 reviews) | Expensive / upscale tier,Google Places API (New)
IORI Japanese Restaurant,"41 E Row, Canberra ACT 2601, Australia",Canberra,ACT,0450 874 993,http://www.iori.com.au/,,Expensive,4.5,,"Refined dishes in a casual setting lit by paper lanterns, with Western and Japanese-style seating. | Japanese Restaurant | Rated 4.5/5 (891 reviews) | Expensive / upscale tier",Google Places API (New)
Walt & Burley,"Unit 70/17 Eastlake Parade, Kingston ACT 2604, Australia",Kingston,ACT,(02) 6239 6648,http://www.waltandburley.com.au/,venue@waltandburley.com.au,Expensive,3.7,,"Steaks, burgers & global tapas served in a sizable lakeside gastropub with modern decor & a patio. | Gastropub | Rated 3.7/5 (1376 reviews) | Expensive / upscale tier",Google Places API (New)
Little Truffle,"2444 Gold Coast Hwy, Mermaid Beach QLD 4218, Australia",Mermaid Beach,QLD,(07) 5526 5033,http://www.littletruffle.com.au/,info@littletruffle.com.au,Expensive,4.8,,Fine Modern Australian food and a 5-course tasting menu presented in intimate dining rooms. | Restaurant | Rated 4.8/5 (1368 reviews) | Expensive / upscale tier,Google Places API (New)
Rick Shores,"3/43 Goodwin Terrace, Burleigh Heads QLD 4220, Australia",Burleigh Heads,QLD,(07) 5630 6611,https://www.rickshores.com.au/,seatme@rickshores.com.au,Expensive,4.5,,Asian Fusion Restaurant | Rated 4.5/5 (1902 reviews) | Expensive / upscale tier,Google Places API (New)
Etsu Izakaya,"2440 Gold Coast Hwy, Mermaid Beach QLD 4218, Australia",Mermaid Beach,QLD,(07) 5526 0944,http://www.etsu.com.au/,enquiries@etsu.com.au,Expensive,4.6,,"Contemporary spot with a curved wooden ceiling, for Japanese dishes to share plus sake and whiskey. | Izakaya Restaurant | Rated 4.6/5 (1683 reviews) | Expensive / upscale tier",Google Places API (New)
Social Eating House + Bar,"shop 137/3 Oracle Bvd, Broadbeach QLD 4218, Australia",Broadbeach,QLD,(07) 5504 5210,http://www.socialeatinghouse.com.au/,,Expensive,4.6,,"Cosy venue serving sharing plates, oysters & charcuterie, plus craft cocktails & a robust wine list. | Restaurant | Rated 4.6/5 (1056 reviews) | Expensive / upscale tier",Google Places API (New)
Misono Japanese,"Level 3/158 Ferny Ave, Surfers Paradise QLD 4217, Australia",Surfers Paradise,QLD,(07) 5592 9770,https://www.misonorestaurant.com/,misono.reservations@jwmarriott.com,Expensive,4.5,,Japanese Restaurant | Rated 4.5/5 (842 reviews) | Expensive / upscale tier,Google Places API (New)
Il Barocco Restaurant,"Suite 11/94 Seaworld Dr, Main Beach QLD 4217, Australia",Main Beach,QLD,(07) 5509 8000,https://www.theimperialgc.com.au/restaurants-and-bars/il-barocco,events@theimperialgc.com.au,Expensive,4.1,,"Light-filled hotel restaurant with Versace decor, plus set menus & international fine dining. | Restaurant | Rated 4.1/5 (314 reviews) | Expensive / upscale tier",Google Places API (New)
Paper Daisy,"21 Cypress Cres, Cabarita Beach NSW 2488, Australia",Cabarita Beach,NSW,(02) 6676 1444,https://halcyonhouse.com.au/paper-daisy-restaurant/,reservations@halcyonhouse.com.au,Expensive,4.5,,Restaurant | Rated 4.5/5 (617 reviews) | Expensive / upscale tier,Google Places API (New)
Moo Moo The Wine Bar + Grill,"BB on the Park 502, 2685 Gold Coast Hwy, Broadbeach QLD 4218, Australia",Broadbeach,QLD,,https://www.moomoorestaurant.com/gold-coast/,functions.gc@moomoorestaurant.com,Very Expensive,4.3,,Specialty steaks and fine wines served in a bold dining room with cool lighting and leather chairs. | Bar & Grill | Rated 4.3/5 (1711 reviews) | Very expensive / luxury tier,Google Places API (New)
Citrique,"158 Ferny Ave, Surfers Paradise QLD 4217, Australia",Surfers Paradise,QLD,(07) 5592 9772,https://www.citriquerestaurant.com/?scid=feed67b0-9a2f-4de1-8df6-114544116108,citrique.reservations@jwmarriott.com,Expensive,4.3,,International cuisine in a classy resort restaurant with live cooking stations and a seafood buffet. | Restaurant | Rated 4.3/5 (1074 reviews) | Expensive / upscale tier,Google Places API (New)
Edgewater Dining and Lounge,"Capri on, Shop 3 G7 Via Roma, Surfers Paradise QLD 4217, Australia",Surfers Paradise,QLD,(07) 5570 1624,http://www.edgewaterdining.com.au/,info@edgewaterdining.com.au,Expensive,4.5,,Brunch & refined bistro dishes in a chic setting with water views through ceiling-high windows. | Restaurant | Rated 4.5/5 (1774 reviews) | Expensive / upscale tier,Google Places API (New)
Seascape Restaurant & Bar,"1/4 Esplanade, Surfers Paradise QLD 4217, Australia",Surfers Paradise,QLD,(07) 5527 6655,http://seascape.com.au/,info@seascape.com.au,Expensive,4.1,,"Elegant beachfront destination offering a bistro & a fine dining, seafood option with ocean views. | Seafood Restaurant | Rated 4.1/5 (1533 reviews) | Expensive / upscale tier",Google Places API (New)
Mamasan,"3 Oracle Bvd, Broadbeach QLD 4218, Australia",Broadbeach,QLD,(07) 5527 5700,https://www.mamasan.com.au/,eat@mamasan.com.au,Expensive,4.5,,"Hip Pan-Asian restaurant with mains & small plates, plus cocktails, sake & a robust wine list. | Asian Restaurant | Rated 4.5/5 (1208 reviews) | Expensive / upscale tier",Google Places API (New)
Balboa Italian Restaurant,"1069 Gold Coast Hwy, Palm Beach QLD 4221, Australia",Palm Beach,QLD,(07) 5659 2282,http://balboaitalian.com.au/,,Expensive,4.6,,Italian Restaurant | Rated 4.6/5 (1775 reviews) | Expensive / upscale tier,Google Places API (New)
Cucina Vivo,"The Star Gold Coast, Lobby Level, 1 Casino Drive, 1 Casino Dr, Broadbeach QLD 4218, Australia",Broadbeach,QLD,(07) 5592 8100,https://www.star.com.au/goldcoast/restaurants/cucina-vivo?utm_medium=organic&utm_source=gmb&utm_content=listing&utm_term=GC-organic&utm_campaign=cucina-vivo,,Expensive,4.3,,Italian Restaurant | Rated 4.3/5 (1015 reviews) | Expensive / upscale tier,Google Places API (New)
Gemelli Italian,"2/2685 Gold Coast Hwy, Broadbeach QLD 4218, Australia",Broadbeach,QLD,(07) 5504 7413,http://gemelliitalian.com.au/menu,,Expensive,4.4,,Wood-fired pizza and homemade pasta in a rustic-chic restaurant with exposed beams and brickwork. | Italian Restaurant | Rated 4.4/5 (2312 reviews) | Expensive / upscale tier,Google Places API (New)
Landscape Restaurant & Grill,"23 Hunter St, Hobart TAS 7000, Australia",Hobart,TAS,(03) 6210 7712,http://landscaperestaurant.com.au/,landscape@landscaperestaurant.com.au,Very Expensive,4.7,,Restaurant | Rated 4.7/5 (845 reviews) | Very expensive / luxury tier,Google Places API (New)
The Astor Grill,"157 Macquarie St, Hobart TAS 7000, Australia",Hobart,TAS,(03) 6234 3122,https://astorgrill.com.au/,info@astorgrill.com.au,Expensive,4.7,,Modern Australian meals in a stylish art deco restaurant with warm red walls and white tablecloths. | Restaurant | Rated 4.7/5 (580 reviews) | Expensive / upscale tier,Google Places API (New)
The Agrarian Kitchen,"11a The Avenue, New Norfolk TAS 7140, Australia",New Norfolk,TAS,(03) 6262 0011,http://www.theagrariankitchen.com/,,Expensive,4.6,,Restaurant | Rated 4.6/5 (476 reviews) | Expensive / upscale tier,Google Places API (New)
Stillwater Restaurant and Stillwater Seven Accommodation,"2 Bridge Rd, Launceston TAS 7250, Australia",Launceston,TAS,(03) 6331 4153,http://www.stillwater.net.au/,dine@stillwater.net.au,Expensive,4.6,,"Busy restaurant in a restored 1830s flour mill, with a relaxed menu focused on Tasmanian produce. | Australian Restaurant | Rated 4.6/5 (1459 reviews) | Expensive / upscale tier",Google Places API (New)
Mures Upper Deck,"Victoria Dock, Davey St, Hobart TAS 7000, Australia",Hobart,TAS,(03) 6231 1999,http://mures.com.au/upper-deck/,functions@mures.com.au,Expensive,4.2,,"Top floor of a long-running dockside fish shop, offering locally sourced seafood and Tasmanian wine. | Seafood Restaurant | Rated 4.2/5 (1676 reviews) | Expensive / upscale tier",Google Places API (New)
Peppermint Bay & Peppermint Bay Cruises,"3435 Channel Hwy, Woodbridge TAS 7162, Australia",Woodbridge,TAS,1300 137 919,https://peppermintbay.com.au/,info@peppermintbay.com.au,Expensive,4.3,,"Contemporary restaurant & bar offering modern dishes made from local produce, plus a dining terrace. | Restaurant | Rated 4.3/5 (622 reviews) | Expensive / upscale tier",Google Places API (New)
Roaring Grill North Hobart,"301 Elizabeth St, North Hobart TAS 7000, Australia",North Hobart,TAS,(03) 6135 2200,https://roaringgrill.com/,admin@roaringgrill.com.au,Expensive,4.1,,"Locally sourced meats & seafood, plus craft beer & cocktails, in a modern, buzzy locale. | Restaurant | Rated 4.1/5 (496 reviews) | Expensive / upscale tier",Google Places API (New)
Pee Wee's at the Point,"Alec Fong Lim Dr, East Point NT 0820, Australia",East Point,NT,(08) 8981 6868,http://peewees.com.au/,,Expensive,4.6,,"Modern restaurant with a leafy, oceanfront outdoor deck, offering local, produce-driven dishes. | Restaurant | Rated 4.6/5 (975 reviews) | Expensive / upscale tier",Google Places API (New)
Hanuman Restaurant Darwin,"93 Mitchell St, Darwin City NT 0800, Australia",Darwin City,NT,(08) 8941 3500,http://www.hanuman.com.au/,rachael@trghospitality.com.au,Expensive,4.5,,"Thai and Indian food served in a casual, open-plan space with high ceilings and Asian wood carvings. | Restaurant | Rated 4.5/5 (2536 reviews) | Expensive / upscale tier",Google Places API (New)
il Piatto Restaurant,"Mindil Beach Casino Resort, Gilruth Ave, Darwin City NT 0820, Australia",Darwin City,NT,(08) 8943 8881,https://www.mindilbeachcasinoresort.com.au/restaurants/il-piatto/?utm_source=google&utm_medium=yext,,Expensive,4.1,,Classic Italian dishes and wood-fired pizza served amid modern lights and bronze patterned screens. | Italian Restaurant | Rated 4.1/5 (341 reviews) | Expensive / upscale tier,Google Places API (New)
C'est Bon,"20 Lake St, Cairns City QLD 4870, Australia",Cairns City,QLD,(07) 4051 4488,https://www.cestboncairns.com.au/,restaurant@cestboncairns.com.au,Expensive,4.6,,"Bistro classics like steak tartare and duck confit served in a circular, light-filled dining room. | French Restaurant | Rated 4.6/5 (1017 reviews) | Expensive / upscale tier",Google Places API (New)
Ochre Restaurant and Catering,"Harbour Lights Boardwalk, 1 Marlin Parade, Cairns City QLD 4870, Australia",Cairns City,QLD,(07) 4051 0100,https://www.ochrerestaurant.com.au/,info@ochrerestaurant.com.au,Expensive,4.5,,"Adventurous menus featuring native game, herbs and seafood, served in a contemporary dining room. | Restaurant | Rated 4.5/5 (1816 reviews) | Expensive / upscale tier",Google Places API (New)
Tamarind Restaurant,"6-8 Abbott St, Cairns City QLD 4870, Australia",Cairns City,QLD,(07) 4030 8897,https://www.reefcasino.com.au/dine/tamarind-restaurant,tamarind@reefcasino.com.au,Expensive,4.5,,"Modern, wood-panelled restaurant setting with a relaxed vibe for Asian fusion fine dining and wine. | Fine Dining Restaurant | Rated 4.5/5 (550 reviews) | Expensive / upscale tier",Google Places API (New)
Osprey's Restaurant Port Douglas,"5078 Captain Cook Hwy, Oak Beach QLD 4877, Australia",Oak Beach,QLD,(07) 4098 5700,https://www.thalabeach.com.au/port-douglas-resort/restaurant/,,Expensive,4.5,,Restaurant | Rated 4.5/5 (402 reviews) | Expensive / upscale tier,Google Places API (New)
Nu Nu Restaurant,"1 Veivers Rd, Palm Cove QLD 4879, Australia",Palm Cove,QLD,(07) 4059 1880,http://www.nunu.com.au/,,Very Expensive,4.6,,"Refined Australian dishes, from breakfast to cocktails, in a lush beachfront setting. | Australian Restaurant | Rated 4.6/5 (3929 reviews) | Very expensive / luxury tier",Google Places API (New)
Harbourside Bar & Kitchen,"Harbourside Bar & Kitchen, 209-217 Esplanade, Cairns City QLD 4870, Australia",Cairns City,QLD,(07) 4080 3000,https://harboursidebarandkitchen.com.au/,info@cairnsharboursidehotel.com.au,Expensive,3.9,,"Light-filled Holiday Inn spot for Modern Australian meals, with wine & outdoor seats with sea views. | Restaurant | Rated 3.9/5 (87 reviews) | Expensive / upscale tier",Google Places API (New)
Rustica Newcastle Beach,"Unit 2/1 King St, Newcastle NSW 2300, Australia",Newcastle,NSW,(02) 4929 3333,http://www.rustica.com.au/,eat@rustica.com.au,Expensive,4.6,,"Ambitious Mediterranean menu in a bright eatery with sea views, stone walls and rustic-chic decor. | Mediterranean Restaurant | Rated 4.6/5 (1887 reviews) | Expensive / upscale tier",Google Places API (New)
The Flotilla,"9 Albert St, Wickham NSW 2293, Australia",Wickham,NSW,0407 434 956,https://www.theflotilla.com.au/,ahoy@theflotilla.com.au,Very Expensive,4.8,,Restaurant | Rated 4.8/5 (513 reviews) | Very expensive / luxury tier,Google Places API (New)
Muse Restaurant,"2450 Broke Rd, Pokolbin NSW 2320, Australia",Pokolbin,NSW,(02) 4998 6777,http://musedining.com.au/,muse@musedining.com.au,Very Expensive,4.6,,"Soaring space with a large fireplace, for Modern Australian dishes with a local and seasonal focus. | Fine Dining Restaurant | Rated 4.6/5 (763 reviews) | Very expensive / luxury tier",Google Places API (New)
Scratchleys on the Wharf,"200 Wharf Rd, Newcastle NSW 2300, Australia",Newcastle,NSW,(02) 4929 1111,http://www.scratchleys.com.au/,,Expensive,4,,"Light-filled seafood eatery also serving meat mains, with water views from floor-to-ceiling windows. | Seafood Restaurant | Rated 4/5 (1992 reviews) | Expensive / upscale tier",Google Places API (New)
House of Tides,"28-30 Close, Newcastle upon Tyne NE1 3RF, UK",,,0191 230 3720,http://houseoftides.co.uk/,info@houseoftides.co.uk,Very Expensive,4.6,,"Light-filled dining room with exposed beams, for gourmet British cuisine and tasting menus. | British Restaurant | Rated 4.6/5 (607 reviews) | Very expensive / luxury tier",Google Places API (New)
Nagisa,"Unit 2/1 Honeysuckle Dr, Newcastle NSW 2300, Australia",Newcastle,NSW,0401 182 594,http://www.nagisa.com.au/,,Expensive,4.4,,Traditional Japanese plates crafted in a casual eatery with minimalist decor and draped walls. | Japanese Restaurant | Rated 4.4/5 (1223 reviews) | Expensive / upscale tier,Google Places API (New)
Brownsugar Restaurant,"King St &, The Esplanade, Warners Bay NSW 2282, Australia",Warners Bay,NSW,(02) 4947 1144,http://brownsugarrestaurant.com.au/,bjones@brownsugarrestaurant.com.au,Expensive,4.3,,"Modern, seasonal Australian cuisine in a sleek space with contemporary lighting & water views. | Restaurant | Rated 4.3/5 (668 reviews) | Expensive / upscale tier",Google Places API (New)
Gaucho Newcastle,"2, 6 Market St, Newcastle upon Tyne NE1 6JF, UK",,,0191 260 3600,https://gauchorestaurants.com/restaurants/newcastle/,newcastle@gauchorestaurants.com,Expensive,4.5,,Steak House | Rated 4.5/5 (609 reviews) | Expensive / upscale tier,Google Places API (New)
Tomahawk Steakhouse - Newcastle,"95 Quayside, Newcastle upon Tyne NE1 3DH, UK",,,0191 222 1122,https://tomahawk-steakhouse.co.uk/tomahawk-steakhouse-newcastle?utm_source=google&utm_medium=organic&utm_campaign=gmb_tomahawk_newcastle&utm_content=listing,newcastle@tomahawk-steakhouse.co.uk,Expensive,4.3,,"High-end steaks, chops, seafood dishes & cocktails are the draw at this sophisticated restaurant. | Restaurant | Rated 4.3/5 (1824 reviews) | Expensive / upscale tier",Google Places API (New)
Criniti's Kotara,"Northcott Dr, Kotara NSW 2289, Australia",Kotara,NSW,(02) 8026 7700,https://www.crinitis.com.au/?utm_content=Criniti's+Kotara&utm_campaign=Google+My+Business&utm_medium=organic&utm_source=google&utm_term=plcid_3312073950702555016,reservations@crinitis.com.au,Expensive,4.2,,"Casual dining room offering Italian dishes like pizzas & pastas, plus cocktails & gelatos. | Italian Restaurant | Rated 4.2/5 (2400 reviews) | Expensive / upscale tier",Google Places API (New)
Coldwater Creek,"60/62 Harbour St, Wollongong NSW 2500, Australia",Wollongong,NSW,(02) 4201 2111,https://www.nexthotels.com/sage/wollongong/dining/coldwater-creek-restaurant-bar,assistantmanagerfb.wol@sage-hotels.com,Expensive,3.3,,"Relaxed bar & eatery offering steaks, burgers 
& pub bites in a casual space with booths. | Restaurant | Rated 3.3/5 (40 reviews) | Expensive / upscale tier",Google Places API (New)
Frenchy's Bistrot at Empire Grill,"66 McKillop St, Geelong VIC 3220, Australia",Geelong,VIC,(03) 5223 2132,http://www.empiregrill.com.au/,,Expensive,4.4,,"Modern Australian dishes with Asian influences, in a refined dining room with old-world chairs. | French Restaurant | Rated 4.4/5 (391 reviews) | Expensive / upscale tier",Google Places API (New)
Fishermen's Pier,"1a Yarra St, Geelong VIC 3220, Australia",Geelong,VIC,(03) 5222 4100,http://www.fishermenspier.com.au/,,Expensive,4.2,,Seafood Restaurant | Rated 4.2/5 (802 reviews) | Expensive / upscale tier,Google Places API (New)
Parkers Steakhouse,"2 Shorts Pl, Geelong VIC 3220, Australia",Geelong,VIC,(03) 5221 8485,https://parkerssteakhouse.com.au/,,Expensive,4.5,,"Farmhouse-style stone and wood restaurant, offering grilled meat dishes from regional producers. | Steak House | Rated 4.5/5 (699 reviews) | Expensive / upscale tier",Google Places API (New)
Squires Loft Geelong,"76 Preston St, Geelong West VIC 3218, Australia",Geelong West,VIC,(03) 5222 5864,https://squiresloftgeelongtorquay.com.au/,,Expensive,4.6,,"Classic grillhouse chain serving hearty portions of grass-fed steaks and ribs, plus surf 'n' turf. | Restaurant | Rated 4.6/5 (811 reviews) | Expensive / upscale tier",Google Places API (New)
See Restaurant,"123 Parkyn Parade, Mooloolaba QLD 4557, Australia",Mooloolaba,QLD,(07) 5444 5044,https://www.seerestaurant.com.au/,admin@seerestaurant.com.au,Expensive,4.5,,Fine wine and Modern Australian seafood menus served in an intimate dining room with ocean views. | Seafood Restaurant | Rated 4.5/5 (960 reviews) | Expensive / upscale tier,Google Places API (New)
Harry's On Buderim,"11 Harrys Ln, Buderim QLD 4556, Australia",Buderim,QLD,(07) 5445 6661,http://harrysonbuderim.com.au/,info@harrysonbuderim.com.au,Expensive,4.7,,Modern Australian dining in a century-old home with a veranda offering rain forest views. | Restaurant | Rated 4.7/5 (752 reviews) | Expensive / upscale tier,Google Places API (New)
The Long Apron,"68 Balmoral Rd, Montville QLD 4560, Australia",Montville,QLD,(07) 5452 1111,https://www.worldsapart.club/spicers/clovelly-estate/dining/the-long-apron?utm_source=google&utm_medium=organic&utm_campaign=gmb,,Very Expensive,4.4,,"Celebrated Modern Australian tasting menus, plated in an elegant dining room with vintage decor. | Restaurant | Rated 4.4/5 (337 reviews) | Very expensive / luxury tier",Google Places API (New)
The Boat Shed & The Boat Shed Takeaway,"(Behind the pool), The Esplanade, Cotton Tree QLD 4558, Australia",Cotton Tree,QLD,(07) 5443 3808,https://www.theboatshed.com.au/,,Expensive,4.3,,"Cocktails and creative Modern Australian mains, tapas and desserts, with panoramic river views. | Restaurant | Rated 4.3/5 (1744 reviews) | Expensive / upscale tier",Google Places API (New)
Sails Restaurant Noosa,"75 Hastings St, Noosa Heads QLD 4567, Australia",Noosa Heads,QLD,(07) 5447 4235,http://www.sailsnoosa.com.au/,,Very Expensive,4.5,,Thoughtfully sourced Modern Australian cuisine in a quietly stylish spot with 3-storey wine cellar. | Restaurant | Rated 4.5/5 (1174 reviews) | Very expensive / luxury tier,Google Places API (New)
Rickys River Bar & Restaurant,"2 Quamby Pl, Noosa Heads QLD 4567, Australia",Noosa Heads,QLD,(07) 5447 2455,http://rickys.com.au/,,Expensive,4.5,,"Fine Modern European cuisine in a light, elegantly designed space with tranquil water views. | Restaurant | Rated 4.5/5 (922 reviews) | Expensive / upscale tier",Google Places API (New)
Wildflower Kitchen & Bar,"9 Florey Blvd, Birtinya QLD 4575, Australia",Birtinya,QLD,(07) 5334 9555,http://www.wildflowerkitchen.com.au/,wildflower@mercurekawanawaters.com.au,Expensive,4.1,,Restaurant | Rated 4.1/5 (148 reviews) | Expensive / upscale tier,Google Places API (New)
Locale,"62 Hastings St, Noosa Heads QLD 4567, Australia",Noosa Heads,QLD,(07) 5447 5111,http://www.localenoosa.com.au/,,Expensive,4.5,,"Refined Italian restaurant/bar with black decor, glass walls & plush banquettes. | Italian Restaurant | Rated 4.5/5 (1234 reviews) | Expensive / upscale tier",Google Places API (New)
Bistro C,"49 Hastings St, Noosa Heads QLD 4567, Australia",Noosa Heads,QLD,(07) 5447 2855,http://www.bistroc.com.au/,,Expensive,4.4,,Modern Australian cuisine and sunset cocktails by a stylish beachfront boardwalk. | Bistro | Rated 4.4/5 (2320 reviews) | Expensive / upscale tier,Google Places API (New)
The Mez Club,"4/85-87 Jonson St, Byron Bay NSW 2481, Australia",Byron Bay,NSW,0401 262 850,http://www.mezclub.com.au/?utm_source=GMB,,Expensive,4.5,,Restaurant | Rated 4.5/5 (1562 reviews) | Expensive / upscale tier,Google Places API (New)
Bang Bang Byron Bay,"4/1 Byron St, Byron Bay NSW 2481, Australia",Byron Bay,NSW,(02) 5602 5603,http://www.bangbangbyronbay.com/,bangbangbyronbay@gmail.com,Expensive,4.6,,Intimate kitchen with a garden vibe furnishing eclectic Asian fare & inventive drinks. | Asian Restaurant | Rated 4.6/5 (1563 reviews) | Expensive / upscale tier,Google Places API (New)
Beach Byron Bay,"2 Massinger St, Byron Bay NSW 2481, Australia",Byron Bay,NSW,1300 583 766,http://www.beachbyronbay.com.au/,,Expensive,4.2,,"Modern Australian menu in a light-filled, stylish beachfront cafe/restaurant with outdoor seats. | Restaurant | Rated 4.2/5 (1074 reviews) | Expensive / upscale tier",Google Places API (New)
Nautilus Restaurant,"17 Murphy St, Port Douglas QLD 4877, Australia",Port Douglas,QLD,(07) 4099 5330,http://www.nautilus-restaurant.com.au/,,Very Expensive,4.6,,"Upmarket Modern Australian food, with à la carte and tasting menus, in a tropical outdoor space. | Restaurant | Rated 4.6/5 (1486 reviews) | Very expensive / luxury tier",Google Places API (New)
Atrium Garden Restaurant,"Marine Terrace &, Essex St, Fremantle WA 6160, Australia",Fremantle,WA,(08) 9432 4811,https://www.rydges.com/accommodation/perth-wa/esplanade-hotel-fremantle-by-rydges/eat-drink/atrium-garden-restaurant/,,Expensive,3.7,,"Globally inspired buffet offerings, including seafood & roasted meats, in a sleek, airy space. | Family Restaurant | Rated 3.7/5 (115 reviews) | Expensive / upscale tier",Google Places API (New)
Squires Loft Ballarat,"10 Grenville St S, Ballarat Central VIC 3350, Australia",Ballarat Central,VIC,(03) 5332 6777,https://squiresloft.com.au/our-locations/ballarat/,ballarat@squiresloft.com.au,Expensive,4.4,,Classic steaks served in a large 1871 building with high ceilings and polished wooden floorboards. | Steak House | Rated 4.4/5 (566 reviews) | Expensive / upscale tier,Google Places API (New)
The Woodhouse Bar & Grill,"101 Williamson St, Bendigo VIC 3550, Australia",Bendigo,VIC,(03) 5443 8671,http://www.thewoodhouse.com.au/,info@thewoodhouse.com.au,Expensive,4.7,,"Wagyu beef in a friendly, rustic steakhouse with outdoor seats and a fireplace. | Restaurant | Rated 4.7/5 (1157 reviews) | Expensive / upscale tier",Google Places API (New)
Black Cow Bistro,"70 George St, Launceston TAS 7250, Australia",Launceston,TAS,(03) 6331 9333,http://www.blackcowbistro.com.au/,info@blackcowbistro.com.au,Expensive,4.5,,"Classy steakhouse in a former butchery, showcasing premium, free-range beef amid colourful murals. | Bistro | Rated 4.5/5 (1124 reviews) | Expensive / upscale tier",Google Places API (New)
Brisbane Street Bistro,"24 Brisbane St, Launceston TAS 7250, Australia",Launceston,TAS,(03) 6333 0888,http://brisbanestreetbistro.com/,office@brisbanestreetbistro.com.au,Expensive,4.6,,Creative Modern French-Australian dishes in an elegant locale with chandeliers and dark walls. | Restaurant | Rated 4.6/5 (182 reviews) | Expensive / upscale tier,Google Places API (New)
Mudbar Restaurant Launceston,"28 Seaport Blvd, Launceston TAS 7250, Australia",Launceston,TAS,(03) 6334 5066,https://www.mudbar.com.au/,booking@mudbar.com.au,Expensive,4.4,,"Contemporary dining room with outdoor tables overlooking a marina, serving Modern Australian dishes. | Restaurant | Rated 4.4/5 (2159 reviews) | Expensive / upscale tier",Google Places API (New)
A Touch of Salt,"86-124 Ogden St, Townsville City QLD 4810, Australia",Townsville City,QLD,(07) 4724 4441,http://www.atouchofsalt.com.au/,,Expensive,4.7,,Eclectic Modern Australian dishes served in polished surrounds with expansive outdoor seating. | Restaurant | Rated 4.7/5 (814 reviews) | Expensive / upscale tier,Google Places API (New)
Jam Corner,"1 Palmer St, South Townsville QLD 4810, Australia",South Townsville,QLD,(07) 4721 4900,https://jamcorner.com.au/,manager@jamcorner.com.au,Expensive,4.4,,"Creative Modern Australian fare and tasting menus, served all day in a stylish setting. | Restaurant | Rated 4.4/5 (856 reviews) | Expensive / upscale tier",Google Places API (New)
Dynasty Chinese Seafood Restaurant,"228 Flinders St, Townsville City QLD 4810, Australia",Townsville City,QLD,(07) 4772 7099,https://www.dynastyrestauranttsv.com.au/,,Expensive,4.2,,Chinese Restaurant | Rated 4.2/5 (276 reviews) | Expensive / upscale tier,Google Places API (New)
Amelia Park Restaurant,"3857 Caves Rd, Wilyabrup WA 6280, Australia",Wilyabrup,WA,(08) 9755 6747,https://www.ameliaparkrestaurant.com.au/,dine@ameliaparkrestaurant.com.au,Very Expensive,4.7,,Restaurant | Rated 4.7/5 (587 reviews) | Very expensive / luxury tier,Google Places API (New)
Voyager Estate,"41 Stevens Rd, Margaret River WA 6285, Australia",Margaret River,WA,(08) 9757 6354,http://www.voyagerestate.com.au/,restaurant@voyagerestate.com.au,Expensive,4.6,,"Family-owned vineyard for organic wine with an upscale restaurant, shop, events & weddings. | Winery | Rated 4.6/5 (675 reviews) | Expensive / upscale tier",Google Places API (New)
Wills Domain,"17 Brash Rd, Yallingup WA 6282, Australia",Yallingup,WA,(08) 9755 2327,http://www.willsdomain.com.au/,,Expensive,4.7,,"Winery restaurant with leafy views, plating sustainably sourced Modern Australian food and wine. | Winery | Rated 4.7/5 (391 reviews) | Expensive / upscale tier",Google Places API (New)
Yarri Restaurant + Bar,"Unit 7/16 Cyrillean Way, Dunsborough WA 6281, Australia",Dunsborough,WA,(08) 9786 5030,http://yarri.com.au/,hello@yarri.com.au,Expensive,4.7,,"Stylish, contemporary destination for fixed menus highlighting seasonal, area-sourced cuisine. | Restaurant | Rated 4.7/5 (1043 reviews) | Expensive / upscale tier",Google Places API (New)
Blue Manna Bistro,"1/16 Cyrillean Way, Dunsborough WA 6281, Australia",Dunsborough,WA,(08) 9786 5051,http://www.bluemannabistro.com.au/,info@bluemannabistro.com.au,Expensive,4.8,,Seafood Restaurant | Rated 4.8/5 (1822 reviews) | Expensive / upscale tier,Google Places API (New)
Clairault Streicker,"3277 Caves Rd, Wilyabrup WA 6282, Australia",Wilyabrup,WA,(08) 9755 6225,https://www.clairaultstreickerwines.com.au/,,Expensive,4.7,,Winery | Rated 4.7/5 (205 reviews) | Expensive / upscale tier,Google Places API (New)
Meletos,"12 St Huberts Rd, Coldstream VIC 3770, Australia",Coldstream,VIC,(03) 8727 3030,http://www.meletos.com/,,Expensive,4.3,,"Modern European fine dining in an airy restaurant with high, gabled ceilings and panoramic views. | Restaurant | Rated 4.3/5 (1779 reviews) | Expensive / upscale tier",Google Places API (New)
Fondata 1872,"150 Eltham-Yarra Glen Rd, Kangaroo Ground VIC 3097, Australia",Kangaroo Ground,VIC,(03) 9712 0742,http://fondata1872.com/,,Expensive,4.6,,Italian Restaurant | Rated 4.6/5 (927 reviews) | Expensive / upscale tier,Google Places API (New)
Eleonore's Restaurant @ Chateau Yering,"42 Melba Hwy, Yering VIC 3770, Australia",Yering,VIC,(03) 9237 3333,http://www.chateauyering.com.au/,stay@chateauyering.com.au,Expensive,4.3,,"Modern Australian fine dining in an 1850s building with plush, old-world decor & vineyard views. | Restaurant | Rated 4.3/5 (205 reviews) | Expensive / upscale tier",Google Places API (New)
"Coombe Yarra Valley - Wedding Venue, Restaurant, Cellar Door, and Tours","673-675 Maroondah Hwy, Coldstream VIC 3770, Australia",Coldstream,VIC,(03) 9739 0173,https://www.coombeyarravalley.com.au/,enquiries@coombeyarravalley.com.au,Expensive,4.5,,Chic winery & restaurant with garden backdrops in the former home of opera singer Dame Nellie Melba. | Restaurant | Rated 4.5/5 (839 reviews) | Expensive / upscale tier,Google Places API (New)
Zonzo Estate Yarra Valley,"957 Healesville-Yarra Glen Rd, Yarra Glen VIC 3775, Australia",Yarra Glen,VIC,(03) 9730 2500,http://www.zonzo.com.au/,info@zonzo.com.au,Expensive,4.6,,"Traditional Italian cuisine in an airy space with a fireplace, communal tables and vineyard views. | Italian Restaurant | Rated 4.6/5 (2145 reviews) | Expensive / upscale tier",Google Places API (New)
Stones of the Yarra Valley,"14 St Huberts Rd, Coldstream VIC 3770, Australia",Coldstream,VIC,(03) 8727 3000,https://www.stonesoftheyarravalley.com/,info@stonesoftheyarravalley.com,Expensive,4.6,,"Modern Australian tasting menus with matching wines, offered in a vintage farmhouse setting. | Wedding Venue | Rated 4.6/5 (784 reviews) | Expensive / upscale tier",Google Places API (New)
Levantine Hill Estate,"882 Maroondah Hwy, Coldstream VIC 3770, Australia",Coldstream,VIC,(03) 5962 1333,https://www.levantinehill.com.au/pages/cellar-door-dining,,Very Expensive,4.2,,Winery | Rated 4.2/5 (964 reviews) | Very expensive / luxury tier,Google Places API (New)
Tokar Estate,"6 Maddens Ln, Coldstream VIC 3770, Australia",Coldstream,VIC,(03) 5964 9585,http://tokarestate.com.au/,bookings@tokarestate.com.au,Expensive,4.4,,Winery | Rated 4.4/5 (342 reviews) | Expensive / upscale tier,Google Places API (New)
Steels Gate Wines,"1974 Melba Hwy, Dixons Creek VIC 3775, Australia",Dixons Creek,VIC,0434 420 447,http://www.steelsgate.com.au/,,Expensive,4.8,,Winery | Rated 4.8/5 (456 reviews) | Expensive / upscale tier,Google Places API (New)
Yering Station Winery,"38 Melba Hwy, Yering VIC 3770, Australia",Yering,VIC,(03) 9730 0100,http://www.yering.com/,info@yering.com,Expensive,4.2,,"Luxe winery since 1838 with grand modern & historic buildings, an upscale restaurant & scenic views. | Winery | Rated 4.2/5 (994 reviews) | Expensive / upscale tier",Google Places API (New)
Squires Loft Nunawading,"54/288 Whitehorse Rd, Nunawading VIC 3131, Australia",Nunawading,VIC,(03) 9894 0583,https://squiresloft.com.au/,,Expensive,4.1,,"Classic grillhouse chain serving hearty portions of grass-fed steaks and ribs, plus surf 'n' turf. | Steak House | Rated 4.1/5 (810 reviews) | Expensive / upscale tier",Google Places API (New)
Doot Doot Doot,"Jackalope Hotel, 166 Balnarring Rd, Merricks North VIC 3926, Australia",Merricks North,VIC,(03) 5931 2500,https://dootdootdoot.com.au/,,Very Expensive,4.6,,Fine Dining Restaurant | Rated 4.6/5 (352 reviews) | Very expensive / luxury tier,Google Places API (New)
Ten Minutes by Tractor,"1333 Mornington-Flinders Rd, Main Ridge VIC 3928, Australia",Main Ridge,VIC,(03) 5989 6455,http://www.tenminutesbytractor.com.au/,,Expensive,4.6,,Restaurant | Rated 4.6/5 (905 reviews) | Expensive / upscale tier,Google Places API (New)
Squires Loft Mornington,"104 Main St, Mornington VIC 3931, Australia",Mornington,VIC,(03) 5976 8482,http://squiresloftmornington.com.au/,,Expensive,4.6,,"Classic grillhouse chain serving hearty portions of grass-fed steaks and ribs, plus surf 'n' turf. | Steak House | Rated 4.6/5 (1183 reviews) | Expensive / upscale tier",Google Places API (New)
The Dining Room,"142 Arthurs Seat Rd, Red Hill VIC 3937, Australia",Red Hill,VIC,(03) 5989 2933,https://www.thediningroomredhill.com.au/,,Expensive,4.6,,Restaurant | Rated 4.6/5 (156 reviews) | Expensive / upscale tier,Google Places API (New)
Loquat x Voodoo Lounge,"3183 Point Nepean Rd, Sorrento VIC 3943, Australia",Sorrento,VIC,(03) 5984 4444,http://www.loquat.com.au/#!about1/cuw2,,Expensive,4.8,,Seasonal Modern Australian food in a light-filled restaurant with decorative ceilings and a veranda. | Restaurant | Rated 4.8/5 (476 reviews) | Expensive / upscale tier,Google Places API (New)
The Baths Sorrento,"3278 Point Nepean Rd, Sorrento VIC 3943, Australia",Sorrento,VIC,(03) 5984 1500,http://thebaths.com.au/,,Expensive,4.1,,Restaurant | Rated 4.1/5 (1087 reviews) | Expensive / upscale tier,Google Places API (New)
Appellation Restaurant,"Seppeltsfield Rd &, Stonewell Rd, Marananga SA 5355, Australia",Marananga,SA,(08) 8562 2722,https://thelouise.com.au/dine/appellation/,reserve@beckons.com,Very Expensive,4.5,,"Elegant Modern Australian cuisine & choice Barossa wines served in a bright, sophisticated setting. | Restaurant | Rated 4.5/5 (139 reviews) | Very expensive / luxury tier",Google Places API (New)
1918 Bistro & Grill,"94 Murray St, Tanunda SA 5352, Australia",Tanunda,SA,(08) 8563 0405,http://www.1918.com.au/,enquiries@1918.com.au,Expensive,4.5,,Upscale Modern Australian dishes & locally sourced wines in a charming 1918 home with fireplaces. | Restaurant | Rated 4.5/5 (1396 reviews) | Expensive / upscale tier,Google Places API (New)
Vintners Bar & Grill,"752 Stockwell Rd, Angaston SA 5353, Australia",Angaston,SA,(08) 8564 2488,http://www.vintners.com.au/,enquiries@vintners.com.au,Expensive,4.6,,Locally sourced Australian cuisine & a robust wine selection in a stone house with vineyard views. | Bar & Grill | Rated 4.6/5 (716 reviews) | Expensive / upscale tier,Google Places API (New)
St Hugo,"2141 Barossa Valley Way, Rowland Flat SA 5352, Australia",Rowland Flat,SA,1300 162 992,http://www.sthugo.com/,feedback@vinarchy.com,Expensive,4.6,,Restaurant | Rated 4.6/5 (540 reviews) | Expensive / upscale tier,Google Places API (New)
fermentAsian,"90 Murray St, Tanunda SA 5352, Australia",Tanunda,SA,(08) 8563 0765,http://www.fermentasian.com.au/,,Expensive,4.5,,"Southeast Asian food using homegrown produce, plus fine wines, in a classic stone house with a deck. | Asian Restaurant | Rated 4.5/5 (752 reviews) | Expensive / upscale tier",Google Places API (New)
The Cellar Kitchen Restaurant,"Pioneer Avenue, Via The, Barossa Valley Way, Rowland Flat SA 5352, Australia",Rowland Flat,SA,(08) 8524 0000,https://www.novotelbarossa.com/dining-en.html,,Expensive,3.8,,Restaurant | Rated 3.8/5 (167 reviews) | Expensive / upscale tier,Google Places API (New)
The Herring Room,"94 Pittwater Rd, Manly NSW 2095, Australia",Manly,NSW,(02) 9977 2572,http://www.theherringroom.com.au/,info@theherringroom.com.au,Expensive,4.7,,Seafood Restaurant | Rated 4.7/5 (835 reviews) | Expensive / upscale tier,Google Places API (New)
Manly Pavilion,"West Esplanade, Manly NSW 2095, Australia",Manly,NSW,(02) 9974 2041,https://www.theboathousegroup.com.au/venues/manly-pavilion,info@theboathousegroup.com.au,Expensive,4.3,,Bistro | Rated 4.3/5 (1193 reviews) | Expensive / upscale tier,Google Places API (New)
Hugos Manly,"Manly Wharf, Shop/1 E Esplanade, Manly NSW 2095, Australia",Manly,NSW,(02) 8116 8555,http://www.hugosmanly.com.au/,manly.functions@hugosmanly.com.au,Expensive,4.4,,"High-end cocktail bar and club with an outdoor terrace and chic furniture, plus wood-fired pizza. | Restaurant | Rated 4.4/5 (1955 reviews) | Expensive / upscale tier",Google Places API (New)
Garfish Manly,"1/39 E Esplanade, Manly NSW 2095, Australia",Manly,NSW,(02) 9977 0707,http://www.garfish.com.au/,info@garfish.com.au,Expensive,4.5,,Local seafood chain offering a seasonal menu in elegant surrounds; some branches serve breakfast. | Seafood Restaurant | Rated 4.5/5 (1331 reviews) | Expensive / upscale tier,Google Places API (New)
Pilu at Freshwater,"Moore Rd, Freshwater NSW 2096, Australia",Freshwater,NSW,(02) 9938 3331,https://pilu.com.au/,,Very Expensive,4.6,,"Noted restaurant creating Sardinian dishes with a modern twist, plus a beach kiosk serving panini. | Italian Restaurant | Rated 4.6/5 (1536 reviews) | Very expensive / luxury tier",Google Places API (New)
Public Dining Room Balmoral,"2A The Esplanade, Mosman NSW 2088, Australia",Mosman,NSW,(02) 9968 4880,https://publicdiningroom.com.au/,info@publicdiningroom.com.au,Very Expensive,4.5,,"Elevated, seasonal Australian fare in elegant digs with ceiling-high windows, water views & a patio. | Restaurant | Rated 4.5/5 (1075 reviews) | Very expensive / luxury tier",Google Places API (New)
"LARK Cellar Door, Hobart","14 Davey St, Hobart TAS 7000, Australia",Hobart,TAS,(03) 6231 9088,https://larkdistillery.com/,,Expensive,4.6,,Bar | Rated 4.6/5 (1114 reviews) | Expensive / upscale tier,Google Places API (New)
Me Wah Restaurant,"16 Magnet Ct, Sandy Bay TAS 7005, Australia",Sandy Bay,TAS,(03) 6223 3688,http://www.mewah.com.au/,,Expensive,4.4,,High-end Chinese cuisine in a warmly-lit dining room with wood-carved furniture and water features. | Chinese Restaurant | Rated 4.4/5 (845 reviews) | Expensive / upscale tier,Google Places API (New)
Dundees on the Waterfront,"1 Marlin Parade, Cairns City QLD 4870, Australia",Cairns City,QLD,(07) 4051 0399,https://www.dundees.com.au/,dundees@dundees.com.au,Expensive,4.6,,"Steak, seafood and Australian sampler plates with crocodile and kangaroo, served by the waterfront. | Seafood Restaurant | Rated 4.6/5 (5287 reviews) | Expensive / upscale tier",Google Places API (New)
EXP. Restaurant,"2188 Broke Rd, Pokolbin NSW 2320, Australia",Pokolbin,NSW,0478 374 677,http://www.exprestaurant.com.au/,reservations@exprestaurant.com.au,Expensive,4.8,,Restaurant | Rated 4.8/5 (812 reviews) | Expensive / upscale tier,Google Places API (New)
Bistro Molines,"749 Mount View Rd, Mount View NSW 2325, Australia",Mount View,NSW,(02) 4990 9553,https://bistromolines.com.au/bistro-molines/,dine@bistromolines.com.au,Expensive,4.6,,"Light-filled restaurant with country-chic decor and vineyard views, serving refined French food. | Restaurant | Rated 4.6/5 (1000 reviews) | Expensive / upscale tier",Google Places API (New)
Circa 1876 Restaurant The Convent Hunter Valley,"64 Halls Rd, Pokolbin NSW 2320, Australia",Pokolbin,NSW,(02) 4998 4999,https://convent.com.au/dining/circa-1876,reservations@convent.com.au,Expensive,4.5,,Farm-to-table Modern Australian dining under exposed beams in an 1800s slab cottage on lush grounds. | Restaurant | Rated 4.5/5 (982 reviews) | Expensive / upscale tier,Google Places API (New)
Flame Hill Vineyard,"249 Western Ave, Montville QLD 4560, Australia",Montville,QLD,(07) 5478 5920,http://www.flamehill.com.au/,vineyard@flamehill.com.au,Expensive,4.1,,"Restaurant in a scenic winery, crafting Modern Australian cuisine from locally sourced produce. | Vineyard | Rated 4.1/5 (643 reviews) | Expensive / upscale tier",Google Places API (New)
Spicers Clovelly Estate,"38-68 Balmoral Rd, Montville QLD 4560, Australia",Montville,QLD,1300 252 380,https://www.worldsapart.club/spicers/clovelly-estate?utm_source=google&utm_medium=organic&utm_campaign=gmb,reception.clovelly@spicersretreats.com,Expensive,4.8,,"Chic lodging with elegant decor and free Wi-Fi, plus a French restaurant and an outdoor pool. | Hotel | Rated 4.8/5 (451 reviews) | Expensive / upscale tier",Google Places API (New)
Cinco Bistro,"589 Old Cleveland Rd, Camp Hill QLD 4152, Australia",Camp Hill,QLD,(07) 3843 6666,https://www.cincobistro.com/,peter@cincobistro.com,Expensive,4.6,,Upscale restaurant serving inventive Modern Australian cuisine in a cosy dining room. | Restaurant | Rated 4.6/5 (603 reviews) | Expensive / upscale tier,Google Places API (New)
Moo Moo The Wine Bar + Grill,"Broadbeach on the Park, 2685 Gold Coast Hwy, Broadbeach QLD 4218, Australia",Broadbeach,QLD,,https://www.moomoorestaurant.com/gold-coast/,functions.gc@moomoorestaurant.com,Very Expensive,4.3,,Specialty steaks and fine wines served in a bold dining room with cool lighting and leather chairs. | Bar & Grill | Rated 4.3/5 (1712 reviews) | Very expensive / luxury tier,Google Places API (New)
Harvest Buffet,"1 Casino Dr, Broadbeach QLD 4218, Australia",Broadbeach,QLD,1800 074 344,https://www.star.com.au/goldcoast/eat-and-drink/restaurants/harvest-buffet?utm_medium=organic&utm_source=gmb&utm_content=listing&utm_term=GC-organic&utm_campaign=harvest-buffet,,Expensive,3.8,,Buffet Restaurant | Rated 3.8/5 (1579 reviews) | Expensive / upscale tier,Google Places API (New)
Yellowfin Seafood Restaurant,"Unit 5/20 Queensland Ave, Broadbeach QLD 4218, Australia",Broadbeach,QLD,1300 070 564,https://www.yellowfinrestaurant.com.au/,,Expensive,4.1,,"Locally sourced seafood and sharing platters in a relaxed, open space with outdoor seating. | Seafood Restaurant | Rated 4.1/5 (419 reviews) | Expensive / upscale tier",Google Places API (New)
Kadota Restaurant,"1 Camp St, Daylesford VIC 3460, Australia",Daylesford,VIC,0448 605 277,http://kadotarestaurant.com.au/,info@kadotarestaurant.com.au,Very Expensive,4.8,,A curated menu of Japanese dishes & cocktails in a unique space with colourful paintings & decor. | Restaurant | Rated 4.8/5 (496 reviews) | Very expensive / luxury tier,Google Places API (New)
The Meat & Wine Co Chadstone,"Chadstone Shopping Centre, Shop HT002/1341 Dandenong Rd, Chadstone VIC 3148, Australia",Chadstone,VIC,(03) 9938 8808,https://themeatandwineco.com/melbourne-restaurants/chadstone/?utm_source=google&utm_medium=organic&utm_campaign=yext&utm_content=booking-chadstone,,Expensive,4.5,,"Steaks, ribs & skewers, plus a long wine list, in a sophisticated, Afro-centric chophouse. | Steak House | Rated 4.5/5 (1395 reviews) | Expensive / upscale tier",Google Places API (New)
The Meat & Wine Co Hawthorn East,"482 Riversdale Rd, Hawthorn East VIC 3123, Australia",Hawthorn East,VIC,(03) 9882 8728,https://themeatandwineco.com/melbourne-restaurants/hawthorn-east/?utm_source=google&utm_medium=organic&utm_campaign=yext&utm_content=booking-hawthorn-east,,Expensive,4.4,,"Steaks, ribs & skewers, plus a long wine list, in a sophisticated, Afro-centric chophouse. | Steak House | Rated 4.4/5 (1348 reviews) | Expensive / upscale tier",Google Places API (New)
Hunter & Barrel Parramatta,"Shop 2/180 George St, Parramatta NSW 2150, Australia",Parramatta,NSW,(02) 8629 8908,https://hunterandbarrel.com/au/sydney/parramatta/,info@hunterandbarrel.com.au,Expensive,4.5,,Restaurant | Rated 4.5/5 (833 reviews) | Expensive / upscale tier,Google Places API (New)
The Meat & Wine Co Parramatta,"Shop 6 & 7/330 Church St, Parramatta NSW 2150, Australia",Parramatta,NSW,(02) 8629 8808,https://themeatandwineco.com/sydney-restaurants/parramatta/?utm_source=google&utm_medium=organic&utm_campaign=yext&utm_content=booking-parramatta,,Expensive,4.4,,"Steaks, ribs & skewers, plus a long wine list, in a sophisticated, Afro-centric chophouse. | Steak House | Rated 4.4/5 (1876 reviews) | Expensive / upscale tier",Google Places API (New)
Criniti's Parramatta,"328 Church St, Parramatta NSW 2150, Australia",Parramatta,NSW,(02) 8026 7700,https://www.crinitis.com.au/?utm_content=Criniti's+Parramatta&utm_campaign=Google+My+Business&utm_medium=organic&utm_source=google&utm_term=plcid_14440171464392776619,reservations@crinitis.com.au,Expensive,4.1,,"Pasta and metre-long wood-fired pizzas served in an airy, unpretentious space with outside tables. | Italian Restaurant | Rated 4.1/5 (3440 reviews) | Expensive / upscale tier",Google Places API (New)
Armani Restaurant,"5/354 Church St, Parramatta NSW 2150, Australia",Parramatta,NSW,(02) 8840 9453,http://armanirestaurant.com.au/,info@armanirestaurant.com.au,Expensive,4,,"Mediterranean-inspired cuisine in a room with a draped, tent-like ceiling and hanging lanterns. | Mediterranean Restaurant | Rated 4/5 (4099 reviews) | Expensive / upscale tier",Google Places API (New)
350 Restaurant & Lounge Parramatta,"350 Church St, Parramatta NSW 2150, Australia",Parramatta,NSW,(02) 9630 4999,https://www.novotelparramatta.com.au/dining/350-restaurant-lounge,Novotel@NMSP.com.au,Expensive,3.9,,"Australian & global provisions served all day in a colourful, contemporary hotel eatery & lounge. | Restaurant | Rated 3.9/5 (117 reviews) | Expensive / upscale tier",Google Places API (New)
Nick & Nora's Parramatta,"Level 26/45 Macquarie St, Parramatta NSW 2150, Australia",Parramatta,NSW,(02) 8646 4930,http://nickandnoras.com.au/parramatta,,Expensive,4.3,,"Stylish 1920s-style cocktail & champagne bar offering oysters & canapes, plus a rooftop terrace. | Bar | Rated 4.3/5 (1073 reviews) | Expensive / upscale tier",Google Places API (New)
Courtney's Catering / T.I Catering / Parramatta Boiler House,"Shop 14/30 Charles St, Parramatta NSW 2150, Australia",Parramatta,NSW,(02) 9685 9667,http://www.ticatering.com.au/,,Expensive,4.6,,"Well-lit space with minimalist decor, offering Modern Australian cuisine crafted from local produce. | Caterer | Rated 4.6/5 (172 reviews) | Expensive / upscale tier",Google Places API (New)
Sealevel,"2 Kingsway, Cronulla NSW 2230, Australia",Cronulla,NSW,(02) 9523 8888,http://www.sealevel.com.au/,,Expensive,4.6,,"Glass-walled eatery with sweeping surf views, serving Modern Australian cuisine focused on seafood. | Restaurant | Rated 4.6/5 (1192 reviews) | Expensive / upscale tier",Google Places API (New)
Summer Salt Restaurant,"66 Mitchell Rd, Cronulla NSW 2230, Australia",Cronulla,NSW,(02) 9523 2366,https://srghospitality.com.au/venue/summer-salt/,reservations@summersaltrestaurant.com.au,Expensive,4.3,,"Contemporary restaurant with a menu of modern Australian specialties, plus sweeping ocean & beach views. | Restaurant | Rated 4.3/5 (1355 reviews) | Expensive / upscale tier",Google Places API (New)
Blue Angel Restaurant,"223 Palmer St, Darlinghurst NSW 2010, Australia",Darlinghurst,NSW,(02) 9380 5941,http://www.blueangel.com.au/,,Very Expensive,4.2,,"Old-school restaurant serving Wagyu beef and seafood-focused French, Italian and Japanese dishes. | Seafood Restaurant | Rated 4.2/5 (518 reviews) | Very expensive / luxury tier",Google Places API (New)
Beppi's Italian,"21 Yurong St, Darlinghurst NSW 2010, Australia",Darlinghurst,NSW,(02) 9360 4558,http://www.beppis.com.au/,beppis@beppis.com.au,Very Expensive,4.3,,"Family-run trattoria serving refined Italian classics since 1956, with cosy seating in the cellar. | Italian Restaurant | Rated 4.3/5 (598 reviews) | Very expensive / luxury tier",Google Places API (New)
Buon Ricordo Italian Restaurant & Private Dining,"108 Boundary St, Paddington NSW 2021, Australia",Paddington,NSW,(02) 9360 6729,http://buonricordo.com.au/,,Expensive,4.5,,Long-running Italian restaurant with white linen tablecloths and an art-filled private dining room. | Italian Restaurant | Rated 4.5/5 (291 reviews) | Expensive / upscale tier,Google Places API (New)
Fratelli Paradiso,"12-16 Challis Ave, Potts Point NSW 2011, Australia",Potts Point,NSW,(02) 9063 8180,http://fratelliparadiso.com/,,Expensive,4.4,,Italian food and imported wine in a bustling space with exposed-brick walls and a blackboard menu. | Italian Restaurant | Rated 4.4/5 (906 reviews) | Expensive / upscale tier,Google Places API (New)
Don't Tell Aunty,"414 Bourke Street, Entrance From, Fitzroy St, Surry Hills NSW 2010, Australia",Surry Hills,NSW,(02) 9331 5399,http://donttellaunty.com.au/,info@donttellaunty.com.au,Expensive,4.2,,Elevated Indian cuisine & street food served in a relaxed restaurant that has colourful decor. | Indian Restaurant | Rated 4.2/5 (2142 reviews) | Expensive / upscale tier,Google Places API (New)
Windows on the Park Restaurant,"level 1/36 College St, Darlinghurst NSW 2010, Australia",Darlinghurst,NSW,(02) 9361 8400,https://www.pullmansydneyhydepark.com.au/dining/windows-on-the-park-restaurant,H8763@ACCOR.COM,Expensive,4.1,,Breakfast served in an upscale hotel dining room with big windows and an open view of Hyde Park. | Australian Restaurant | Rated 4.1/5 (21 reviews) | Expensive / upscale tier,Google Places API (New)
10 William St,"10 William St, Paddington NSW 2021, Australia",Paddington,NSW,(02) 9360 3310,http://10williamst.com.au/,,Expensive,4.5,,Sophisticated Italian cuisine in an intimate 2-storey bistro with an extensive European wine list. | Italian Restaurant | Rated 4.5/5 (700 reviews) | Expensive / upscale tier,Google Places API (New)
The Winery,"285A Crown St, Surry Hills NSW 2010, Australia",Surry Hills,NSW,(02) 8322 2007,https://www.thewinerysurryhills.com.au/?utm_source=google&utm_medium=organic&utm_campaign=gmb&utm_term=plcid_15947272690481394003,info@thewinerysurryhills.com.au,Expensive,4.5,,"Laneway wine bar serving Modern Australian food, with stylish bohemian decor and outdoor seating. | Wine Bar | Rated 4.5/5 (3439 reviews) | Expensive / upscale tier",Google Places API (New)
"Love, Tilly Devine","91 Crown Ln, Darlinghurst NSW 2010, Australia",Darlinghurst,NSW,(02) 9326 9297,https://www.lovetillygroup.com/love-tilly-devine,tilly@lovetillydevine.com,Expensive,4.5,,"Funky, cosy bar with eclectic furniture and an extensive wine menu accompanying Italian nibbles. | Wine Bar | Rated 4.5/5 (429 reviews) | Expensive / upscale tier",Google Places API (New)
The Apollo Restaurant,"44 Macleay St, Potts Point NSW 2011, Australia",Potts Point,NSW,(02) 8354 0888,http://www.theapollo.com.au/,,Expensive,4.6,,Modern Greek dishes cooked over wood & charcoal in an industrial-chic space with a marble bar. | Greek Restaurant | Rated 4.6/5 (2465 reviews) | Expensive / upscale tier,Google Places API (New)
Ormeggio at The Spit,"D’Albora Marinas, Spit Rd, Mosman NSW 2088, Australia",Mosman,NSW,(02) 9969 4088,http://www.ormeggio.com.au/,info@ormeggio.com.au,Expensive,4.5,,"Innovative Italian food, made with locally sourced produce, in a stylish locale with a seaside deck. | Italian Restaurant | Rated 4.5/5 (1401 reviews) | Expensive / upscale tier",Google Places API (New)
Indigo Double Bay,"6/15 Cross St, Double Bay NSW 2028, Australia",Double Bay,NSW,(02) 9363 5966,http://www.indigodoublebay.com/,info@indigodoublebay.com,Expensive,4.2,,"Creative breakfast & lunch menu offered in an airy, sleek café with outdoor seating. | Cafe | Rated 4.2/5 (902 reviews) | Expensive / upscale tier",Google Places API (New)
Bistro Moncur,"116A Queen St, Woollahra NSW 2025, Australia",Woollahra,NSW,(02) 9327 9713,http://www.bistromoncur.com.au/,reservations@bistromoncur.com.au,Very Expensive,4.6,,"French dishes served in a bright dining room with cool wall art, and a vaulted, wooden ceiling. | French Restaurant | Rated 4.6/5 (976 reviews) | Very expensive / luxury tier",Google Places API (New)
North Bondi Fish,"120 Ramsgate Ave, North Bondi NSW 2026, Australia",North Bondi,NSW,(02) 9130 2155,https://www.northbondifish.com.au/?utm_source=google&utm_medium=organic&utm_campaign=gbp&utm_content=North_Bondi_Fish&utm_term=plcid_2446569835991579604,res.northbondifish@solotel.com.au,Expensive,4.1,,Iconic seafood eatery serving creative dishes in an open space with lanterns and beachfront views. | Restaurant | Rated 4.1/5 (1286 reviews) | Expensive / upscale tier,Google Places API (New)
Hurricane's Grill & Bar Bondi Beach,"130 Roscoe St, Bondi Beach NSW 2026, Australia",Bondi Beach,NSW,(02) 9130 7101,https://www.hurricanesgrillandbar.com.au/bondi-beach/,,Expensive,4.4,,"Convivial steakhouse & bar with spacious patio seating, also offering salads & seafood dishes. | Steak House | Rated 4.4/5 (2977 reviews) | Expensive / upscale tier",Google Places API (New)
Cipri Italian,"10 Elizabeth St, Paddington NSW 2021, Australia",Paddington,NSW,(02) 9331 3333,https://www.cipriitalian.com.au/,,Expensive,4.6,,"Smart room with white tablecloths and takeaway artisanal goods, plating classic dishes with a twist. | Italian Restaurant | Rated 4.6/5 (280 reviews) | Expensive / upscale tier",Google Places API (New)
Tequila Mockingbird,"6 Heeley St, Paddington NSW 2021, Australia",Paddington,NSW,(02) 9290 7011,https://www.tequila-mockingbird.com.au/,info@tequila-mockingbird.com.au,Expensive,4.6,,"Lively restaurant in a 19th-century property, with sharing plates, cocktails & Latin American fare. | Latin American Restaurant | Rated 4.6/5 (907 reviews) | Expensive / upscale tier",Google Places API (New)
The Paddington,"384 Oxford St, Paddington NSW 2021, Australia",Paddington,NSW,(02) 9114 7329,https://merivale.com/venues/thepaddington?&utm_source=googlemybusiness_venue&utm_medium=organic&utm_campaign=googlemybusiness_venue_organic_thepaddington&utm_content=website,,Expensive,4.3,,"Fashionable bistro offering elevated fare, cocktails & wine, plus happy hour & Sunday roast. | Pub | Rated 4.3/5 (903 reviews) | Expensive / upscale tier",Google Places API (New)
La Lune Wine Co,"Shop 3/109 Melbourne St, South Brisbane QLD 4101, Australia",South Brisbane,QLD,(07) 3255 0010,https://www.lalunewineco.com.au/,,Expensive,4.7,,Restaurant | Rated 4.7/5 (409 reviews) | Expensive / upscale tier,Google Places API (New)
Bondi&Bourke,"Cattleya Condominium, 235 Salcedo, Legaspi Village, Makati City, 1229 Metro Manila, Philippines",,,0998 840 6268,http://instagram.com/bondibourkeph,,Expensive,4.5,,Restaurant | Rated 4.5/5 (586 reviews) | Expensive / upscale tier,Google Places API (New)
The Cowrie Restaurant,"109 Scenic Hwy, Terrigal NSW 2260, Australia",Terrigal,NSW,(02) 4384 3016,https://www.thecowrie.com.au/,info@thecowrie.com.au,Expensive,4.7,,"Breezy venue overlooking the beach, for upscale Modern Australian dishes and tasting menus. | Restaurant | Rated 4.7/5 (1351 reviews) | Expensive / upscale tier",Google Places API (New)
Eastside Bar & Grill,"Old Rum Store, Level 1/8 Kensington St, Chippendale NSW 2008, Australia",Chippendale,NSW,(02) 9212 0900,https://eastsidebarandgrill.com.au/,media@kensingtonstreet.com.au,Expensive,4.1,,Bar & Grill | Rated 4.1/5 (705 reviews) | Expensive / upscale tier,Google Places API (New)
Charlie Parker's,"Basement/380 Oxford St, Paddington NSW 2021, Australia",Paddington,NSW,(02) 9114 7332,https://merivale.com/venues/charlieparkers?&utm_source=googlemybusiness_venue&utm_medium=organic&utm_campaign=googlemybusiness_venue_organic_charlieparkers&utm_content=website,,Expensive,4.1,,Bar | Rated 4.1/5 (228 reviews) | Expensive / upscale tier,Google Places API (New)
Carlton Wine Room,"172-174 Faraday St, Carlton VIC 3053, Australia",Carlton,VIC,(03) 9347 2626,https://www.thecarltonwineroom.com.au/,info@thecarltonwineroom.com.au,Expensive,4.7,,"Inventive tasting menus and a thoughtful wine list, at a chic restaurant in a 19th-century building. | Restaurant | Rated 4.7/5 (1027 reviews) | Expensive / upscale tier",Google Places API (New)
Scopri Italian Food and Wine,"191 Nicholson St, Carlton VIC 3053, Australia",Carlton,VIC,(03) 9347 8252,http://scopri.com.au/,info@scopri.com.au,Expensive,4.8,,"Understated white-tablecloth restaurant, for refined mains, handmade pasta & imported wines. | Italian Restaurant | Rated 4.8/5 (1207 reviews) | Expensive / upscale tier",Google Places API (New)
Masani Italian Dining & Terrace,"313Drummond St, Carlton VIC 3053, Australia",Carlton,VIC,(03) 9347 5610,https://www.masani.com.au/,eat@masani.com.au,Expensive,4.1,,"White-tablecloth restaurant with stained glass and a wood-and-tile bar, plating upmarket dishes. | Italian Restaurant | Rated 4.1/5 (203 reviews) | Expensive / upscale tier",Google Places API (New)
TAVERNA,"434 Lygon St, Brunswick East VIC 3057, Australia",Brunswick East,VIC,(03) 9036 4949,http://www.ourtaverna.com/,hello@ourtaverna.com,Expensive,4.6,,"Modern European share plates, served in a vintage-chic dining room with a white, marble fireplace. | Greek Restaurant | Rated 4.6/5 (1048 reviews) | Expensive / upscale tier",Google Places API (New)
Richmond Oysters,"437 Church St, Richmond VIC 3121, Australia",Richmond,VIC,(03) 9428 5121,http://www.richmondoysters.com.au/,info@richmondoysters.com.au,Expensive,4.4,,Light-filled seafood bistro and wholesaler with a focus on local produce and a sleek feature bar. | Seafood Restaurant | Rated 4.4/5 (511 reviews) | Expensive / upscale tier,Google Places API (New)
Du Fermier,"42 High St, Trentham VIC 3458, Australia",Trentham,VIC,(03) 5424 1634,https://anniesmithers.com.au/du-fermier,,Expensive,4.9,,"A weekly changing menu of garden-to-table French-style meals made in a rustic, relaxed cafe. | Restaurant | Rated 4.9/5 (213 reviews) | Expensive / upscale tier",Google Places API (New)
Brae Restaurant,"4285 Cape Otway Rd, Birregurra VIC 3242, Australia",Birregurra,VIC,(03) 5236 2226,http://www.braerestaurant.com/,,Very Expensive,4.5,,Upscale seasonal dining in an airy space with daily menus featuring locally sourced produce & meat. | Restaurant | Rated 4.5/5 (404 reviews) | Very expensive / luxury tier,Google Places API (New)
