lead_id,restaurant_name,email_hmac_sha256,city,country,official_website,campaign_status,scheduled_date,sent_date,zoho_message_id,ledger_exported_at_utc
1,Aria Restaurant Sydney,6a97a48c22b26e6ca0591d242a6131fac4476221903118db96759ae611ab7009,Sydney,Australia,https://www.ariasydney.com.au/?utm_source=google&utm_medium=organic&utm_campaign=gbp&utm_content=Aria_Restaurant_Sydney&utm_term=plcid_18420151015366914459,Sent,,,,2026-08-19T12:43:12+00:00
2,Infinity at Sydney Tower,2957a68c74e22f0b9bb80cd5269ba5b9d3340f6bae62e93042aaf7bfc4c7bac6,Sydney,Australia,https://infinitysydneytower.com.au/,Sent,,,,2026-08-19T12:43:12+00:00
3,Bennelong,173a2a2d0e0477696b47b1a9891d8fbdafe1c100422b2c122e706ca8eeb85b80,Sydney,Australia,http://www.bennelong.com.au/,Sent,,,,2026-08-19T12:43:12+00:00
4,LuMi Dining,c56bd1d7d73affeec2c443ea7f825b55251ff3fae1fc312d525d0c319d0f752e,Pyrmont,Australia,http://www.lumidining.com/,Sent,,,,2026-08-19T12:43:12+00:00
5,CATALINA Restaurant,e0b238aeef265a2130d11c0faa2200e4a3e7c7e2e113f40214eb3fcf9087ba76,Rose Bay,Australia,http://catalinarosebay.com.au/,Sent,,,,2026-08-19T12:43:12+00:00
6,Sixpenny,9c76f087080a5743841dc102fc5e28c0f0875a2da38ea41dada1cc4abce54786,Stanmore,Australia,https://www.sixpenny.com.au/,Sent,,,,2026-08-19T12:43:12+00:00
7,Bentley Restaurant + Bar,fb9ea5c7fde08d81c22b8a50e9a45b81b8fc13e5962c34b46261329c7702bf46,Sydney,Australia,https://www.bentleyrestaurantgroup.com.au/bentley-restaurant-bar,Sent,,,,2026-08-19T12:43:12+00:00
8,Bopp & Tone,8eb4770fd950fadb1b3c73ea6797b2916e0ea0bd506cfe4cff5e3a67edb1933f,Sydney,Australia,http://www.boppandtone.com.au/,Sent,,,,2026-08-19T12:43:12+00:00
9,NOMAD Sydney,16fcbad74827de70193a2b36c2f1c1f6c6dcc7b516b714476dc9b2794770e15f,Surry Hills,Australia,https://nomad.sydney/,Sent,,,,2026-08-19T12:43:12+00:00
10,Pony Dining The Rocks,78c4ea818a348d3d3f28cf53e4c20cfab2e56a90a12b903e4b74cbf6609801ab,The Rocks,Australia,https://www.ponydiningtherocks.com/,Sent,,,,2026-08-19T12:43:12+00:00
11,Saint Peter at The Grand National Hotel,21c390777cd5210977e073de723a58b5b06e70f78c74b1a51deaf8986b303ab6,Paddington,Australia,http://www.saintpeter.com.au/,Sent,,,,2026-08-19T12:43:12+00:00
12,Chiswick Woollahra,3cecd1ca3198dd4da8672af4bf875213b8223c9939452f5e1d19dfafa4c345c4,Woollahra,Australia,https://www.chiswickwoollahra.com.au/?utm_source=google&utm_medium=organic&utm_campaign=gbp&utm_content=Chiswick_Woollahra&utm_term=plcid_9642775095776039722,Sent,,,,2026-08-19T12:43:12+00:00
13,The Dining Room by James Viles,0751c574d285f8a57d5265e387ca2573dc164105bdef426ec7aff66abd0ede79,The Rocks,Australia,https://www.parkhyattsydneydining.com/the-dining-room,Sent,,,,2026-08-19T12:43:12+00:00
14,Sails on Lavender Bay,de4f96d8e8fb5e04b59e432be016775de40b04ccf657b03777da0af3e6f8e5ad,McMahons Point,Australia,https://srghospitality.com.au/venue/sails/,Sent,,,,2026-08-19T12:43:12+00:00
15,O Bar and Dining,37b484cce9d7c24ddfc91bc2d5c9d1b06baf612afdc218cf25bbb95e8ea979d1,Sydney,Australia,https://www.obardining.com.au/,Sent,,,,2026-08-19T12:43:12+00:00
16,a’Mare,5b712760a5801ad4eb126178b9f6251492979ed4aad4c00dc3fbdd9e7b56a504,Barangaroo,Australia,https://www.crownsydney.com.au/restaurants/amare,Sent,,,,2026-08-19T12:43:12+00:00
17,Ester Restaurant,328ec734bd9f8fa20593ad496d93bf20c2c2eba68c1c79d8f14867cb39d9cf75,Chippendale,Australia,http://www.ester-restaurant.com.au/,Sent,,,,2026-08-19T12:43:12+00:00
18,OTTO Ristorante,4b03fe8c0ed4529c34b5adc8dd6d308bf0ec186bf8dcd29140bcf7f251a6770b,Woolloomooloo,Australia,http://www.ottoristorante.com.au/sydney,Sent,,,,2026-08-19T12:43:12+00:00
19,Babylon Rooftop & Garden Bar,ab650bcc6e81987badd65bdf4233ddb924c020ae739bc1330111d1d3a811379a,Sydney,Australia,http://babylonrooftop.com.au/,Sent,,,,2026-08-19T12:43:12+00:00
20,Restaurant Hubert,af0063b27a5391823b1d1c08763d4aeaabf87a6d52b64a077ee5b718396835eb,Sydney,Australia,https://www.swillhouse.com/venues/restaurant-hubert,Sent,,,,2026-08-19T12:43:12+00:00
21,Bathers' Pavilion,ffdb096f4bd6d4a3e62584acb727bd353ee1f242b2358ad1ff96cd16917fbd94,Mosman,Australia,http://www.batherspavilion.com.au/,Sent,,,,2026-08-19T12:43:12+00:00
22,Jonah’s Restaurant & Boutique Hotel,408654a2d7fc462b57c63d162a1e95bf894bd8a235eda26d53dde5d41ba4838c,Palm Beach,Australia,http://www.jonahs.com.au/,Sent,,,,2026-08-19T12:43:12+00:00
23,Palazzo Salato,7b89f3a7d26604125d531ec8d8531597c14c58b169a32ba9e83fd837e9a80755,Sydney,Australia,https://www.lovetillygroup.com/palazzo-salato,Sent,,,,2026-08-19T12:43:12+00:00
24,Glass Brasserie,f3607303f43b16601a71a068dd0fefccf67ca423549bedbfe688d84ac3259f04,Sydney,Australia,https://www.glassbrasserie.com.au/,Sent,,,,2026-08-19T12:43:12+00:00
25,Cafe Sydney Restaurant,89c2a34554b2c6bb0d19f7f25b75d5f281d3fa791ae7a0bb0696a58a43b0b451,Sydney,Australia,http://www.cafesydney.com/,Sent,,,,2026-08-19T12:43:12+00:00
26,The Meat & Wine Co Circular Quay - O'Connell St,4bec754354d3ac5a543b9e67a82a395fb439d63bbd0b648d3cf735c4655f7459,Sydney,Australia,https://themeatandwineco.com/sydney-restaurants/circular-quay/,Sent,,,,2026-08-19T12:43:12+00:00
27,Rockpool Bar & Grill Sydney,ee1fde1077922f1b9716b5416665edab2a20e2560828b09666752fcbfde40be4,Sydney,Australia,https://hunterstreethospitality.com.au/venues/rockpool/sydney/,Sent,,,,2026-08-19T12:43:12+00:00
28,Ripples Chowder Bay,e6a8fb28311301cde26c74e18a85c619c4f0945def228f05c95476c314e69870,Mosman,Australia,https://srghospitality.com.au/venue/ripples-chowder-bay/,Sent,,,,2026-08-19T12:43:12+00:00
29,Cho Cho San,c68b9cc5134bcbecc7d9ffc2757660aac95aa5c9bb6b5a6f40d7977f5f98715f,Potts Point,Australia,http://chochosan.com.au/,Sent,,,,2026-08-19T12:43:12+00:00
30,Firedoor Restaurant,edc3b888ca4069f6d632d4ca188b59299e4dd5f5b97e3c814577ba4f9b81f2b4,Surry Hills,Australia,https://www.firedoor.com.au/,Sent,,,,2026-08-19T12:43:12+00:00
31,Besuto - Omakase Sydney,daeb16beaea18f01ae99bf8173669a171deb63ab30471ffa38d0b8f22ad17f61,Sydney,Australia,https://besutosydney.com/,Sent,,,,2026-08-19T12:43:12+00:00
32,Bistro Papillon,7f11d0843d0002d488595ea2bdc9003b99e90a9cadb5a5959a56468f2b594ade,Sydney,Australia,https://www.bistropapillon.com.au/,Sent,,,,2026-08-19T12:43:12+00:00
33,Annata Restaurant,ed4e3acb840d7073c1c453e09e276b097a41165a99bd815cad585d9c31b50320,St Leonards,Australia,https://www.annatasydney.com/,Sent,,,,2026-08-19T12:43:12+00:00
34,China Doll,37a16559def56863cf3ad8cbe483f4deb0958c4f8d69c80f93294b84a33c9f04,Woolloomooloo,Australia,http://www.chinadoll.com.au/,Sent,,,,2026-08-19T12:43:12+00:00
35,Ho Jiak Town Hall - Junda's Playground (Enter from York Street),331eadd2ad6b9064ef0ee290a6978fd39285e274be93f0670c131821bb3fff8d,Sydney,Australia,https://www.hojiak.com.au/townhall/,Sent,,,,2026-08-19T12:43:12+00:00
36,Icebergs Dining Room and Bar,67e5042e040569dcd7ab3f808047c353f1291550c84853b96952c81504e32e64,Bondi Beach,Australia,https://www.idrb.com/,Sent,,,,2026-08-19T12:43:12+00:00
37,Chophouse Sydney,f580434b45f0852abdbbe6aa708b2e67adc562d4f9eb008c72bbd2791126df14,Sydney,Australia,https://www.chophousesydney.com.au/?utm_source=google&utm_medium=organic&utm_campaign=gbp&utm_content=Chophouse_Sydney&utm_term=plcid_1818352560690307680,Sent,,,,2026-08-19T12:43:12+00:00
38,Kingsleys Australian Steakhouse,fc2d1a34a9ea526ff279974d279c948eb2127834e93d4f7692d58d30a642d381,Sydney,Australia,http://www.kingsleysauststeak.com.au/,Sent,,,,2026-08-19T12:43:12+00:00
39,Kingsleys Woolloomooloo,fe423ad817e8921587562f2ba76ac5f3b0eb7fdb5fa62a19e47d587b103b01ef,Woolloomooloo,Australia,https://www.kingsleyssydney.com.au/,Sent,,,,2026-08-19T12:43:12+00:00
40,Steersons Steakhouse,c1d642af67660a18937962afb1cacccc087007555da928712a2b3d896de8a7ab,Sydney,Australia,http://www.steersons.com.au/,Sent,,,,2026-08-19T12:43:12+00:00
41,Porteño,8f7fa6e3af352495209b0de21da020f4b148c67e6212d13e41483b9f8e37a497,Surry Hills,Australia,http://www.porteno.com.au/,Sent,,,,2026-08-19T12:43:12+00:00
42,SkyFeast at Sydney Tower,48c8e178a96460bbadb845a0a3f9b61f7d228b86a49434f0573eb823ed5d3dc0,Sydney,Australia,https://www.skyfeastsydneytower.com.au/,Sent,,,,2026-08-19T12:43:12+00:00
43,Dean & Nancy on 22,4e952013040008d49830b214a0a0382c782a3887bc2766a7e0b6f824ad40c368,Sydney,Australia,https://www.deanandnancyon22.com.au/?utm_source=googleplaces&utm_medium=organic&utm_campaign=googleplaces,Sent,,,,2026-08-19T12:43:12+00:00
44,Gimlet,c4813e79e27fc732a14c9753b259d1dbdd69ab7c65aa289f0c59727935dd4e62,Melbourne,Australia,https://gimlet.melbourne/,Sent,,,,2026-08-19T12:43:12+00:00
45,Maha Restaurant,f3cc2ea4a4486c6d3b1f103ed379bdfd91864ad629e8a70be608d0dacb51ab75,Melbourne,Australia,http://maharestaurant.com.au/,Sent,,,,2026-08-19T12:43:12+00:00
46,Attica,b3360c679de4672f999d4b1eeebcf2102917a76348446a03b660d2fb76499e9b,Ripponlea,Australia,http://www.attica.com.au/,Sent,,,,2026-08-19T12:43:12+00:00
47,Reine & La Rue,03c9256371ca590f27b354a455068fdd73ea42b514c98ab659e7bed38c7b0a7e,Melbourne,Australia,https://reineandlarue.melbourne/,Sent,,,,2026-08-19T12:43:12+00:00
48,Society,68841de7dcfed94c9c98e93b0c23e44833126053afbba12139daac3c8eb72fd4,Melbourne,Australia,https://www.societyrestaurant.com/,Sent,,,,2026-08-19T12:43:12+00:00
49,Palermo,e1f19b98d2bef0177294b6048fe951318696c1dfe7349ae7770dc91498204fa8,Melbourne,Australia,https://www.palermo.melbourne/?utm_source=google&utm_medium=gmb,Sent,,,,2026-08-19T12:43:12+00:00
50,Florentino,8b5397be12ce393198d42cd36f83bcdc1141b1789089477d3de8591f0658c9e7,Melbourne,Australia,http://florentino.melbourne/,Sent,,,,2026-08-19T12:43:12+00:00
51,Meatmaiden,dc4f15c97b71c957bae73edf974d05efe0217dd7b6da0a58dc558abf8476d894,Melbourne,Australia,http://www.meatmaiden.com.au/,Sent,,,,2026-08-19T12:43:12+00:00
52,Philippe,186c2b32f0e4bb45f4242353757982497aced03ba1b3f8ddeeaefca0081b0141,Melbourne,Australia,https://philipperestaurant.com.au/,Sent,,,,2026-08-19T12:43:12+00:00
53,Cutler,6e0a46fee7659b7afa1935dec665f3c273601ee6e525ae047b597e6e54f754a7,Fitzroy,Australia,http://www.cutlerandco.com.au/,Sent,,,,2026-08-19T12:43:12+00:00
54,No35 Restaurant,df8e0b255a1da896ef2aaf686622575516fc59e53d0805dbcdce3ca0cd7d875f,Melbourne,Australia,https://no35.com.au/,Sent,,,,2026-08-19T12:43:12+00:00
55,Ishizuka,46818974d7c72464be17fe8d467ff399ab451f499cfc5acad44e6bd9afac2898,Melbourne,Australia,http://ishizuka.com.au/,Sent,,,,2026-08-19T12:43:12+00:00
56,Pastuso,416ddca5c59904776abc2200bbe7a7d1d37a9af023c2dd96e2576ac2774feac9,Melbourne,Australia,http://pastuso.com.au/,Sent,,,,2026-08-19T12:43:12+00:00
57,Etta,478633c42e694a383804e98c3d4a4d55eac4ca494db474b4153d8c08a8364bac,Brunswick East,Australia,https://ettadining.com.au/,Sent,,,,2026-08-19T12:43:12+00:00
58,San Telmo Melbourne,30454db074bb305f5917f47e6e9b7bcb177d6be7cf5eda46c9208e9bce57b6e3,Melbourne,Australia,http://www.santelmo.com.au/?utm_source=google&utm_medium=gmb,Scheduled in Zoho,2026-08-19T12:42:53.523086,,1787058841536155300,2026-08-19T12:43:12+00:00
59,Bottega Restaurant,a627532ccada466f5ef87a2fa5f1dd22f1418b0dbddc65e3e3a6dce10bb5b4d4,Melbourne,Australia,http://www.bottega.com.au/,Scheduled in Zoho,2026-08-19T12:42:53.523097,,,2026-08-19T12:43:12+00:00
60,Matilda 159 Domain,067ac284ec6fb1a66a9904573bf6d08cb334a5902f39833f5a2a3c424342af5a,South Yarra,Australia,https://matilda159.com/,Scheduled in Zoho,2026-08-19T12:42:53.523099,,,2026-08-19T12:43:12+00:00
61,"Matteo's Restaurant, Melbourne",bf135dbc7f058bc6f61695edb88ab99e7f48b609d7125c4d65493564056a512d,Fitzroy North,Australia,http://www.matteos.com.au/,Scheduled in Zoho,2026-08-19T12:42:53.523100,,,2026-08-19T12:43:12+00:00
62,Lucy Liu Kitchen and Bar,98e70ca48b246e8eacf2339b8393d295740b7af960cb6ff9a4f4824a9f229c5b,Melbourne,Australia,http://lucylius.com.au/,Scheduled in Zoho,2026-08-19T12:42:53.523101,,,2026-08-19T12:43:12+00:00
63,Asado,a50e216bd4990e0e56563990831c53012397cd4bde793b9d811b726036bc71ff,Southbank,Australia,https://www.asado.melbourne/,Scheduled in Zoho,2026-08-19T12:42:53.523102,,,2026-08-19T12:43:12+00:00
64,Coda Melbourne,1863853158e08e35a8f236bae4db5c22d6ab118a7d8fa402020e80b782d74c60,Melbourne,Australia,http://www.codarestaurant.com.au/,Scheduled in Zoho,2026-08-19T12:42:53.523103,,,2026-08-19T12:43:12+00:00
65,State of Grace,467b4b9e8fe82e149093b6dacd36d968913fcfc9ac093b83c3378fd619009fbe,Melbourne,Australia,https://stateofgracemelbourne.com.au/?utm_source=google&utm_medium=organic&utm_campaign=gmb&utm_term=plcid_5147260064699379174,Scheduled in Zoho,2026-08-19T12:42:53.523103,,,2026-08-19T12:43:12+00:00
66,Waterfront Southgate,13eaf145d7aa86d2d853840276e921cc289eca629c8bce79051297e5c5afa601,Southbank,Australia,http://waterfrontsouthgate.com.au/,Scheduled in Zoho,2026-08-19T12:42:53.523104,,,2026-08-19T12:43:12+00:00
67,RuYi Modern Chinese,4553c82f4186cc6e6064a8f1e3693da15e5f946c30bc81e8b270a5b1fcd9824e,Melbourne,Australia,https://www.ruyi.com.au/,Scheduled in Zoho,2026-08-19T12:42:53.523105,,,2026-08-19T12:43:12+00:00
68,Kisumé,fd0b6fe4533cf80ed084b1899bf5a505d83622129b8e9f0361382b4a09d28d85,Melbourne,Australia,https://kisume.com.au/,Scheduled in Zoho,2026-08-19T12:42:53.523106,,,2026-08-19T12:43:12+00:00
69,Osteria Ilaria,856509c03e59a363454c47169fda71a2ec792b6f6aabe0b75e21cff3f44a3631,Melbourne,Australia,http://www.osteriailaria.com/,Scheduled in Zoho,2026-08-19T12:42:53.523107,,,2026-08-19T12:43:12+00:00
70,Il Bacaro,b2d83cf969e7764a3f02f3b6d27ab776079e0b791c71eb80a609995cf157b4d1,Melbourne,Australia,http://www.ilbacaro.com.au/,Scheduled in Zoho,2026-08-19T12:42:53.523108,,,2026-08-19T12:43:12+00:00
71,French Saloon,c81b70d2634109ceb089284adfad630631ae401b6374c9d1220facc374c3c27a,Melbourne,Australia,https://www.frenchsaloon.com/,Scheduled in Zoho,2026-08-19T12:42:53.523109,,,2026-08-19T12:43:12+00:00
72,Rare Steakhouse Downtown,0d0f2bc0d15d3626378ff6f2f5d952294407807347743b28cfe2c16d8d8ac11e,Melbourne,Australia,http://www.raresteakhouse.com.au/,Scheduled in Zoho,2026-08-19T12:42:53.523109,,,2026-08-19T12:43:12+00:00
73,Squires Loft South Yarra,79ae67ad8ad63fd8c7249127af9500e8b39517f227f458894fcc3008338c38d3,South Yarra,Australia,https://squiresloft.com.au/our-locations/south-yarra/,Scheduled in Zoho,2026-08-19T12:42:53.523110,,,2026-08-19T12:43:12+00:00
74,Squires Loft Albert Park,77bdce5e96f836bc08c89050be5c468b074b7f9232e4e3cf02f8ed9d6cda84cf,Melbourne,Australia,https://squiresloft.com.au/our-locations/albert-park/,Scheduled in Zoho,2026-08-19T12:42:53.523111,,,2026-08-19T12:43:12+00:00
75,Stokehouse St Kilda,9245ec70f06b7b5397ab6214b915abb00d6c7f7b8af034ce423bf1ce7f71b705,St Kilda,Australia,http://stokehouse.com.au/melbourne/,Scheduled in Zoho,2026-08-19T12:42:53.523112,,,2026-08-19T12:43:12+00:00
76,Sebastian Restaurant,e0152dfff8554e410db3a68928000fb9183a5cf52c775e1e8e9714316788b121,Williamstown,Australia,https://sebastianwilliamstown.com.au/,Scheduled in Zoho,2026-08-19T12:42:53.523113,,,2026-08-19T12:43:12+00:00
77,Longrain Melbourne,ba384ba42d75dfbd8f331067bcc01430b56d9396dd85dae921fb549b4d1c45e3,Melbourne,Australia,http://www.longrainmelbourne.com/,Scheduled in Zoho,2026-08-19T12:42:53.523113,,,2026-08-19T12:43:12+00:00
78,Tonka,0e8a5a51de80fe1cdbb8e83fe7201a55ec460abeeee78338f94e43b1c3fc0ea8,Melbourne,Australia,http://www.tonkarestaurant.com.au/,Scheduled in Zoho,2026-08-19T12:42:53.523116,,,2026-08-19T12:43:12+00:00
79,Grill Americano,36755ef12aad24788d788da8b05e60ad109fb7b86f8d4f3ff416572c6930165d,Melbourne,Australia,http://www.grillamericano.com/,Scheduled in Zoho,2026-08-19T12:42:53.523117,,,2026-08-19T12:43:12+00:00
80,Alchemy Restaurant and Bar Brisbane,074bf99b5540d73922db6591a4e2a50bdbc62581e14244119f3d59f22811d412,Brisbane City,Australia,https://www.alchemyrestaurant.com.au/,Scheduled in Zoho,2026-08-19T12:42:53.523118,,,2026-08-19T12:43:12+00:00
81,La Vue Waterfront Restaurant,c8b2762b1aad01d570558a8291fb1bbaad5255934272598c4156c7f7207669bd,Brisbane City,Australia,https://lavuerestaurant.com.au/,Scheduled in Zoho,2026-08-19T12:42:53.523118,,,2026-08-19T12:43:12+00:00
82,Agnes Restaurant,7d373943f176dd5e8f27ff6243c0f004dfa17f5314d942d448439998747983d2,Fortitude Valley,Australia,https://anyday.com.au/agnes-venue-page,Scheduled in Zoho,2026-08-19T12:42:53.523119,,,2026-08-19T12:43:12+00:00
83,Bacchus,bc5a06f0435ae3a9b04b4f67415077b2c3ea33c50750a046315c844a706982a3,South Brisbane,Australia,https://www.bacchussouthbank.com.au/,Scheduled in Zoho,2026-08-19T12:42:53.523120,,,2026-08-19T12:43:12+00:00
84,"Blackbird Bar, Dining & Events",ce044f233c7fb316d0cacdb980f1feb29c3b041801032a167ee669ea77f43065,Brisbane City,Australia,http://blackbirdbrisbane.com.au/,Scheduled in Zoho,2026-08-19T12:42:53.523121,,,2026-08-19T12:43:12+00:00
85,Donna Chang,b9d08ce6546d9bb26eddf685528f10e07423977e79ac62aa8ec84db1a21aef66,Brisbane City,Australia,http://donnachang.com.au/,Scheduled in Zoho,2026-08-19T12:42:53.523122,,,2026-08-19T12:43:12+00:00
86,Montrachet,4245d56e2785356a063d67293e3a99a6d8108692f42b7414657f2d3db3135be4,Bowen Hills,Australia,http://www.montrachet.com.au/,Scheduled in Zoho,2026-08-19T12:42:53.523122,,,2026-08-19T12:43:12+00:00
87,C'est Bon Restaurant & Le Bon Bar,d692084029ae9098d059d8f8a59ace225604c9d6e168c28814580dcd29cbad0b,Woolloongabba,Australia,https://www.cestbon.com.au/,Scheduled in Zoho,2026-08-19T12:42:53.523123,,,2026-08-19T12:43:12+00:00
88,e'cco bistro,1a210177eaea1d1ed0736f80b10ebc956a6f65d7018c9fd512d916421fee521f,Newstead,Australia,https://eccobistro.com.au/,Scheduled in Zoho,2026-08-19T12:42:53.523124,,,2026-08-19T12:43:12+00:00
89,sAme sAme Brisbane,1d1246e16bc420b3176c38f50971111b844905c5b2a17d3caf821b56e0c64a32,Fortitude Valley,Australia,https://anyday.com.au/samesame-venue-page,Scheduled in Zoho,2026-08-19T12:42:53.523125,,,2026-08-19T12:43:12+00:00
90,Ristorante Tartufo,8ff28a105163dc35612da6a2c2dac15f187f990db68d03e08809577a1d4d874c,Fortitude Valley,Australia,http://www.tartufo.com.au/,Scheduled in Zoho,2026-08-19T12:42:53.523126,,,2026-08-19T12:43:12+00:00
91,Two Small Rooms Restaurant,19a436ce9435be9fa6f6f657c34547a8c33f56633692bd31106a96656aa4e267,Toowong,Australia,http://www.2smallrooms.com.au/,Scheduled in Zoho,2026-08-19T12:42:53.523126,,,2026-08-19T12:43:12+00:00
92,Libertine Restaurant & Cocktail Bar,2685aab6481c928ff99fc53234fcf7181062faf80305a9d2ee4d69107f1460fb,Brisbane City,Australia,https://libertine.net.au/,Scheduled in Zoho,2026-08-19T12:42:53.523127,,,2026-08-19T12:43:12+00:00
93,Deer Duck Bistro,e62f5035a9bc9d6f09df12a4669096aceb4fec3cbd19acf5d02f75ace2cc1a80,Auchenflower,Australia,https://deerduckbistro.com.au/,Scheduled in Zoho,2026-08-19T12:42:53.523128,,,2026-08-19T12:43:12+00:00
94,Walter's Steakhouse and Wine Bar,4194c4484566283c95faa2eecf123c87950e8ff51da5ac35f51e949d2aa9bc65,Brisbane City,Australia,http://www.waltersbrisbane.com.au/,Scheduled in Zoho,2026-08-19T12:42:53.523129,,,2026-08-19T12:43:12+00:00
95,SK Steak & Oyster,27043b0d9848a164fc5e384970cbfe44c73e8206f3f79f88a0c65939d7ab5582,Fortitude Valley,Australia,https://www.st-albans.com.au/venues/sk-steak-and-oyster,Scheduled in Zoho,2026-08-19T12:42:53.523130,,,2026-08-19T12:43:12+00:00
96,Navala Churrascaria,d6a499e4e9ecc4c068c5599f0b5061ca1323d637f6a44c313dd2f4d52c9ab572,Brisbane City,Australia,http://navala.com.au/,Scheduled in Zoho,2026-08-19T12:42:53.523130,,,2026-08-19T12:43:12+00:00
97,Jimmy's On The Mall,3f872772652cd5b69155a31b9050fb7b07a41b277eb6075eab4548b6be6265a1,Brisbane City,Australia,http://www.jimmysonthemall.com.au/,Scheduled in Zoho,2026-08-19T12:42:53.523131,,,2026-08-19T12:43:12+00:00
98,Cloudland,857415063bbb696e36ba66f93a6a5bc960e8e1d70861b5c72e595baafb2ff2b9,Fortitude Valley,Australia,https://www.cloudland.tv/,Scheduled in Zoho,2026-08-19T12:42:53.523132,,,2026-08-19T12:43:12+00:00
99,Wildflower,63fc18f72c60c2a00b90709c559a8bb201952de561e8e5bb882ed84487853284,Perth,Australia,https://statebuildings.com/venues/wildflower,Scheduled in Zoho,2026-08-19T12:42:53.523133,,,2026-08-19T12:43:12+00:00
100,C Restaurant in the Sky,861efb18d3a4368dc2e295bebba340d677db724e5c4bbb2830e1b0dcd49a8180,Perth,Australia,http://www.crestaurant.com.au/,Scheduled in Zoho,2026-08-19T12:42:53.523134,,,2026-08-19T12:43:12+00:00
101,Matilda Bay Restaurant,e245c7b135662fb362192e5a8f39899150b67201f76cdfbb1a77f1a23c593bb0,Crawley,Australia,http://www.matildabayrestaurant.com.au/,Scheduled in Zoho,2026-08-19T12:42:53.523134,,,2026-08-19T12:43:12+00:00
102,Juniper & Bay,cc9a9ac726ef8f7119dc2b80310ad30aa4f5fb909023243303182c428b858a9b,Como,Australia,http://juniperandbay.com.au/,Scheduled in Zoho,2026-08-19T12:42:53.523135,,,2026-08-19T12:43:12+00:00
103,Fraser's Restaurant,cba49ea211613330a2d98215b39d58ebad053c246b891db882764aa032668236,Kings Park,Australia,http://www.frasersrestaurant.com.au/,Scheduled in Zoho,2026-08-19T12:42:53.523136,,,2026-08-19T12:43:12+00:00
104,The Heritage Wine Bar & Restaurant,e57a4ac191becff2a4a71c8fcfb1e200dad8b922a9cde59f63dafe815b71e2af,Perth,Australia,https://theheritageperth.com.au/pages/wine-bar-restaurant/?utm_source=google+my+business+-+heritage+wine+bar+restaurant&utm_medium=organic,Scheduled in Zoho,2026-08-19T12:42:53.523137,,,2026-08-19T12:43:12+00:00
105,Chez Pierre,b5e358a3f631d2c2a72ebd01b2c381588b8f79d0a48bf8ef864daaf927af9ef0,Nedlands,Australia,http://chezpierre.com.au/,Scheduled in Zoho,2026-08-19T12:42:53.523137,,,2026-08-19T12:43:12+00:00
106,Sentinel Bar & Grill,6d7c6dd8bb3b144ae190aaa83527184b5c173c98c5762caba0c11b50b8bad7f7,Perth,Australia,https://sentinelbar.com.au/,Scheduled in Zoho,2026-08-19T12:42:53.523138,,,2026-08-19T12:43:12+00:00
107,Prego Italian Restaurant,7ff841b88ed3a1a0a253e9ce8cebef1ef782c58672b82844c59fd7ae80c53a61,Floreat,Australia,https://www.pregorestaurant.com.au/,Scheduled in Zoho,2026-08-19T12:42:53.523139,,,2026-08-19T12:43:12+00:00
108,Shadow Bar & Kitchen,2e840fa4167be5240aa272ef3d6febacc09349eed68513b861acd4802b6950ee,Perth,Australia,http://www.shadowbarandkitchen.com.au/,Scheduled in Zoho,2026-08-19T12:42:53.523140,,,2026-08-19T12:43:12+00:00
109,Darlington Estate,c0bc317d379dfe004e46f5536dd42399c662a7978bc5699b23548526da694efa,Darlington,Australia,http://www.darlingtonestate.com.au/,Scheduled in Zoho,2026-08-19T12:42:53.523141,,,2026-08-19T12:43:12+00:00
110,MARUMO,b2253a28ba23a6849d9c0ad8cd6689f0567495f0b0fed7a0a7fb396a65e66413,Nedlands,Australia,http://www.marumo.com.au/,Scheduled in Zoho,2026-08-19T12:42:53.523141,,,2026-08-19T12:43:12+00:00
111,Hunter & Barrel Perth,0cfa3d8c324272315209adf34b70111765c459a60f91e1782934db96bd89baff,Perth,Australia,https://hunterandbarrel.com/au/perth/raine-square/?utm_source=google&utm_medium=organic&utm_campaign=yext&utm_content=menu-perth-raine-square,Scheduled in Zoho,2026-08-19T12:42:53.523142,,,2026-08-19T12:43:12+00:00
112,Julio's Italian Restaurant,55078b3a59e5fa465753112afb24539cf71521a665dc4e364bc7195ef07ad89d,West Perth,Australia,https://julios.com.au/,Scheduled in Zoho,2026-08-19T12:42:53.523143,,,2026-08-19T12:43:12+00:00
113,Squires Loft,f035147c68af6a12d95857eedbdae9339fc369b0555b32da0bc1272b0505340a,Subiaco,Australia,https://www.squiresloftsubiaco.com.au/,Scheduled in Zoho,2026-08-19T12:42:53.523144,,,2026-08-19T12:43:12+00:00
114,Tony Roma's,e64ebe761ddc678e48ac4a08ab98e3547731220107bbb914bed4a8f85e3deecc,Perth,Australia,https://www.tonyromas.com/locations/perth-western-australia,Scheduled in Zoho,2026-08-19T12:42:53.523145,,,2026-08-19T12:43:12+00:00
115,Sweetwater Rooftop Bar,c8a78c8fd77fd576aa31db5c2a36c2f6355a6b90f0e67c0f20b470daf915b996,East Fremantle,Australia,https://www.sweetwaterbarfreo.com.au/?utm_source=google&utm_medium=organic&utm_campaign=gmb&utm_term=plcid_14591475820921462303,Scheduled in Zoho,2026-08-19T12:42:53.523145,,,2026-08-19T12:43:12+00:00
116,The Reveley,a64573f6037c4f87756d6aa4274e19a5657231f75ab134fe2b5269f487a07500,Perth,Australia,http://thereveleybar.com.au/?utm_source=google&utm_medium=organic&utm_campaign=google+business+profile,Scheduled in Zoho,2026-08-19T12:42:53.523146,,,2026-08-19T12:43:12+00:00
117,Coogee Common,cc149a875ca14b9f7c03b3144246f70b9b3dfd679c5e8c3a87b4db3026a73467,Coogee,Australia,http://www.coogeecommon.com.au/,Scheduled in Zoho,2026-08-19T12:42:53.523147,,,2026-08-19T12:43:12+00:00
118,Print Hall,d6d7eadadc8410111b05a0a2b43bf699153d0428d304e39c5bdcb8de90d9b28b,Perth,Australia,https://printhall.com.au/,Scheduled in Zoho,2026-08-19T12:42:53.523148,,,2026-08-19T12:43:12+00:00
119,Midori Teppanyaki and Bar,21a7032b609b429e91584a873cff159c49ec51c1b6bd4f2380ce4ba7edef617c,Northbridge,Australia,https://midoriteppan.com.au/,Scheduled in Zoho,2026-08-19T12:42:53.523149,,,2026-08-19T12:43:12+00:00
120,Bread in Common,71ec567ebd186414cbdc4a29b7432c27e040258dcd0fd5df609515fc396a8b4e,Fremantle,Australia,http://www.breadincommon.com.au/,Scheduled in Zoho,2026-08-19T12:42:53.523149,,,2026-08-19T12:43:12+00:00
121,Sushia Izakaya,60ac69f5940350815c824667b04007ad3dd0d1a0c327a0b65966c185b84bde35,Karrinyup,Australia,http://izakaya.sushia.com.au/,Scheduled in Zoho,2026-08-19T12:42:53.523150,,,2026-08-19T12:43:12+00:00
122,Tsunami Izakaya & Teppanyaki Bar,3644fcdb9bf6820265273a4c20b22863a0ec64d80c8ef546605fe4fd9a6c53ed,Mosman Park,Australia,https://www.tsunamisushi.com.au/,Scheduled in Zoho,2026-08-19T12:42:53.523151,,,2026-08-19T12:43:12+00:00
123,Itsara,e648eb1b585a3b9f7a62abd94462a9c7aaaa5fcb5f381cc2fdf7429e28bfcd6b,Nedlands,Australia,http://www.itsara.com.au/,Scheduled in Zoho,2026-08-19T12:42:53.523152,,,2026-08-19T12:43:12+00:00
124,The Breakwater,ac3df79d23a68575b75dbfcf2a975106d5c3d1f8462a7e6c61a9eb39292d6841,Hillarys,Australia,http://www.thebreakwater.com.au/,Scheduled in Zoho,2026-08-19T12:42:53.523153,,,2026-08-19T12:43:12+00:00
125,Criniti’s Carousel,ca7f473c776ef58813f075e4d89d10faed11ccbb082aac29ed4b13949bdf8a5e,Cannington,Australia,https://www.crinitis.com.au/?utm_content=Criniti's+Carousel+-+Cannington&utm_campaign=Google+My+Business&utm_medium=organic&utm_source=google&utm_term=plcid_9860968465104616760,Scheduled in Zoho,2026-08-19T12:42:53.523155,,,2026-08-19T12:43:12+00:00
126,Restaurant Botanic,8c1c6983240c392f61198d7c61cef87a27ceaed98f70b3711cbf3737daeff801,Adelaide,Australia,https://restaurantbotanic.com.au/,Scheduled in Zoho,2026-08-19T12:42:53.523156,,,2026-08-19T12:43:12+00:00
127,Penfolds Magill Estate Restaurant,a71f15d4716d594e002bd497f4123d8750b0448b2c776b5de75dd792077ba375,Rosslyn Park,Australia,https://www.magillestaterestaurant.com/,Scheduled in Zoho,2026-08-19T12:42:53.523157,,,2026-08-19T12:43:12+00:00
128,GEORGES,5e95a01a6ff89bed51a5882df7168e92885d5faebeac9fd20b4dd70e975647d8,Adelaide,Australia,http://www.georgesonwaymouth.com.au/,Scheduled in Zoho,2026-08-19T12:42:53.523158,,,2026-08-19T12:43:12+00:00
129,Jolleys Boathouse,24fd8c99f2bc415b721919f57e2dc927565d5262778b4fa022238080d8a9526d,Adelaide,Australia,http://www.jolleysboathouse.com/,Scheduled in Zoho,2026-08-19T12:42:53.523160,,,2026-08-19T12:43:12+00:00
130,Hoosegow Charcoal Restaurant,ebce14d59f595921c1d18e955346d04396f2bb964667918c524710b3c39da500,St Morris,Australia,http://www.hoosegow.com.au/,Scheduled in Zoho,2026-08-19T12:42:53.523161,,,2026-08-19T12:43:12+00:00
131,Windy Point Restaurant,5bb78f547857a9a847671aaf34aaa5b9a7175430fac2d001736134df5f09b48c,Belair,Australia,http://www.windypoint.com.au/,Scheduled in Zoho,2026-08-19T12:42:53.523162,,,2026-08-19T12:43:12+00:00
132,Africola,fa7406071c147a257a9e710e824e45fca7b35079f4f5858fa515f10df87d9df5,Adelaide,Australia,http://www.africola.com.au/,Scheduled in Zoho,2026-08-19T12:42:53.523162,,,2026-08-19T12:43:12+00:00
133,Hardy's Verandah,722f44ccb5ad96f5f9995e36ce688f54e0108e7c52f5c90c2d0283f2a07fb17b,Crafers,Australia,https://hardysverandah.com.au/,Scheduled in Zoho,2026-08-19T12:42:53.523163,,,2026-08-19T12:43:12+00:00
134,d'Arry's Verandah Restaurant,d28076ec6a555c91df45209ac368f1d956a2336272fbd1fe91701aef49f0854a,McLaren Vale,Australia,https://www.darenberg.com.au/darrys-verandah-restaurant/,Scheduled in Zoho,2026-08-19T12:42:53.523164,,,2026-08-19T12:43:12+00:00
135,The Kitchen,db0021a7c2cf4d827ae98f52c93eb4479d2449f44c23f076eb8fa67e7dfaf7cc,Adelaide,Australia,https://skycityadelaide.com.au/eat-and-drink/the-kitchen/,Scheduled in Zoho,2026-08-19T12:42:53.523165,,,2026-08-19T12:43:12+00:00
136,Press* Food & Wine,4f75f6dd72ff22fe1e43152e27e9585ef4b5e4bf89a14953db355db3d89133d9,Adelaide,Australia,http://www.pressfoodandwine.com.au/,Scheduled in Zoho,2026-08-19T12:42:53.523166,,,2026-08-19T12:43:12+00:00
137,Madame Hanoi,a520931301f130861b5a70a4d32ad4cc0dbf6a4eb7dbc3c1e41c672e55ed7543,Adelaide,Australia,https://skycityadelaide.com.au/eat-and-drink/madame-hanoi/,Scheduled in Zoho,2026-08-19T12:42:53.523167,,,2026-08-19T12:43:12+00:00
138,Star of Greece,1306af947a2bc16996d7846b46ed205152497d1a48906bf6922469983c45ed2c,Port Willunga,Australia,http://starofgreece.com.au/,Scheduled in Zoho,2026-08-19T12:42:53.523168,,,2026-08-19T12:43:12+00:00
139,Shobosho,6c4618141c35dbeb3e2fd89cb0aa6e563707925e6b0fa3bebd85acf7ab15d565,Adelaide,Australia,http://www.shobosho.com.au/,Scheduled in Zoho,2026-08-19T12:42:53.523168,,,2026-08-19T12:43:12+00:00
140,APOTECA,7d61b3c5d74c9bdd9c93fa6b26531c7f8238827ba91d150dacf9ef936e50bd91,Adelaide,Australia,http://www.apoteca.com.au/,Scheduled in Zoho,2026-08-19T12:42:53.523169,,,2026-08-19T12:43:12+00:00
141,Orso,bfe34b7db79135a5ad22cd8683e0393547c4013c301d713584dadee4656f8f64,Rose Park,Australia,http://orsokensington.com.au/,Scheduled in Zoho,2026-08-19T12:42:53.523170,,,2026-08-19T12:43:12+00:00
142,Stamps,f5055665ab3d72821cc1819127c6f34583e289f79e54b2a306219a2bf9d86921,Mitcham,Australia,http://www.stampsrestaurant.com.au/,Scheduled in Zoho,2026-08-19T12:42:53.523171,,,2026-08-19T12:43:12+00:00
143,Golden Boy,ae90be8a85e2b0e324bec31f9d62e7ee47bbb18bc5c356d81dd4bac40c62c9fb,Adelaide,Australia,http://www.golden-boy.com.au/,Scheduled in Zoho,2026-08-19T12:42:53.523172,,,2026-08-19T12:43:12+00:00
144,Louca's,97581d145101756923609a6f6439b2a45f889d82bb004d3aac06bca790d886f7,Adelaide,Australia,http://loucasseafoodrestaurant.com.au/,Scheduled in Zoho,2026-08-19T12:42:53.523172,,,2026-08-19T12:43:12+00:00
145,Seafire on the Marina,e1180c95bde5342a2eb3952ff5e694383090aa23a9462e1ef43513711a729f4e,Glenelg,Australia,http://www.seafire.net.au/,Scheduled in Zoho,2026-08-19T12:42:53.523173,,,2026-08-19T12:43:12+00:00
146,Ginza Miyako Japanese Restaurant,79f7c847e3d231d227cd3815f0c21bc41910c65d5069aace417b73cedd6b87ca,Adelaide,Australia,https://www.ginzamiyako.com.au/,Scheduled in Zoho,2026-08-19T12:42:53.523174,,,2026-08-19T12:43:12+00:00
147,Sidewood Estate Restaurant,92ea6d673f72e247fc461b73f9e4605fe4bcda0950e042b83e29c69c421cee4f,Hahndorf,Australia,https://sidewood.com.au/,Scheduled in Zoho,2026-08-19T12:42:53.523175,,,2026-08-19T12:43:12+00:00
148,Samurai Teppanyaki House,45264e30c02c540a615ed8cf59037a395b7ecb0a4e70b65f82bcb65588a0d3fe,Goodwood,Australia,https://www.samurai-teppanyaki.com/,Scheduled in Zoho,2026-08-19T12:42:53.523176,,,2026-08-19T12:43:12+00:00
149,Tomiko Japanese Steak House,72d55e3daaa936531f8c5f57e4764f0f01229d5f815850789224329b00366ac1,Glenelg,Australia,http://www.tomiko.com.au/,Scheduled in Zoho,2026-08-19T12:42:53.523176,,,2026-08-19T12:43:12+00:00
150,Sammys on the Marina,961a4cb6e5f83f78400301f4546ef6c05900570ee32ccdd61676f81272fddda2,Glenelg,Australia,http://www.sammys.net.au/,Scheduled in Zoho,2026-08-19T12:42:53.523177,,,2026-08-19T12:43:12+00:00
151,Les Bistronomes,8e6656db7dad4765447c4a92cacbbbd491e553b87cd6adbdb455c1d6a95704be,Campbell,Australia,https://www.lesbistronomes.net/?utm_source=google&utm_medium=organic&utm_campaign=gmb,Scheduled in Zoho,2026-08-19T12:42:53.523178,,,2026-08-19T12:43:12+00:00
152,Water's Edge Canberra,7fad111f048d576ac7206ef6b58cf45d745ecc387111e6e28811dadce33b6050,Parkes,Australia,https://www.watersedgecanberra.com.au/,Scheduled in Zoho,2026-08-19T12:42:53.523179,,,2026-08-19T12:43:12+00:00
153,Courgette Restaurant,35802cb3d4d681dabcf2658aae4485d28e2971ba512c7f13ec89c31ff8551335,Canberra,Australia,https://www.courgette.com.au/,Scheduled in Zoho,2026-08-19T12:42:53.523180,,,2026-08-19T12:43:12+00:00
154,Lanterne Rooms,cce2417cca25c2cc0e9a5460093f49b0a68ef20af8cdf479d2c4d98ec02f8763,Campbell,Australia,https://chairmangroup.com.au/lanterne-rooms/,Scheduled in Zoho,2026-08-19T12:42:53.523180,,,2026-08-19T12:43:12+00:00
155,eightysix restaurant,a88ba3c583bc27354081d03987f47ffb34ef69e531a37fc56d73f5e4fd3de3a8,Braddon,Australia,http://eightysix.com.au/,Scheduled in Zoho,2026-08-19T12:42:53.523181,,,2026-08-19T12:43:12+00:00
156,Rubicon Restaurant,870f0cc42bd3289f63a0fa2d00e6fac031dd3dcf0d69c8ceb580b07743773799,Griffith,Australia,http://rubiconrestaurant.com.au/,Scheduled in Zoho,2026-08-19T12:42:53.523182,,,2026-08-19T12:43:12+00:00
157,INKA Japanese restaurant,bde1b6ca49cee4f12a47f9250d503f46449669f08123484f63c6d6cfb0c4d1bc,Canberra,Australia,http://www.inka.com.au/,Scheduled in Zoho,2026-08-19T12:42:53.523183,,,2026-08-19T12:43:12+00:00
158,Grazing Restaurant,5540f20ba5edd636554816ad1220424fe5245c7eeea47974cf891e0d7f129c57,Gundaroo,Australia,http://www.grazing.com.au/,Scheduled in Zoho,2026-08-19T12:42:53.523184,,,2026-08-19T12:43:12+00:00
159,Pomegranate Restaurant,1ab8d8b7a56add649c3d5e92c5cce8e0147eabfe5a3fdfd52b2c4b577db73c92,Kingston,Australia,http://www.pomegranatecanberra.com.au/,Scheduled in Zoho,2026-08-19T12:42:53.523184,,,2026-08-19T12:43:12+00:00
160,Pilot Restaurant and That Other Place (Bar),1ea44657918f89767df27b946f80cdd8a9f0bfbd029a572148e5f203f2b8dcfc,Ainslie,Australia,https://www.pilotrestaurant.com/,Scheduled in Zoho,2026-08-19T12:42:53.523185,,,2026-08-19T12:43:12+00:00
161,Chairman & Yip,9d376805de80e5a541eeb6a0725a3bfadecef71d24c05d49c544b17ac9fc880d,Barton,Australia,https://chairmangroup.com.au/chairmanyip,Scheduled in Zoho,2026-08-19T12:42:53.523186,,,2026-08-19T12:43:12+00:00
162,OTIS Dining Hall,9ef890788c4d7449599aed38d1da2e050b040a7e1148f79a85e6dfebc30ec268,Kingston,Australia,https://otisdininghall.com.au/,Scheduled in Zoho,2026-08-19T12:42:53.523187,,,2026-08-19T12:43:12+00:00
163,Ottoman Cuisine,72e99c7d13eca51e5f5555d9f8a62d5de89ce1bfdd1a18b56ad7527cdf4add8f,Barton,Australia,http://www.ottomancuisine.com.au/,Scheduled in Zoho,2026-08-19T12:42:53.523188,,,2026-08-19T12:43:12+00:00
164,Belluci's Manuka,15ea917807a0a8fe18f71235bf840e892de77cdd90bcbc011f4e99147bb5d215,Griffith,Australia,http://www.bellucis.com.au/,Scheduled in Zoho,2026-08-19T12:42:53.523188,,,2026-08-19T12:43:12+00:00
165,Italian and Sons,4fb44c0ecc1fc3be1fb8f2c9637d6cb162abcd7f5888df2a3f3fa791b85697c3,Braddon,Australia,http://www.italianandsons.com.au/,Scheduled in Zoho,2026-08-19T12:42:53.523189,,,2026-08-19T12:43:12+00:00
166,Redsalt Restaurant,c6d0b148451a657864ab22abe4dddd4cc395d6e1d3a6351316a142e1b796ccd2,Canberra,Australia,https://canberra.crowneplaza.com/redsalt-restaurant/,Scheduled in Zoho,2026-08-19T12:42:53.523190,,,2026-08-19T12:43:12+00:00
167,Poachers Pantry - Restaurant and Cellar Door,fc30ba5bcf9e7b25094eb482c79c1848daf1f7af32af117a202df4ece335c0d8,Springrange,Australia,http://www.poachers.com.au/,Scheduled in Zoho,2026-08-19T12:42:53.523191,,,2026-08-19T12:43:12+00:00
168,Highball,fe01ea79f002b59aab1e43c35e0271c38bba4e844886778a6daf5657363eaff2,Canberra,Australia,http://www.highball.bar/,Scheduled in Zoho,2026-08-19T12:42:53.523192,,,2026-08-19T12:43:12+00:00
169,Walt & Burley,f2727f4e825ba9a4896067bcd4b8d5780145c0295e9f6c82adb021fadb81d254,Kingston,Australia,http://www.waltandburley.com.au/,Scheduled in Zoho,2026-08-19T12:42:53.523192,,,2026-08-19T12:43:12+00:00
170,Little Truffle,00385f5bb8fd319f94220e8c3cbb78832114cde7ee974147871da4af848477f6,Mermaid Beach,Australia,http://www.littletruffle.com.au/,Scheduled in Zoho,2026-08-19T12:42:53.523193,,,2026-08-19T12:43:12+00:00
171,Rick Shores,11ef8fefa0ef4b13042a3cfc8325195c6d87919619f5df781b1c9e7104ece2c5,Burleigh Heads,Australia,https://www.rickshores.com.au/,Scheduled in Zoho,2026-08-19T12:42:53.523194,,,2026-08-19T12:43:12+00:00
172,Etsu Izakaya,5341c8e49b479819717fb3eb16bef69f5df5f399eaa5ae2c4f82ad1d5a3599c5,Mermaid Beach,Australia,http://www.etsu.com.au/,Scheduled in Zoho,2026-08-19T12:42:53.523195,,,2026-08-19T12:43:12+00:00
173,Misono Japanese,f3d511302b11542d60a24b90a1a73ae4b5ff3248811108705ebf1f496e58c4a7,Surfers Paradise,Australia,https://www.misonorestaurant.com/,Scheduled in Zoho,2026-08-19T12:42:53.523196,,,2026-08-19T12:43:12+00:00
174,Il Barocco Restaurant,590dd71921448be6826fa634fd60540175d76ba2a9edeb5504c54ecb0b8ecfa7,Main Beach,Australia,https://www.theimperialgc.com.au/restaurants-and-bars/il-barocco,Scheduled in Zoho,2026-08-19T12:42:53.523196,,,2026-08-19T12:43:12+00:00
175,Paper Daisy,1b2f76411421fff8d62dd776aa52eb741abe5e424c4d4f38ff61aee7b0a9dd45,Cabarita Beach,Australia,https://halcyonhouse.com.au/paper-daisy-restaurant/,Scheduled in Zoho,2026-08-19T12:42:53.523197,,,2026-08-19T12:43:12+00:00
176,Moo Moo The Wine Bar + Grill,82caaa05ae5a4358d862666731633376dfa0700747c093a1e2cbcd9ebaa22a30,Broadbeach,Australia,https://www.moomoorestaurant.com/gold-coast/,Scheduled in Zoho,2026-08-19T12:42:53.523198,,,2026-08-19T12:43:12+00:00
177,Citrique,ef9d0895b1f91f5d299e5920eca69400f30b415121adb88a072596fd213e0986,Surfers Paradise,Australia,https://www.citriquerestaurant.com/?scid=feed67b0-9a2f-4de1-8df6-114544116108,Scheduled in Zoho,2026-08-19T12:42:53.523199,,,2026-08-19T12:43:12+00:00
178,Edgewater Dining and Lounge,5d1e23fbbc98c935cdd37aa6c417beb0a3e0cb325166aa61547c31fdbf305374,Surfers Paradise,Australia,http://www.edgewaterdining.com.au/,Scheduled in Zoho,2026-08-19T12:42:53.523200,,,2026-08-19T12:43:12+00:00
179,Seascape Restaurant & Bar,783501f2cf983f91115671c484af4adc92c5d64229fdad2e0a3c64355b66bec5,Surfers Paradise,Australia,http://seascape.com.au/,Scheduled in Zoho,2026-08-19T12:42:53.523200,,,2026-08-19T12:43:12+00:00
180,Mamasan,0ef4aa036ae0f6a14f23a3e8e7398bd4e21950060cd49c1569b6e2f4e8cedb14,Broadbeach,Australia,https://www.mamasan.com.au/,Scheduled in Zoho,2026-08-19T12:42:53.523201,,,2026-08-19T12:43:12+00:00
181,Landscape Restaurant & Grill,ca8ab282d0cb704d45e44676c63c3606df3dcffafe5a2505129ee14aea4c3074,Hobart,Australia,http://landscaperestaurant.com.au/,Scheduled in Zoho,2026-08-19T12:42:53.523204,,,2026-08-19T12:43:12+00:00
182,The Astor Grill,42694fde4244fcdb92bce1bba32aff5a1b4c2b0d52e05b577e8888cc8a166bfd,Hobart,Australia,https://astorgrill.com.au/,Scheduled in Zoho,2026-08-19T12:42:53.523205,,,2026-08-19T12:43:12+00:00
183,Stillwater Restaurant and Stillwater Seven Accommodation,5ad7ec2848e37d6aee4dfa9789b771d621d362b47d0439d9e16d4cd6f0828fff,Launceston,Australia,http://www.stillwater.net.au/,Scheduled in Zoho,2026-08-19T12:42:53.523206,,,2026-08-19T12:43:12+00:00
184,Mures Upper Deck,92eeba34d1b70199444ce61f2ea5b35c494c42dba9abc3468f8e99a17618bfdd,Hobart,Australia,http://mures.com.au/upper-deck/,Scheduled in Zoho,2026-08-19T12:42:53.523206,,,2026-08-19T12:43:12+00:00
185,Peppermint Bay & Peppermint Bay Cruises,05bf6587399010f0cea1e7d8daa884cb60ef4188a80249a1e1fe74b85986f7b5,Woodbridge,Australia,https://peppermintbay.com.au/,Scheduled in Zoho,2026-08-19T12:42:53.523207,,,2026-08-19T12:43:12+00:00
186,Roaring Grill North Hobart,96322fbbdd9c6eb3f7612e84d966c0dbe0e842b19a46071571a2c535edb7bc9a,North Hobart,Australia,https://roaringgrill.com/,Scheduled in Zoho,2026-08-19T12:42:53.523208,,,2026-08-19T12:43:12+00:00
187,Hanuman Restaurant Darwin,2d3a6155a73f8c5c81f85fc57eefc48072ab616751b5243a7e6938a2173db3f7,Darwin City,Australia,http://www.hanuman.com.au/,Scheduled in Zoho,2026-08-19T12:42:53.523209,,,2026-08-19T12:43:12+00:00
188,C'est Bon,d9461dbe4007db43b6bd6586ef74613e5d9929c04adbdca31195eebbc434f87b,Cairns City,Australia,https://www.cestboncairns.com.au/,Scheduled in Zoho,2026-08-19T12:42:53.523210,,,2026-08-19T12:43:12+00:00
189,Ochre Restaurant and Catering,d0af7c0dcec92a4452713f5dcb0ee458823c18dc1c3aef9588c960588dc220cc,Cairns City,Australia,https://www.ochrerestaurant.com.au/,Scheduled in Zoho,2026-08-19T12:42:53.523212,,,2026-08-19T12:43:12+00:00
190,Tamarind Restaurant,bddb5fd42262398d1fdaceb959f3ccb722a8be03cdc54b22913b33b10e193052,Cairns City,Australia,https://www.reefcasino.com.au/dine/tamarind-restaurant,Scheduled in Zoho,2026-08-19T12:42:53.523213,,,2026-08-19T12:43:12+00:00
191,Harbourside Bar & Kitchen,6e192c4f5ed2fef63a00d4439bae6692215f92767e555aad2e2f365cfc8163ef,Cairns City,Australia,https://harboursidebarandkitchen.com.au/,Scheduled in Zoho,2026-08-19T12:42:53.523214,,,2026-08-19T12:43:12+00:00
192,Rustica Newcastle Beach,408da29cf2c3e9e59404271d03fb97c2cc231671627bf3f0422710413fdb0f7b,Newcastle,Australia,http://www.rustica.com.au/,Scheduled in Zoho,2026-08-19T12:42:53.523215,,,2026-08-19T12:43:12+00:00
193,The Flotilla,5d007af3d847d66a82e72defaa8f7314bebc40a8e0dbf7612a01ef72a0b76ab4,Wickham,Australia,https://www.theflotilla.com.au/,Scheduled in Zoho,2026-08-19T12:42:53.523215,,,2026-08-19T12:43:12+00:00
194,Muse Restaurant,a5c1ecf4e0eb953220f49b7ce130ee57ec88fb34f3cadb3c5e047de0c4cd5087,Pokolbin,Australia,http://musedining.com.au/,Scheduled in Zoho,2026-08-19T12:42:53.523216,,,2026-08-19T12:43:12+00:00
195,House of Tides,a270f4637ad646f91a5808ac0fe9d3984606f22801d74d8a6542ee84dddd644a,,Australia,http://houseoftides.co.uk/,Scheduled in Zoho,2026-08-19T12:42:53.523217,,,2026-08-19T12:43:12+00:00
196,Brownsugar Restaurant,1f497dc93a531bc185e37c46b8dcb598ed8ca005422202f759563c048fb0ed34,Warners Bay,Australia,http://brownsugarrestaurant.com.au/,Scheduled in Zoho,2026-08-19T12:42:53.523218,,,2026-08-19T12:43:12+00:00
197,Gaucho Newcastle,911daf781c819ed8d3928e5841392b8c05cd6d3f964d03101aaec6d6201d9e93,,Australia,https://gauchorestaurants.com/restaurants/newcastle/,Scheduled in Zoho,2026-08-19T12:42:53.523218,,,2026-08-19T12:43:12+00:00
198,Tomahawk Steakhouse - Newcastle,a47600bd6165b98583eabec54a079d2c0b5a5e63f13ebe5690f1c6f292af9cdf,,Australia,https://tomahawk-steakhouse.co.uk/tomahawk-steakhouse-newcastle?utm_source=google&utm_medium=organic&utm_campaign=gmb_tomahawk_newcastle&utm_content=listing,Scheduled in Zoho,2026-08-19T12:42:53.523219,,,2026-08-19T12:43:12+00:00
199,Coldwater Creek,bd3e156bf29b6e72c7ee367b87f7f6ac287350c02023ddb37759fe87c9098bb6,Wollongong,Australia,https://www.nexthotels.com/sage/wollongong/dining/coldwater-creek-restaurant-bar,Scheduled in Zoho,2026-08-19T12:42:53.523220,,,2026-08-19T12:43:12+00:00
200,See Restaurant,50987d15ea7127e4321bcf5a464f374a6dda9eb2d8858543e17d258328aad950,Mooloolaba,Australia,https://www.seerestaurant.com.au/,Scheduled in Zoho,2026-08-19T12:42:53.523221,,,2026-08-19T12:43:12+00:00
201,Harry's On Buderim,45c96feab470dfd80c47af474891b0d3eaf67f152d0f3c7aa2cf7914d4e2cba3,Buderim,Australia,http://harrysonbuderim.com.au/,Scheduled in Zoho,2026-08-19T12:42:53.523222,,,2026-08-19T12:43:12+00:00
202,Wildflower Kitchen & Bar,a991e59778a21bf1346b8d45ab401b31eafe3e5eaf1ec80b1afbe2aeab389949,Birtinya,Australia,http://www.wildflowerkitchen.com.au/,Scheduled in Zoho,2026-08-19T12:42:53.523222,,,2026-08-19T12:43:12+00:00
203,Bang Bang Byron Bay,dfdab2eb107d23ee8483be60489081d49cd1b40948b0849e456f4ac297d83823,Byron Bay,Australia,http://www.bangbangbyronbay.com/,Scheduled in Zoho,2026-08-19T12:42:53.523223,,,2026-08-19T12:43:12+00:00
204,Squires Loft Ballarat,06e15b8b9b5ee6096f33a32c79a10e612e188bada84e0d468f961df7dee89bb5,Ballarat Central,Australia,https://squiresloft.com.au/our-locations/ballarat/,Scheduled in Zoho,2026-08-19T12:42:53.523224,,,2026-08-19T12:43:12+00:00
205,The Woodhouse Bar & Grill,ec41b13bb4a70fd9979602d97c1921800ee23e217e42df51a3a398694c253736,Bendigo,Australia,http://www.thewoodhouse.com.au/,Scheduled in Zoho,2026-08-19T12:42:53.523225,,,2026-08-19T12:43:12+00:00
206,Black Cow Bistro,36222c57959fc8ad46a7cabe1ceb4eac643bde2c00e9a79a408186c280d14825,Launceston,Australia,http://www.blackcowbistro.com.au/,Scheduled in Zoho,2026-08-19T12:42:53.523225,,,2026-08-19T12:43:12+00:00
207,Brisbane Street Bistro,21d4f2a029d94582d13109d1dae1b36bf1f405031cabf987e32fe430c249a2db,Launceston,Australia,http://brisbanestreetbistro.com/,Scheduled in Zoho,2026-08-19T12:42:53.523226,,,2026-08-19T12:43:12+00:00
208,Mudbar Restaurant Launceston,d7d6d4c01b5cc7d499ee892873e9ba468677cf6f51001201517ed9c1e07ee058,Launceston,Australia,https://www.mudbar.com.au/,Scheduled in Zoho,2026-08-19T12:42:53.523227,,,2026-08-19T12:43:12+00:00
209,Jam Corner,6dee870675e37ac8bb93bd31a79889d15c507c0ef2da6246a964157c93841d5e,South Townsville,Australia,https://jamcorner.com.au/,Scheduled in Zoho,2026-08-19T12:42:53.523228,,,2026-08-19T12:43:12+00:00
210,Amelia Park Restaurant,9dff67168a2998e972d8a1de05dcfcbb02a3595e7a0574ebc1850a08c6b6ec46,Wilyabrup,Australia,https://www.ameliaparkrestaurant.com.au/,Scheduled in Zoho,2026-08-19T12:42:53.523229,,,2026-08-19T12:43:12+00:00
211,Voyager Estate,0ac6144d9fc3442a60aa0147aa48931ad115f0f8ba6e21d5d01993b74714e8fd,Margaret River,Australia,http://www.voyagerestate.com.au/,Scheduled in Zoho,2026-08-19T12:42:53.523230,,,2026-08-19T12:43:12+00:00
212,Yarri Restaurant + Bar,7247ab5abfec1f5b9be39ed1c02e873e7aa8fa079e98d78da8c199e0ff7aa70c,Dunsborough,Australia,http://yarri.com.au/,Scheduled in Zoho,2026-08-19T12:42:53.523230,,,2026-08-19T12:43:12+00:00
213,Blue Manna Bistro,33a5733b014e3c35765ac32b5b99fe11d01373969b28b2e002bb97cf44750fd2,Dunsborough,Australia,http://www.bluemannabistro.com.au/,Scheduled in Zoho,2026-08-19T12:42:53.523231,,,2026-08-19T12:43:12+00:00
214,Eleonore's Restaurant @ Chateau Yering,83d1fe007f9558f27e23b9f9f7ea3d5996b463d2774526ca9a69339d77254ef5,Yering,Australia,http://www.chateauyering.com.au/,Scheduled in Zoho,2026-08-19T12:42:53.523232,,,2026-08-19T12:43:12+00:00
215,"Coombe Yarra Valley - Wedding Venue, Restaurant, Cellar Door, and Tours",e2d74b5392a73498d03cff83a45c0e9ce43b665222266b587dcf395f4d62462c,Coldstream,Australia,https://www.coombeyarravalley.com.au/,Scheduled in Zoho,2026-08-19T12:42:53.523233,,,2026-08-19T12:43:12+00:00
216,Zonzo Estate Yarra Valley,f7d977a82b1be6b5e2572de7f183b5949b9578db2873fcbf4ee5d6074dd5d28c,Yarra Glen,Australia,http://www.zonzo.com.au/,Scheduled in Zoho,2026-08-19T12:42:53.523234,,,2026-08-19T12:43:12+00:00
217,Stones of the Yarra Valley,7c787c5f6ca8f18adc19442f8426808aecf028fb32b635dad8006edb0e37cb05,Coldstream,Australia,https://www.stonesoftheyarravalley.com/,Scheduled in Zoho,2026-08-19T12:42:53.523234,,,2026-08-19T12:43:12+00:00
218,Tokar Estate,0a727f8f37a5af0bd4b46f7a140f6c645e19085f0c875d1021cb6da186224a45,Coldstream,Australia,http://tokarestate.com.au/,Scheduled in Zoho,2026-08-19T12:42:53.523235,,,2026-08-19T12:43:12+00:00
219,Yering Station Winery,c0e85b53d21464a26ca75eaa1001c70fdc786d8afbf15185a52c5a37374edec2,Yering,Australia,http://www.yering.com/,Scheduled in Zoho,2026-08-19T12:42:53.523236,,,2026-08-19T12:43:12+00:00
220,Appellation Restaurant,ea3ef93e4b55d498cd677cbfa65ee20eb69bd4fb92ca4da47791814336bdae3e,Marananga,Australia,https://thelouise.com.au/dine/appellation/,Scheduled in Zoho,2026-08-19T12:42:53.523237,,,2026-08-19T12:43:12+00:00
221,1918 Bistro & Grill,41f5ab93cafabea113bcd2c514e0d0656fe0b1b404368d784b861bfd9a4a81dd,Tanunda,Australia,http://www.1918.com.au/,Scheduled in Zoho,2026-08-19T12:42:53.523237,,,2026-08-19T12:43:12+00:00
222,Vintners Bar & Grill,299db3226495c8a27788e95ce25a4eb632b5e5189164072ea3dd491ae828da7d,Angaston,Australia,http://www.vintners.com.au/,Scheduled in Zoho,2026-08-19T12:42:53.523238,,,2026-08-19T12:43:12+00:00
223,St Hugo,fc5e30d022e7bf69bbc1521d9b16faeae6786469a54d27e7444d18bf69485770,Rowland Flat,Australia,http://www.sthugo.com/,Scheduled in Zoho,2026-08-19T12:42:53.523239,,,2026-08-19T12:43:12+00:00
224,The Herring Room,6de5cc6943811d4c3c0147a2d29e558a32f5f0bde053357a60c4f05d6e4f30b3,Manly,Australia,http://www.theherringroom.com.au/,Scheduled in Zoho,2026-08-19T12:42:53.523240,,,2026-08-19T12:43:12+00:00
225,Manly Pavilion,31de80c62ae28ce52b2f67fe5b95e4b9ba731197acfabffa75c47cee45665d48,Manly,Australia,https://www.theboathousegroup.com.au/venues/manly-pavilion,Scheduled in Zoho,2026-08-19T12:42:53.523240,,,2026-08-19T12:43:12+00:00
226,Hugos Manly,28e60a042d189e751af2154e471d922fc49269be8fe0fcd1f58cbfd6cef1b307,Manly,Australia,http://www.hugosmanly.com.au/,Scheduled in Zoho,2026-08-19T12:42:53.523241,,,2026-08-19T12:43:12+00:00
227,Garfish Manly,48885cea54a1e37c90a1feb958a242c2195d640c4e7f8a0d6488677b5bec48f9,Manly,Australia,http://www.garfish.com.au/,Scheduled in Zoho,2026-08-19T12:42:53.523242,,,2026-08-19T12:43:12+00:00
228,Public Dining Room Balmoral,5c89948f6d456ac99ee93dcfd9d50b98c5af5ffa132c33724c68b32bd7f65b8e,Mosman,Australia,https://publicdiningroom.com.au/,Scheduled in Zoho,2026-08-19T12:42:53.523243,,,2026-08-19T12:43:12+00:00
229,Dundees on the Waterfront,bbaaaac24f64bc26485a0412e0a2f17d1f613ec2c91e57e9326037cae5061e96,Cairns City,Australia,https://www.dundees.com.au/,Scheduled in Zoho,2026-08-19T12:42:53.523244,,,2026-08-19T12:43:12+00:00
230,EXP. Restaurant,4c36f66ec974a4ca1a41ec7d9c20ffea49e2034ff2ab37655aa9ba115cce2407,Pokolbin,Australia,http://www.exprestaurant.com.au/,Scheduled in Zoho,2026-08-19T12:42:53.523244,,,2026-08-19T12:43:12+00:00
231,Bistro Molines,dde5a636c995b9e6a03cc99949bdb8aeb73265016315cec3610d0d4639b8253d,Mount View,Australia,https://bistromolines.com.au/bistro-molines/,Scheduled in Zoho,2026-08-19T12:42:53.523247,,,2026-08-19T12:43:12+00:00
232,Circa 1876 Restaurant The Convent Hunter Valley,6251049ccd8ca5ec38ff8c96d74543f5405d55c1def7e65d1042059374ee23ab,Pokolbin,Australia,https://convent.com.au/dining/circa-1876,Scheduled in Zoho,2026-08-19T12:42:53.523247,,,2026-08-19T12:43:12+00:00
233,Flame Hill Vineyard,49275df50b3c0a7a4b64b5e7a0c33cc8a2c7a6389129735849211cffbffc6467,Montville,Australia,http://www.flamehill.com.au/,Scheduled in Zoho,2026-08-19T12:42:53.523248,,,2026-08-19T12:43:12+00:00
234,Spicers Clovelly Estate,cb573472226f3265f5a76914a5654aa0942442eea6afc06ac88603e2dda1f185,Montville,Australia,https://www.worldsapart.club/spicers/clovelly-estate?utm_source=google&utm_medium=organic&utm_campaign=gmb,Scheduled in Zoho,2026-08-19T12:42:53.523249,,,2026-08-19T12:43:12+00:00
235,Cinco Bistro,d219775587b9176ab8799dc3e78a392c12c3bddbbea89ce5a2f76782f8ab176d,Camp Hill,Australia,https://www.cincobistro.com/,Scheduled in Zoho,2026-08-19T12:42:53.523250,,,2026-08-19T12:43:12+00:00
236,Kadota Restaurant,6e657d289bd930b9fb6372078db8d4d4b9a0842fc6b5e3f4246fab3638fbb702,Daylesford,Australia,http://kadotarestaurant.com.au/,Scheduled in Zoho,2026-08-19T12:42:53.523251,,,2026-08-19T12:43:12+00:00
237,Armani Restaurant,b279590cb7f35afb9b366a44f1c0019db351a99cbdea6f9f18eef939724d4fed,Parramatta,Australia,http://armanirestaurant.com.au/,Scheduled in Zoho,2026-08-19T12:42:53.523251,,,2026-08-19T12:43:12+00:00
238,350 Restaurant & Lounge Parramatta,2538560408b7b0e087f7cc4212566273d96c19655cc54b73af0f513d56028e17,Parramatta,Australia,https://www.novotelparramatta.com.au/dining/350-restaurant-lounge,Scheduled in Zoho,2026-08-19T12:42:53.523252,,,2026-08-19T12:43:12+00:00
239,Summer Salt Restaurant,8a2ff4218b19771984a1020e7e653d64f0a4ac97bfa11876b58216556da2631c,Cronulla,Australia,https://srghospitality.com.au/venue/summer-salt/,Scheduled in Zoho,2026-08-19T12:42:53.523253,,,2026-08-19T12:43:12+00:00
240,Beppi's Italian,0a225a989e0767b25f05d3a481ad19ec6caf25cbae2e0490006d528353598ec8,Darlinghurst,Australia,http://www.beppis.com.au/,Scheduled in Zoho,2026-08-19T12:42:53.523254,,,2026-08-19T12:43:12+00:00
241,Don't Tell Aunty,12b6831edd88df8d8d508fc6c8b41e8c38e0959993ef1219e8540edf77bae29b,Surry Hills,Australia,http://donttellaunty.com.au/,Scheduled in Zoho,2026-08-19T12:42:53.523254,,,2026-08-19T12:43:12+00:00
242,Windows on the Park Restaurant,f085ccaaad8add9e4e120fdbcecc90390274f51dc1f5f2b8d49b0edb15156eb6,Darlinghurst,Australia,https://www.pullmansydneyhydepark.com.au/dining/windows-on-the-park-restaurant,Scheduled in Zoho,2026-08-19T12:42:53.523255,,,2026-08-19T12:43:12+00:00
243,The Winery,660cb581b5b1f21b4c39c81031a5d2b4ee46d70fd7110bb4ff9c3ec19814d471,Surry Hills,Australia,https://www.thewinerysurryhills.com.au/?utm_source=google&utm_medium=organic&utm_campaign=gmb&utm_term=plcid_15947272690481394003,Scheduled in Zoho,2026-08-19T12:42:53.523256,,,2026-08-19T12:43:12+00:00
244,Ormeggio at The Spit,f93d4a1e5b0e72dffee8928303c6cce7a295faa76b4237a03996cd0544fcb6b5,Mosman,Australia,http://www.ormeggio.com.au/,Scheduled in Zoho,2026-08-19T12:42:53.523257,,,2026-08-19T12:43:12+00:00
245,Indigo Double Bay,319154f5b0a50cb2e6ddf553d90c119a1bd2cdbf765adf373aaa432ea44d50bc,Double Bay,Australia,http://www.indigodoublebay.com/,Scheduled in Zoho,2026-08-19T12:42:53.523258,,,2026-08-19T12:43:12+00:00
246,Bistro Moncur,c04bfb046068ac8d255939798635ef8b87904517456a819b3aa0f7f836daed64,Woollahra,Australia,http://www.bistromoncur.com.au/,Scheduled in Zoho,2026-08-19T12:42:53.523258,,,2026-08-19T12:43:12+00:00
247,North Bondi Fish,c946662decd1f1d90e5a32d0a53a7f80682aeb74214a54c7fdebca5004db5201,North Bondi,Australia,https://www.northbondifish.com.au/?utm_source=google&utm_medium=organic&utm_campaign=gbp&utm_content=North_Bondi_Fish&utm_term=plcid_2446569835991579604,Scheduled in Zoho,2026-08-19T12:42:53.523259,,,2026-08-19T12:43:12+00:00
248,Tequila Mockingbird,d9f4df263e29336f49ca0b9ce915137ce7bebdb7d9159a068607863f02cdaaa2,Paddington,Australia,https://www.tequila-mockingbird.com.au/,Scheduled in Zoho,2026-08-19T12:42:53.523260,,,2026-08-19T12:43:12+00:00
249,The Cowrie Restaurant,609b1568a7748053ca943c47c1b93ecc5e9b1ed3ed3ef10bad64181636566743,Terrigal,Australia,https://www.thecowrie.com.au/,Scheduled in Zoho,2026-08-19T12:42:53.523261,,,2026-08-19T12:43:12+00:00
250,Eastside Bar & Grill,06ecdc0a758b79aa13c68103134fe3227213dec474c65b83be10981abded3298,Chippendale,Australia,https://eastsidebarandgrill.com.au/,Scheduled in Zoho,2026-08-19T12:42:53.523262,,,2026-08-19T12:43:12+00:00
251,Carlton Wine Room,89e3938a938d25c0a87363aa3088ce13d67be5ee11d6e2079cf1fc9d373773aa,Carlton,Australia,https://www.thecarltonwineroom.com.au/,Scheduled in Zoho,2026-08-19T12:42:53.523262,,,2026-08-19T12:43:12+00:00
252,Scopri Italian Food and Wine,0de7f8f3c96dc342dbe4dcef3c1d6c74c21f7ab9924536f461c7c88d82d9a4f5,Carlton,Australia,http://scopri.com.au/,Scheduled in Zoho,2026-08-19T12:42:53.523265,,,2026-08-19T12:43:12+00:00
253,Masani Italian Dining & Terrace,0158858285e76cf1ee6f03e125c61e33e854609195265e974dbf125daef9855d,Carlton,Australia,https://www.masani.com.au/,Scheduled in Zoho,2026-08-19T12:42:53.523266,,,2026-08-19T12:43:12+00:00
254,TAVERNA,8562ce308dfbcb696e65bb08d3c588d757d433037ee939f2a2ce91096246d8a0,Brunswick East,Australia,http://www.ourtaverna.com/,Scheduled in Zoho,2026-08-19T12:42:53.523266,,,2026-08-19T12:43:12+00:00
255,Richmond Oysters,88b3f5547decc24cc47876b135b4f896851da05ab2f3a67f355fbb9c329db819,Richmond,Australia,http://www.richmondoysters.com.au/,Scheduled in Zoho,2026-08-19T12:42:53.523267,,,2026-08-19T12:43:12+00:00
256,Unknown,aae36550eb55f23d769e10d89b0fa47bd281dd7a33d4bc2fe0239b21e7bd0152,,,,Sent,,,,2026-08-19T12:43:12+00:00
257,Unknown,c920bbff342b6eb10094b40f6289c2d7d3d8ba5f7240f36a70f1f017fd499952,,,,Sent,,,,2026-08-19T12:43:12+00:00
258,Unknown,3390d419736eb8b5cd5eb8ff849e5737daf576dc4a9028137efeb2b5c166e437,,,,Sent,,,,2026-08-19T12:43:12+00:00
259,Unknown,ea68de2f03a1d08a2a9d846397102c9574da4a16620d23662e03f7d1990ef0ce,,,,Sent,,,,2026-08-19T12:43:12+00:00
260,Unknown,90960c893ac011429cea39931b5aaccd884581d69a6543f1b7821488d2e677eb,,,,Sent,,,,2026-08-19T12:43:12+00:00
261,Unknown,8159b496057a56e20622c288c8fa409cb043f34224f3baf28712f4dcf64610ca,,,,Sent,,,,2026-08-19T12:43:12+00:00
262,Unknown,b8af48d5be2cdf06dce692879acd475cee0e09b50c5a93b64fe0c4b42f9fa627,,,,Sent,,,,2026-08-19T12:43:12+00:00
263,Unknown,0d7a22deae90cd21813333c8166c311baa190b6e791ac078a1d5ddcb51487ab8,,,,Sent,,,,2026-08-19T12:43:12+00:00
264,Unknown,af4f06406774ac1277bfc2b31e28d2723df8c4295e4c57933cbbe91818ba7d86,,,,Sent,,,,2026-08-19T12:43:12+00:00
265,Unknown,a6ecea6087e63662651d9df4d02b21f48d8070baf0b02be93c493a441e24c033,,,,Sent,,,,2026-08-19T12:43:12+00:00
266,Unknown,74326aed413d11d64c78c544488d8aec467d15fb17882ae349c93270a40c26ff,,,,Sent,,,,2026-08-19T12:43:12+00:00
267,Unknown,c96e762b1a81d4d4a6720e66390679b44d47be3b5d24e31e522d5bdeec6e0be0,,,,Sent,,,,2026-08-19T12:43:12+00:00
268,Unknown,ac79fcd16f729a75e7a6dd32acbddaf0f56f0ef5ab76a0cfd48bae5282ffb03e,,,,Sent,,,,2026-08-19T12:43:12+00:00
269,Unknown,a2d5da9eddf5391e2b7efc70f2c719db52dbcaa5c3420bae89cec192f88a8c08,,,,Sent,,,,2026-08-19T12:43:12+00:00
270,Unknown,45e39c1b12d2c0e3cf07aefdb2a0526f609301fd3b93d690002a8cc15480fa5d,,,,Sent,,,,2026-08-19T12:43:12+00:00
271,Unknown,989213860f3252617c26748c02d256a61930552252b89998dfdb912bfe2a1e10,,,,Sent,,,,2026-08-19T12:43:12+00:00
272,Unknown,a64338c14a99e51ffc91135bb7316a1d492ed5b7d7295ddf2aa9b0a5ad058005,,,,Sent,,,,2026-08-19T12:43:12+00:00
273,Unknown,ceaafdbc668a4f9a9263ba81f08560584b9e9cae442bd85b2833b957b564e6bd,,,,Sent,,,,2026-08-19T12:43:12+00:00
274,Unknown,f6bf5f4ab0d28ff8125c11c7df41eefed2967af1f19b3fb054149ef6afc83a19,,,,Sent,,,,2026-08-19T12:43:12+00:00
275,Unknown,7da6e9f06279eceaeb84df6dad5d14a1485d80482388246ce96fb5a1c7677b96,,,,Sent,,,,2026-08-19T12:43:12+00:00
276,Unknown,f629d5097c6e39b218274843e6e4348913ae9d7cfaae4271217abcaa28491f5d,,,,Sent,,,,2026-08-19T12:43:12+00:00
277,Unknown,1464d873bc40769671c7b157f7a8a5e75bb210f7d1bce094c37f638a7f896e28,,,,Sent,,,,2026-08-19T12:43:12+00:00
278,Unknown,e94fcc4129abba13975cb7481b6f39c853aa2ebf9d9a582f9604c25f9fef98c3,,,,Sent,,,,2026-08-19T12:43:12+00:00
279,Unknown,6a8d0e62bd42de4851d8a7f53e9fd36258706bd520a202be353f9cfa901c322d,,,,Sent,,,,2026-08-19T12:43:12+00:00
280,Unknown,053b7832da16944dc47f1608ad0e766a526476b5776c59b81705989e387e27cb,,,,Sent,,,,2026-08-19T12:43:12+00:00
281,Unknown,19f89610471fc9bf10508a9691e99bb8787aac0cfda37d4fec7f7552bbdcd5a7,,,,Sent,,,,2026-08-19T12:43:12+00:00
282,Unknown,880ff5e09e4e044cafb08392caed30d0e1bfb5696bd73bc400f17ca37aff3d35,,,,Sent,,,,2026-08-19T12:43:12+00:00
283,Unknown,1064425d9229a586c845ad688edaa392e448d9302516c8597d0689c539c99290,,,,Sent,,,,2026-08-19T12:43:12+00:00
284,Unknown,0a4599af1ab833d163febd5870ff692cbd6ad27f9710af04538d22114f8157e8,,,,Sent,,,,2026-08-19T12:43:12+00:00
285,Unknown,2503a46015fdaa5ad1c79d236ce5662799fc868e9fb7747204168e49b8079547,,,,Sent,,,,2026-08-19T12:43:12+00:00
286,Unknown,3caf3ee5e0e098d2ced27270712c5d63d0752e02dd4bd4ee231e3ddb47bb7414,,,,Sent,,,,2026-08-19T12:43:12+00:00
287,Unknown,5e640cd3906895f58ba97c3543c941154b524c22644665de9d4590512a7d8b00,,,,Sent,,,,2026-08-19T12:43:12+00:00
288,Unknown,ba03802a627538fac00f319300c2b486f9096bdb567e8360cfa690059db1cbb6,,,,Sent,,,,2026-08-19T12:43:12+00:00
289,Unknown,38fabf70c116e8cb9141010eee690f1db71c13519c2ffea743354feafc676b4f,,,,Sent,,,,2026-08-19T12:43:12+00:00
290,Unknown,afa5a73b3adbd6f1c25c88dd014cec55671cf16af94f3d1362a64caa8ffb41fa,,,,Sent,,,,2026-08-19T12:43:12+00:00
291,Unknown,a0255fb40e88748bfa487ac9d1fa2fa0e6e0d24b1103d3f4742f88fa79c8d0bd,,,,Sent,,,,2026-08-19T12:43:12+00:00
292,Unknown,c7f6de3f97888de87b9c01b490e0727ed2742d6c1ac59196b427228e535144e2,,,,Sent,,,,2026-08-19T12:43:12+00:00
293,Unknown,594d3760d4873d20996ffbe816a7a6398fdd01149bb827ca8890cb40e3ac95c1,,,,Sent,,,,2026-08-19T12:43:12+00:00
294,Unknown,4b4f98a0e72b22fea5ff6b2a72698883e31546df7ecc58c17e48f7a04714f10e,,,,Sent,,,,2026-08-19T12:43:12+00:00
295,Unknown,9eba1f79ed6455f273e528c7c4a74e8abbcc7d246ff97a4b7c1ee5150e4843b2,,,,Sent,,,,2026-08-19T12:43:12+00:00
296,Unknown,c8f60c4a38a60c021caac7f5d05996885cdc9971eb2a33ed5ef28a2f760f82e6,,,,Sent,,,,2026-08-19T12:43:12+00:00
297,Unknown,2ff0e03334a18cadc5e99820180d3d46ccea858162809fabb4f3ed6c1ce0d860,,,,Sent,,,,2026-08-19T12:43:12+00:00
298,Unknown,4d94c96cf86005fe77d05eada18eef36b61ede6d20106b76956c04057d72bc9e,,,,Sent,,,,2026-08-19T12:43:12+00:00
299,Unknown,8b2d1ac756d3310c2bdfaea9df383e96bed90cb961b3ba883bca317c3b145940,,,,Sent,,,,2026-08-19T12:43:12+00:00
300,Unknown,034802eafbdd35fd5dfbf15433078da75e890d60930ab6e2c68a3384ee02b1e9,,,,Sent,,,,2026-08-19T12:43:12+00:00
301,Unknown,c40f237fa17fcd386c4242839717313cbf96be1acb31b3a9796fc7a9ebc661c3,,,,Sent,,,,2026-08-19T12:43:12+00:00
302,Unknown,1f1ea8da24576a05fa7c196541af1911e84023cd3b84a302b5ba103d46a45d1b,,,,Sent,,,,2026-08-19T12:43:12+00:00
303,Unknown,c433cb382255d471a9cce7f01ced9d9cf7c877e80dc10e9ff22b103e0f203e85,,,,Sent,,,,2026-08-19T12:43:12+00:00
304,Unknown,d4dd55ef41c56c8da17f81768fe44afadc0254a19809eb3bac83f2a2ac52123e,,,,Sent,,,,2026-08-19T12:43:12+00:00
305,Unknown,2126625cb5eacce2d7559244bc89cefd270fdf2526d54672b6d4b50c08f85410,,,,Sent,,,,2026-08-19T12:43:12+00:00
306,Unknown,91e9cb706770f6d7dde51dde708876d5e3e8c292731a0414e7cb2965934623d8,,,,Sent,,,,2026-08-19T12:43:12+00:00
307,Unknown,df998d571df7a026b2b3ab3c3ba42613941ad5369360161c39075dceaba44072,,,,Sent,,,,2026-08-19T12:43:12+00:00
308,Unknown,2373428aea97d2764e8ca9981873187e3635f3f132af97fa12fad3e4dfa56b26,,,,Sent,,,,2026-08-19T12:43:12+00:00
309,Unknown,d7934ca83962adcc1229e96cc7a60deda548e602f9907a0feec37287a9eb1296,,,,Sent,,,,2026-08-19T12:43:12+00:00
310,Unknown,52e1d33d93745fadfa40037275b585394b02635acf83b7159222f6d7b0b865c0,,,,Sent,,,,2026-08-19T12:43:12+00:00
311,Unknown,b22a813b29d0bd73c25dc5378e91fc8bc7b19668800665a87bf0b4bcf45b3e2c,,,,Sent,,,,2026-08-19T12:43:12+00:00
312,Unknown,4cebf906891915e32c4d567aa7e7e263df08cf29f538e76ada7ca171a8d807bb,,,,Sent,,,,2026-08-19T12:43:12+00:00
313,Unknown,d81567ce6f78b5f983e2e53363411ddb9f3c67f407e81c3220c2d40a9fb9a307,,,,Sent,,,,2026-08-19T12:43:12+00:00
314,Unknown,f4d99229e9178ea2717dc5a3f456a3e6c58190fde95a0a4f6975417791bb41f8,,,,Sent,,,,2026-08-19T12:43:12+00:00
315,Unknown,fb3b84204650973643d8862ce8beea1bac4bcfbf4cea95a63590610553831e67,,,,Sent,,,,2026-08-19T12:43:12+00:00
316,Unknown,a56a5bf5544a51867b6e846faef307cde03b4b581e1d84811d4f5621ea64f116,,,,Sent,,,,2026-08-19T12:43:12+00:00
317,Unknown,0f4de0d696cf6f997b23d74a10d7b6e66583908a0d48bbcde61d882954a8f75f,,,,Sent,,,,2026-08-19T12:43:12+00:00
318,Unknown,94e2a66f0cf2126f239b9a9fc0f844e03cd5ad39fe0344df1426a2795c6496ba,,,,Sent,,,,2026-08-19T12:43:12+00:00
319,Unknown,4e666d1ccd4e06f60b0ec5f6607c54355f61b8fe04410dd98fa94c7be13154c9,,,,Sent,,,,2026-08-19T12:43:12+00:00
320,Unknown,0d40947729bf91f284e8b4a3b3ff8991fad4e713754061aa145be277661651f6,,,,Sent,,,,2026-08-19T12:43:12+00:00
321,Unknown,abc3f1e6978e2f27c436d6274e437f115ea226209e74d73869a197cfbd01c4eb,,,,Sent,,,,2026-08-19T12:43:12+00:00
322,Unknown,bd860bd9588dc42a9c9f49f7be85672e2fb832f72236db58bccb4ab7e5b47441,,,,Sent,,,,2026-08-19T12:43:12+00:00
323,Unknown,83882f7426a78fbb696c31791b6fe328f4bc536b3a271560712e931ebbc4e805,,,,Sent,,,,2026-08-19T12:43:12+00:00
324,Unknown,619c237433aeeff1621461cd3ac78f133de189cc08d884ee1d40fe2bcae50a1d,,,,Sent,,,,2026-08-19T12:43:12+00:00
325,Unknown,94ce3b802aec61f338826bebc37e9ffde219b572c6e5b47069abfaa232dc3f7d,,,,Sent,,,,2026-08-19T12:43:12+00:00
326,Unknown,570cbedae167d65b4d4ac363872abe9ca40d73983ac606e6c39f8126d0123aa3,,,,Sent,,,,2026-08-19T12:43:12+00:00
327,Unknown,7b9f129b8c441686fc5791b0b7d7024be95ec93b6d6f0a1b94f960a724f82450,,,,Sent,,,,2026-08-19T12:43:12+00:00
328,Unknown,e9ca86eb14cf0b616249b32c6d22cb351ffe6240e59bc5b65c4bd97429b160d5,,,,Sent,,,,2026-08-19T12:43:12+00:00
329,Unknown,4473ea2685093ffc2a4aa7646c5cd6e2cb17995f7869ab82106708a94cf2788f,,,,Sent,,,,2026-08-19T12:43:12+00:00
330,Unknown,e82517c1759183ad12448d20ad9800cca588d1b105bad16080ebe54ca3668fa8,,,,Sent,,,,2026-08-19T12:43:12+00:00
331,Unknown,d88c025b3a4ec75937a2e705845f54b10b786248e84a5a693c249d56c6097c78,,,,Sent,,,,2026-08-19T12:43:12+00:00
332,Unknown,02fc3968d4eb53709d53bd6e79b1b0ff53869ac03b96fb72edc3865ec59b96f5,,,,Sent,,,,2026-08-19T12:43:12+00:00
333,Unknown,090a386dc7b59d3447fbd1b7fe333afab5b7eef9a1263ce94da5b0e30e2bd6cc,,,,Sent,,,,2026-08-19T12:43:12+00:00
334,Unknown,e2719a5bc00219fc4c18dd14418b1532942c837554156c9dc757d1e97c6996a0,,,,Sent,,,,2026-08-19T12:43:12+00:00
335,Unknown,851f014df66c385b7eb1fc950a813d2e93692b3e9879c616ba4ca9dfb7c77a5c,,,,Sent,,,,2026-08-19T12:43:12+00:00
336,Unknown,5b92e553603e2fb1d592a55a260164c945ee5b9ef8114d7f8ff751ab899ae97f,,,,Sent,,,,2026-08-19T12:43:12+00:00
337,Unknown,c7bcd44d74da5a0cbcb71176893099d9bd8fd62eb780d7d8970dba6244bb2015,,,,Sent,,,,2026-08-19T12:43:12+00:00
338,Unknown,2063ae6a0226f42ec0da406928ee6d607fbc19785cadd3ce7509365b5c52641d,,,,Sent,,,,2026-08-19T12:43:12+00:00
339,Unknown,1411590c3b6f6282f95af317706c00a899e1dbe05b4471e5401444fc57db9115,,,,Sent,,,,2026-08-19T12:43:12+00:00
340,Unknown,9b36f78c2e7fef383ffc15cfd240c1504473febb8def5d3f37260939a7520be9,,,,Sent,,,,2026-08-19T12:43:12+00:00
341,Unknown,4c0bc1e415ea4638617e59ccf8b38e55ebd097939d281407d481584f2887e3c4,,,,Sent,,,,2026-08-19T12:43:12+00:00
342,Unknown,4ff65d72562bc9c1250ed4df0f744e5e11ceede9edf37f6703aa5998cb2ad4a7,,,,Sent,,,,2026-08-19T12:43:12+00:00
343,Unknown,eeef007d9bc418f22f17d2aedff081e41b1901898b42779e02bc9c5c04b656f6,,,,Sent,,,,2026-08-19T12:43:12+00:00
344,Unknown,b3b0a8e655451b84715eeea6322703f292231527c93e797b73371c2ca2141a2a,,,,Sent,,,,2026-08-19T12:43:12+00:00
345,Unknown,1ac03458fbcc24e273b69d64e4ea1140cffb96b2bf2cb49e6cda9c68cf2f80d1,,,,Sent,,,,2026-08-19T12:43:12+00:00
346,Unknown,b3c1a45c1dde8bb35f150a8451e3b458525bf3b014996765ebad495a0bd35089,,,,Sent,,,,2026-08-19T12:43:12+00:00
347,Unknown,22fa2b9f78b960bc2db960a8e5b592ce35755aeef7689d1152a1d151bb2df7c4,,,,Sent,,,,2026-08-19T12:43:12+00:00
348,Unknown,7e480b907feed82bf1d58dc6d95b2f01827a09930a2c714d3bcbdca72d9b7675,,,,Sent,,,,2026-08-19T12:43:12+00:00
349,Unknown,8efb1210935173d2d527c4f8bb1867beddc4cf01129415f22c8c541ca4fc1a77,,,,Sent,,,,2026-08-19T12:43:12+00:00
350,Unknown,e891b1320d746e6cc3745f08138ac80a64a49eaf5499810441bf20c900940650,,,,Sent,,,,2026-08-19T12:43:12+00:00
351,Unknown,56e3a8f935755174c015ce911b7d0767b9aff881d23cfe804717224d2584af5e,,,,Sent,,,,2026-08-19T12:43:12+00:00
352,Smyth,3b2ca0a8d900e2e73b5b7b0ac9aa1dcf89e9decf5a50ce13e91a5f65097ee7b1,Chicago,USA,https://www.smythchicago.com,Scheduled in Zoho,2026-08-19T12:42:53.523268,,,2026-08-19T12:43:12+00:00
353,Monteverde,bc7ebea6d86a465d1153f2862e5888d60fc03b439fbff54b45eb32ae817106de,Chicago,USA,https://monteverdechicago.com,Scheduled in Zoho,2026-08-19T12:42:53.523269,,,2026-08-19T12:43:12+00:00
354,EL Ideas,7f93a1ca5b41f67e0feb925c5d6741c2dbc4f5542d6c79b4fad03371bd7d7019,Chicago,USA,https://www.elideas.com,Scheduled in Zoho,2026-08-19T12:42:53.523270,,,2026-08-19T12:43:12+00:00
355,Alinea,7e596b050341f4082c5e3863054db96e79a25be20c22cc98d5811072ab9bdc82,Chicago,USA,https://www.alinearestaurant.com,Scheduled in Zoho,2026-08-19T12:42:53.523271,,,2026-08-19T12:43:12+00:00
356,HaiSous,3e6f9435a7aa1d54dfd6e99ea990c1eb8ddbf5962a2982517e978940c99cc99a,Chicago,USA,https://www.haisous.com,Scheduled in Zoho,2026-08-19T12:42:53.523272,,,2026-08-19T12:43:12+00:00
357,Indienne,175cd934facc8eaca7710c5bb2ddaed482e0ac1f0f4ea714013b1ae1b6be7920,Chicago,USA,https://www.indiennechicago.com,Scheduled in Zoho,2026-08-19T12:42:53.523273,,,2026-08-19T12:43:12+00:00
358,Kasama,b2ba6db0f36895934e2ab59e93cbcf05d58d126f53ecc57162fda1e9a438442c,Chicago,USA,https://www.kasamachicago.com,Scheduled in Zoho,2026-08-19T12:42:53.523273,,,2026-08-19T12:43:12+00:00
359,Galit,5176584e5d722eb090322b3027525d0d2d2ab00f8b44b234664071a8ec7b4964,Chicago,USA,https://www.galitchicago.com,Scheduled in Zoho,2026-08-19T12:42:53.523274,,,2026-08-19T12:43:12+00:00
360,Rose Mary,44b06252251b681df2e775be522fbf8925c8c77dc7605db425e7d00629ee415e,Chicago,USA,https://www.rosemarychicago.com,Scheduled in Zoho,2026-08-19T12:42:53.523275,,,2026-08-19T12:43:12+00:00
361,Boka,2e2b89d91aa9cef1c95ed2de372f76e01d287da9101bd24dfa2032ff214d730e,Chicago,USA,https://www.bokarestaurant.com,Scheduled in Zoho,2026-08-19T12:42:53.523276,,,2026-08-19T12:43:12+00:00
362,Elske,6d397ea5bce0c672bd1f3481db7d0379f39067ccb6b8af38b4eba2454c7c3aa6,Chicago,USA,https://www.elskerestaurant.com,Scheduled in Zoho,2026-08-19T12:42:53.523276,,,2026-08-19T12:43:12+00:00
363,Oriole,828e15fc18974590bef38c53e40d20c274440f3b3117249b3b901bfab8573fc3,Chicago,USA,https://www.oriolechicago.com,Scheduled in Zoho,2026-08-19T12:42:53.523277,,,2026-08-19T12:43:12+00:00
364,Moody Tongue,82ffc58acac5ac71b7a5399de17f8050d5518812ebbe6c2fb33f875e8a09ca1c,Chicago,USA,https://www.moodytongue.com,Scheduled in Zoho,2026-08-19T12:42:53.523278,,,2026-08-19T12:43:12+00:00
365,Bavette's Bar & Boeuf,6bf532251d3776ee3e3112ccc36c32ef03c35fcb18c509c7130ce01096cfb016,Chicago,USA,https://bavettessteakhouse.com,Scheduled in Zoho,2026-08-19T12:42:53.523279,,,2026-08-19T12:43:12+00:00
366,Kyoten,40261583d71a82591472ec3d16d4d13c85630e270c9325244ab04a6f21f186c6,Chicago,USA,https://kyotenchicago.com,Scheduled in Zoho,2026-08-19T12:42:53.523280,,,2026-08-19T12:43:12+00:00
367,Akahoshi Ramen,64f99ad8c2637c251c65a341b91e89f527fe473fdb29c6cde27e12163db06bd8,Chicago,USA,https://www.akahoshiramen.com,Scheduled in Zoho,2026-08-19T12:42:53.523280,,,2026-08-19T12:43:12+00:00
368,Asador Bastian,04e9ba30302c45255a8dd3256e7af12e90180961d4780a76a4149de1460c3965,Chicago,USA,https://www.asadorbastian.com,Scheduled in Zoho,2026-08-19T12:42:53.523281,,,2026-08-19T12:43:12+00:00
369,Avec,a1af6213d9e785950533d4fa3afe27e2357494b4ef5e20fa2febddd3cc142fa6,Chicago,USA,https://www.avecchicago.com,Scheduled in Zoho,2026-08-19T12:42:53.523282,,,2026-08-19T12:43:12+00:00
370,Brindille,83d58095dbf7f37c9215f362dc4e201060d921f84d9e49e724f7ead785f10668,Chicago,USA,https://brindille-chicago.com,Scheduled in Zoho,2026-08-19T12:42:53.523283,,,2026-08-19T12:43:12+00:00
371,Valhalla,edac55b07a93812077a0214130b2e269951583783acd5abc2275460bf3501674,Chicago,USA,https://www.valhallachicago.com,Scheduled in Zoho,2026-08-19T12:42:53.523284,,,2026-08-19T12:43:12+00:00
372,Tatiana by Kwame Onwuachi,cc17b27d6b494de40777eadc23a0ed9d508332b82e1809eab929a11e907fe141,New York City,USA,https://www.tatiananyc.com,Scheduled in Zoho,2026-08-19T12:42:53.523284,,,2026-08-19T12:43:12+00:00
373,Estela,6b3d13ed4b9d30e4d8a27a1c7163c373fe47106b25dfdf1b99c0c3acd88d3909,New York City,USA,https://www.estelanyc.com,Scheduled in Zoho,2026-08-19T12:42:53.523285,,,2026-08-19T12:43:12+00:00
374,The Four Horsemen,9553b860dc55360f9699ad9a6304ec8cb57a60d0a83640b4d928bb52c85f05a6,Brooklyn,USA,https://www.fourhorsemenbk.com,Scheduled in Zoho,2026-08-19T12:42:53.523286,,,2026-08-19T12:43:12+00:00
375,Via Carota,3b7a7fbae07a79f4e0c17e8cc2f48530020c6a80175434d9b033a1c9744a26ae,New York City,USA,https://www.viacarota.com,Scheduled in Zoho,2026-08-19T12:42:53.523287,,,2026-08-19T12:43:12+00:00
376,Dhamaka,67c5fd91a87ea33b441a48685a4be258a015e44415d79e3599463db13749904e,New York City,USA,https://www.dhamaka.nyc,Scheduled in Zoho,2026-08-19T12:42:53.523287,,,2026-08-19T12:43:12+00:00
377,Adda,59c36c3c18c4d81bccd8617a77da3d30c2fbe7b01fdda8c0d7d0fa1bdfe617c6,Long Island City,USA,https://www.addanyc.com,Scheduled in Zoho,2026-08-19T12:42:53.523288,,,2026-08-19T12:43:12+00:00
378,Meju,8c80186584348e446460fa87e63c9009808c6bc53148d2e0febc2326da901a34,Long Island City,USA,https://www.mejunyc.com,Scheduled in Zoho,2026-08-19T12:42:53.523290,,,2026-08-19T12:43:12+00:00
379,Lei,e8ca191d46815a976c1681382dad7138723f99e74a3361c34646976c6ec3effa,New York City,USA,https://www.leinyc.com,Scheduled in Zoho,2026-08-19T12:42:53.523291,,,2026-08-19T12:43:12+00:00
380,Barley Swine,13bb5e92145c883e76caf2e7aaf5802570ab213ffde115f7dd31629050d881f4,Austin,USA,https://barleyswine.com,Scheduled in Zoho,2026-08-19T12:42:53.523292,,,2026-08-19T12:43:12+00:00
381,Craft Omakase,a3adc656e85b2a7db26180e1e7b8feb302db004081df7966eeeda2b764d1c3b3,Austin,USA,https://www.craftomakase.com,Scheduled in Zoho,2026-08-19T12:42:53.523293,,,2026-08-19T12:43:12+00:00
382,Hestia,1514fa8f81ddcec0e1767fc6f23708fa6e386df3889aba9d8d59aece86575c30,Austin,USA,https://hestiaaustin.com,Scheduled in Zoho,2026-08-19T12:42:53.523294,,,2026-08-19T12:43:12+00:00
383,Interstellar BBQ,6abf465a43267ed17f2351e74eaa751bcfc9b71a53dce659f8d7ac223eb16e61,Austin,USA,https://www.theinterstellarbbq.com,Scheduled in Zoho,2026-08-19T12:42:53.523294,,,2026-08-19T12:43:12+00:00
384,La Barbecue,e67ca8542164520b8990418e2334db0b08ef06a304cef89f3e384e7bbfe0e725,Austin,USA,https://www.labarbecue.com,Scheduled in Zoho,2026-08-19T12:42:53.523295,,,2026-08-19T12:43:12+00:00
385,Leroy and Lewis,332758e59c1c7590d8c6441143ee94f6d3b5ccae7da50541bbc063fd674c1a6b,Austin,USA,https://leroyandlewisbbq.com,Scheduled in Zoho,2026-08-19T12:42:53.523296,,,2026-08-19T12:43:12+00:00
386,Odd Duck,dc803bf929ba1aa32dbb1351f9a5ecf1517eeab3fe0ef76b78244c4c372c5f16,Austin,USA,https://oddduckaustin.com,Scheduled in Zoho,2026-08-19T12:42:53.523297,,,2026-08-19T12:43:12+00:00
387,Uchi,e99ff88bec2a52c536e147b9e971fb616b4a6fda251d188cf1e4759ec60d9b93,Austin,USA,https://uchirestaurants.com/austin,Scheduled in Zoho,2026-08-19T12:42:53.523298,,,2026-08-19T12:43:12+00:00
388,Lonesome Dove,10092b01aa1ac17d64de0bc81c43ef983d245a78710aa83120e92b10bb5428ce,Austin,USA,https://lonesomedoveaustin.com,Scheduled in Zoho,2026-08-19T12:42:53.523298,,,2026-08-19T12:43:12+00:00
389,COTE Miami,21130633bcf148bb3850cc8f57f3123d5bf222bd43a222e8e29d9818e4695471,Miami,USA,https://www.cotemiami.com,Scheduled in Zoho,2026-08-19T12:42:53.523299,,,2026-08-19T12:43:12+00:00
390,Cafe La Trova,1880998acaa2266290db4d062f6bdd9329852b0516a1a85785394f7f0b1210dc,Miami,USA,https://www.cafelatrova.com,Scheduled in Zoho,2026-08-19T12:42:53.523300,,,2026-08-19T12:43:12+00:00
391,Stubborn Seed,41859aa62c638bb9d9c6d1671572d5575c1aa01c12815320fc817a558ab5028a,Miami,USA,https://stubbornseed.com,Scheduled in Zoho,2026-08-19T12:42:53.523301,,,2026-08-19T12:43:12+00:00
392,Ariete,f4cdf139596c59705078c75b0d50e62e19e5e1ccd7a73cd9b7e8a4507a8ea44a,Miami,USA,https://arieterestaurant.com,Scheduled in Zoho,2026-08-19T12:42:53.523302,,,2026-08-19T12:43:12+00:00
393,Amara at Paraiso,44e5f15fdd49cbe909e96d893f5cd163d4122a4de9a61535726781b01c20cae8,Miami,USA,https://amaraparaiso.com,Scheduled in Zoho,2026-08-19T12:42:53.523302,,,2026-08-19T12:43:12+00:00
394,Boia De,084c88d390fa9d835b62e2d5ac7f63e3be2cb55c1c27a7773481e6c37bc32a2a,Miami,USA,https://www.boiade.com,Scheduled in Zoho,2026-08-19T12:42:53.523303,,,2026-08-19T12:43:12+00:00
395,L'Atelier de Joël Robuchon,b8bf7f41cd9ee0509bf573464ad5f4588ffa44efba4ede8be306793b71d12578,Miami,USA,https://latelier-miami.com,Scheduled in Zoho,2026-08-19T12:42:53.523304,,,2026-08-19T12:43:12+00:00
396,Etch,df9df4fac0643ff5ba37cf3cbe531bc97f00295c6d7e051a0d6b6142d3a5f98b,Nashville,USA,https://etchrestaurant.com,Scheduled in Zoho,2026-08-19T12:42:53.523305,,,2026-08-19T12:43:12+00:00
397,Maíz de la Vida,f1d8595726dc84a2ae7952fba6ab271952387d64660649721d79b1a5013b541d,Nashville,USA,https://maizdelavida.com,Scheduled in Zoho,2026-08-19T12:42:53.523306,,,2026-08-19T12:43:12+00:00
398,The Catbird Seat,fb135e765198563dbb31f1ac921ee521106f721bb592acaeaa44f56b092f45c4,Nashville,USA,https://thecatbirdseatrestaurant.com,Scheduled in Zoho,2026-08-19T12:42:53.523306,,,2026-08-19T12:43:12+00:00
399,Bastion,8df261beb48ca903e6d84dd83f0b34032fe5de31a9b7f50c94afd5afaab50f92,Nashville,USA,https://www.bastionnashville.com,Scheduled in Zoho,2026-08-19T12:42:53.523307,,,2026-08-19T12:43:12+00:00
400,Audrey,3aefbc9c334fd6382d8403be4b00fabe76add949f667c845aac4cc5ca834072f,Nashville,USA,https://www.audreynashville.com,Scheduled in Zoho,2026-08-19T12:42:53.523308,,,2026-08-19T12:43:12+00:00
401,Locust,e8677f8dd5c8abda8e3993f9a38d1f3470994213e3ddf626d8a5381d655518f1,Nashville,USA,https://www.locustnashville.com,Scheduled in Zoho,2026-08-19T12:42:53.523309,,,2026-08-19T12:43:12+00:00
402,Husk,046af09eb33151ae32d7d4004b97add9f76ab65f844c86eff723e9aa31c733ba,Nashville,USA,https://husk-nashville.com,Scheduled in Zoho,2026-08-19T12:42:53.523310,,,2026-08-19T12:43:12+00:00
403,Emeril's,1e2ed1150aa094e2b236e38da84b2c5a236c280f8879b7632336a06ba9a6f322,New Orleans,USA,https://emerilsrestaurants.com,Scheduled in Zoho,2026-08-19T12:42:53.523310,,,2026-08-19T12:43:12+00:00
404,Dooky Chase,c9cdec52c188b06b96d6f4fd8e3f41a35138a6a3e0c72b40a674eb92593b8a5e,New Orleans,USA,https://www.dookychaserestaurant.com,Scheduled in Zoho,2026-08-19T12:42:53.523311,,,2026-08-19T12:43:12+00:00
405,Commander's Palace,619f76e39ff7f1760aa2245d72b60af6b0495a15daea62043fa2ee143eb0c002,New Orleans,USA,https://www.commanderspalace.com,Scheduled in Zoho,2026-08-19T12:42:53.523312,,,2026-08-19T12:43:12+00:00
406,Compere Lapin,d8b0906779c1f8464b512141d11c550b5125714d84a1dfbed3638eeec5b22507,New Orleans,USA,https://comperelapin.com,Scheduled in Zoho,2026-08-19T12:42:53.523313,,,2026-08-19T12:43:12+00:00
407,Saint Germain,a76041aa3aed397cf39b88a48f85c943f5b424e73d20addbe56afdbce24b6e39,New Orleans,USA,https://www.saintgermainnola.com,Scheduled in Zoho,2026-08-19T12:42:53.523313,,,2026-08-19T12:43:12+00:00
408,Jewel of the South,f9b2d94932a84dbac7e7a3e49340add212d143dc077d68b111bf88466481a687,New Orleans,USA,https://www.jewelnola.com,Scheduled in Zoho,2026-08-19T12:42:53.523314,,,2026-08-19T12:43:12+00:00
409,Lazy Betty,4d811efdb63704a3208a5900da0cf2dc31ba5e20e0a899a577bff900c6a22fac,Atlanta,USA,https://www.lazybettyatl.com,Scheduled in Zoho,2026-08-19T12:42:53.523315,,,2026-08-19T12:43:12+00:00
410,Mujō,2f569d75c7fd5d740ce13d8ae785d245bb2e8432f073a0669ebad82e4c7f8114,Atlanta,USA,https://www.mujoatl.com,Scheduled in Zoho,2026-08-19T12:42:53.523316,,,2026-08-19T12:43:12+00:00
411,Aria,cbe4e284ae9fdbf38ba713b958fb4a4efae79bb4b026281fc104891e19277e99,Atlanta,USA,https://aria-atl.com,Scheduled in Zoho,2026-08-19T12:42:53.523317,,,2026-08-19T12:43:12+00:00
412,Ticonderoga Club,b9b6f35f59f5976b7c082ddab5c21ac38b2c34e1b928f29373156bb8cd953ce0,Atlanta,USA,https://www.ticonderogaclub.com,Scheduled in Zoho,2026-08-19T12:42:53.523319,,,2026-08-19T12:43:12+00:00
413,Tiny Lou's,9cce4e609f0a5e8be64968f8480ceea88d22cc504bfd6e7fa827f04ad5eab96d,Atlanta,USA,https://www.tinylous.com,Scheduled in Zoho,2026-08-19T12:42:53.523320,,,2026-08-19T12:43:12+00:00
414,The Dabney,b1f2c6720193bc0017735f931b5fc15f6404dc053735b8af27d1656a59be75a1,Washington D.C.,USA,https://thedabney.com,Scheduled in Zoho,2026-08-19T12:42:53.523320,,,2026-08-19T12:43:12+00:00
415,Albi,3b7b32eeecb88dcbd0ec70ceb4466fa923811389b590432eb338ea71675b777c,Washington D.C.,USA,https://www.albidc.com,Scheduled in Zoho,2026-08-19T12:42:53.523321,,,2026-08-19T12:43:12+00:00
416,Imperfecto,33ff4e189817f34de27e43c3493bc2183caaa479a76704d45fd78013dace3579,Washington D.C.,USA,https://www.imperfectodc.com,Scheduled in Zoho,2026-08-19T12:42:53.523322,,,2026-08-19T12:43:12+00:00
417,Sushi Taro,445a6d93832e3e9be1551501667a90715776ecc772f46884b8c14c5a8ab5e5a2,Washington D.C.,USA,https://www.sushitaro.com,Scheduled in Zoho,2026-08-19T12:42:53.523323,,,2026-08-19T12:43:12+00:00
418,Le Diplomate,6b264a4ba343c3b2f5e25b4bdf862cd34dad56ecce027b8131f074c08bfa5ea9,Washington D.C.,USA,https://lediplomatedc.com,Scheduled in Zoho,2026-08-19T12:42:53.523324,,,2026-08-19T12:43:12+00:00
419,Friday Saturday Sunday,caf68350ade0261583e4639e991400f0274c085a0582f70172374e224442bbb6,Philadelphia,USA,https://www.fridaysaturdaysunday.com,Scheduled in Zoho,2026-08-19T12:42:53.523324,,,2026-08-19T12:43:12+00:00
420,Kalaya,befe347d91db26d2fd97d3fd95acfdcb8bd2721730b91fbf1de8440a08bd1a4e,Philadelphia,USA,https://www.kalaya.net,Scheduled in Zoho,2026-08-19T12:42:53.523325,,,2026-08-19T12:43:12+00:00
421,Zahav,b65112df579c36c7678d5a72d2694538976056aaf5aa9a79cb38dc41513f4c47,Philadelphia,USA,https://www.zahavrestaurant.com,Scheduled in Zoho,2026-08-19T12:42:53.523326,,,2026-08-19T12:43:12+00:00
422,Laser Wolf,14e799eb6315dc4e530dcab519be14cd40d0ce68c8b6f95e9b84aed247d61741,Philadelphia,USA,https://www.laserwolfphilly.com,Scheduled in Zoho,2026-08-19T12:42:53.523327,,,2026-08-19T12:43:12+00:00
423,Suraya,7042340ec6007e626bd2c5025f8ba128eb629e74cb42263336adbc10e961194d,Philadelphia,USA,https://www.surayaphilly.com,Scheduled in Zoho,2026-08-19T12:42:53.523328,,,2026-08-19T12:43:12+00:00
424,JŪN,52542fa15ab5e54c89d9f094156cb10999741ad68289d1bf07716e7298f0d97a,Houston,USA,https://www.junbycasar.com,Scheduled in Zoho,2026-08-19T12:42:53.523328,,,2026-08-19T12:43:12+00:00
425,Theodore Rex,be14071f6be7f18e124506cf324bfbae47c01f6dbc26052e149f5c4825f44b6d,Houston,USA,https://theodorerex.com,Scheduled in Zoho,2026-08-19T12:42:53.523329,,,2026-08-19T12:43:12+00:00
426,Street to Kitchen,dfb25053039e046f903380a431c0421148c9af68d19fbb8371773b8af8833bbd,Houston,USA,https://www.streettokitchen.com,Scheduled in Zoho,2026-08-19T12:42:53.523330,,,2026-08-19T12:43:12+00:00
427,Taste of Texas,4489484f1f3eeff9b23d8eeb8bd6f2b06116e6efaa3c7896d3bf41edaca70b50,Houston,USA,https://www.tasteoftexas.com,Scheduled in Zoho,2026-08-19T12:42:53.523331,,,2026-08-19T12:43:12+00:00
428,Chopnblok,006996a570091b8b6bd7a74702a4262392e9dc31b3df685c16262e3f968ace2c,Houston,USA,https://www.chopnblok.co,Scheduled in Zoho,2026-08-19T12:42:53.523331,,,2026-08-19T12:43:12+00:00
429,Meridian,6631ffeec65bc13a6f1b517f2f608241295d89f6a90ecd6276b478e4b17ab5ad,Dallas,USA,https://meridiandallas.com,Scheduled in Zoho,2026-08-19T12:42:53.523335,,,2026-08-19T12:43:12+00:00
430,Petra and the Beast,120e601e417daeca7910974c745e68bf0ff7e7a1f0392f455a431995c952c867,Dallas,USA,https://www.petraandthebeast.com,Scheduled in Zoho,2026-08-19T12:42:53.523335,,,2026-08-19T12:43:12+00:00
431,The Wolf's Tailor,15346ba372ce9ffbd271ed1f6853ed7beb4bf64ec1d76459c1b50575f05f8f55,Denver,USA,https://www.thewolfstailor.com,Scheduled in Zoho,2026-08-19T12:42:53.523336,,,2026-08-19T12:43:12+00:00
432,Beckon,4b4eaec20ef3b75cb416064cb2d1c05f8643eb49f46b5cfd6398a8d5645f50b2,Denver,USA,https://beckon-denver.com,Scheduled in Zoho,2026-08-19T12:42:53.523337,,,2026-08-19T12:43:12+00:00
433,Hop Alley,17745cd0a7872fd74f9baf0167188d3e24393fe04deb1c119676cf46376e4564,Denver,USA,https://hopalleydenver.com,Scheduled in Zoho,2026-08-19T12:42:53.523338,,,2026-08-19T12:43:12+00:00
434,Californios,d1d689c923f2ab5058371d315b363d87c273853538d3edf3fc5bd0b2e0999959,San Francisco,USA,https://www.californiossf.com,Scheduled in Zoho,2026-08-19T12:42:53.523339,,,2026-08-19T12:43:12+00:00
435,Enclos,678b064a678688e53ba71720d571f83c0c6905e2b65af434cdcda344e8699f8f,Sonoma,USA,https://www.enclos-sonoma.com,Scheduled in Zoho,2026-08-19T12:42:53.523339,,,2026-08-19T12:43:12+00:00
436,Komal,7c99a4e4b594121d5af31cdb3cc9180e3d58865892dbaef123b7a09feb2a4019,Los Angeles,USA,https://www.komalla.com,Scheduled in Zoho,2026-08-19T12:42:53.523340,,,2026-08-19T12:43:12+00:00
437,The Wayland Mill,a0a9504783bf0b571888ebe2d79293a8000d5c1601bedb0c54c2e377d8475b1e,Seattle,USA,https://thewaylandmill.com,Scheduled in Zoho,2026-08-19T12:42:53.523341,,,2026-08-19T12:43:12+00:00
438,The Walrus and the Carpenter,7a7f0bdbc5e3dcc657c5df4e5a9ef951b91e6c570b05d7bef448102967c1c6a7,Seattle,USA,https://www.thewalrusbar.com,Scheduled in Zoho,2026-08-19T12:42:53.523342,,,2026-08-19T12:43:12+00:00
439,Nodoguro,138743b39b01b1c88c5489b071c1191543448383221485b89e6d74242b038600,Portland,USA,https://nodoguropdx.com,Scheduled in Zoho,2026-08-19T12:42:53.523343,,,2026-08-19T12:43:12+00:00
440,Scotch Lodge,c31f4447b050272834127510cd543c197e6d9d73c163c4ca15e83dfa2d634bcb,Portland,USA,https://scotchlodge.com,Scheduled in Zoho,2026-08-19T12:42:53.523343,,,2026-08-19T12:43:12+00:00
441,Kann,c40611f813448b7ca49f96cde11be263daf7bf0f2a4b64d7d584e4ccc71b9927,Portland,USA,https://kannrestaurant.com,Scheduled in Zoho,2026-08-19T12:42:53.523344,,,2026-08-19T12:43:12+00:00
442,Quince,75da1f7210f9d8d67dbc6c7e6afc356d8d03e7d59fb279add5e5b311bc11633a,San Francisco,USA,https://www.quincerestaurant.com,Scheduled in Zoho,2026-08-19T12:42:53.523345,,,2026-08-19T12:43:12+00:00
443,Atelier Crenn,ade10f39b5c809d8c6bd75f02933879dc03a6b185b64da7ed65b9e236023f541,San Francisco,USA,https://www.ateliercrenn.com,Scheduled in Zoho,2026-08-19T12:42:53.523346,,,2026-08-19T12:43:12+00:00
444,Bavel,38583c9a07b7aeedc422858c829a6b62f6164a1dfcc23224dbea77fecc16420d,Los Angeles,USA,https://bavella.com,Scheduled in Zoho,2026-08-19T12:42:53.523346,,,2026-08-19T12:43:12+00:00
445,Wild Common,d74841c82d85963e14afaa6dd98742e26f8465f190c08492f6846a9a2e9671dc,Charleston,USA,https://wildcommoncharleston.com,Scheduled in Zoho,2026-08-19T12:42:53.523347,,,2026-08-19T12:43:12+00:00
446,Chubby Fish,3d209bf0b9e832fccb37272119ffb2c1dfc391a65b81858b9c6a1869c1bfe790,Charleston,USA,https://www.chubbyfishcharleston.com,Scheduled in Zoho,2026-08-19T12:42:53.523348,,,2026-08-19T12:43:12+00:00
447,The Grey,a827061c65dcf979d992a59e628cf75876b39436313ff180e01af3d6ad0b3749,Savannah,USA,https://thegreyrestaurant.com,Scheduled in Zoho,2026-08-19T12:42:53.523349,,,2026-08-19T12:43:12+00:00
448,Common Thread,e57b64cdcbf7084caff64431ce05c6699483ac22b18406e52c192585a59f8f44,Savannah,USA,https://commonthreadsavannah.com,Scheduled in Zoho,2026-08-19T12:42:53.523350,,,2026-08-19T12:43:12+00:00
449,Rodney Scott's BBQ,8d1593cf27522e1cc5077dec4a92e0b26e94ee3f76999f1f51b5a5818029dbc3,Charleston,USA,https://www.rodneyscottsbbq.com,Scheduled in Zoho,2026-08-19T12:42:53.523350,,,2026-08-19T12:43:12+00:00
450,Fox & The Knife,9d7f9be390adb59a4c13ef77b0b1fff3a545cfef7c2e8efbe6e00148d6128cd0,Boston,USA,https://www.foxandtheknife.com,Scheduled in Zoho,2026-08-19T12:42:53.523351,,,2026-08-19T12:43:12+00:00
451,Krasi,6d4f7433545220043961d03bae0835ce484a83db811f9af0f0d92405b44e6688,Boston,USA,https://www.krasiboston.com,Scheduled in Zoho,2026-08-19T12:42:53.523352,,,2026-08-19T12:43:12+00:00
452,Sarma,527983bb78c2719b17cd010b8febd60a4e3bdfd4b823a697279236f059f2cd18,Somerville,USA,https://www.sarmarestaurant.com,Scheduled in Zoho,2026-08-19T12:42:53.523353,,,2026-08-19T12:43:12+00:00
453,Fork,0a07f113635b4568528587ea607d264308a57b693bfa35ab6fa86cc33c5cee7e,Philadelphia,USA,https://forkrestaurant.com,Scheduled in Zoho,2026-08-19T12:42:53.523353,,,2026-08-19T12:43:12+00:00
454,South Philly Barbacoa,2d4140d1400fbf89deb0e068e79f59178d6f0061d27976f3129e7eeeadb02f30,Philadelphia,USA,https://www.southphillybarbacoa.com,Scheduled in Zoho,2026-08-19T12:42:53.523354,,,2026-08-19T12:43:12+00:00
455,Bluebeard,a38833fff29759e709193530246c4b4caa459075328ffc58e2f9d98bb8a922ad,Indianapolis,USA,https://bluebeardindy.com,Scheduled in Zoho,2026-08-19T12:42:53.523355,,,2026-08-19T12:43:12+00:00
456,Vida,38cfad30b02d40bf5b55c98e6e10b2c54bed3ee032771b4a58f681a785ed7d84,Indianapolis,USA,https://www.vidaindy.com,Scheduled in Zoho,2026-08-19T12:42:53.523356,,,2026-08-19T12:43:12+00:00
457,Baobab Fare,1c114ab678a58a9794c5092fd6240726f493b9e50cfccd07cdc0398a53277cf6,Detroit,USA,https://www.baobabfare.com,Scheduled in Zoho,2026-08-19T12:42:53.523357,,,2026-08-19T12:43:12+00:00
458,Barda,a27f30c8dd06f72a3bea40aa175f662bb74b6dbcad221b55cbdf41fe92c6dd57,Detroit,USA,https://www.bardadetroit.com,Scheduled in Zoho,2026-08-19T12:42:53.523357,,,2026-08-19T12:43:12+00:00
459,The Apparatus Room,8592cc71df15366eb42270bd57284c046accbfe6751e643b45c4567307d5e45e,Detroit,USA,https://detroitfoundationhotel.com/dine/apparatus-room/,Scheduled in Zoho,2026-08-19T12:42:53.523358,,,2026-08-19T12:43:12+00:00
460,Bicyclette Cookshop,c63fc1cca571af06d70d04733e6cf2ad9adf0221325c511275c1c36fae6ea436,Naples,USA,https://bicyclettecookshop.com,Scheduled in Zoho,2026-08-19T12:42:53.523359,,,2026-08-19T12:43:12+00:00
461,Bistecca,dc6929138712074909f95fee25a104b00126c0ee582c7f8e22a4e337ebc5a92c,Portland,USA,https://www.bisteccawoodfire.com/,Scheduled in Zoho,2026-08-19T12:42:53.523360,,,2026-08-19T12:43:12+00:00
462,Ciao Ristorante,60b8edefdc861a52dff93d17b17f58063a918396f57c3bd407dd8920a3c4ae8e,Louisville,USA,https://www.ciaolouisville.com/,Scheduled in Zoho,2026-08-19T12:42:53.523360,,,2026-08-19T12:43:12+00:00
463,Culaccino,c92d29e9a297c21b195d2ae5e44481c873df1e6b7ead9390e7b82a87ec45ec5a,Franklin,USA,https://www.culaccinotn.com/,Scheduled in Zoho,2026-08-19T12:42:53.523361,,,2026-08-19T12:43:12+00:00
464,Fiamma,daf6792d3e6963356e0a9a40017114f49a94b6e583d847a54a2528ab0780098a,Ketchum,USA,https://www.fiammasunvalley.com/,Scheduled in Zoho,2026-08-19T12:42:53.523362,,,2026-08-19T12:43:12+00:00
465,Hey Luigi,193168158994703695fcffb8d5ba35dcd9c4e1467982d4701abb04ad52e1179f,Portland,USA,https://www.hey-luigi.com/,Scheduled in Zoho,2026-08-19T12:42:53.523363,,,2026-08-19T12:43:12+00:00
466,KAUBOI Scottsdale,6b9bd694b87fc8cc36dfd16c94072eb9faa7da34a5432a8b3b9c041e1e4f5db8,Scottsdale,USA,https://kauboiscottsdale.com/,Scheduled in Zoho,2026-08-19T12:42:53.523364,,,2026-08-19T12:43:12+00:00
467,Lansdowne,7bd42f5c7c3f6c7c3b69e543d247b4497af1a0463bae6c3c8ab6582beb81b69f,Portland,USA,https://www.lansdownepdx.com/,Scheduled in Zoho,2026-08-19T12:42:53.523364,,,2026-08-19T12:43:12+00:00
468,North of Bourbon,777b0044d5ed70da17f3f9cbd37af5e036e4e41b32fc0efc3cedb88dfb8bc1ec,Louisville,USA,https://www.northofbourbon.com/,Scheduled in Zoho,2026-08-19T12:42:53.523365,,,2026-08-19T12:43:12+00:00
469,Q39 BBQ and Wood Fired Grill,8266093a613a1a39f3d2f7931945f1cf137d9610f76509ffe388574ffe45cd0d,Kansas City,USA,https://q39kc.com/,Scheduled in Zoho,2026-08-19T12:42:53.523366,,,2026-08-19T12:43:12+00:00
470,Soby's New South Cuisine,8f15360df15a43c280281fc54e74d691a2c6d2d76a394f5050a4151c572e2113,Greenville,USA,https://sobys.com/,Scheduled in Zoho,2026-08-19T12:42:53.523367,,,2026-08-19T12:43:12+00:00
471,The Citizen,687b096d050bb49ab6e68050032ae5902d5962426198d08be691d10ec98632f9,Alys Beach,USA,https://citizenalys.com/,Scheduled in Zoho,2026-08-19T12:42:53.523368,,,2026-08-19T12:43:12+00:00
472,The Ranch at Las Colinas,e51084f4f5b577646b2e32064807531933ba657bdfcaa8617f8c1b463fce5126,Irving,USA,https://www.theranchlc.com/,Scheduled in Zoho,2026-08-19T12:42:53.523368,,,2026-08-19T12:43:12+00:00
473,Vya,d3fe5dd78c51795820b46e0526517e601eaa29f8c321ee031482f4bebf7ee9de,Portland,USA,https://www.vyapdx.com/,Scheduled in Zoho,2026-08-19T12:42:53.523369,,,2026-08-19T12:43:12+00:00
474,Wayfarer Tavern,ffdbd36a51b90f510f0a9148c00e273da52395acb8d1184f94961d5ee4764960,Dayton,USA,https://www.wayfarertavern.com/,Scheduled in Zoho,2026-08-19T12:42:53.523370,,,2026-08-19T12:43:12+00:00
475,Jaji,5ef698b9ccb313678b17e394e5e5817a056277944b7f76cc35394ea6f67836c7,Oakland,USA,https://www.jajioak.com/,Scheduled in Zoho,2026-08-19T12:42:53.523371,,,2026-08-19T12:43:12+00:00
476,Parche,4c178a84672c1c3d72ef027c5af8e9b70863890437b32c19790b17c483d1f6f8,Oakland,USA,https://www.parcheoak.com/,Scheduled in Zoho,2026-08-19T12:42:53.523373,,,2026-08-19T12:43:12+00:00
477,MITA,47b1be6a05e610b057d4225ceefda5891b93a4a860a8c695415a2c9a2e0cf9ad,Washington D.C.,USA,https://www.mitadc.com/,Scheduled in Zoho,2026-08-19T12:42:53.523374,,,2026-08-19T12:43:12+00:00
478,SHINGO,3eade51bc8172a3decc3267505e9efd4d975923d88380a99a8f70ac57efc6fc4,Coral Gables,USA,https://www.shingomiami.com/,Scheduled in Zoho,2026-08-19T12:42:53.523375,,,2026-08-19T12:43:12+00:00
479,Toups' Meatery,79453dd02666347f75b45cbb928f81f1813d6d6f75a2c046827fd59daafc688c,New Orleans,USA,https://toupsmeatery.com/,Scheduled in Zoho,2026-08-19T12:42:53.523376,,,2026-08-19T12:43:12+00:00
480,Corsica,7056483b6ccac6755580de7255d19c2ad81d6ca6729ff15a4b0c3a2e0a998f20,Denver,USA,https://www.corsicawinebar.com/denver/home,Scheduled in Zoho,2026-08-19T12:42:53.523376,,,2026-08-19T12:43:12+00:00
481,Palm&Pine,c00a81aa186cd5f3e9096885022a37dff9606211ba90dc77026b3c1adffc1a27,New Orleans,USA,https://www.palmandpinenola.com/,Scheduled in Zoho,2026-08-19T12:42:53.523379,,,2026-08-19T12:43:12+00:00
482,Tujague's,b0fb2391e7b7e536293dd5dbc6c57f2944a93a1f9ff5f01acd51493368927a31,New Orleans,USA,https://tujaguesrestaurant.com/,Scheduled in Zoho,2026-08-19T12:42:53.523380,,,2026-08-19T12:43:12+00:00
483,Nocturne,4c9eac91163a8ab311b03b7e521943def844d6c718da016d6325b2512bb10f76,Denver,USA,https://nocturnejazz.com/,Scheduled in Zoho,2026-08-19T12:42:53.523381,,,2026-08-19T12:43:12+00:00
484,The Fort,98e5ff5f86a9f9a45a03016f26a59acdd92771514b90a61bc841dfe6670b0c34,Morrison,USA,https://www.thefort.com/,Scheduled in Zoho,2026-08-19T12:42:53.523381,,,2026-08-19T12:43:12+00:00
485,Lotus of Siam,82ef2aa4598ac0f52a615e2ff32041b9d78627bb8131993b5eaf91e1d9f058fe,Las Vegas,USA,https://www.lotusofsiamlv.com/,Scheduled in Zoho,2026-08-19T12:42:53.523382,,,2026-08-19T12:43:12+00:00
486,Lady Nomada,c563c5f125ccb147f25f9a974e426ee04de519c0b90fd83f286f6d6013fc8b22,Arvada,USA,https://www.nomadakitchen.com/location/lady-nomada/,Scheduled in Zoho,2026-08-19T12:42:53.523383,,,2026-08-19T12:43:12+00:00
487,Casa Teresa,3c40d88111506c8ce164c4a98cbdfa77b36f2e103238c0ece40b162c3b07a951,Washington D.C.,USA,https://teresadc.com/,Scheduled in Zoho,2026-08-19T12:42:53.523384,,,2026-08-19T12:43:12+00:00
488,Glorietta Trattoria,1dd35cb62c0e8520f66ea074a6590e50fab25707d2b65bce157a4fa349bc8c3c,Jackson,USA,https://www.gloriettajackson.com/,Scheduled in Zoho,2026-08-19T12:42:53.523385,,,2026-08-19T12:43:12+00:00
489,Centro Mexican Kitchen,2632035258778595906778d7f8195173c46a8f402dae8ada137a033399c31d71,Boulder,USA,https://www.centromexican.com/,Scheduled in Zoho,2026-08-19T12:42:53.523385,,,2026-08-19T12:43:12+00:00
490,Annabelle,0e7102c9932e9616bdb893474cbce7bb304522e2c4e7ad551409794a2c4df476,Washington D.C.,USA,https://annabelledc.com/,Scheduled in Zoho,2026-08-19T12:42:53.523386,,,2026-08-19T12:43:12+00:00
491,Osteria Olio,9878ec1fdb1c6dff1fa63d11a4d65b2a05d00e56b5a639a6c6965bdbf7570f4c,Athens,USA,https://www.osteriaolio.com/,Scheduled in Zoho,2026-08-19T12:42:53.523387,,,2026-08-19T12:43:12+00:00
492,Luminosa,ed39066bf0afcd05291574f73ba2de039ea343dd85f86b3632f890b63346fbcb,Asheville,USA,https://www.luminosaavl.com/,Scheduled in Zoho,2026-08-19T12:42:53.523388,,,2026-08-19T12:43:12+00:00
493,Nightshade Noodle Bar,5c9b9897a53e6a88b9795d669bdcd82182226f1a455ef458f56c5a38637ee35f,Lynn,USA,https://nightshadenoodlebar.com/,Scheduled in Zoho,2026-08-19T12:42:53.523389,,,2026-08-19T12:43:12+00:00
494,The Independent,54b603df27405e1648b4d7880454b85d210bbce986a37e6a753a9314024ae2ee,Georgetown,USA,https://www.theindependentsc.com/,Scheduled in Zoho,2026-08-19T12:42:53.523389,,,2026-08-19T12:43:12+00:00
495,Porta Via Beverly Hills,72bab7e9be4298ed9f800f4658ba0c303348cd47d7e4d76e99cea6fa0802e933,Beverly Hills,USA,https://portaviarestaurants.com/beverly-hills/,Scheduled in Zoho,2026-08-19T12:42:53.523390,,,2026-08-19T12:43:12+00:00
496,Little Sister,ea45a979f1dbfd02d8ef267a4ae54a02d3d3c008639992b577251d055d46590f,Providence,USA,https://www.littlesisterpvd.com/,Scheduled in Zoho,2026-08-19T12:42:53.523391,,,2026-08-19T12:43:12+00:00
497,The Blind Pig Kitchen + Bar,2daa8a59d00c560af5f2682664f63a0b5fc770fe4eb54cb39fe722b8db0e2e88,Rancho Santa Margarita,USA,https://www.theblindpigoc.com/,Scheduled in Zoho,2026-08-19T12:42:53.523392,,,2026-08-19T12:43:12+00:00
498,Blue Jay Bistro,06dd9b7cd6238bcd4cafd88552de96fb2691378a7eba2d4e1253d03177fe4502,Littleton,USA,https://www.bluejaybistro.com/,Scheduled in Zoho,2026-08-19T12:42:53.523392,,,2026-08-19T12:43:12+00:00
499,Death & Taxes,0f7247eab3f819ef5c649226d22f9d3b9bdbee6b81bae0fa64eb43675d5d719a,Raleigh,USA,https://ac-restaurants.com/death-taxes,Scheduled in Zoho,2026-08-19T12:42:53.523393,,,2026-08-19T12:43:12+00:00
500,The Choptank,9b39c465aeb58dec39c34cea8b471d49bc3a2bc89b7cbc0a1cb9f6da8274a39a,Annapolis,USA,https://thechoptankrestaurant.com/annapolis/,Scheduled in Zoho,2026-08-19T12:42:53.523394,,,2026-08-19T12:43:12+00:00
501,Mister Oso,a16808c16988740e83035674abd981b542d3a3367fabf0a023d73f94a158de42,Denver,USA,https://www.misterosodenver.com/,Scheduled in Zoho,2026-08-19T12:42:53.523395,,,2026-08-19T12:43:12+00:00
502,Duck Sel,2a1d587bd2d826fc3048f370606de6f36c85289d7f97a362c7e5dd7907e586ec,Chicago,USA,https://www.ducksel.com/,Scheduled in Zoho,2026-08-19T12:42:53.523396,,,2026-08-19T12:43:12+00:00
503,Hummus Mediterranean Kitchen,006d1d673f82b538a465f69bb6422c6ee6b9bf9cc4e843d24cf2bda80c7b63c1,Palo Alto,USA,https://www.eatathummus.com/palo-alto,Scheduled in Zoho,2026-08-19T12:42:53.523396,,,2026-08-19T12:43:12+00:00
504,Top Burmese,c4297d94f4138ba107ee28b962d040f8813b52533a128f8e15c95094fc3f6898,Portland,USA,https://topburmese.com/pages/nw-21st-ave,Scheduled in Zoho,2026-08-19T12:42:53.523397,,,2026-08-19T12:43:12+00:00
505,Holly Hill Inn,4fd708c6154375db7c37e914715f006e05806469657a9e53e07183ba1f916763,Midway,USA,https://www.hollyhillinn.com/,Scheduled in Zoho,2026-08-19T12:42:53.523398,,,2026-08-19T12:43:12+00:00
506,Petula's,95d4a662306542add55f9db4a3da103f980fa05fff028f335d3140eba7e71455,Boston,USA,https://www.petulasboston.com/,Scheduled in Zoho,2026-08-19T12:42:53.523399,,,2026-08-19T12:43:12+00:00
507,Daisies,5956b98c7bb5d1d93afd0b36ac2d9bedc049e9fbd4e11caea56d3189977f0ad3,Chicago,USA,https://www.daisieschicago.com/,Scheduled in Zoho,2026-08-19T12:42:53.523400,,,2026-08-19T12:43:12+00:00
508,Cariño,de1cfdaf44925a37e6e272f9f9b2c8c83f060002bd25e053f7d3bea1d0f7f978,Chicago,USA,https://www.carinochicago.com/,Scheduled in Zoho,2026-08-19T12:42:53.523400,,,2026-08-19T12:43:12+00:00
509,Morcilla,6ed1a25a0e05035a2d4c08ef60fa2a6683481f0662a4f0d8dc7d9bd26d19ba3a,Pittsburgh,USA,https://morcillapittsburgh.com/,Scheduled in Zoho,2026-08-19T12:42:53.523401,,,2026-08-19T12:43:12+00:00
510,Summit House,90e0248c69459177ec7e39d698b92463dfae617d611cd25190b91f6dc8ea876b,Fullerton,USA,https://summithouse.com/,Scheduled in Zoho,2026-08-19T12:42:53.523402,,,2026-08-19T12:43:12+00:00
511,Sushi Ii,0c8bfe66d5a9fc0cc1d29710327f2473ceb25a5e09a845cd799357b825d8bd3b,Newport Beach,USA,https://www.sushi-ii.com/,Scheduled in Zoho,2026-08-19T12:42:53.523403,,,2026-08-19T12:43:12+00:00
512,Oceans & Earth,b5071b7a9b5eb58306b3af1f11a60391b90348cc59929e4e15ab58fd4a8ad493,Yorba Linda,USA,https://www.oanderestaurant.com/,Scheduled in Zoho,2026-08-19T12:42:53.523404,,,2026-08-19T12:43:12+00:00
513,Sur Lie,c369554cbe4793f048715536a8c0051cf2020d9f46efa49088442c6a2f5a2087,Portland,USA,https://www.sur-lie.com/,Scheduled in Zoho,2026-08-19T12:42:53.523404,,,2026-08-19T12:43:12+00:00
514,Gigglewaters,ec0ac0ba8d30339448fff93481a795050f16c9ff1b4b1d96a952a65accbe3fde,Safety Harbor,USA,https://gigglewaters.com/,Scheduled in Zoho,2026-08-19T12:42:53.523405,,,2026-08-19T12:43:12+00:00
515,Domenico's On Grand,e247752edb07cbec44e87a9d4f4ac7dc92a486cfbd166b798a058734ef322745,Monessen,USA,https://domenicosongrand.com/,Scheduled in Zoho,2026-08-19T12:42:53.523406,,,2026-08-19T12:43:12+00:00
516,Heirloom Kitchen,76204017df0698f0105b43435aaaa394c67b8afa5823c376cf4dc879935a73e7,Old Bridge,USA,https://www.heirloomkitchen.com/,Scheduled in Zoho,2026-08-19T12:42:53.523407,,,2026-08-19T12:43:12+00:00
517,Mister Mao,62e5bf1372f9891418a6be40b28ca5c9cdffd311802a83e64faa553bc039d4dd,New Orleans,USA,https://mistermaonola.com/,Scheduled in Zoho,2026-08-19T12:42:53.523407,,,2026-08-19T12:43:12+00:00
518,Red Rabbit,c4352590bdd8f95fa32f017b758479d960d7f5bf52028a5fedce6d94bf05fbcd,Minneapolis,USA,https://redrabbitmn.com/north-loop/,Scheduled in Zoho,2026-08-19T12:42:53.523408,,,2026-08-19T12:43:12+00:00
519,The Barley Hound,7a3d6f0547c833d6e347f8922d4a689faf41541681c47849a1a44635409f1dbd,Prescott,USA,https://www.thebarleyhound.com/,Scheduled in Zoho,2026-08-19T12:42:53.523409,,,2026-08-19T12:43:12+00:00
520,Ruse,98116dbeba105c600d3bae87c3f69193e473cf207140e6cea9520b8acf96131f,St. Michaels,USA,https://ruserestaurant.com/,Scheduled in Zoho,2026-08-19T12:42:53.523410,,,2026-08-19T12:43:12+00:00
521,Mi Vida,02bc32469848044879ac41d565d9bfe6099cb3265385908eb0499165dd2ed862,Washington,USA,https://www.mividamexico.com/,Scheduled in Zoho,2026-08-19T12:42:53.523411,,,2026-08-19T12:43:12+00:00
522,Merle's Whiskey Kitchen,3d8defed3dd5ff3d4c365cfbdb71f90d09f28bab3a62aed1bd6da8310edc5d70,Louisville,USA,https://merleswhiskeykitchen.com/,Scheduled in Zoho,2026-08-19T12:42:53.523411,,,2026-08-19T12:43:12+00:00
523,dLeña,d7143a8604420e6e1e85be1b081006c28c39dbbe27a829c701e997decac9853b,Washington,USA,https://www.dlenadc.com/,Scheduled in Zoho,2026-08-19T12:42:53.523412,,,2026-08-19T12:43:12+00:00
524,Ray's at Killer Creek,4cc5c7df7d2853f4e14b481915b4ad32e01514cae741acf2399f521c11129ba2,Alpharetta,USA,https://www.raysatkillercreek.com/,Scheduled in Zoho,2026-08-19T12:42:53.523413,,,2026-08-19T12:43:12+00:00
525,The Woodall,69d137ad2820626fa45be6d362a9cd40dd57ed93b607f09f009534b58b960252,Atlanta,USA,https://thewoodallwestside.com/,Scheduled in Zoho,2026-08-19T12:42:53.523414,,,2026-08-19T12:43:12+00:00
526,Hearth and Hill,da2c75c65026595ee46ba4d4a79a43193bf970d152c02964fc787f472356d191,Park City,USA,https://hearth-hill.com/,Scheduled in Zoho,2026-08-19T12:42:53.523414,,,2026-08-19T12:43:12+00:00
527,Perini Ranch Steakhouse,b57389cb1ee0e6a9740da1ab4031bffd0020adb185fc2f7c188b34feab1356af,Buffalo Gap,USA,https://www.periniranch.com/,Scheduled in Zoho,2026-08-19T12:42:53.523415,,,2026-08-19T12:43:12+00:00
528,Mayami Wynwood,ee5a07f95ff0b1c7822a279adb52d63a1142d1ec7d2f8774f55cf75382ee6fab,Miami,USA,https://www.mayamiwynwood.com/,Scheduled in Zoho,2026-08-19T12:42:53.523416,,,2026-08-19T12:43:12+00:00
529,Gunshow,46e00e843aa05a5c82fb87282ca9963d01aab9863984fa613bda3890b0dff8a9,Atlanta,USA,https://gunshowatl.com/,Scheduled in Zoho,2026-08-19T12:42:53.523417,,,2026-08-19T12:43:12+00:00
530,The Oregon Grille,35ca595e7be56f3509b15cf5fc47cef73587c01d4980698b6020014d5002bca4,Hunt Valley,USA,https://theoregongrille.com/,Scheduled in Zoho,2026-08-19T12:42:53.523418,,,2026-08-19T12:43:12+00:00
531,Jack Rose Dining Saloon,e8aec7ef3ce7b609dcb64e403d0a0780bddb61db46fc6fdcdefdbd2a4d93dad6,Washington DC,USA,https://www.jackrosediningsaloon.com/,Scheduled in Zoho,2026-08-19T12:42:53.523420,,,2026-08-19T12:43:12+00:00
532,The Mexicano,054581650a225c39cc19474625cafc153436ab6c9027f06419b0429f5c12e561,Phoenix,USA,https://www.themexicano.com/,Scheduled in Zoho,2026-08-19T12:42:53.523421,,,2026-08-19T12:43:12+00:00
533,Lita,0023bd450acec3d56424d4de5280e283181410a08e19a2f540d6fa50910a3cf2,Aberdeen Township,USA,https://www.thelovelylita.com/,Scheduled in Zoho,2026-08-19T12:42:53.523421,,,2026-08-19T12:43:12+00:00
534,Sons & Daughters,9b29cebf343a7f8d861d8617678f36eb6418fe7935dc616633f4ebef8820bb87,San Francisco,USA,https://www.sonsanddaughterssf.com/,Scheduled in Zoho,2026-08-19T12:42:53.523422,,,2026-08-19T12:43:12+00:00
535,Dakar NOLA,f416a25cebffdc1135a8ada94d104dee39d8b9ab7251527b0f40813f17ed9e8b,New Orleans,USA,https://www.dakarnola.com/,Scheduled in Zoho,2026-08-19T12:42:53.523423,,,2026-08-19T12:43:12+00:00
536,Atomix,7db0fe4668333972864cd373a5228ea73c4d67a300aa2086a124c49bf52015d9,New York,USA,https://www.atomixnyc.com/,Scheduled in Zoho,2026-08-19T12:42:53.523424,,,2026-08-19T12:43:12+00:00
537,César,3feb27f8751f1aa8ac3e20502788e5fb8f625cf9d6fda93b27372bf98207c5ad,New York,USA,https://www.cesar.restaurant/,Scheduled in Zoho,2026-08-19T12:42:53.523425,,,2026-08-19T12:43:12+00:00
538,Le Veau d’Or,fbec7eff24ef2dde4292046c351a58a90eaa1b389dccf18f67cb37d1be56f672,New York,USA,https://www.lvdnyc.com/,Scheduled in Zoho,2026-08-19T12:42:53.523425,,,2026-08-19T12:43:12+00:00
539,Moon Rabbit,23ae88f09fe10bacab0a79b959a608f2cd093467b52f6bc8083d3d4237c63b50,Washington DC,USA,https://www.moonrabbitdc.com/,Scheduled in Zoho,2026-08-19T12:42:53.523426,,,2026-08-19T12:43:12+00:00
540,Saison,f514cb28fcb66bf40e281a2d83fcd5f78665c231b36c6c45073e63a6e2c78364,San Francisco,USA,https://saisonsf.com/,Scheduled in Zoho,2026-08-19T12:42:53.523437,,,2026-08-19T12:43:12+00:00
541,Aska,2304a5afe8d46cf81eda7c85f1fcbb5eb3645f476b4f06e7b1baa7c407fec8b6,Brooklyn,USA,https://www.askanyc.com/,Scheduled in Zoho,2026-08-19T12:42:53.523438,,,2026-08-19T12:43:12+00:00
542,Benu,42cfc762029555269d63bcb73bbafbc00d52b781c32a4ae2914d50c1c544d537,San Francisco,USA,https://www.benusf.com/,Scheduled in Zoho,2026-08-19T12:42:53.523438,,,2026-08-19T12:43:12+00:00
543,Providence,fabbbdce5c230057be6900613f462069443a8a52dfc34b146b1479f045e86d9c,Los Angeles,USA,https://providencela.com/,Scheduled in Zoho,2026-08-19T12:42:53.523439,,,2026-08-19T12:43:12+00:00
544,Acamaya,4336a47a09f97c4af1d9b4d9402ced9bb5c0c8d2786698c34040bbca6c68e6e5,New Orleans,USA,https://www.acamayanola.com/,Scheduled in Zoho,2026-08-19T12:42:53.523440,,,2026-08-19T12:43:12+00:00
545,Corima,722b0641742ccf896c9b44de110c217419bd7cdb331a2b6a2561e7b275571d3a,New York,USA,https://www.corimanyc.com/,Scheduled in Zoho,2026-08-19T12:42:53.523441,,,2026-08-19T12:43:12+00:00
546,Pascual,1f917ce3e9c235325c977db427f650c7482d3f08ac3bfc92a0ba38776e3c0042,Washington DC,USA,https://www.pascualdc.com/,Scheduled in Zoho,2026-08-19T12:42:53.523442,,,2026-08-19T12:43:12+00:00
547,Semma,934e0a210ac77859f703488fc163826aa73b27840b017a62792623002d886732,New York,USA,https://www.semma.nyc/,Scheduled in Zoho,2026-08-19T12:42:53.523443,,,2026-08-19T12:43:12+00:00
548,Diane’s Place,bc6f7b4aa3b7835daf5bb27d64392456ba4fa29d5f862e6fb4e0c7d6f23fe153,Minneapolis,USA,https://dianesplacemn.com/,Scheduled in Zoho,2026-08-19T12:42:53.523443,,,2026-08-19T12:43:12+00:00
549,Seline,3ebc07d7d147c3b50ad16c42d9cc822af91c3df5b644dfb0d951f609fba1ed20,Santa Monica,USA,https://www.selinerestaurant.com/,Scheduled in Zoho,2026-08-19T12:42:53.523444,,,2026-08-19T12:43:12+00:00
550,Feld,a7a4055c2e6e9b38cc79d98064dffb4a37f92789a19b75dd8acde2ecc48b714e,Chicago,USA,https://www.feldrestaurant.com/,Scheduled in Zoho,2026-08-19T12:42:53.523445,,,2026-08-19T12:43:12+00:00
551,Balkan Treat Box,165f6c1dc471f2140d26034a5899d9ff2f9ca64623b69d5adb953c1671f73099,Webster Groves,USA,http://www.balkantreatbox.com/,Scheduled in Zoho,2026-08-19T12:42:53.523446,,,2026-08-19T12:43:12+00:00
552,Stages,b68f862759f535e14ad3c5cc5fa5a48942c43f515550f8eb7ce584cc0045cb8b,Dover,USA,https://www.stages-dining.com/,Scheduled in Zoho,2026-08-19T12:42:53.523447,,,2026-08-19T12:43:12+00:00
553,The Serving Spoon,9231567f7b2b680535728e02d42b200c1d339f55cb85f702e396762aae4b0dc1,Inglewood,USA,https://theservingspoon.net/,Scheduled in Zoho,2026-08-19T12:42:53.523448,,,2026-08-19T12:43:12+00:00
554,Johnny’s Cafe,0e9f70b62e25f0ec2b7cd763575c3f6facce1f7185f0446eac1afdc6bf0a0e35,Omaha,USA,https://johnnyscafe.com/,Scheduled in Zoho,2026-08-19T12:42:53.523448,,,2026-08-19T12:43:12+00:00
555,Vicia,7966c799f514faf61087dd885339159365523c30c49e4febffe0f425fc9eabdd,St. Louis,USA,https://www.takeroothospitality.com/vicia,Scheduled in Zoho,2026-08-19T12:42:53.523449,,,2026-08-19T12:43:12+00:00
556,Mixtli,5e764c30fa8f9de892e23d8286346c57c311eef796cbda01155f8e88efae97c5,San Antonio,USA,https://restaurantmixtli.com/,Scheduled in Zoho,2026-08-19T12:42:53.523450,,,2026-08-19T12:43:12+00:00
557,Rolf and Daughters,d06e9638e226732aa8717e71d94a977f305fb5cfd5dc08c74b303da9e26adb54,Nashville,USA,https://www.rolfanddaughters.com/,Scheduled in Zoho,2026-08-19T12:42:53.523451,,,2026-08-19T12:43:12+00:00
558,Agnes and Sherman,3353e33db913f47b0729d26824f25af481bf7295ae9a955712ef18fb56fddfe5,Houston,USA,https://www.agnesandsherman.com/,Scheduled in Zoho,2026-08-19T12:42:53.523452,,,2026-08-19T12:43:12+00:00
559,Anjin,7bfb8532906b42aa932ccac574315ecad1122f61a0f665ed7680af6b8b5c71bb,Kansas City,USA,https://www.anjinkc.com/,Scheduled in Zoho,2026-08-19T12:42:53.523453,,,2026-08-19T12:43:12+00:00
560,Emmett,8b0eab43cf258d5822a4e97a28240d098cf81d79ab37803417611f0b1218431a,Philadelphia,USA,https://www.emmettphilly.com/,Scheduled in Zoho,2026-08-19T12:42:53.523453,,,2026-08-19T12:43:12+00:00
561,Restaurant Ki,1f048e111637d3b73363b5825e06ec3c46b828ae4d4d4eb8bb6e4671e1d75092,Los Angeles,USA,https://restaurants.kaneyoshi.us/ki.html,Scheduled in Zoho,2026-08-19T12:42:53.523454,,,2026-08-19T12:43:12+00:00
562,Maison Bar à Vins,e4c69f4444a01260200f2715bd663257fc77d22ae016b868b6878e0bb3103ec5,Washington DC,USA,https://www.maisondc.com/,Scheduled in Zoho,2026-08-19T12:42:53.523455,,,2026-08-19T12:43:12+00:00
563,Merci,2db16dd49f250fb0db6b68761ef7e1c28ffb2111b20b59480ccbed8fa0403e41,Charleston,USA,https://www.mercichs.com/,Scheduled in Zoho,2026-08-19T12:42:53.523456,,,2026-08-19T12:43:12+00:00
564,Tamba,d4c5573e71584f4149ab29cb842e54fdb597dc3af6b587136f70291e6873bf87,Las Vegas,USA,https://www.tambalasvegas.com/,Scheduled in Zoho,2026-08-19T12:42:53.523457,,,2026-08-19T12:43:12+00:00
565,Cordelia,60df74d15fc1139c617b63c35898bf238d1487e9e1cb49e07be684b7cc14d499,Cleveland,USA,https://cordeliacle.com/,Scheduled in Zoho,2026-08-19T12:42:53.523457,,,2026-08-19T12:43:12+00:00
566,Alma Fonda Fina,267b7b7f4f85b75f0880861f463f9a876f88f890aa70dd26759462997efbafdf,Denver,USA,https://www.almalohidenver.com/,Scheduled in Zoho,2026-08-19T12:42:53.523458,,,2026-08-19T12:43:12+00:00
567,Felt Bar & Eatery,e2502d561cb9c328373e1dc27edd9e5f9fc609501d68c2a66711cea7b1e932e4,Salt Lake City,USA,https://feltslc.com/,Scheduled in Zoho,2026-08-19T12:42:53.523459,,,2026-08-19T12:43:12+00:00
568,Gado Gado,0578c8ebe4e9df68364446a112bbb6ba15139cd979a057b27fa1dd85d3ba78e9,Portland,USA,https://www.gadogadopdx.com/,Scheduled in Zoho,2026-08-19T12:42:53.523460,,,2026-08-19T12:43:12+00:00
569,Surrell,228507c8ca42d66f8b199d48e6b935e13c70e9512322a6afd8d5bff5dc1e304f,Seattle,USA,https://surrellseattle.com/,Scheduled in Zoho,2026-08-19T12:42:53.523461,,,2026-08-19T12:43:12+00:00
570,Evviva,b552bc989460fd4c1881fefd5881585b5fc012b3ef494bf58bc2e6667f060975,New Orleans,USA,https://www.evvivanola.com/,Scheduled in Zoho,2026-08-19T12:42:53.523461,,,2026-08-19T12:43:12+00:00
571,The Happy Crane,2d5087dea30da6f244c0a4aa48dfe0fe6d954861f5d73ecc878a2a140a14dd26,San Francisco,USA,https://www.thehappycranesf.com/,Scheduled in Zoho,2026-08-19T12:42:53.523462,,,2026-08-19T12:43:12+00:00
572,Café Monette,823f269dc32a7e2d24d562eab11bc8035bd018485012eb133fb2b241662fa3c3,Saint Albans City,USA,https://www.cafemonettevt.com/,Scheduled in Zoho,2026-08-19T12:42:53.523463,,,2026-08-19T12:43:12+00:00
573,Kizaki,92b7c02bfca682a30cf9ac469c6b2c1346ca44902f085ea0ca159eff052622c2,Denver,USA,https://kizakiden.com/,Scheduled in Zoho,2026-08-19T12:42:53.523464,,,2026-08-19T12:43:12+00:00
574,Cynthia,310f968d47a725f8e59bc5c4130319c02073fdc6281d0723eb5a48e902ad6684,New York,USA,https://cynthianyc.com/,Scheduled in Zoho,2026-08-19T12:42:53.523465,,,2026-08-19T12:43:12+00:00
575,Arthur,91c21c18faf5c8acefd7c16f61687939012bd9076a4f6716931a0fd6a358533d,Brooklyn,USA,https://www.eatwitharthur.com/,Scheduled in Zoho,2026-08-19T12:42:53.523466,,,2026-08-19T12:43:12+00:00
576,Bánh by Lauren,4f4c69fa6a651f757f8d4278d04ee6999a27c784c4e2b434b13cd28a12eb4677,New York,USA,https://banhbylauren.com/,Scheduled in Zoho,2026-08-19T12:42:53.523466,,,2026-08-19T12:43:12+00:00
577,Born & Bread Bakehouse,263608b9fc9fbe46f4cd20f260a06f2ac0cc7ed4753f8599ca85734f20d172db,Lakeland,USA,https://www.bornandbreadbakehouse.com/,Scheduled in Zoho,2026-08-19T12:42:53.523467,,,2026-08-19T12:43:12+00:00
578,The Burque Bakehouse,a6d748230bab0d251abcdfeda30065d403cb165d03504f11ff2861d2b8500aa7,Albuquerque,USA,https://www.burquebakehouse.com/,Scheduled in Zoho,2026-08-19T12:42:53.523468,,,2026-08-19T12:43:12+00:00
579,Gusto Bread,a97822b114ae26a2683d9ee7d9771487b40f2ea63198248ba6f2409f3df24cf5,Long Beach,USA,https://gustobread.com/,Scheduled in Zoho,2026-08-19T12:42:53.523469,,,2026-08-19T12:43:12+00:00
580,Mercado Sin Nombre,fdba5c7b09c77a7a388b1539d98c3cb2a03faa8b540bd1ab95e207545fe20982,Austin,USA,https://www.mercadosinnombre.com/,Scheduled in Zoho,2026-08-19T12:42:53.523470,,,2026-08-19T12:43:12+00:00
581,Starship Bagel,1544c43c5ba56dfb3a5519a2c6c35860b9d5f6688ff68904a7a922f8c4b1c5ed,Dallas,USA,https://www.starshipbagel.com/,Scheduled in Zoho,2026-08-19T12:42:53.523470,,,2026-08-19T12:43:12+00:00
582,Ammatoli,9ac51314a1de8cfa1190036098a8f45f63c90ebf001b8b8cb2d6673bf53ca0ec,Long Beach,USA,https://www.ammatoli.com/,Scheduled in Zoho,2026-08-19T12:42:53.523473,,,2026-08-19T12:43:12+00:00
583,Ansots Basque Chorizos & Catering,6235a548d1a1bb45894d0b2f9c2b825cd6dec59b1a313bf74327ff5e79601cf7,Boise,USA,https://ansots.com/,Scheduled in Zoho,2026-08-19T12:42:53.523474,,,2026-08-19T12:43:12+00:00
584,Bottega,8f9dc7029f9159cdd80097fb363308c2141f2c87ad09cf0b3081e8182b0ed93a,Birmingham,USA,https://bottegarestaurant.com/,Scheduled in Zoho,2026-08-19T12:42:53.523475,,,2026-08-19T12:43:12+00:00
585,Bresca,ce29770a5ef90ba35f11a89b795eb5179180aaba29d6cec818440d9d5e6a3141,Washington,DC,https://www.brescadc.com/,Scheduled in Zoho,2026-08-19T12:42:53.523475,,,2026-08-19T12:43:12+00:00
586,Fet-Fisk,6949fc0d6341592b88dd4e499e0ae803cad763177af4425a470c1e1a1b83db60,Pittsburgh,USA,https://www.fetfisk.net/,Scheduled in Zoho,2026-08-19T12:42:53.523476,,,2026-08-19T12:43:12+00:00
587,The Wren,5a41a2e03d325edc55e59a51ef51eb9693088a2e27f5a4b17db43edcfcd31ab0,Baltimore,USA,https://www.wrenpub.com/,Scheduled in Zoho,2026-08-19T12:42:53.523477,,,2026-08-19T12:43:12+00:00
588,Provenance,42d740ce9437bf90f20041d975842c7be0891c9a65a042e2715a77a5f911b3c7,Philadelphia,USA,https://provenancephl.com/,Scheduled in Zoho,2026-08-19T12:42:53.523478,,,2026-08-19T12:43:12+00:00
589,Recoveco,e41e148a290eb62f7bd229eec6829b8c6277b6170d80a2854e2c40a264a8b48d,South Miami,USA,https://recovecorestaurant.com/,Scheduled in Zoho,2026-08-19T12:42:53.523479,,,2026-08-19T12:43:12+00:00
590,Wildweed,487fdb50d898dc934bbf5d1d41bad900ec3fd1c7ab097d9929180207737cc536,Cincinnati,USA,https://wildweed-restaurant.com/,Scheduled in Zoho,2026-08-19T12:42:53.523479,,,2026-08-19T12:43:12+00:00
591,Minnie Bell's Soul Movement,ca3ef1ea409a9c06b9e34456b7d6fb06a010c204734f44f91ae7cccbc3c01b4f,San Francisco,USA,https://www.minniebellssoul.com/,Scheduled in Zoho,2026-08-19T12:42:53.523480,,,2026-08-19T12:43:12+00:00
592,Camélia,fd202d4eec84b9ce5901435f19375addae4fc8f12fb6456e12fb074b68b78f66,Los Angeles,USA,https://cameliadtla.com/,Scheduled in Zoho,2026-08-19T12:42:53.523481,,,2026-08-19T12:43:12+00:00
593,Emmer & Rye,55f19e34907a22780a06db3942009ee6ddc49ff7b8cc92b031228c82a05b21ee,Austin,USA,https://emmerandrye.com/,Scheduled in Zoho,2026-08-19T12:42:53.523482,,,2026-08-19T12:43:12+00:00
594,SPQR,d94ac6f7b037b21910cf0b7fe48fc8796607cf8d81b3979456bc79868486af11,San Francisco,USA,https://www.spqrsf.com/,Scheduled in Zoho,2026-08-19T12:42:53.523483,,,2026-08-19T12:43:12+00:00
595,Lenox,c998cf27af365bfefdb1b82443ddab3fac50029384e07f680d04ab6b5106e80b,Seattle,USA,https://www.lenoxwa.com/,Scheduled in Zoho,2026-08-19T12:42:53.523483,,,2026-08-19T12:43:12+00:00
596,Mezcaleria Alma,b4c6b407ea2d24fee9e8dc10056a347d83330c8a1a620e14602f3c5ff5d9c6a0,Denver,USA,https://www.mezcaleriaalma.com/,Scheduled in Zoho,2026-08-19T12:42:53.523484,,,2026-08-19T12:43:12+00:00
597,Giovedi,a3496cc083308ce5f1a6518e921b6ce7f0db7fe9dda685efb7911ab9f2fc7b98,Honolulu,USA,https://www.giovedihawaii.com/,Scheduled in Zoho,2026-08-19T12:42:53.523485,,,2026-08-19T12:43:12+00:00
598,Sun Moon Studio,8e3765ce405eb90308604d3969580afb4d8d93d001d3749d7f4ac519500b485c,Oakland,USA,https://www.sunmoonstudio.com/,Scheduled in Zoho,2026-08-19T12:42:53.523486,,,2026-08-19T12:43:12+00:00
599,Bong,5c96e61d545fb10c037ef2332c8ce4ec8c852a346ca9969cf285730bd5df84f7,Brooklyn,USA,https://www.bongnyc.com/,Scheduled in Zoho,2026-08-19T12:42:53.523487,,,2026-08-19T12:43:12+00:00
600,ChòpnBlọk,69f0424991997311262fa83287b88a034c787227ea9f2c97c926c9a3fb9efc49,Houston,USA,https://chopnblok.co/,Scheduled in Zoho,2026-08-19T12:42:53.523487,,,2026-08-19T12:43:12+00:00
601,Albertine,29367f1df944bb9b0962dd0ffc6e4576f1d5ef896076aa0c2462659a6be22efc,Charlotte,USA,https://www.albertinerestaurant.com/,Scheduled in Zoho,2026-08-19T12:42:53.523488,,,2026-08-19T12:43:12+00:00
602,Peregrine,619a63c8f27acf07da9f0f58a7ebe3e56424dce04ea509adf3791592abe5fc45,Raleigh,USA,https://www.peregrineraleigh.com/,Scheduled in Zoho,2026-08-19T12:42:53.523489,,,2026-08-19T12:43:12+00:00
603,Vin Folk,52d92d7a9c018cf31bfef73f53e6d1b9a49f911291f093e460f8289dea12fd2f,Hermosa Beach,USA,https://www.vin-folk.com/,Scheduled in Zoho,2026-08-19T12:42:53.523491,,,2026-08-19T12:43:12+00:00
604,Betsy,b73bf71f00fb81d0326ad4e4002fff6cf8be380d28b03484d9e4ad37cfea3447,Altadena,USA,https://betsyaltadena.com/,Scheduled in Zoho,2026-08-19T12:42:53.523492,,,2026-08-19T12:43:12+00:00
605,Pizz'Amici,3dea43134f8e70c023ed239ebce89f485b1fe47789080998ce1655ee716a992f,Chicago,USA,https://www.pizz-amici.com/,Scheduled in Zoho,2026-08-19T12:42:53.523493,,,2026-08-19T12:43:12+00:00
606,Fish Shop,c899b12ceec6adab5a2ab8bfa6a622b0ba53de940ffdcb3cb51ce04e94594b3e,Austin,USA,https://www.fishshopatx.com/,Scheduled in Zoho,2026-08-19T12:42:53.523494,,,2026-08-19T12:43:12+00:00
607,Good Voyage,409c5dc475be4d049542d0b45af378de9e4ccfd32ea4749a56262307ec04abb0,Seattle,USA,https://www.goodvoyageseattle.com/,Scheduled in Zoho,2026-08-19T12:42:53.523494,,,2026-08-19T12:43:12+00:00
608,Pizza By Ruffin,d8139327802ec28aa8ed70d6d3963bb7fa4361187eaff16f1d759455a216b0c2,Seattle,USA,https://www.pizzabyruffin.com/,Scheduled in Zoho,2026-08-19T12:42:53.523495,,,2026-08-19T12:43:12+00:00
609,Madeira Park,e48396573053c13a16b522f9111afadf1c24f2c6652d6463706a7bf3458e5de5,Atlanta,USA,https://www.madeiraparkatl.com/,Scheduled in Zoho,2026-08-19T12:42:53.523496,,,2026-08-19T12:43:12+00:00
610,Tapori,08ba7f34ccd0bb8a3e582ecb7d99f7b19d4c462498e09e9907325a85d10e2961,"Washington, DC",USA,https://www.taporidc.com/,Scheduled in Zoho,2026-08-19T12:42:53.523497,,,2026-08-19T12:43:12+00:00
611,Bar Betsie,dcec61025af25a34b301780d80f4e7471a4c9cf2f34640668015e87fa8c1637a,"Washington, DC",USA,https://www.barbetsiedc.com/,Scheduled in Zoho,2026-08-19T12:42:53.523498,,,2026-08-19T12:43:12+00:00
612,Press Club,c9c1e91db721dcbcb68e9ec9002e8d85bb72939354c6f7b8cd551cbb5d600f2b,"Washington, DC",USA,https://www.pressclubdc.com/,Scheduled in Zoho,2026-08-19T12:42:53.523499,,,2026-08-19T12:43:12+00:00
613,Sunn's,76637918e793eae50eb71b8dd6fed3d9f0040b2b2b1c0de0cade2c67e76ec951,"New York, NY",USA,https://sunnsnyc.com/,Scheduled in Zoho,2026-08-19T12:42:53.523499,,,2026-08-19T12:43:12+00:00
614,Oken,c8a0d512050e1e6ac463a3fed7abe3508cbd413ee454ecdcfd373fa997bc1c2e,"Oakland, CA",USA,https://www.okenoakland.com/,Scheduled in Zoho,2026-08-19T12:42:53.523500,,,2026-08-19T12:43:12+00:00
615,Mallorca,b82f8a27f694189fb5408f9bea9ad60d9d33f8fc4152b48a997f99065c3b6cc3,"Cleveland, OH",USA,https://mallorcacleveland.com/,Scheduled in Zoho,2026-08-19T12:42:53.523501,,,2026-08-19T12:43:12+00:00
616,Sofreh,c324cfec07350b45212dc64a3e2d7067b3eb2b66dda976afd95a2a796b2720b6,"Brooklyn, NY",USA,https://www.sofrehnyc.com/,Scheduled in Zoho,2026-08-19T12:42:53.523502,,,2026-08-19T12:43:12+00:00
617,Tailor,db0b3263a96a430aac843a09af8b72f5b4e4536737f7386eab5bf735365e0bf9,"Nashville, TN",USA,https://tailornashville.com/,Scheduled in Zoho,2026-08-19T12:42:53.523502,,,2026-08-19T12:43:12+00:00
618,Kalimotxo,61954373e20e43e8299178413f51fe6fea53619e2c2451afe66714536ae7de4b,"Austin, TX",USA,https://www.kalimotxoatx.com/,Scheduled in Zoho,2026-08-19T12:42:53.523503,,,2026-08-19T12:43:12+00:00
619,HaiSous Vietnamese Kitchen,e5223cbd5d328b84d6148031d187286bbe4b7260218bbc661628fc2c40f085e9,"Chicago, IL",USA,https://www.haisous.com/,Scheduled in Zoho,2026-08-19T12:42:53.523504,,,2026-08-19T12:43:12+00:00
620,Nolia Kitchen,5fed658df1cde5ee5a68dca9790cce02c9957481754336e4fcddcf36220d0df3,"Cincinnati, OH",USA,https://www.noliakitchen.com/,Scheduled in Zoho,2026-08-19T12:42:53.523505,,,2026-08-19T12:43:12+00:00
621,Beteseb Restaurant,8810a397eb39af5084671706f991d4e9fb603e4b21936d1b8fdcfd7077473dac,"Silver Spring, MD",USA,https://www.betesebrestaurant.com/,Scheduled in Zoho,2026-08-19T12:42:53.523506,,,2026-08-19T12:43:12+00:00
622,Sado,66d16e0369d3fc50e6169a5e6b87f22f2ce4ca51876adae011573064ce3b0a6b,"St. Louis, MO",USA,https://www.sado-stl.com/,Scheduled in Zoho,2026-08-19T12:42:53.523506,,,2026-08-19T12:43:12+00:00
